Target_Table,Target_Column,Source_Table,Source_Column
VW_FACT_APE_SYSTEM_MONTHLY_WD,PERIODKEY,VW_FACT_APE_SYSTEM_DAILY_WD,PERIODKEY
VW_FACT_APE_SYSTEM_MONTHLY_WD,FACTPERIOD,VW_FACT_APE_SYSTEM_DAILY_WD,FACTPERIOD
VW_FACT_APE_SYSTEM_MONTHLY_WD,APE_SOURCE,VW_FACT_APE_SYSTEM_DAILY_WD,APE_SOURCE
VW_FACT_APE_SYSTEM_MONTHLY_WD,APE_MIX,VW_FACT_APE_SYSTEM_DAILY_WD,APE_MIX
VW_FACT_APE_SYSTEM_MONTHLY_WD,PROCESS_TYPE,VW_FACT_APE_SYSTEM_DAILY_WD,PROCESS_TYPE
VW_FACT_APE_SYSTEM_MONTHLY_WD,APE_EOM,VW_FACT_APE_SYSTEM_DAILY_WD,APE
VW_FACT_APE_SYSTEM_MONTHLY_WD,CASECOUNT_EOM,VW_FACT_APE_SYSTEM_DAILY_WD,CASECOUNT
VW_FACT_APE_SYSTEM_MONTHLY_WD,APE_SAME_DAY,VW_FACT_APE_SYSTEM_DAILY_WD,APE_SAME_DAY
VW_FACT_APE_SYSTEM_MONTHLY_WD,CASECOUNT_SAME_DAY,VW_FACT_APE_SYSTEM_DAILY_WD,CASECOUNT_SAME_DAY
VW_FACT_APE_SYSTEM_MONTHLY_WD,APE_YOY,VW_FACT_APE_SYSTEM_DAILY_WD,APE_YOY
VW_FACT_APE_SYSTEM_MONTHLY_WD,CASECOUNT_YOY,VW_FACT_APE_SYSTEM_DAILY_WD,CASECOUNT_YOY
VW_FACT_APE_SYSTEM_MONTHLY_WD,APE_GROSS_EOM,VW_FACT_APE_SYSTEM_DAILY_WD,APE_GROSS
VW_FACT_APE_SYSTEM_MONTHLY_WD,CASECOUNT_GROSS_EOM,VW_FACT_APE_SYSTEM_DAILY_WD,CASECOUNT_GROSS
VW_FACT_APE_SYSTEM_MONTHLY_WD,MASTERPRODUCT_ENTITY,VW_FACT_APE_SYSTEM_DAILY_WD,MASTERPRODUCT_ENTITY
VW_FACT_APE_SYSTEM_MONTHLY_WD,MASTERPRODUCT_SYSTEM,VW_FACT_APE_SYSTEM_DAILY_WD,MASTERPRODUCT_SYSTEM
VW_FACT_APE_SYSTEM_MONTHLY_WD,MASTERPRODUCT_SYSTEM_CODE_ACTUARY,VW_FACT_APE_SYSTEM_DAILY_WD,MASTERPRODUCT_SYSTEM_CODE_ACTUARY
VW_FACT_APE_SYSTEM_MONTHLY_WD,MASTERPRODUCT_PRODUCT_ID_PEOPLESOFT,VW_FACT_APE_SYSTEM_DAILY_WD,MASTERPRODUCT_PRODUCT_ID_PEOPLESOFT
VW_FACT_APE_SYSTEM_MONTHLY_WD,MASTERPRODUCT_SP_RP,VW_FACT_APE_SYSTEM_DAILY_WD,MASTERPRODUCT_SP_RP
VW_FACT_APE_SYSTEM_MONTHLY_WD,MASTERPRODUCT_AMBITION_ID,VW_FACT_APE_SYSTEM_DAILY_WD,MASTERPRODUCT_AMBITION_ID
VW_FACT_APE_SYSTEM_MONTHLY_WD,MASTERPRODUCT_GMD_ID,VW_FACT_APE_SYSTEM_DAILY_WD,MASTERPRODUCT_GMD_ID
VW_FACT_APE_SYSTEM_MONTHLY_WD,MASTERPRODUCT_CHANNEL,VW_FACT_APE_SYSTEM_DAILY_WD,MASTERPRODUCT_CHANNEL
VW_FACT_APE_SYSTEM_MONTHLY_WD,MASTERPRODUCT_SUBCHANNEL,VW_FACT_APE_SYSTEM_DAILY_WD,MASTERPRODUCT_SUBCHANNEL
VW_FACT_APE_SYSTEM_MONTHLY_WD,MASTERPRODUCT_PRODUCT_GROUP,VW_FACT_APE_SYSTEM_DAILY_WD,MASTERPRODUCT_PRODUCT_GROUP
VW_FACT_APE_SYSTEM_MONTHLY_WD,MASTERPRODUCT_PRODUCT_CATEGORY,VW_FACT_APE_SYSTEM_DAILY_WD,MASTERPRODUCT_PRODUCT_CATEGORY
VW_FACT_APE_SYSTEM_MONTHLY_WD,MASTERPRODUCT_PRODUCT_SUB_CATEGORY,VW_FACT_APE_SYSTEM_DAILY_WD,MASTERPRODUCT_PRODUCT_SUB_CATEGORY
VW_FACT_APE_SYSTEM_MONTHLY_WD,MASTERPRODUCT_GMD_CATEGORY,VW_FACT_APE_SYSTEM_DAILY_WD,MASTERPRODUCT_GMD_CATEGORY
VW_FACT_APE_SYSTEM_MONTHLY_WD,MASTERPRODUCT_RIDER_CATEGORY,VW_FACT_APE_SYSTEM_DAILY_WD,MASTERPRODUCT_RIDER_CATEGORY
VW_FACT_APE_SYSTEM_MONTHLY_WD,MASTERPRODUCT_SYARIAH,VW_FACT_APE_SYSTEM_DAILY_WD,MASTERPRODUCT_SYARIAH
VW_FACT_APE_SYSTEM_MONTHLY_WD,MASTERPRODUCT_PRODUCT_NAME_ACTUARY,VW_FACT_APE_SYSTEM_DAILY_WD,MASTERPRODUCT_PRODUCT_NAME_ACTUARY
VW_FACT_APE_SYSTEM_MONTHLY_WD,MASTERPRODUCT_PRODUCT_NAME_MARKETING,VW_FACT_APE_SYSTEM_DAILY_WD,MASTERPRODUCT_PRODUCT_NAME_MARKETING
VW_FACT_APE_SYSTEM_MONTHLY_WD,MASTERPRODUCT_PRODUCT_NAME_FINANCE,VW_FACT_APE_SYSTEM_DAILY_WD,MASTERPRODUCT_PRODUCT_NAME_FINANCE
VW_FACT_APE_SYSTEM_MONTHLY_WD,MASTERPRODUCT_PRODUCT_NAME_PEOPLESOFT,VW_FACT_APE_SYSTEM_DAILY_WD,MASTERPRODUCT_PRODUCT_NAME_PEOPLESOFT
VW_FACT_APE_SYSTEM_MONTHLY_WD,MASTERPRODUCT_PRODUCT_SUMM_NAME,VW_FACT_APE_SYSTEM_DAILY_WD,MASTERPRODUCT_PRODUCT_SUMM_NAME
VW_FACT_APE_SYSTEM_MONTHLY_WD,MASTERPRODUCT_PROD_DASHBOARD_CATEGORY,VW_FACT_APE_SYSTEM_DAILY_WD,MASTERPRODUCT_PROD_DASHBOARD_CATEGORY
VW_FACT_APE_SYSTEM_MONTHLY_WD,PERIODKEY_ORIG,VW_FACT_APE_SYSTEM_DAILY_WD,PERIODKEY_ORIG
VW_FACT_APE_SYSTEM_DAILY_WD,PERIODKEY,FACT_DMTM_AMFS_APE_ISSUED_DAILY,PERIODKEY
VW_FACT_APE_SYSTEM_DAILY_WD,FACTPERIOD,FACT_DMTM_AMFS_APE_ISSUED_DAILY,FACTPERIOD
VW_FACT_APE_SYSTEM_DAILY_WD,APE_SOURCE,FACT_DMTM_AMFS_APE_ISSUED_DAILY,APE_SOURCE
VW_FACT_APE_SYSTEM_DAILY_WD,APE_MIX,FACT_DMTM_AMFS_APE_ISSUED_DAILY,APE_MIX
VW_FACT_APE_SYSTEM_DAILY_WD,PROCESS_TYPE,FACT_DMTM_AMFS_APE_ISSUED_DAILY,PROCESS_TYPE
VW_FACT_APE_SYSTEM_DAILY_WD,APE,FACT_DMTM_AMFS_APE_ISSUED_DAILY,APE
VW_FACT_APE_SYSTEM_DAILY_WD,CASECOUNT,FACT_DMTM_AMFS_APE_ISSUED_DAILY,CASECOUNT
VW_FACT_APE_SYSTEM_DAILY_WD,MASTERPRODUCT_ENTITY,FACT_DMTM_AMFS_APE_ISSUED_DAILY,MASTERPRODUCT_ENTITY
VW_FACT_APE_SYSTEM_DAILY_WD,MASTERPRODUCT_SYSTEM,FACT_DMTM_AMFS_APE_ISSUED_DAILY,MASTERPRODUCT_SYSTEM
VW_FACT_APE_SYSTEM_DAILY_WD,MASTERPRODUCT_SYSTEM_CODE_ACTUARY,FACT_DMTM_AMFS_APE_ISSUED_DAILY,MASTERPRODUCT_SYSTEM_CODE_ACTUARY
VW_FACT_APE_SYSTEM_DAILY_WD,MASTERPRODUCT_PRODUCT_ID_PEOPLESOFT,FACT_DMTM_AMFS_APE_ISSUED_DAILY,MASTERPRODUCT_PRODUCT_ID_PEOPLESOFT
VW_FACT_APE_SYSTEM_DAILY_WD,MASTERPRODUCT_SP_RP,FACT_DMTM_AMFS_APE_ISSUED_DAILY,MASTERPRODUCT_SP_RP
VW_FACT_APE_SYSTEM_DAILY_WD,MASTERPRODUCT_AMBITION_ID,FACT_DMTM_AMFS_APE_ISSUED_DAILY,MASTERPRODUCT_AMBITION_ID
VW_FACT_APE_SYSTEM_DAILY_WD,MASTERPRODUCT_GMD_ID,FACT_DMTM_AMFS_APE_ISSUED_DAILY,MASTERPRODUCT_GMD_ID
VW_FACT_APE_SYSTEM_DAILY_WD,MASTERPRODUCT_CHANNEL,FACT_DMTM_AMFS_APE_ISSUED_DAILY,MASTERPRODUCT_CHANNEL
VW_FACT_APE_SYSTEM_DAILY_WD,MASTERPRODUCT_SUBCHANNEL,FACT_DMTM_AMFS_APE_ISSUED_DAILY,MASTERPRODUCT_SUBCHANNEL
VW_FACT_APE_SYSTEM_DAILY_WD,MASTERPRODUCT_PRODUCT_GROUP,FACT_DMTM_AMFS_APE_ISSUED_DAILY,MASTERPRODUCT_PRODUCT_GROUP
VW_FACT_APE_SYSTEM_DAILY_WD,MASTERPRODUCT_PRODUCT_CATEGORY,FACT_DMTM_AMFS_APE_ISSUED_DAILY,MASTERPRODUCT_PRODUCT_CATEGORY
VW_FACT_APE_SYSTEM_DAILY_WD,MASTERPRODUCT_PRODUCT_SUB_CATEGORY,FACT_DMTM_AMFS_APE_ISSUED_DAILY,MASTERPRODUCT_PRODUCT_SUB_CATEGORY
VW_FACT_APE_SYSTEM_DAILY_WD,MASTERPRODUCT_GMD_CATEGORY,FACT_DMTM_AMFS_APE_ISSUED_DAILY,MASTERPRODUCT_GMD_CATEGORY
VW_FACT_APE_SYSTEM_DAILY_WD,MASTERPRODUCT_RIDER_CATEGORY,FACT_DMTM_AMFS_APE_ISSUED_DAILY,MASTERPRODUCT_RIDER_CATEGORY
VW_FACT_APE_SYSTEM_DAILY_WD,MASTERPRODUCT_SYARIAH,FACT_DMTM_AMFS_APE_ISSUED_DAILY,MASTERPRODUCT_SYARIAH
VW_FACT_APE_SYSTEM_DAILY_WD,MASTERPRODUCT_PRODUCT_NAME_ACTUARY,FACT_DMTM_AMFS_APE_ISSUED_DAILY,MASTERPRODUCT_PRODUCT_NAME_ACTUARY
VW_FACT_APE_SYSTEM_DAILY_WD,MASTERPRODUCT_PRODUCT_NAME_MARKETING,FACT_DMTM_AMFS_APE_ISSUED_DAILY,MASTERPRODUCT_PRODUCT_NAME_MARKETING
VW_FACT_APE_SYSTEM_DAILY_WD,MASTERPRODUCT_PRODUCT_NAME_FINANCE,FACT_DMTM_AMFS_APE_ISSUED_DAILY,MASTERPRODUCT_PRODUCT_NAME_FINANCE
VW_FACT_APE_SYSTEM_DAILY_WD,MASTERPRODUCT_PRODUCT_NAME_PEOPLESOFT,FACT_DMTM_AMFS_APE_ISSUED_DAILY,MASTERPRODUCT_PRODUCT_NAME_PEOPLESOFT
VW_FACT_APE_SYSTEM_DAILY_WD,MASTERPRODUCT_PRODUCT_SUMM_NAME,FACT_DMTM_AMFS_APE_ISSUED_DAILY,MASTERPRODUCT_PRODUCT_SUMM_NAME
VW_FACT_APE_SYSTEM_DAILY_WD,MASTERPRODUCT_PROD_DASHBOARD_CATEGORY,FACT_DMTM_AMFS_APE_ISSUED_DAILY,MASTERPRODUCT_PROD_DASHBOARD_CATEGORY
VW_FACT_APE_SYSTEM_DAILY_WD,PERIODKEY_ORIG,FACT_DMTM_AMFS_APE_ISSUED_DAILY,PERIODKEY_AS_OF
VW_FACT_APE_SYSTEM_DAILY_WD,APE_GROSS,FACT_DMTM_AMFS_APE_ISSUED_DAILY,APE_GROSS
VW_FACT_APE_SYSTEM_DAILY_WD,CASECOUNT_GROSS,FACT_DMTM_AMFS_APE_ISSUED_DAILY,CASECOUNT_GROSS
VW_FACT_APE_SYSTEM_DAILY_WD,PERIODKEY,FACT_DMTM_AMFS_APE_ISSUED_DAILY_LP,PERIODKEY
VW_FACT_APE_SYSTEM_DAILY_WD,FACTPERIOD,FACT_DMTM_AMFS_APE_ISSUED_DAILY_LP,FACTPERIOD
VW_FACT_APE_SYSTEM_DAILY_WD,APE_SOURCE,FACT_DMTM_AMFS_APE_ISSUED_DAILY_LP,APE_SOURCE
VW_FACT_APE_SYSTEM_DAILY_WD,APE_MIX,FACT_DMTM_AMFS_APE_ISSUED_DAILY_LP,APE_MIX
VW_FACT_APE_SYSTEM_DAILY_WD,PROCESS_TYPE,FACT_DMTM_AMFS_APE_ISSUED_DAILY_LP,PROCESS_TYPE
VW_FACT_APE_SYSTEM_DAILY_WD,APE,FACT_DMTM_AMFS_APE_ISSUED_DAILY_LP,APE
VW_FACT_APE_SYSTEM_DAILY_WD,CASECOUNT,FACT_DMTM_AMFS_APE_ISSUED_DAILY_LP,CASECOUNT
VW_FACT_APE_SYSTEM_DAILY_WD,MASTERPRODUCT_ENTITY,FACT_DMTM_AMFS_APE_ISSUED_DAILY_LP,MASTERPRODUCT_ENTITY
VW_FACT_APE_SYSTEM_DAILY_WD,MASTERPRODUCT_SYSTEM,FACT_DMTM_AMFS_APE_ISSUED_DAILY_LP,MASTERPRODUCT_SYSTEM
VW_FACT_APE_SYSTEM_DAILY_WD,MASTERPRODUCT_SYSTEM_CODE_ACTUARY,FACT_DMTM_AMFS_APE_ISSUED_DAILY_LP,MASTERPRODUCT_SYSTEM_CODE_ACTUARY
VW_FACT_APE_SYSTEM_DAILY_WD,MASTERPRODUCT_PRODUCT_ID_PEOPLESOFT,FACT_DMTM_AMFS_APE_ISSUED_DAILY_LP,MASTERPRODUCT_PRODUCT_ID_PEOPLESOFT
VW_FACT_APE_SYSTEM_DAILY_WD,MASTERPRODUCT_SP_RP,FACT_DMTM_AMFS_APE_ISSUED_DAILY_LP,MASTERPRODUCT_SP_RP
VW_FACT_APE_SYSTEM_DAILY_WD,MASTERPRODUCT_AMBITION_ID,FACT_DMTM_AMFS_APE_ISSUED_DAILY_LP,MASTERPRODUCT_AMBITION_ID
VW_FACT_APE_SYSTEM_DAILY_WD,MASTERPRODUCT_GMD_ID,FACT_DMTM_AMFS_APE_ISSUED_DAILY_LP,MASTERPRODUCT_GMD_ID
VW_FACT_APE_SYSTEM_DAILY_WD,MASTERPRODUCT_CHANNEL,FACT_DMTM_AMFS_APE_ISSUED_DAILY_LP,MASTERPRODUCT_CHANNEL
VW_FACT_APE_SYSTEM_DAILY_WD,MASTERPRODUCT_SUBCHANNEL,FACT_DMTM_AMFS_APE_ISSUED_DAILY_LP,MASTERPRODUCT_SUBCHANNEL
VW_FACT_APE_SYSTEM_DAILY_WD,MASTERPRODUCT_PRODUCT_GROUP,FACT_DMTM_AMFS_APE_ISSUED_DAILY_LP,MASTERPRODUCT_PRODUCT_GROUP
VW_FACT_APE_SYSTEM_DAILY_WD,MASTERPRODUCT_PRODUCT_CATEGORY,FACT_DMTM_AMFS_APE_ISSUED_DAILY_LP,MASTERPRODUCT_PRODUCT_CATEGORY
VW_FACT_APE_SYSTEM_DAILY_WD,MASTERPRODUCT_PRODUCT_SUB_CATEGORY,FACT_DMTM_AMFS_APE_ISSUED_DAILY_LP,MASTERPRODUCT_PRODUCT_SUB_CATEGORY
VW_FACT_APE_SYSTEM_DAILY_WD,MASTERPRODUCT_GMD_CATEGORY,FACT_DMTM_AMFS_APE_ISSUED_DAILY_LP,MASTERPRODUCT_GMD_CATEGORY
VW_FACT_APE_SYSTEM_DAILY_WD,MASTERPRODUCT_RIDER_CATEGORY,FACT_DMTM_AMFS_APE_ISSUED_DAILY_LP,MASTERPRODUCT_RIDER_CATEGORY
VW_FACT_APE_SYSTEM_DAILY_WD,MASTERPRODUCT_SYARIAH,FACT_DMTM_AMFS_APE_ISSUED_DAILY_LP,MASTERPRODUCT_SYARIAH
VW_FACT_APE_SYSTEM_DAILY_WD,MASTERPRODUCT_PRODUCT_NAME_ACTUARY,FACT_DMTM_AMFS_APE_ISSUED_DAILY_LP,MASTERPRODUCT_PRODUCT_NAME_ACTUARY
VW_FACT_APE_SYSTEM_DAILY_WD,MASTERPRODUCT_PRODUCT_NAME_MARKETING,FACT_DMTM_AMFS_APE_ISSUED_DAILY_LP,MASTERPRODUCT_PRODUCT_NAME_MARKETING
VW_FACT_APE_SYSTEM_DAILY_WD,MASTERPRODUCT_PRODUCT_NAME_FINANCE,FACT_DMTM_AMFS_APE_ISSUED_DAILY_LP,MASTERPRODUCT_PRODUCT_NAME_FINANCE
VW_FACT_APE_SYSTEM_DAILY_WD,MASTERPRODUCT_PRODUCT_NAME_PEOPLESOFT,FACT_DMTM_AMFS_APE_ISSUED_DAILY_LP,MASTERPRODUCT_PRODUCT_NAME_PEOPLESOFT
VW_FACT_APE_SYSTEM_DAILY_WD,MASTERPRODUCT_PRODUCT_SUMM_NAME,FACT_DMTM_AMFS_APE_ISSUED_DAILY_LP,MASTERPRODUCT_PRODUCT_SUMM_NAME
VW_FACT_APE_SYSTEM_DAILY_WD,MASTERPRODUCT_PROD_DASHBOARD_CATEGORY,FACT_DMTM_AMFS_APE_ISSUED_DAILY_LP,MASTERPRODUCT_PROD_DASHBOARD_CATEGORY
VW_FACT_APE_SYSTEM_DAILY_WD,PERIODKEY_ORIG,FACT_DMTM_AMFS_APE_ISSUED_DAILY_LP,PERIODKEY_AS_OF
VW_FACT_APE_SYSTEM_DAILY_WD,APE_GROSS,FACT_DMTM_AMFS_APE_ISSUED_DAILY_LP,APE_GROSS
VW_FACT_APE_SYSTEM_DAILY_WD,CASECOUNT_GROSS,FACT_DMTM_AMFS_APE_ISSUED_DAILY_LP,CASECOUNT_GROSS
VW_FACT_APE_SYSTEM_DAILY_WD,PERIODKEY,FACT_DMTM_AMFS_APE_ISSUED_DAILY_FA,PERIODKEY
VW_FACT_APE_SYSTEM_DAILY_WD,FACTPERIOD,FACT_DMTM_AMFS_APE_ISSUED_DAILY_FA,FACTPERIOD
VW_FACT_APE_SYSTEM_DAILY_WD,APE_SOURCE,FACT_DMTM_AMFS_APE_ISSUED_DAILY_FA,APE_SOURCE
VW_FACT_APE_SYSTEM_DAILY_WD,APE_MIX,FACT_DMTM_AMFS_APE_ISSUED_DAILY_FA,APE_MIX
VW_FACT_APE_SYSTEM_DAILY_WD,PROCESS_TYPE,FACT_DMTM_AMFS_APE_ISSUED_DAILY_FA,PROCESS_TYPE
VW_FACT_APE_SYSTEM_DAILY_WD,APE,FACT_DMTM_AMFS_APE_ISSUED_DAILY_FA,APE
VW_FACT_APE_SYSTEM_DAILY_WD,CASECOUNT,FACT_DMTM_AMFS_APE_ISSUED_DAILY_FA,CASECOUNT
VW_FACT_APE_SYSTEM_DAILY_WD,MASTERPRODUCT_ENTITY,FACT_DMTM_AMFS_APE_ISSUED_DAILY_FA,MASTERPRODUCT_ENTITY
VW_FACT_APE_SYSTEM_DAILY_WD,MASTERPRODUCT_SYSTEM,FACT_DMTM_AMFS_APE_ISSUED_DAILY_FA,MASTERPRODUCT_SYSTEM
VW_FACT_APE_SYSTEM_DAILY_WD,MASTERPRODUCT_SYSTEM_CODE_ACTUARY,FACT_DMTM_AMFS_APE_ISSUED_DAILY_FA,MASTERPRODUCT_SYSTEM_CODE_ACTUARY
VW_FACT_APE_SYSTEM_DAILY_WD,MASTERPRODUCT_PRODUCT_ID_PEOPLESOFT,FACT_DMTM_AMFS_APE_ISSUED_DAILY_FA,MASTERPRODUCT_PRODUCT_ID_PEOPLESOFT
VW_FACT_APE_SYSTEM_DAILY_WD,MASTERPRODUCT_SP_RP,FACT_DMTM_AMFS_APE_ISSUED_DAILY_FA,MASTERPRODUCT_SP_RP
VW_FACT_APE_SYSTEM_DAILY_WD,MASTERPRODUCT_AMBITION_ID,FACT_DMTM_AMFS_APE_ISSUED_DAILY_FA,MASTERPRODUCT_AMBITION_ID
VW_FACT_APE_SYSTEM_DAILY_WD,MASTERPRODUCT_GMD_ID,FACT_DMTM_AMFS_APE_ISSUED_DAILY_FA,MASTERPRODUCT_GMD_ID
VW_FACT_APE_SYSTEM_DAILY_WD,MASTERPRODUCT_CHANNEL,FACT_DMTM_AMFS_APE_ISSUED_DAILY_FA,MASTERPRODUCT_CHANNEL
VW_FACT_APE_SYSTEM_DAILY_WD,MASTERPRODUCT_SUBCHANNEL,FACT_DMTM_AMFS_APE_ISSUED_DAILY_FA,MASTERPRODUCT_SUBCHANNEL
VW_FACT_APE_SYSTEM_DAILY_WD,MASTERPRODUCT_PRODUCT_GROUP,FACT_DMTM_AMFS_APE_ISSUED_DAILY_FA,MASTERPRODUCT_PRODUCT_GROUP
VW_FACT_APE_SYSTEM_DAILY_WD,MASTERPRODUCT_PRODUCT_CATEGORY,FACT_DMTM_AMFS_APE_ISSUED_DAILY_FA,MASTERPRODUCT_PRODUCT_CATEGORY
VW_FACT_APE_SYSTEM_DAILY_WD,MASTERPRODUCT_PRODUCT_SUB_CATEGORY,FACT_DMTM_AMFS_APE_ISSUED_DAILY_FA,MASTERPRODUCT_PRODUCT_SUB_CATEGORY
VW_FACT_APE_SYSTEM_DAILY_WD,MASTERPRODUCT_GMD_CATEGORY,FACT_DMTM_AMFS_APE_ISSUED_DAILY_FA,MASTERPRODUCT_GMD_CATEGORY
VW_FACT_APE_SYSTEM_DAILY_WD,MASTERPRODUCT_RIDER_CATEGORY,FACT_DMTM_AMFS_APE_ISSUED_DAILY_FA,MASTERPRODUCT_RIDER_CATEGORY
VW_FACT_APE_SYSTEM_DAILY_WD,MASTERPRODUCT_SYARIAH,FACT_DMTM_AMFS_APE_ISSUED_DAILY_FA,MASTERPRODUCT_SYARIAH
VW_FACT_APE_SYSTEM_DAILY_WD,MASTERPRODUCT_PRODUCT_NAME_ACTUARY,FACT_DMTM_AMFS_APE_ISSUED_DAILY_FA,MASTERPRODUCT_PRODUCT_NAME_ACTUARY
VW_FACT_APE_SYSTEM_DAILY_WD,MASTERPRODUCT_PRODUCT_NAME_MARKETING,FACT_DMTM_AMFS_APE_ISSUED_DAILY_FA,MASTERPRODUCT_PRODUCT_NAME_MARKETING
VW_FACT_APE_SYSTEM_DAILY_WD,MASTERPRODUCT_PRODUCT_NAME_FINANCE,FACT_DMTM_AMFS_APE_ISSUED_DAILY_FA,MASTERPRODUCT_PRODUCT_NAME_FINANCE
VW_FACT_APE_SYSTEM_DAILY_WD,MASTERPRODUCT_PRODUCT_NAME_PEOPLESOFT,FACT_DMTM_AMFS_APE_ISSUED_DAILY_FA,MASTERPRODUCT_PRODUCT_NAME_PEOPLESOFT
VW_FACT_APE_SYSTEM_DAILY_WD,MASTERPRODUCT_PRODUCT_SUMM_NAME,FACT_DMTM_AMFS_APE_ISSUED_DAILY_FA,MASTERPRODUCT_PRODUCT_SUMM_NAME
VW_FACT_APE_SYSTEM_DAILY_WD,MASTERPRODUCT_PROD_DASHBOARD_CATEGORY,FACT_DMTM_AMFS_APE_ISSUED_DAILY_FA,MASTERPRODUCT_PROD_DASHBOARD_CATEGORY
VW_FACT_APE_SYSTEM_DAILY_WD,PERIODKEY_ORIG,FACT_DMTM_AMFS_APE_ISSUED_DAILY_FA,PERIODKEY_AS_OF
VW_FACT_APE_SYSTEM_DAILY_WD,APE_GROSS,FACT_DMTM_AMFS_APE_ISSUED_DAILY_FA,APE_GROSS
VW_FACT_APE_SYSTEM_DAILY_WD,CASECOUNT_GROSS,FACT_DMTM_AMFS_APE_ISSUED_DAILY_FA,CASECOUNT_GROSS
VW_FACT_APE_SYSTEM_DAILY_WD,PERIODKEY,FACT_DPLK_APE_ISSUED_DAILY,PERIODKEY
VW_FACT_APE_SYSTEM_DAILY_WD,FACTPERIOD,FACT_DPLK_APE_ISSUED_DAILY,FACTPERIOD
VW_FACT_APE_SYSTEM_DAILY_WD,APE_SOURCE,FACT_DPLK_APE_ISSUED_DAILY,APE_SOURCE
VW_FACT_APE_SYSTEM_DAILY_WD,APE_MIX,FACT_DPLK_APE_ISSUED_DAILY,
VW_FACT_APE_SYSTEM_DAILY_WD,PROCESS_TYPE,FACT_DPLK_APE_ISSUED_DAILY,PROCESS_TYPE
VW_FACT_APE_SYSTEM_DAILY_WD,APE,FACT_DPLK_APE_ISSUED_DAILY,APE
VW_FACT_APE_SYSTEM_DAILY_WD,CASECOUNT,FACT_DPLK_APE_ISSUED_DAILY,CASE
VW_FACT_APE_SYSTEM_DAILY_WD,MASTERPRODUCT_ENTITY,FACT_DPLK_APE_ISSUED_DAILY,MASTERPRODUCT_ENTITY
VW_FACT_APE_SYSTEM_DAILY_WD,MASTERPRODUCT_SYSTEM,FACT_DPLK_APE_ISSUED_DAILY,MASTERPRODUCT_SYSTEM
VW_FACT_APE_SYSTEM_DAILY_WD,MASTERPRODUCT_SYSTEM_CODE_ACTUARY,FACT_DPLK_APE_ISSUED_DAILY,MASTERPRODUCT_SYSTEM_CODE_ACTUARY
VW_FACT_APE_SYSTEM_DAILY_WD,MASTERPRODUCT_PRODUCT_ID_PEOPLESOFT,FACT_DPLK_APE_ISSUED_DAILY,MASTERPRODUCT_PRODUCT_ID_PEOPLESOFT
VW_FACT_APE_SYSTEM_DAILY_WD,MASTERPRODUCT_SP_RP,FACT_DPLK_APE_ISSUED_DAILY,MASTERPRODUCT_SP_RP
VW_FACT_APE_SYSTEM_DAILY_WD,MASTERPRODUCT_AMBITION_ID,FACT_DPLK_APE_ISSUED_DAILY,MASTERPRODUCT_AMBITION_ID
VW_FACT_APE_SYSTEM_DAILY_WD,MASTERPRODUCT_GMD_ID,FACT_DPLK_APE_ISSUED_DAILY,MASTERPRODUCT_GMD_ID
VW_FACT_APE_SYSTEM_DAILY_WD,MASTERPRODUCT_CHANNEL,FACT_DPLK_APE_ISSUED_DAILY,MASTERPRODUCT_CHANNEL
VW_FACT_APE_SYSTEM_DAILY_WD,MASTERPRODUCT_SUBCHANNEL,FACT_DPLK_APE_ISSUED_DAILY,MASTERPRODUCT_SUBCHANNEL
VW_FACT_APE_SYSTEM_DAILY_WD,MASTERPRODUCT_PRODUCT_GROUP,FACT_DPLK_APE_ISSUED_DAILY,MASTERPRODUCT_PRODUCT_GROUP
VW_FACT_APE_SYSTEM_DAILY_WD,MASTERPRODUCT_PRODUCT_CATEGORY,FACT_DPLK_APE_ISSUED_DAILY,MASTERPRODUCT_PRODUCT_CATEGORY
VW_FACT_APE_SYSTEM_DAILY_WD,MASTERPRODUCT_PRODUCT_SUB_CATEGORY,FACT_DPLK_APE_ISSUED_DAILY,MASTERPRODUCT_PRODUCT_SUB_CATEGORY
VW_FACT_APE_SYSTEM_DAILY_WD,MASTERPRODUCT_GMD_CATEGORY,FACT_DPLK_APE_ISSUED_DAILY,MASTERPRODUCT_GMD_CATEGORY
VW_FACT_APE_SYSTEM_DAILY_WD,MASTERPRODUCT_RIDER_CATEGORY,FACT_DPLK_APE_ISSUED_DAILY,MASTERPRODUCT_RIDER_CATEGORY
VW_FACT_APE_SYSTEM_DAILY_WD,MASTERPRODUCT_SYARIAH,FACT_DPLK_APE_ISSUED_DAILY,MASTERPRODUCT_SYARIAH
VW_FACT_APE_SYSTEM_DAILY_WD,MASTERPRODUCT_PRODUCT_NAME_ACTUARY,FACT_DPLK_APE_ISSUED_DAILY,MASTERPRODUCT_PRODUCT_NAME_ACTUARY
VW_FACT_APE_SYSTEM_DAILY_WD,MASTERPRODUCT_PRODUCT_NAME_MARKETING,FACT_DPLK_APE_ISSUED_DAILY,MASTERPRODUCT_PRODUCT_NAME_MARKETING
VW_FACT_APE_SYSTEM_DAILY_WD,MASTERPRODUCT_PRODUCT_NAME_FINANCE,FACT_DPLK_APE_ISSUED_DAILY,MASTERPRODUCT_PRODUCT_NAME_FINANCE
VW_FACT_APE_SYSTEM_DAILY_WD,MASTERPRODUCT_PRODUCT_NAME_PEOPLESOFT,FACT_DPLK_APE_ISSUED_DAILY,MASTERPRODUCT_PRODUCT_NAME_PEOPLESOFT
VW_FACT_APE_SYSTEM_DAILY_WD,MASTERPRODUCT_PRODUCT_SUMM_NAME,FACT_DPLK_APE_ISSUED_DAILY,MASTERPRODUCT_PRODUCT_SUMM_NAME
VW_FACT_APE_SYSTEM_DAILY_WD,MASTERPRODUCT_PROD_DASHBOARD_CATEGORY,FACT_DPLK_APE_ISSUED_DAILY,MASTERPRODUCT_PROD_DASHBOARD_CATEGORY
VW_FACT_APE_SYSTEM_DAILY_WD,PERIODKEY_ORIG,FACT_DPLK_APE_ISSUED_DAILY,PERIODKEY_AS_OF
VW_FACT_APE_SYSTEM_DAILY_WD,APE_GROSS,FACT_DPLK_APE_ISSUED_DAILY,APE_GROSS
VW_FACT_APE_SYSTEM_DAILY_WD,CASECOUNT_GROSS,FACT_DPLK_APE_ISSUED_DAILY,CASECOUNT_GROSS
VW_FACT_APE_SYSTEM_DAILY_WD,PERIODKEY,FACT_RLS_AMFS_APE_ADD_LSTU_DAILY,PERIODKEY
VW_FACT_APE_SYSTEM_DAILY_WD,FACTPERIOD,FACT_RLS_AMFS_APE_ADD_LSTU_DAILY,FACTPERIOD
VW_FACT_APE_SYSTEM_DAILY_WD,APE_SOURCE,FACT_RLS_AMFS_APE_ADD_LSTU_DAILY,APE_SOURCE
VW_FACT_APE_SYSTEM_DAILY_WD,APE_MIX,FACT_RLS_AMFS_APE_ADD_LSTU_DAILY,APE_MIX
VW_FACT_APE_SYSTEM_DAILY_WD,PROCESS_TYPE,FACT_RLS_AMFS_APE_ADD_LSTU_DAILY,PROCESS_TYPE
VW_FACT_APE_SYSTEM_DAILY_WD,APE,FACT_RLS_AMFS_APE_ADD_LSTU_DAILY,APE
VW_FACT_APE_SYSTEM_DAILY_WD,CASECOUNT,FACT_RLS_AMFS_APE_ADD_LSTU_DAILY,CASECOUNT
VW_FACT_APE_SYSTEM_DAILY_WD,MASTERPRODUCT_ENTITY,FACT_RLS_AMFS_APE_ADD_LSTU_DAILY,MASTERPRODUCT_ENTITY
VW_FACT_APE_SYSTEM_DAILY_WD,MASTERPRODUCT_SYSTEM,FACT_RLS_AMFS_APE_ADD_LSTU_DAILY,MASTERPRODUCT_SYSTEM
VW_FACT_APE_SYSTEM_DAILY_WD,MASTERPRODUCT_SYSTEM_CODE_ACTUARY,FACT_RLS_AMFS_APE_ADD_LSTU_DAILY,MASTERPRODUCT_SYSTEM_CODE_ACTUARY
VW_FACT_APE_SYSTEM_DAILY_WD,MASTERPRODUCT_PRODUCT_ID_PEOPLESOFT,FACT_RLS_AMFS_APE_ADD_LSTU_DAILY,MASTERPRODUCT_PRODUCT_ID_PEOPLESOFT
VW_FACT_APE_SYSTEM_DAILY_WD,MASTERPRODUCT_SP_RP,FACT_RLS_AMFS_APE_ADD_LSTU_DAILY,MASTERPRODUCT_SP_RP
VW_FACT_APE_SYSTEM_DAILY_WD,MASTERPRODUCT_AMBITION_ID,FACT_RLS_AMFS_APE_ADD_LSTU_DAILY,MASTERPRODUCT_AMBITION_ID
VW_FACT_APE_SYSTEM_DAILY_WD,MASTERPRODUCT_GMD_ID,FACT_RLS_AMFS_APE_ADD_LSTU_DAILY,MASTERPRODUCT_GMD_ID
VW_FACT_APE_SYSTEM_DAILY_WD,MASTERPRODUCT_CHANNEL,FACT_RLS_AMFS_APE_ADD_LSTU_DAILY,MASTERPRODUCT_CHANNEL
VW_FACT_APE_SYSTEM_DAILY_WD,MASTERPRODUCT_SUBCHANNEL,FACT_RLS_AMFS_APE_ADD_LSTU_DAILY,MASTERPRODUCT_SUBCHANNEL
VW_FACT_APE_SYSTEM_DAILY_WD,MASTERPRODUCT_PRODUCT_GROUP,FACT_RLS_AMFS_APE_ADD_LSTU_DAILY,MASTERPRODUCT_PRODUCT_GROUP
VW_FACT_APE_SYSTEM_DAILY_WD,MASTERPRODUCT_PRODUCT_CATEGORY,FACT_RLS_AMFS_APE_ADD_LSTU_DAILY,MASTERPRODUCT_PRODUCT_CATEGORY
VW_FACT_APE_SYSTEM_DAILY_WD,MASTERPRODUCT_PRODUCT_SUB_CATEGORY,FACT_RLS_AMFS_APE_ADD_LSTU_DAILY,MASTERPRODUCT_PRODUCT_SUB_CATEGORY
VW_FACT_APE_SYSTEM_DAILY_WD,MASTERPRODUCT_GMD_CATEGORY,FACT_RLS_AMFS_APE_ADD_LSTU_DAILY,MASTERPRODUCT_GMD_CATEGORY
VW_FACT_APE_SYSTEM_DAILY_WD,MASTERPRODUCT_RIDER_CATEGORY,FACT_RLS_AMFS_APE_ADD_LSTU_DAILY,MASTERPRODUCT_RIDER_CATEGORY
VW_FACT_APE_SYSTEM_DAILY_WD,MASTERPRODUCT_SYARIAH,FACT_RLS_AMFS_APE_ADD_LSTU_DAILY,MASTERPRODUCT_SYARIAH
VW_FACT_APE_SYSTEM_DAILY_WD,MASTERPRODUCT_PRODUCT_NAME_ACTUARY,FACT_RLS_AMFS_APE_ADD_LSTU_DAILY,MASTERPRODUCT_PRODUCT_NAME_ACTUARY
VW_FACT_APE_SYSTEM_DAILY_WD,MASTERPRODUCT_PRODUCT_NAME_MARKETING,FACT_RLS_AMFS_APE_ADD_LSTU_DAILY,MASTERPRODUCT_PRODUCT_NAME_MARKETING
VW_FACT_APE_SYSTEM_DAILY_WD,MASTERPRODUCT_PRODUCT_NAME_FINANCE,FACT_RLS_AMFS_APE_ADD_LSTU_DAILY,MASTERPRODUCT_PRODUCT_NAME_FINANCE
VW_FACT_APE_SYSTEM_DAILY_WD,MASTERPRODUCT_PRODUCT_NAME_PEOPLESOFT,FACT_RLS_AMFS_APE_ADD_LSTU_DAILY,MASTERPRODUCT_PRODUCT_NAME_PEOPLESOFT
VW_FACT_APE_SYSTEM_DAILY_WD,MASTERPRODUCT_PRODUCT_SUMM_NAME,FACT_RLS_AMFS_APE_ADD_LSTU_DAILY,MASTERPRODUCT_PRODUCT_SUMM_NAME
VW_FACT_APE_SYSTEM_DAILY_WD,MASTERPRODUCT_PROD_DASHBOARD_CATEGORY,FACT_RLS_AMFS_APE_ADD_LSTU_DAILY,MASTERPRODUCT_PROD_DASHBOARD_CATEGORY
VW_FACT_APE_SYSTEM_DAILY_WD,PERIODKEY_ORIG,FACT_RLS_AMFS_APE_ADD_LSTU_DAILY,PERIODKEY_AS_OF
VW_FACT_APE_SYSTEM_DAILY_WD,APE_GROSS,FACT_RLS_AMFS_APE_ADD_LSTU_DAILY,APE_GROSS
VW_FACT_APE_SYSTEM_DAILY_WD,CASECOUNT_GROSS,FACT_RLS_AMFS_APE_ADD_LSTU_DAILY,CASECOUNT_GROSS
VW_FACT_APE_SYSTEM_DAILY_WD,PERIODKEY,FACT_RLS_AMFS_APE_ADD_RTU_DAILY,PERIODKEY
VW_FACT_APE_SYSTEM_DAILY_WD,FACTPERIOD,FACT_RLS_AMFS_APE_ADD_RTU_DAILY,FACTPERIOD
VW_FACT_APE_SYSTEM_DAILY_WD,APE_SOURCE,FACT_RLS_AMFS_APE_ADD_RTU_DAILY,APE_SOURCE
VW_FACT_APE_SYSTEM_DAILY_WD,APE_MIX,FACT_RLS_AMFS_APE_ADD_RTU_DAILY,APE_MIX
VW_FACT_APE_SYSTEM_DAILY_WD,PROCESS_TYPE,FACT_RLS_AMFS_APE_ADD_RTU_DAILY,PROCESS_TYPE
VW_FACT_APE_SYSTEM_DAILY_WD,APE,FACT_RLS_AMFS_APE_ADD_RTU_DAILY,APE
VW_FACT_APE_SYSTEM_DAILY_WD,CASECOUNT,FACT_RLS_AMFS_APE_ADD_RTU_DAILY,CASECOUNT
VW_FACT_APE_SYSTEM_DAILY_WD,MASTERPRODUCT_ENTITY,FACT_RLS_AMFS_APE_ADD_RTU_DAILY,MASTERPRODUCT_ENTITY
VW_FACT_APE_SYSTEM_DAILY_WD,MASTERPRODUCT_SYSTEM,FACT_RLS_AMFS_APE_ADD_RTU_DAILY,MASTERPRODUCT_SYSTEM
VW_FACT_APE_SYSTEM_DAILY_WD,MASTERPRODUCT_SYSTEM_CODE_ACTUARY,FACT_RLS_AMFS_APE_ADD_RTU_DAILY,MASTERPRODUCT_SYSTEM_CODE_ACTUARY
VW_FACT_APE_SYSTEM_DAILY_WD,MASTERPRODUCT_PRODUCT_ID_PEOPLESOFT,FACT_RLS_AMFS_APE_ADD_RTU_DAILY,MASTERPRODUCT_PRODUCT_ID_PEOPLESOFT
VW_FACT_APE_SYSTEM_DAILY_WD,MASTERPRODUCT_SP_RP,FACT_RLS_AMFS_APE_ADD_RTU_DAILY,MASTERPRODUCT_SP_RP
VW_FACT_APE_SYSTEM_DAILY_WD,MASTERPRODUCT_AMBITION_ID,FACT_RLS_AMFS_APE_ADD_RTU_DAILY,MASTERPRODUCT_AMBITION_ID
VW_FACT_APE_SYSTEM_DAILY_WD,MASTERPRODUCT_GMD_ID,FACT_RLS_AMFS_APE_ADD_RTU_DAILY,MASTERPRODUCT_GMD_ID
VW_FACT_APE_SYSTEM_DAILY_WD,MASTERPRODUCT_CHANNEL,FACT_RLS_AMFS_APE_ADD_RTU_DAILY,MASTERPRODUCT_CHANNEL
VW_FACT_APE_SYSTEM_DAILY_WD,MASTERPRODUCT_SUBCHANNEL,FACT_RLS_AMFS_APE_ADD_RTU_DAILY,MASTERPRODUCT_SUBCHANNEL
VW_FACT_APE_SYSTEM_DAILY_WD,MASTERPRODUCT_PRODUCT_GROUP,FACT_RLS_AMFS_APE_ADD_RTU_DAILY,MASTERPRODUCT_PRODUCT_GROUP
VW_FACT_APE_SYSTEM_DAILY_WD,MASTERPRODUCT_PRODUCT_CATEGORY,FACT_RLS_AMFS_APE_ADD_RTU_DAILY,MASTERPRODUCT_PRODUCT_CATEGORY
VW_FACT_APE_SYSTEM_DAILY_WD,MASTERPRODUCT_PRODUCT_SUB_CATEGORY,FACT_RLS_AMFS_APE_ADD_RTU_DAILY,MASTERPRODUCT_PRODUCT_SUB_CATEGORY
VW_FACT_APE_SYSTEM_DAILY_WD,MASTERPRODUCT_GMD_CATEGORY,FACT_RLS_AMFS_APE_ADD_RTU_DAILY,MASTERPRODUCT_GMD_CATEGORY
VW_FACT_APE_SYSTEM_DAILY_WD,MASTERPRODUCT_RIDER_CATEGORY,FACT_RLS_AMFS_APE_ADD_RTU_DAILY,MASTERPRODUCT_RIDER_CATEGORY
VW_FACT_APE_SYSTEM_DAILY_WD,MASTERPRODUCT_SYARIAH,FACT_RLS_AMFS_APE_ADD_RTU_DAILY,MASTERPRODUCT_SYARIAH
VW_FACT_APE_SYSTEM_DAILY_WD,MASTERPRODUCT_PRODUCT_NAME_ACTUARY,FACT_RLS_AMFS_APE_ADD_RTU_DAILY,MASTERPRODUCT_PRODUCT_NAME_ACTUARY
VW_FACT_APE_SYSTEM_DAILY_WD,MASTERPRODUCT_PRODUCT_NAME_MARKETING,FACT_RLS_AMFS_APE_ADD_RTU_DAILY,MASTERPRODUCT_PRODUCT_NAME_MARKETING
VW_FACT_APE_SYSTEM_DAILY_WD,MASTERPRODUCT_PRODUCT_NAME_FINANCE,FACT_RLS_AMFS_APE_ADD_RTU_DAILY,MASTERPRODUCT_PRODUCT_NAME_FINANCE
VW_FACT_APE_SYSTEM_DAILY_WD,MASTERPRODUCT_PRODUCT_NAME_PEOPLESOFT,FACT_RLS_AMFS_APE_ADD_RTU_DAILY,MASTERPRODUCT_PRODUCT_NAME_PEOPLESOFT
VW_FACT_APE_SYSTEM_DAILY_WD,MASTERPRODUCT_PRODUCT_SUMM_NAME,FACT_RLS_AMFS_APE_ADD_RTU_DAILY,MASTERPRODUCT_PRODUCT_SUMM_NAME
VW_FACT_APE_SYSTEM_DAILY_WD,MASTERPRODUCT_PROD_DASHBOARD_CATEGORY,FACT_RLS_AMFS_APE_ADD_RTU_DAILY,MASTERPRODUCT_PROD_DASHBOARD_CATEGORY
VW_FACT_APE_SYSTEM_DAILY_WD,PERIODKEY_ORIG,FACT_RLS_AMFS_APE_ADD_RTU_DAILY,PERIODKEY_AS_OF
VW_FACT_APE_SYSTEM_DAILY_WD,APE_GROSS,FACT_RLS_AMFS_APE_ADD_RTU_DAILY,APE_GROSS
VW_FACT_APE_SYSTEM_DAILY_WD,CASECOUNT_GROSS,FACT_RLS_AMFS_APE_ADD_RTU_DAILY,CASECOUNT_GROSS
VW_FACT_APE_SYSTEM_DAILY_WD,PERIODKEY,FACT_RLS_AMFS_APE_CHANGE_PREM_DAILY,PERIODKEY
VW_FACT_APE_SYSTEM_DAILY_WD,FACTPERIOD,FACT_RLS_AMFS_APE_CHANGE_PREM_DAILY,FACTPERIOD
VW_FACT_APE_SYSTEM_DAILY_WD,APE_SOURCE,FACT_RLS_AMFS_APE_CHANGE_PREM_DAILY,APE_SOURCE
VW_FACT_APE_SYSTEM_DAILY_WD,APE_MIX,FACT_RLS_AMFS_APE_CHANGE_PREM_DAILY,APE_MIX
VW_FACT_APE_SYSTEM_DAILY_WD,PROCESS_TYPE,FACT_RLS_AMFS_APE_CHANGE_PREM_DAILY,PROCESS_TYPE
VW_FACT_APE_SYSTEM_DAILY_WD,APE,FACT_RLS_AMFS_APE_CHANGE_PREM_DAILY,APE
VW_FACT_APE_SYSTEM_DAILY_WD,CASECOUNT,FACT_RLS_AMFS_APE_CHANGE_PREM_DAILY,CASECOUNT
VW_FACT_APE_SYSTEM_DAILY_WD,MASTERPRODUCT_ENTITY,FACT_RLS_AMFS_APE_CHANGE_PREM_DAILY,MASTERPRODUCT_ENTITY
VW_FACT_APE_SYSTEM_DAILY_WD,MASTERPRODUCT_SYSTEM,FACT_RLS_AMFS_APE_CHANGE_PREM_DAILY,MASTERPRODUCT_SYSTEM
VW_FACT_APE_SYSTEM_DAILY_WD,MASTERPRODUCT_SYSTEM_CODE_ACTUARY,FACT_RLS_AMFS_APE_CHANGE_PREM_DAILY,MASTERPRODUCT_SYSTEM_CODE_ACTUARY
VW_FACT_APE_SYSTEM_DAILY_WD,MASTERPRODUCT_PRODUCT_ID_PEOPLESOFT,FACT_RLS_AMFS_APE_CHANGE_PREM_DAILY,MASTERPRODUCT_PRODUCT_ID_PEOPLESOFT
VW_FACT_APE_SYSTEM_DAILY_WD,MASTERPRODUCT_SP_RP,FACT_RLS_AMFS_APE_CHANGE_PREM_DAILY,MASTERPRODUCT_SP_RP
VW_FACT_APE_SYSTEM_DAILY_WD,MASTERPRODUCT_AMBITION_ID,FACT_RLS_AMFS_APE_CHANGE_PREM_DAILY,MASTERPRODUCT_AMBITION_ID
VW_FACT_APE_SYSTEM_DAILY_WD,MASTERPRODUCT_GMD_ID,FACT_RLS_AMFS_APE_CHANGE_PREM_DAILY,MASTERPRODUCT_GMD_ID
VW_FACT_APE_SYSTEM_DAILY_WD,MASTERPRODUCT_CHANNEL,FACT_RLS_AMFS_APE_CHANGE_PREM_DAILY,MASTERPRODUCT_CHANNEL
VW_FACT_APE_SYSTEM_DAILY_WD,MASTERPRODUCT_SUBCHANNEL,FACT_RLS_AMFS_APE_CHANGE_PREM_DAILY,MASTERPRODUCT_SUBCHANNEL
VW_FACT_APE_SYSTEM_DAILY_WD,MASTERPRODUCT_PRODUCT_GROUP,FACT_RLS_AMFS_APE_CHANGE_PREM_DAILY,MASTERPRODUCT_PRODUCT_GROUP
VW_FACT_APE_SYSTEM_DAILY_WD,MASTERPRODUCT_PRODUCT_CATEGORY,FACT_RLS_AMFS_APE_CHANGE_PREM_DAILY,MASTERPRODUCT_PRODUCT_CATEGORY
VW_FACT_APE_SYSTEM_DAILY_WD,MASTERPRODUCT_PRODUCT_SUB_CATEGORY,FACT_RLS_AMFS_APE_CHANGE_PREM_DAILY,MASTERPRODUCT_PRODUCT_SUB_CATEGORY
VW_FACT_APE_SYSTEM_DAILY_WD,MASTERPRODUCT_GMD_CATEGORY,FACT_RLS_AMFS_APE_CHANGE_PREM_DAILY,MASTERPRODUCT_GMD_CATEGORY
VW_FACT_APE_SYSTEM_DAILY_WD,MASTERPRODUCT_RIDER_CATEGORY,FACT_RLS_AMFS_APE_CHANGE_PREM_DAILY,MASTERPRODUCT_RIDER_CATEGORY
VW_FACT_APE_SYSTEM_DAILY_WD,MASTERPRODUCT_SYARIAH,FACT_RLS_AMFS_APE_CHANGE_PREM_DAILY,MASTERPRODUCT_SYARIAH
VW_FACT_APE_SYSTEM_DAILY_WD,MASTERPRODUCT_PRODUCT_NAME_ACTUARY,FACT_RLS_AMFS_APE_CHANGE_PREM_DAILY,MASTERPRODUCT_PRODUCT_NAME_ACTUARY
VW_FACT_APE_SYSTEM_DAILY_WD,MASTERPRODUCT_PRODUCT_NAME_MARKETING,FACT_RLS_AMFS_APE_CHANGE_PREM_DAILY,MASTERPRODUCT_PRODUCT_NAME_MARKETING
VW_FACT_APE_SYSTEM_DAILY_WD,MASTERPRODUCT_PRODUCT_NAME_FINANCE,FACT_RLS_AMFS_APE_CHANGE_PREM_DAILY,MASTERPRODUCT_PRODUCT_NAME_FINANCE
VW_FACT_APE_SYSTEM_DAILY_WD,MASTERPRODUCT_PRODUCT_NAME_PEOPLESOFT,FACT_RLS_AMFS_APE_CHANGE_PREM_DAILY,MASTERPRODUCT_PRODUCT_NAME_PEOPLESOFT
VW_FACT_APE_SYSTEM_DAILY_WD,MASTERPRODUCT_PRODUCT_SUMM_NAME,FACT_RLS_AMFS_APE_CHANGE_PREM_DAILY,MASTERPRODUCT_PRODUCT_SUMM_NAME
VW_FACT_APE_SYSTEM_DAILY_WD,MASTERPRODUCT_PROD_DASHBOARD_CATEGORY,FACT_RLS_AMFS_APE_CHANGE_PREM_DAILY,MASTERPRODUCT_PROD_DASHBOARD_CATEGORY
VW_FACT_APE_SYSTEM_DAILY_WD,PERIODKEY_ORIG,FACT_RLS_AMFS_APE_CHANGE_PREM_DAILY,PERIODKEY_AS_OF
VW_FACT_APE_SYSTEM_DAILY_WD,APE_GROSS,FACT_RLS_AMFS_APE_CHANGE_PREM_DAILY,APE_GROSS
VW_FACT_APE_SYSTEM_DAILY_WD,CASECOUNT_GROSS,FACT_RLS_AMFS_APE_CHANGE_PREM_DAILY,CASECOUNT_GROSS
VW_FACT_APE_SYSTEM_DAILY_WD,PERIODKEY,FACT_RLS_AMFS_APE_ISSUED_DAILY,PERIODKEY
VW_FACT_APE_SYSTEM_DAILY_WD,FACTPERIOD,FACT_RLS_AMFS_APE_ISSUED_DAILY,FACTPERIOD
VW_FACT_APE_SYSTEM_DAILY_WD,APE_SOURCE,FACT_RLS_AMFS_APE_ISSUED_DAILY,APE_SOURCE
VW_FACT_APE_SYSTEM_DAILY_WD,APE_MIX,FACT_RLS_AMFS_APE_ISSUED_DAILY,APE_MIX
VW_FACT_APE_SYSTEM_DAILY_WD,PROCESS_TYPE,FACT_RLS_AMFS_APE_ISSUED_DAILY,PROCESS_TYPE
VW_FACT_APE_SYSTEM_DAILY_WD,APE,FACT_RLS_AMFS_APE_ISSUED_DAILY,APE
VW_FACT_APE_SYSTEM_DAILY_WD,CASECOUNT,FACT_RLS_AMFS_APE_ISSUED_DAILY,CASECOUNT
VW_FACT_APE_SYSTEM_DAILY_WD,MASTERPRODUCT_ENTITY,FACT_RLS_AMFS_APE_ISSUED_DAILY,MASTERPRODUCT_ENTITY
VW_FACT_APE_SYSTEM_DAILY_WD,MASTERPRODUCT_SYSTEM,FACT_RLS_AMFS_APE_ISSUED_DAILY,MASTERPRODUCT_SYSTEM
VW_FACT_APE_SYSTEM_DAILY_WD,MASTERPRODUCT_SYSTEM_CODE_ACTUARY,FACT_RLS_AMFS_APE_ISSUED_DAILY,MASTERPRODUCT_SYSTEM_CODE_ACTUARY
VW_FACT_APE_SYSTEM_DAILY_WD,MASTERPRODUCT_PRODUCT_ID_PEOPLESOFT,FACT_RLS_AMFS_APE_ISSUED_DAILY,MASTERPRODUCT_PRODUCT_ID_PEOPLESOFT
VW_FACT_APE_SYSTEM_DAILY_WD,MASTERPRODUCT_SP_RP,FACT_RLS_AMFS_APE_ISSUED_DAILY,MASTERPRODUCT_SP_RP
VW_FACT_APE_SYSTEM_DAILY_WD,MASTERPRODUCT_AMBITION_ID,FACT_RLS_AMFS_APE_ISSUED_DAILY,MASTERPRODUCT_AMBITION_ID
VW_FACT_APE_SYSTEM_DAILY_WD,MASTERPRODUCT_GMD_ID,FACT_RLS_AMFS_APE_ISSUED_DAILY,MASTERPRODUCT_GMD_ID
VW_FACT_APE_SYSTEM_DAILY_WD,MASTERPRODUCT_CHANNEL,FACT_RLS_AMFS_APE_ISSUED_DAILY,MASTERPRODUCT_CHANNEL
VW_FACT_APE_SYSTEM_DAILY_WD,MASTERPRODUCT_SUBCHANNEL,FACT_RLS_AMFS_APE_ISSUED_DAILY,MASTERPRODUCT_SUBCHANNEL
VW_FACT_APE_SYSTEM_DAILY_WD,MASTERPRODUCT_PRODUCT_GROUP,FACT_RLS_AMFS_APE_ISSUED_DAILY,MASTERPRODUCT_PRODUCT_GROUP
VW_FACT_APE_SYSTEM_DAILY_WD,MASTERPRODUCT_PRODUCT_CATEGORY,FACT_RLS_AMFS_APE_ISSUED_DAILY,MASTERPRODUCT_PRODUCT_CATEGORY
VW_FACT_APE_SYSTEM_DAILY_WD,MASTERPRODUCT_PRODUCT_SUB_CATEGORY,FACT_RLS_AMFS_APE_ISSUED_DAILY,MASTERPRODUCT_PRODUCT_SUB_CATEGORY
VW_FACT_APE_SYSTEM_DAILY_WD,MASTERPRODUCT_GMD_CATEGORY,FACT_RLS_AMFS_APE_ISSUED_DAILY,MASTERPRODUCT_GMD_CATEGORY
VW_FACT_APE_SYSTEM_DAILY_WD,MASTERPRODUCT_RIDER_CATEGORY,FACT_RLS_AMFS_APE_ISSUED_DAILY,MASTERPRODUCT_RIDER_CATEGORY
VW_FACT_APE_SYSTEM_DAILY_WD,MASTERPRODUCT_SYARIAH,FACT_RLS_AMFS_APE_ISSUED_DAILY,MASTERPRODUCT_SYARIAH
VW_FACT_APE_SYSTEM_DAILY_WD,MASTERPRODUCT_PRODUCT_NAME_ACTUARY,FACT_RLS_AMFS_APE_ISSUED_DAILY,MASTERPRODUCT_PRODUCT_NAME_ACTUARY
VW_FACT_APE_SYSTEM_DAILY_WD,MASTERPRODUCT_PRODUCT_NAME_MARKETING,FACT_RLS_AMFS_APE_ISSUED_DAILY,MASTERPRODUCT_PRODUCT_NAME_MARKETING
VW_FACT_APE_SYSTEM_DAILY_WD,MASTERPRODUCT_PRODUCT_NAME_FINANCE,FACT_RLS_AMFS_APE_ISSUED_DAILY,MASTERPRODUCT_PRODUCT_NAME_FINANCE
VW_FACT_APE_SYSTEM_DAILY_WD,MASTERPRODUCT_PRODUCT_NAME_PEOPLESOFT,FACT_RLS_AMFS_APE_ISSUED_DAILY,MASTERPRODUCT_PRODUCT_NAME_PEOPLESOFT
VW_FACT_APE_SYSTEM_DAILY_WD,MASTERPRODUCT_PRODUCT_SUMM_NAME,FACT_RLS_AMFS_APE_ISSUED_DAILY,MASTERPRODUCT_PRODUCT_SUMM_NAME
VW_FACT_APE_SYSTEM_DAILY_WD,MASTERPRODUCT_PROD_DASHBOARD_CATEGORY,FACT_RLS_AMFS_APE_ISSUED_DAILY,MASTERPRODUCT_PROD_DASHBOARD_CATEGORY
VW_FACT_APE_SYSTEM_DAILY_WD,PERIODKEY_ORIG,FACT_RLS_AMFS_APE_ISSUED_DAILY,PERIODKEY_AS_OF
VW_FACT_APE_SYSTEM_DAILY_WD,APE_GROSS,FACT_RLS_AMFS_APE_ISSUED_DAILY,APE_GROSS
VW_FACT_APE_SYSTEM_DAILY_WD,CASECOUNT_GROSS,FACT_RLS_AMFS_APE_ISSUED_DAILY,CASECOUNT_GROSS
VW_FACT_APE_SYSTEM_DAILY_WD,PERIODKEY,FACT_DMTM_AMFS_APE_ISSUED_DAILY_MMS,PERIODKEY
VW_FACT_APE_SYSTEM_DAILY_WD,FACTPERIOD,FACT_DMTM_AMFS_APE_ISSUED_DAILY_MMS,FACTPERIOD
VW_FACT_APE_SYSTEM_DAILY_WD,APE_SOURCE,FACT_DMTM_AMFS_APE_ISSUED_DAILY_MMS,APE_SOURCE
VW_FACT_APE_SYSTEM_DAILY_WD,APE_MIX,FACT_DMTM_AMFS_APE_ISSUED_DAILY_MMS,APE_MIX
VW_FACT_APE_SYSTEM_DAILY_WD,PROCESS_TYPE,FACT_DMTM_AMFS_APE_ISSUED_DAILY_MMS,PROCESS_TYPE
VW_FACT_APE_SYSTEM_DAILY_WD,APE,FACT_DMTM_AMFS_APE_ISSUED_DAILY_MMS,APE
VW_FACT_APE_SYSTEM_DAILY_WD,CASECOUNT,FACT_DMTM_AMFS_APE_ISSUED_DAILY_MMS,CASECOUNT
VW_FACT_APE_SYSTEM_DAILY_WD,MASTERPRODUCT_ENTITY,FACT_DMTM_AMFS_APE_ISSUED_DAILY_MMS,MASTERPRODUCT_ENTITY
VW_FACT_APE_SYSTEM_DAILY_WD,MASTERPRODUCT_SYSTEM,FACT_DMTM_AMFS_APE_ISSUED_DAILY_MMS,MASTERPRODUCT_SYSTEM
VW_FACT_APE_SYSTEM_DAILY_WD,MASTERPRODUCT_SYSTEM_CODE_ACTUARY,FACT_DMTM_AMFS_APE_ISSUED_DAILY_MMS,MASTERPRODUCT_SYSTEM_CODE_ACTUARY
VW_FACT_APE_SYSTEM_DAILY_WD,MASTERPRODUCT_PRODUCT_ID_PEOPLESOFT,FACT_DMTM_AMFS_APE_ISSUED_DAILY_MMS,MASTERPRODUCT_PRODUCT_ID_PEOPLESOFT
VW_FACT_APE_SYSTEM_DAILY_WD,MASTERPRODUCT_SP_RP,FACT_DMTM_AMFS_APE_ISSUED_DAILY_MMS,MASTERPRODUCT_SP_RP
VW_FACT_APE_SYSTEM_DAILY_WD,MASTERPRODUCT_AMBITION_ID,FACT_DMTM_AMFS_APE_ISSUED_DAILY_MMS,MASTERPRODUCT_AMBITION_ID
VW_FACT_APE_SYSTEM_DAILY_WD,MASTERPRODUCT_GMD_ID,FACT_DMTM_AMFS_APE_ISSUED_DAILY_MMS,MASTERPRODUCT_GMD_ID
VW_FACT_APE_SYSTEM_DAILY_WD,MASTERPRODUCT_CHANNEL,FACT_DMTM_AMFS_APE_ISSUED_DAILY_MMS,MASTERPRODUCT_CHANNEL
VW_FACT_APE_SYSTEM_DAILY_WD,MASTERPRODUCT_SUBCHANNEL,FACT_DMTM_AMFS_APE_ISSUED_DAILY_MMS,MASTERPRODUCT_SUBCHANNEL
VW_FACT_APE_SYSTEM_DAILY_WD,MASTERPRODUCT_PRODUCT_GROUP,FACT_DMTM_AMFS_APE_ISSUED_DAILY_MMS,MASTERPRODUCT_PRODUCT_GROUP
VW_FACT_APE_SYSTEM_DAILY_WD,MASTERPRODUCT_PRODUCT_CATEGORY,FACT_DMTM_AMFS_APE_ISSUED_DAILY_MMS,MASTERPRODUCT_PRODUCT_CATEGORY
VW_FACT_APE_SYSTEM_DAILY_WD,MASTERPRODUCT_PRODUCT_SUB_CATEGORY,FACT_DMTM_AMFS_APE_ISSUED_DAILY_MMS,MASTERPRODUCT_PRODUCT_SUB_CATEGORY
VW_FACT_APE_SYSTEM_DAILY_WD,MASTERPRODUCT_GMD_CATEGORY,FACT_DMTM_AMFS_APE_ISSUED_DAILY_MMS,MASTERPRODUCT_GMD_CATEGORY
VW_FACT_APE_SYSTEM_DAILY_WD,MASTERPRODUCT_RIDER_CATEGORY,FACT_DMTM_AMFS_APE_ISSUED_DAILY_MMS,MASTERPRODUCT_RIDER_CATEGORY
VW_FACT_APE_SYSTEM_DAILY_WD,MASTERPRODUCT_SYARIAH,FACT_DMTM_AMFS_APE_ISSUED_DAILY_MMS,MASTERPRODUCT_SYARIAH
VW_FACT_APE_SYSTEM_DAILY_WD,MASTERPRODUCT_PRODUCT_NAME_ACTUARY,FACT_DMTM_AMFS_APE_ISSUED_DAILY_MMS,MASTERPRODUCT_PRODUCT_NAME_ACTUARY
VW_FACT_APE_SYSTEM_DAILY_WD,MASTERPRODUCT_PRODUCT_NAME_MARKETING,FACT_DMTM_AMFS_APE_ISSUED_DAILY_MMS,MASTERPRODUCT_PRODUCT_NAME_MARKETING
VW_FACT_APE_SYSTEM_DAILY_WD,MASTERPRODUCT_PRODUCT_NAME_FINANCE,FACT_DMTM_AMFS_APE_ISSUED_DAILY_MMS,MASTERPRODUCT_PRODUCT_NAME_FINANCE
VW_FACT_APE_SYSTEM_DAILY_WD,MASTERPRODUCT_PRODUCT_NAME_PEOPLESOFT,FACT_DMTM_AMFS_APE_ISSUED_DAILY_MMS,MASTERPRODUCT_PRODUCT_NAME_PEOPLESOFT
VW_FACT_APE_SYSTEM_DAILY_WD,MASTERPRODUCT_PRODUCT_SUMM_NAME,FACT_DMTM_AMFS_APE_ISSUED_DAILY_MMS,MASTERPRODUCT_PRODUCT_SUMM_NAME
VW_FACT_APE_SYSTEM_DAILY_WD,MASTERPRODUCT_PROD_DASHBOARD_CATEGORY,FACT_DMTM_AMFS_APE_ISSUED_DAILY_MMS,MASTERPRODUCT_PROD_DASHBOARD_CATEGORY
VW_FACT_APE_SYSTEM_DAILY_WD,PERIODKEY_ORIG,FACT_DMTM_AMFS_APE_ISSUED_DAILY_MMS,PERIODKEY_AS_OF
VW_FACT_APE_SYSTEM_DAILY_WD,APE_GROSS,FACT_DMTM_AMFS_APE_ISSUED_DAILY_MMS,APE_GROSS
VW_FACT_APE_SYSTEM_DAILY_WD,CASECOUNT_GROSS,FACT_DMTM_AMFS_APE_ISSUED_DAILY_MMS,CASECOUNT_GROSS
VW_FACT_APE_SYSTEM_DAILY_WD,PERIODKEY,IDAS_OPS_NBUW_IBC_SNAP_MONTHLY,FACTPERIOD
VW_FACT_APE_SYSTEM_DAILY_WD,FACTPERIOD,IDAS_OPS_NBUW_IBC_SNAP_MONTHLY,FACTPERIOD
VW_FACT_APE_SYSTEM_DAILY_WD,APE_SOURCE,,
VW_FACT_APE_SYSTEM_DAILY_WD,APE_MIX,,
VW_FACT_APE_SYSTEM_DAILY_WD,PROCESS_TYPE,,
VW_FACT_APE_SYSTEM_DAILY_WD,APE,IDAS_OPS_NBUW_IBC_SNAP_MONTHLY,APE
VW_FACT_APE_SYSTEM_DAILY_WD,CASECOUNT,,
VW_FACT_APE_SYSTEM_DAILY_WD,MASTERPRODUCT_ENTITY,,
VW_FACT_APE_SYSTEM_DAILY_WD,MASTERPRODUCT_SYSTEM,,
VW_FACT_APE_SYSTEM_DAILY_WD,MASTERPRODUCT_SYSTEM_CODE_ACTUARY,IDAS_MASTERPRODUCT ,[System Code (actuary)]
VW_FACT_APE_SYSTEM_DAILY_WD,MASTERPRODUCT_PRODUCT_ID_PEOPLESOFT,IDAS_MASTERPRODUCT ,[PRODUCT ID PEOPLESOFT]
VW_FACT_APE_SYSTEM_DAILY_WD,MASTERPRODUCT_SP_RP,IDAS_MASTERPRODUCT ,[SP/RP]
VW_FACT_APE_SYSTEM_DAILY_WD,MASTERPRODUCT_AMBITION_ID,IDAS_MASTERPRODUCT ,[AMBITION ID]
VW_FACT_APE_SYSTEM_DAILY_WD,MASTERPRODUCT_GMD_ID,IDAS_MASTERPRODUCT ,[GMD ID]
VW_FACT_APE_SYSTEM_DAILY_WD,MASTERPRODUCT_CHANNEL,,
VW_FACT_APE_SYSTEM_DAILY_WD,MASTERPRODUCT_SUBCHANNEL,,
VW_FACT_APE_SYSTEM_DAILY_WD,MASTERPRODUCT_PRODUCT_GROUP,,
VW_FACT_APE_SYSTEM_DAILY_WD,MASTERPRODUCT_PRODUCT_CATEGORY,IDAS_MASTERPRODUCT ,[PRODUCT CATEGORY]
VW_FACT_APE_SYSTEM_DAILY_WD,MASTERPRODUCT_PRODUCT_SUB_CATEGORY,IDAS_MASTERPRODUCT ,[PRODUCT SUB CATEGORY]
VW_FACT_APE_SYSTEM_DAILY_WD,MASTERPRODUCT_GMD_CATEGORY,IDAS_MASTERPRODUCT ,[GMD CATEGORY]
VW_FACT_APE_SYSTEM_DAILY_WD,MASTERPRODUCT_RIDER_CATEGORY,IDAS_MASTERPRODUCT ,[RIDER CATEGORY]
VW_FACT_APE_SYSTEM_DAILY_WD,MASTERPRODUCT_SYARIAH,IDAS_MASTERPRODUCT ,SYARIAH
VW_FACT_APE_SYSTEM_DAILY_WD,MASTERPRODUCT_PRODUCT_NAME_ACTUARY,IDAS_MASTERPRODUCT ,[Product Name (Actuary)]
VW_FACT_APE_SYSTEM_DAILY_WD,MASTERPRODUCT_PRODUCT_NAME_MARKETING,IDAS_MASTERPRODUCT ,[PRODUCT NAME MARKETING]
VW_FACT_APE_SYSTEM_DAILY_WD,MASTERPRODUCT_PRODUCT_NAME_FINANCE,IDAS_MASTERPRODUCT ,[PRODUCT NAME FINANCE]
VW_FACT_APE_SYSTEM_DAILY_WD,MASTERPRODUCT_PRODUCT_NAME_PEOPLESOFT,IDAS_MASTERPRODUCT ,[PRODUCT NAME PEOPLESOFT]
VW_FACT_APE_SYSTEM_DAILY_WD,MASTERPRODUCT_PRODUCT_SUMM_NAME,IDAS_MASTERPRODUCT ,[PRODUCT NAME SUMMARY]
VW_FACT_APE_SYSTEM_DAILY_WD,MASTERPRODUCT_PROD_DASHBOARD_CATEGORY,IDAS_MASTERPRODUCT ,PROD_DASHBOARD_CATEGORY
VW_FACT_APE_SYSTEM_DAILY_WD,PERIODKEY_ORIG,IDAS_OPS_NBUW_IBC_SNAP_MONTHLY,FACTPERIOD
VW_FACT_APE_SYSTEM_DAILY_WD,APE_GROSS,IDAS_OPS_NBUW_IBC_SNAP_MONTHLY,APE
VW_FACT_APE_SYSTEM_DAILY_WD,CASECOUNT_GROSS,,
VW_FACT_APE_SYSTEM_DAILY_WD,PERIODKEY,FACT_DMTM_AMFS_APE_ISSUED_DAILY_AMMS30,PERIODKEY
VW_FACT_APE_SYSTEM_DAILY_WD,FACTPERIOD,FACT_DMTM_AMFS_APE_ISSUED_DAILY_AMMS30,FACTPERIOD
VW_FACT_APE_SYSTEM_DAILY_WD,APE_SOURCE,FACT_DMTM_AMFS_APE_ISSUED_DAILY_AMMS30,APE_SOURCE
VW_FACT_APE_SYSTEM_DAILY_WD,APE_MIX,FACT_DMTM_AMFS_APE_ISSUED_DAILY_AMMS30,APE_MIX
VW_FACT_APE_SYSTEM_DAILY_WD,PROCESS_TYPE,FACT_DMTM_AMFS_APE_ISSUED_DAILY_AMMS30,PROCESS_TYPE
VW_FACT_APE_SYSTEM_DAILY_WD,APE,FACT_DMTM_AMFS_APE_ISSUED_DAILY_AMMS30,APE
VW_FACT_APE_SYSTEM_DAILY_WD,CASECOUNT,FACT_DMTM_AMFS_APE_ISSUED_DAILY_AMMS30,CASECOUNT
VW_FACT_APE_SYSTEM_DAILY_WD,MASTERPRODUCT_ENTITY,FACT_DMTM_AMFS_APE_ISSUED_DAILY_AMMS30,MASTERPRODUCT_ENTITY
VW_FACT_APE_SYSTEM_DAILY_WD,MASTERPRODUCT_SYSTEM,FACT_DMTM_AMFS_APE_ISSUED_DAILY_AMMS30,MASTERPRODUCT_SYSTEM
VW_FACT_APE_SYSTEM_DAILY_WD,MASTERPRODUCT_SYSTEM_CODE_ACTUARY,FACT_DMTM_AMFS_APE_ISSUED_DAILY_AMMS30,MASTERPRODUCT_SYSTEM_CODE_ACTUARY
VW_FACT_APE_SYSTEM_DAILY_WD,MASTERPRODUCT_PRODUCT_ID_PEOPLESOFT,FACT_DMTM_AMFS_APE_ISSUED_DAILY_AMMS30,MASTERPRODUCT_PRODUCT_ID_PEOPLESOFT
VW_FACT_APE_SYSTEM_DAILY_WD,MASTERPRODUCT_SP_RP,FACT_DMTM_AMFS_APE_ISSUED_DAILY_AMMS30,MASTERPRODUCT_SP_RP
VW_FACT_APE_SYSTEM_DAILY_WD,MASTERPRODUCT_AMBITION_ID,FACT_DMTM_AMFS_APE_ISSUED_DAILY_AMMS30,MASTERPRODUCT_AMBITION_ID
VW_FACT_APE_SYSTEM_DAILY_WD,MASTERPRODUCT_GMD_ID,FACT_DMTM_AMFS_APE_ISSUED_DAILY_AMMS30,MASTERPRODUCT_GMD_ID
VW_FACT_APE_SYSTEM_DAILY_WD,MASTERPRODUCT_CHANNEL,FACT_DMTM_AMFS_APE_ISSUED_DAILY_AMMS30,MASTERPRODUCT_CHANNEL
VW_FACT_APE_SYSTEM_DAILY_WD,MASTERPRODUCT_SUBCHANNEL,FACT_DMTM_AMFS_APE_ISSUED_DAILY_AMMS30,MASTERPRODUCT_SUBCHANNEL
VW_FACT_APE_SYSTEM_DAILY_WD,MASTERPRODUCT_PRODUCT_GROUP,FACT_DMTM_AMFS_APE_ISSUED_DAILY_AMMS30,MASTERPRODUCT_PRODUCT_GROUP
VW_FACT_APE_SYSTEM_DAILY_WD,MASTERPRODUCT_PRODUCT_CATEGORY,FACT_DMTM_AMFS_APE_ISSUED_DAILY_AMMS30,MASTERPRODUCT_PRODUCT_CATEGORY
VW_FACT_APE_SYSTEM_DAILY_WD,MASTERPRODUCT_PRODUCT_SUB_CATEGORY,FACT_DMTM_AMFS_APE_ISSUED_DAILY_AMMS30,MASTERPRODUCT_PRODUCT_SUB_CATEGORY
VW_FACT_APE_SYSTEM_DAILY_WD,MASTERPRODUCT_GMD_CATEGORY,FACT_DMTM_AMFS_APE_ISSUED_DAILY_AMMS30,MASTERPRODUCT_GMD_CATEGORY
VW_FACT_APE_SYSTEM_DAILY_WD,MASTERPRODUCT_RIDER_CATEGORY,FACT_DMTM_AMFS_APE_ISSUED_DAILY_AMMS30,MASTERPRODUCT_RIDER_CATEGORY
VW_FACT_APE_SYSTEM_DAILY_WD,MASTERPRODUCT_SYARIAH,FACT_DMTM_AMFS_APE_ISSUED_DAILY_AMMS30,MASTERPRODUCT_SYARIAH
VW_FACT_APE_SYSTEM_DAILY_WD,MASTERPRODUCT_PRODUCT_NAME_ACTUARY,FACT_DMTM_AMFS_APE_ISSUED_DAILY_AMMS30,MASTERPRODUCT_PRODUCT_NAME_ACTUARY
VW_FACT_APE_SYSTEM_DAILY_WD,MASTERPRODUCT_PRODUCT_NAME_MARKETING,FACT_DMTM_AMFS_APE_ISSUED_DAILY_AMMS30,MASTERPRODUCT_PRODUCT_NAME_MARKETING
VW_FACT_APE_SYSTEM_DAILY_WD,MASTERPRODUCT_PRODUCT_NAME_FINANCE,FACT_DMTM_AMFS_APE_ISSUED_DAILY_AMMS30,MASTERPRODUCT_PRODUCT_NAME_FINANCE
VW_FACT_APE_SYSTEM_DAILY_WD,MASTERPRODUCT_PRODUCT_NAME_PEOPLESOFT,FACT_DMTM_AMFS_APE_ISSUED_DAILY_AMMS30,MASTERPRODUCT_PRODUCT_NAME_PEOPLESOFT
VW_FACT_APE_SYSTEM_DAILY_WD,MASTERPRODUCT_PRODUCT_SUMM_NAME,FACT_DMTM_AMFS_APE_ISSUED_DAILY_AMMS30,MASTERPRODUCT_PRODUCT_SUMM_NAME
VW_FACT_APE_SYSTEM_DAILY_WD,MASTERPRODUCT_PROD_DASHBOARD_CATEGORY,FACT_DMTM_AMFS_APE_ISSUED_DAILY_AMMS30,MASTERPRODUCT_PROD_DASHBOARD_CATEGORY
VW_FACT_APE_SYSTEM_DAILY_WD,PERIODKEY_ORIG,FACT_DMTM_AMFS_APE_ISSUED_DAILY_AMMS30,PERIODKEY_AS_OF
VW_FACT_APE_SYSTEM_DAILY_WD,APE_GROSS,FACT_DMTM_AMFS_APE_ISSUED_DAILY_AMMS30,
VW_FACT_APE_SYSTEM_DAILY_WD,CASECOUNT_GROSS,FACT_DMTM_AMFS_APE_ISSUED_DAILY_AMMS30,
VW_FACT_APE_SYSTEM_DAILY_WD,PERIODKEY,FACT_DMTM_AMFS_APE_ISSUED_DAILY_CLP,PERIODKEY
VW_FACT_APE_SYSTEM_DAILY_WD,FACTPERIOD,FACT_DMTM_AMFS_APE_ISSUED_DAILY_CLP,FACTPERIOD
VW_FACT_APE_SYSTEM_DAILY_WD,APE_SOURCE,FACT_DMTM_AMFS_APE_ISSUED_DAILY_CLP,APE_SOURCE
VW_FACT_APE_SYSTEM_DAILY_WD,APE_MIX,FACT_DMTM_AMFS_APE_ISSUED_DAILY_CLP,APE_MIX
VW_FACT_APE_SYSTEM_DAILY_WD,PROCESS_TYPE,FACT_DMTM_AMFS_APE_ISSUED_DAILY_CLP,PROCESS_TYPE
VW_FACT_APE_SYSTEM_DAILY_WD,APE,FACT_DMTM_AMFS_APE_ISSUED_DAILY_CLP,APE_CLP
VW_FACT_APE_SYSTEM_DAILY_WD,CASECOUNT,FACT_DMTM_AMFS_APE_ISSUED_DAILY_CLP,CASECOUNT_CLP
VW_FACT_APE_SYSTEM_DAILY_WD,MASTERPRODUCT_ENTITY,FACT_DMTM_AMFS_APE_ISSUED_DAILY_CLP,MASTERPRODUCT_ENTITY
VW_FACT_APE_SYSTEM_DAILY_WD,MASTERPRODUCT_SYSTEM,FACT_DMTM_AMFS_APE_ISSUED_DAILY_CLP,MASTERPRODUCT_SYSTEM
VW_FACT_APE_SYSTEM_DAILY_WD,MASTERPRODUCT_SYSTEM_CODE_ACTUARY,FACT_DMTM_AMFS_APE_ISSUED_DAILY_CLP,MASTERPRODUCT_SYSTEM_CODE_ACTUARY
VW_FACT_APE_SYSTEM_DAILY_WD,MASTERPRODUCT_PRODUCT_ID_PEOPLESOFT,FACT_DMTM_AMFS_APE_ISSUED_DAILY_CLP,MASTERPRODUCT_PRODUCT_ID_PEOPLESOFT
VW_FACT_APE_SYSTEM_DAILY_WD,MASTERPRODUCT_SP_RP,FACT_DMTM_AMFS_APE_ISSUED_DAILY_CLP,MASTERPRODUCT_SP_RP
VW_FACT_APE_SYSTEM_DAILY_WD,MASTERPRODUCT_AMBITION_ID,FACT_DMTM_AMFS_APE_ISSUED_DAILY_CLP,MASTERPRODUCT_AMBITION_ID
VW_FACT_APE_SYSTEM_DAILY_WD,MASTERPRODUCT_GMD_ID,FACT_DMTM_AMFS_APE_ISSUED_DAILY_CLP,MASTERPRODUCT_GMD_ID
VW_FACT_APE_SYSTEM_DAILY_WD,MASTERPRODUCT_CHANNEL,FACT_DMTM_AMFS_APE_ISSUED_DAILY_CLP,MASTERPRODUCT_CHANNEL
VW_FACT_APE_SYSTEM_DAILY_WD,MASTERPRODUCT_SUBCHANNEL,FACT_DMTM_AMFS_APE_ISSUED_DAILY_CLP,MASTERPRODUCT_SUBCHANNEL
VW_FACT_APE_SYSTEM_DAILY_WD,MASTERPRODUCT_PRODUCT_GROUP,FACT_DMTM_AMFS_APE_ISSUED_DAILY_CLP,MASTERPRODUCT_PRODUCT_GROUP
VW_FACT_APE_SYSTEM_DAILY_WD,MASTERPRODUCT_PRODUCT_CATEGORY,FACT_DMTM_AMFS_APE_ISSUED_DAILY_CLP,MASTERPRODUCT_PRODUCT_CATEGORY
VW_FACT_APE_SYSTEM_DAILY_WD,MASTERPRODUCT_PRODUCT_SUB_CATEGORY,FACT_DMTM_AMFS_APE_ISSUED_DAILY_CLP,MASTERPRODUCT_PRODUCT_SUB_CATEGORY
VW_FACT_APE_SYSTEM_DAILY_WD,MASTERPRODUCT_GMD_CATEGORY,FACT_DMTM_AMFS_APE_ISSUED_DAILY_CLP,MASTERPRODUCT_GMD_CATEGORY
VW_FACT_APE_SYSTEM_DAILY_WD,MASTERPRODUCT_RIDER_CATEGORY,FACT_DMTM_AMFS_APE_ISSUED_DAILY_CLP,MASTERPRODUCT_RIDER_CATEGORY
VW_FACT_APE_SYSTEM_DAILY_WD,MASTERPRODUCT_SYARIAH,FACT_DMTM_AMFS_APE_ISSUED_DAILY_CLP,MASTERPRODUCT_SYARIAH
VW_FACT_APE_SYSTEM_DAILY_WD,MASTERPRODUCT_PRODUCT_NAME_ACTUARY,FACT_DMTM_AMFS_APE_ISSUED_DAILY_CLP,MASTERPRODUCT_PRODUCT_NAME_ACTUARY
VW_FACT_APE_SYSTEM_DAILY_WD,MASTERPRODUCT_PRODUCT_NAME_MARKETING,FACT_DMTM_AMFS_APE_ISSUED_DAILY_CLP,MASTERPRODUCT_PRODUCT_NAME_MARKETING
VW_FACT_APE_SYSTEM_DAILY_WD,MASTERPRODUCT_PRODUCT_NAME_FINANCE,FACT_DMTM_AMFS_APE_ISSUED_DAILY_CLP,MASTERPRODUCT_PRODUCT_NAME_FINANCE
VW_FACT_APE_SYSTEM_DAILY_WD,MASTERPRODUCT_PRODUCT_NAME_PEOPLESOFT,FACT_DMTM_AMFS_APE_ISSUED_DAILY_CLP,MASTERPRODUCT_PRODUCT_NAME_PEOPLESOFT
VW_FACT_APE_SYSTEM_DAILY_WD,MASTERPRODUCT_PRODUCT_SUMM_NAME,FACT_DMTM_AMFS_APE_ISSUED_DAILY_CLP,MASTERPRODUCT_PRODUCT_SUMM_NAME
VW_FACT_APE_SYSTEM_DAILY_WD,MASTERPRODUCT_PROD_DASHBOARD_CATEGORY,FACT_DMTM_AMFS_APE_ISSUED_DAILY_CLP,MASTERPRODUCT_PROD_DASHBOARD_CATEGORY
VW_FACT_APE_SYSTEM_DAILY_WD,PERIODKEY_ORIG,FACT_DMTM_AMFS_APE_ISSUED_DAILY_CLP,PERIODKEY_AS_OF
VW_FACT_APE_SYSTEM_DAILY_WD,APE_GROSS,FACT_DMTM_AMFS_APE_ISSUED_DAILY_CLP,
VW_FACT_APE_SYSTEM_DAILY_WD,CASECOUNT_GROSS,FACT_DMTM_AMFS_APE_ISSUED_DAILY_CLP,
VW_FACT_APE_SYSTEM_DAILY_WD,PERIODKEY,FACT_RLS_AMFS_APE_ADD_LSTU_DAILY_LP,PERIODKEY
VW_FACT_APE_SYSTEM_DAILY_WD,FACTPERIOD,FACT_RLS_AMFS_APE_ADD_LSTU_DAILY_LP,FACTPERIOD
VW_FACT_APE_SYSTEM_DAILY_WD,APE_SOURCE,FACT_RLS_AMFS_APE_ADD_LSTU_DAILY_LP,APE_SOURCE
VW_FACT_APE_SYSTEM_DAILY_WD,APE_MIX,FACT_RLS_AMFS_APE_ADD_LSTU_DAILY_LP,APE_MIX
VW_FACT_APE_SYSTEM_DAILY_WD,PROCESS_TYPE,FACT_RLS_AMFS_APE_ADD_LSTU_DAILY_LP,PROCESS_TYPE
VW_FACT_APE_SYSTEM_DAILY_WD,APE,FACT_RLS_AMFS_APE_ADD_LSTU_DAILY_LP,APE
VW_FACT_APE_SYSTEM_DAILY_WD,CASECOUNT,FACT_RLS_AMFS_APE_ADD_LSTU_DAILY_LP,CASECOUNT
VW_FACT_APE_SYSTEM_DAILY_WD,MASTERPRODUCT_ENTITY,FACT_RLS_AMFS_APE_ADD_LSTU_DAILY_LP,MASTERPRODUCT_ENTITY
VW_FACT_APE_SYSTEM_DAILY_WD,MASTERPRODUCT_SYSTEM,FACT_RLS_AMFS_APE_ADD_LSTU_DAILY_LP,MASTERPRODUCT_SYSTEM
VW_FACT_APE_SYSTEM_DAILY_WD,MASTERPRODUCT_SYSTEM_CODE_ACTUARY,FACT_RLS_AMFS_APE_ADD_LSTU_DAILY_LP,MASTERPRODUCT_SYSTEM_CODE_ACTUARY
VW_FACT_APE_SYSTEM_DAILY_WD,MASTERPRODUCT_PRODUCT_ID_PEOPLESOFT,FACT_RLS_AMFS_APE_ADD_LSTU_DAILY_LP,MASTERPRODUCT_PRODUCT_ID_PEOPLESOFT
VW_FACT_APE_SYSTEM_DAILY_WD,MASTERPRODUCT_SP_RP,FACT_RLS_AMFS_APE_ADD_LSTU_DAILY_LP,MASTERPRODUCT_SP_RP
VW_FACT_APE_SYSTEM_DAILY_WD,MASTERPRODUCT_AMBITION_ID,FACT_RLS_AMFS_APE_ADD_LSTU_DAILY_LP,MASTERPRODUCT_AMBITION_ID
VW_FACT_APE_SYSTEM_DAILY_WD,MASTERPRODUCT_GMD_ID,FACT_RLS_AMFS_APE_ADD_LSTU_DAILY_LP,MASTERPRODUCT_GMD_ID
VW_FACT_APE_SYSTEM_DAILY_WD,MASTERPRODUCT_CHANNEL,FACT_RLS_AMFS_APE_ADD_LSTU_DAILY_LP,MASTERPRODUCT_CHANNEL
VW_FACT_APE_SYSTEM_DAILY_WD,MASTERPRODUCT_SUBCHANNEL,FACT_RLS_AMFS_APE_ADD_LSTU_DAILY_LP,MASTERPRODUCT_SUBCHANNEL
VW_FACT_APE_SYSTEM_DAILY_WD,MASTERPRODUCT_PRODUCT_GROUP,FACT_RLS_AMFS_APE_ADD_LSTU_DAILY_LP,MASTERPRODUCT_PRODUCT_GROUP
VW_FACT_APE_SYSTEM_DAILY_WD,MASTERPRODUCT_PRODUCT_CATEGORY,FACT_RLS_AMFS_APE_ADD_LSTU_DAILY_LP,MASTERPRODUCT_PRODUCT_CATEGORY
VW_FACT_APE_SYSTEM_DAILY_WD,MASTERPRODUCT_PRODUCT_SUB_CATEGORY,FACT_RLS_AMFS_APE_ADD_LSTU_DAILY_LP,MASTERPRODUCT_PRODUCT_SUB_CATEGORY
VW_FACT_APE_SYSTEM_DAILY_WD,MASTERPRODUCT_GMD_CATEGORY,FACT_RLS_AMFS_APE_ADD_LSTU_DAILY_LP,MASTERPRODUCT_GMD_CATEGORY
VW_FACT_APE_SYSTEM_DAILY_WD,MASTERPRODUCT_RIDER_CATEGORY,FACT_RLS_AMFS_APE_ADD_LSTU_DAILY_LP,MASTERPRODUCT_RIDER_CATEGORY
VW_FACT_APE_SYSTEM_DAILY_WD,MASTERPRODUCT_SYARIAH,FACT_RLS_AMFS_APE_ADD_LSTU_DAILY_LP,MASTERPRODUCT_SYARIAH
VW_FACT_APE_SYSTEM_DAILY_WD,MASTERPRODUCT_PRODUCT_NAME_ACTUARY,FACT_RLS_AMFS_APE_ADD_LSTU_DAILY_LP,MASTERPRODUCT_PRODUCT_NAME_ACTUARY
VW_FACT_APE_SYSTEM_DAILY_WD,MASTERPRODUCT_PRODUCT_NAME_MARKETING,FACT_RLS_AMFS_APE_ADD_LSTU_DAILY_LP,MASTERPRODUCT_PRODUCT_NAME_MARKETING
VW_FACT_APE_SYSTEM_DAILY_WD,MASTERPRODUCT_PRODUCT_NAME_FINANCE,FACT_RLS_AMFS_APE_ADD_LSTU_DAILY_LP,MASTERPRODUCT_PRODUCT_NAME_FINANCE
VW_FACT_APE_SYSTEM_DAILY_WD,MASTERPRODUCT_PRODUCT_NAME_PEOPLESOFT,FACT_RLS_AMFS_APE_ADD_LSTU_DAILY_LP,MASTERPRODUCT_PRODUCT_NAME_PEOPLESOFT
VW_FACT_APE_SYSTEM_DAILY_WD,MASTERPRODUCT_PRODUCT_SUMM_NAME,FACT_RLS_AMFS_APE_ADD_LSTU_DAILY_LP,MASTERPRODUCT_PRODUCT_SUMM_NAME
VW_FACT_APE_SYSTEM_DAILY_WD,MASTERPRODUCT_PROD_DASHBOARD_CATEGORY,FACT_RLS_AMFS_APE_ADD_LSTU_DAILY_LP,MASTERPRODUCT_PROD_DASHBOARD_CATEGORY
VW_FACT_APE_SYSTEM_DAILY_WD,PERIODKEY_ORIG,FACT_RLS_AMFS_APE_ADD_LSTU_DAILY_LP,PERIODKEY_AS_OF
VW_FACT_APE_SYSTEM_DAILY_WD,APE_GROSS,FACT_RLS_AMFS_APE_ADD_LSTU_DAILY_LP,
VW_FACT_APE_SYSTEM_DAILY_WD,CASECOUNT_GROSS,FACT_RLS_AMFS_APE_ADD_LSTU_DAILY_LP,
VW_FACT_APE_SYSTEM_DAILY_WD,PERIODKEY,FACT_RLS_AMFS_APE_ADD_RTU_DAILY_LP,PERIODKEY
VW_FACT_APE_SYSTEM_DAILY_WD,FACTPERIOD,FACT_RLS_AMFS_APE_ADD_RTU_DAILY_LP,FACTPERIOD
VW_FACT_APE_SYSTEM_DAILY_WD,APE_SOURCE,FACT_RLS_AMFS_APE_ADD_RTU_DAILY_LP,APE_SOURCE
VW_FACT_APE_SYSTEM_DAILY_WD,APE_MIX,FACT_RLS_AMFS_APE_ADD_RTU_DAILY_LP,APE_MIX
VW_FACT_APE_SYSTEM_DAILY_WD,PROCESS_TYPE,FACT_RLS_AMFS_APE_ADD_RTU_DAILY_LP,PROCESS_TYPE
VW_FACT_APE_SYSTEM_DAILY_WD,APE,FACT_RLS_AMFS_APE_ADD_RTU_DAILY_LP,APE
VW_FACT_APE_SYSTEM_DAILY_WD,CASECOUNT,FACT_RLS_AMFS_APE_ADD_RTU_DAILY_LP,CASECOUNT
VW_FACT_APE_SYSTEM_DAILY_WD,MASTERPRODUCT_ENTITY,FACT_RLS_AMFS_APE_ADD_RTU_DAILY_LP,MASTERPRODUCT_ENTITY
VW_FACT_APE_SYSTEM_DAILY_WD,MASTERPRODUCT_SYSTEM,FACT_RLS_AMFS_APE_ADD_RTU_DAILY_LP,MASTERPRODUCT_SYSTEM
VW_FACT_APE_SYSTEM_DAILY_WD,MASTERPRODUCT_SYSTEM_CODE_ACTUARY,FACT_RLS_AMFS_APE_ADD_RTU_DAILY_LP,MASTERPRODUCT_SYSTEM_CODE_ACTUARY
VW_FACT_APE_SYSTEM_DAILY_WD,MASTERPRODUCT_PRODUCT_ID_PEOPLESOFT,FACT_RLS_AMFS_APE_ADD_RTU_DAILY_LP,MASTERPRODUCT_PRODUCT_ID_PEOPLESOFT
VW_FACT_APE_SYSTEM_DAILY_WD,MASTERPRODUCT_SP_RP,FACT_RLS_AMFS_APE_ADD_RTU_DAILY_LP,MASTERPRODUCT_SP_RP
VW_FACT_APE_SYSTEM_DAILY_WD,MASTERPRODUCT_AMBITION_ID,FACT_RLS_AMFS_APE_ADD_RTU_DAILY_LP,MASTERPRODUCT_AMBITION_ID
VW_FACT_APE_SYSTEM_DAILY_WD,MASTERPRODUCT_GMD_ID,FACT_RLS_AMFS_APE_ADD_RTU_DAILY_LP,MASTERPRODUCT_GMD_ID
VW_FACT_APE_SYSTEM_DAILY_WD,MASTERPRODUCT_CHANNEL,FACT_RLS_AMFS_APE_ADD_RTU_DAILY_LP,MASTERPRODUCT_CHANNEL
VW_FACT_APE_SYSTEM_DAILY_WD,MASTERPRODUCT_SUBCHANNEL,FACT_RLS_AMFS_APE_ADD_RTU_DAILY_LP,MASTERPRODUCT_SUBCHANNEL
VW_FACT_APE_SYSTEM_DAILY_WD,MASTERPRODUCT_PRODUCT_GROUP,FACT_RLS_AMFS_APE_ADD_RTU_DAILY_LP,MASTERPRODUCT_PRODUCT_GROUP
VW_FACT_APE_SYSTEM_DAILY_WD,MASTERPRODUCT_PRODUCT_CATEGORY,FACT_RLS_AMFS_APE_ADD_RTU_DAILY_LP,MASTERPRODUCT_PRODUCT_CATEGORY
VW_FACT_APE_SYSTEM_DAILY_WD,MASTERPRODUCT_PRODUCT_SUB_CATEGORY,FACT_RLS_AMFS_APE_ADD_RTU_DAILY_LP,MASTERPRODUCT_PRODUCT_SUB_CATEGORY
VW_FACT_APE_SYSTEM_DAILY_WD,MASTERPRODUCT_GMD_CATEGORY,FACT_RLS_AMFS_APE_ADD_RTU_DAILY_LP,MASTERPRODUCT_GMD_CATEGORY
VW_FACT_APE_SYSTEM_DAILY_WD,MASTERPRODUCT_RIDER_CATEGORY,FACT_RLS_AMFS_APE_ADD_RTU_DAILY_LP,MASTERPRODUCT_RIDER_CATEGORY
VW_FACT_APE_SYSTEM_DAILY_WD,MASTERPRODUCT_SYARIAH,FACT_RLS_AMFS_APE_ADD_RTU_DAILY_LP,MASTERPRODUCT_SYARIAH
VW_FACT_APE_SYSTEM_DAILY_WD,MASTERPRODUCT_PRODUCT_NAME_ACTUARY,FACT_RLS_AMFS_APE_ADD_RTU_DAILY_LP,MASTERPRODUCT_PRODUCT_NAME_ACTUARY
VW_FACT_APE_SYSTEM_DAILY_WD,MASTERPRODUCT_PRODUCT_NAME_MARKETING,FACT_RLS_AMFS_APE_ADD_RTU_DAILY_LP,MASTERPRODUCT_PRODUCT_NAME_MARKETING
VW_FACT_APE_SYSTEM_DAILY_WD,MASTERPRODUCT_PRODUCT_NAME_FINANCE,FACT_RLS_AMFS_APE_ADD_RTU_DAILY_LP,MASTERPRODUCT_PRODUCT_NAME_FINANCE
VW_FACT_APE_SYSTEM_DAILY_WD,MASTERPRODUCT_PRODUCT_NAME_PEOPLESOFT,FACT_RLS_AMFS_APE_ADD_RTU_DAILY_LP,MASTERPRODUCT_PRODUCT_NAME_PEOPLESOFT
VW_FACT_APE_SYSTEM_DAILY_WD,MASTERPRODUCT_PRODUCT_SUMM_NAME,FACT_RLS_AMFS_APE_ADD_RTU_DAILY_LP,MASTERPRODUCT_PRODUCT_SUMM_NAME
VW_FACT_APE_SYSTEM_DAILY_WD,MASTERPRODUCT_PROD_DASHBOARD_CATEGORY,FACT_RLS_AMFS_APE_ADD_RTU_DAILY_LP,MASTERPRODUCT_PROD_DASHBOARD_CATEGORY
VW_FACT_APE_SYSTEM_DAILY_WD,PERIODKEY_ORIG,FACT_RLS_AMFS_APE_ADD_RTU_DAILY_LP,PERIODKEY_AS_OF
VW_FACT_APE_SYSTEM_DAILY_WD,APE_GROSS,FACT_RLS_AMFS_APE_ADD_RTU_DAILY_LP,
VW_FACT_APE_SYSTEM_DAILY_WD,CASECOUNT_GROSS,FACT_RLS_AMFS_APE_ADD_RTU_DAILY_LP,
VW_FACT_APE_SYSTEM_DAILY_WD,PERIODKEY,FACT_RLS_AMFS_APE_CHANGE_PREM_DAILY_LP,PERIODKEY
VW_FACT_APE_SYSTEM_DAILY_WD,FACTPERIOD,FACT_RLS_AMFS_APE_CHANGE_PREM_DAILY_LP,FACTPERIOD
VW_FACT_APE_SYSTEM_DAILY_WD,APE_SOURCE,FACT_RLS_AMFS_APE_CHANGE_PREM_DAILY_LP,APE_SOURCE
VW_FACT_APE_SYSTEM_DAILY_WD,APE_MIX,FACT_RLS_AMFS_APE_CHANGE_PREM_DAILY_LP,APE_MIX
VW_FACT_APE_SYSTEM_DAILY_WD,PROCESS_TYPE,FACT_RLS_AMFS_APE_CHANGE_PREM_DAILY_LP,PROCESS_TYPE
VW_FACT_APE_SYSTEM_DAILY_WD,APE,FACT_RLS_AMFS_APE_CHANGE_PREM_DAILY_LP,
VW_FACT_APE_SYSTEM_DAILY_WD,CASECOUNT,FACT_RLS_AMFS_APE_CHANGE_PREM_DAILY_LP,CASECOUNT
VW_FACT_APE_SYSTEM_DAILY_WD,MASTERPRODUCT_ENTITY,FACT_RLS_AMFS_APE_CHANGE_PREM_DAILY_LP,MASTERPRODUCT_ENTITY
VW_FACT_APE_SYSTEM_DAILY_WD,MASTERPRODUCT_SYSTEM,FACT_RLS_AMFS_APE_CHANGE_PREM_DAILY_LP,MASTERPRODUCT_SYSTEM
VW_FACT_APE_SYSTEM_DAILY_WD,MASTERPRODUCT_SYSTEM_CODE_ACTUARY,FACT_RLS_AMFS_APE_CHANGE_PREM_DAILY_LP,MASTERPRODUCT_SYSTEM_CODE_ACTUARY
VW_FACT_APE_SYSTEM_DAILY_WD,MASTERPRODUCT_PRODUCT_ID_PEOPLESOFT,FACT_RLS_AMFS_APE_CHANGE_PREM_DAILY_LP,MASTERPRODUCT_PRODUCT_ID_PEOPLESOFT
VW_FACT_APE_SYSTEM_DAILY_WD,MASTERPRODUCT_SP_RP,FACT_RLS_AMFS_APE_CHANGE_PREM_DAILY_LP,MASTERPRODUCT_SP_RP
VW_FACT_APE_SYSTEM_DAILY_WD,MASTERPRODUCT_AMBITION_ID,FACT_RLS_AMFS_APE_CHANGE_PREM_DAILY_LP,MASTERPRODUCT_AMBITION_ID
VW_FACT_APE_SYSTEM_DAILY_WD,MASTERPRODUCT_GMD_ID,FACT_RLS_AMFS_APE_CHANGE_PREM_DAILY_LP,MASTERPRODUCT_GMD_ID
VW_FACT_APE_SYSTEM_DAILY_WD,MASTERPRODUCT_CHANNEL,FACT_RLS_AMFS_APE_CHANGE_PREM_DAILY_LP,MASTERPRODUCT_CHANNEL
VW_FACT_APE_SYSTEM_DAILY_WD,MASTERPRODUCT_SUBCHANNEL,FACT_RLS_AMFS_APE_CHANGE_PREM_DAILY_LP,MASTERPRODUCT_SUBCHANNEL
VW_FACT_APE_SYSTEM_DAILY_WD,MASTERPRODUCT_PRODUCT_GROUP,FACT_RLS_AMFS_APE_CHANGE_PREM_DAILY_LP,MASTERPRODUCT_PRODUCT_GROUP
VW_FACT_APE_SYSTEM_DAILY_WD,MASTERPRODUCT_PRODUCT_CATEGORY,FACT_RLS_AMFS_APE_CHANGE_PREM_DAILY_LP,MASTERPRODUCT_PRODUCT_CATEGORY
VW_FACT_APE_SYSTEM_DAILY_WD,MASTERPRODUCT_PRODUCT_SUB_CATEGORY,FACT_RLS_AMFS_APE_CHANGE_PREM_DAILY_LP,MASTERPRODUCT_PRODUCT_SUB_CATEGORY
VW_FACT_APE_SYSTEM_DAILY_WD,MASTERPRODUCT_GMD_CATEGORY,FACT_RLS_AMFS_APE_CHANGE_PREM_DAILY_LP,MASTERPRODUCT_GMD_CATEGORY
VW_FACT_APE_SYSTEM_DAILY_WD,MASTERPRODUCT_RIDER_CATEGORY,FACT_RLS_AMFS_APE_CHANGE_PREM_DAILY_LP,MASTERPRODUCT_RIDER_CATEGORY
VW_FACT_APE_SYSTEM_DAILY_WD,MASTERPRODUCT_SYARIAH,FACT_RLS_AMFS_APE_CHANGE_PREM_DAILY_LP,MASTERPRODUCT_SYARIAH
VW_FACT_APE_SYSTEM_DAILY_WD,MASTERPRODUCT_PRODUCT_NAME_ACTUARY,FACT_RLS_AMFS_APE_CHANGE_PREM_DAILY_LP,MASTERPRODUCT_PRODUCT_NAME_ACTUARY
VW_FACT_APE_SYSTEM_DAILY_WD,MASTERPRODUCT_PRODUCT_NAME_MARKETING,FACT_RLS_AMFS_APE_CHANGE_PREM_DAILY_LP,MASTERPRODUCT_PRODUCT_NAME_MARKETING
VW_FACT_APE_SYSTEM_DAILY_WD,MASTERPRODUCT_PRODUCT_NAME_FINANCE,FACT_RLS_AMFS_APE_CHANGE_PREM_DAILY_LP,MASTERPRODUCT_PRODUCT_NAME_FINANCE
VW_FACT_APE_SYSTEM_DAILY_WD,MASTERPRODUCT_PRODUCT_NAME_PEOPLESOFT,FACT_RLS_AMFS_APE_CHANGE_PREM_DAILY_LP,MASTERPRODUCT_PRODUCT_NAME_PEOPLESOFT
VW_FACT_APE_SYSTEM_DAILY_WD,MASTERPRODUCT_PRODUCT_SUMM_NAME,FACT_RLS_AMFS_APE_CHANGE_PREM_DAILY_LP,MASTERPRODUCT_PRODUCT_SUMM_NAME
VW_FACT_APE_SYSTEM_DAILY_WD,MASTERPRODUCT_PROD_DASHBOARD_CATEGORY,FACT_RLS_AMFS_APE_CHANGE_PREM_DAILY_LP,MASTERPRODUCT_PROD_DASHBOARD_CATEGORY
VW_FACT_APE_SYSTEM_DAILY_WD,PERIODKEY_ORIG,FACT_RLS_AMFS_APE_CHANGE_PREM_DAILY_LP,PERIODKEY_AS_OF
VW_FACT_APE_SYSTEM_DAILY_WD,APE_GROSS,FACT_RLS_AMFS_APE_CHANGE_PREM_DAILY_LP,
VW_FACT_APE_SYSTEM_DAILY_WD,CASECOUNT_GROSS,FACT_RLS_AMFS_APE_CHANGE_PREM_DAILY_LP,
VW_FACT_APE_SYSTEM_DAILY_WD,PERIODKEY,FACT_RLS_AMFS_APE_ISSUED_DAILY_LP,PERIODKEY
VW_FACT_APE_SYSTEM_DAILY_WD,FACTPERIOD,FACT_RLS_AMFS_APE_ISSUED_DAILY_LP,FACTPERIOD
VW_FACT_APE_SYSTEM_DAILY_WD,APE_SOURCE,FACT_RLS_AMFS_APE_ISSUED_DAILY_LP,APE_SOURCE
VW_FACT_APE_SYSTEM_DAILY_WD,APE_MIX,FACT_RLS_AMFS_APE_ISSUED_DAILY_LP,APE_MIX
VW_FACT_APE_SYSTEM_DAILY_WD,PROCESS_TYPE,FACT_RLS_AMFS_APE_ISSUED_DAILY_LP,PROCESS_TYPE
VW_FACT_APE_SYSTEM_DAILY_WD,APE,IDAS_RLS_AMFS_KPI_ISSUED_DAILY_LP_MASTERPROD_TEMP,APE
VW_FACT_APE_SYSTEM_DAILY_WD,CASECOUNT,FACT_RLS_AMFS_APE_ISSUED_DAILY_LP,CASECOUNT
VW_FACT_APE_SYSTEM_DAILY_WD,MASTERPRODUCT_ENTITY,FACT_RLS_AMFS_APE_ISSUED_DAILY_LP,MASTERPRODUCT_ENTITY
VW_FACT_APE_SYSTEM_DAILY_WD,MASTERPRODUCT_SYSTEM,FACT_RLS_AMFS_APE_ISSUED_DAILY_LP,MASTERPRODUCT_SYSTEM
VW_FACT_APE_SYSTEM_DAILY_WD,MASTERPRODUCT_SYSTEM_CODE_ACTUARY,FACT_RLS_AMFS_APE_ISSUED_DAILY_LP,MASTERPRODUCT_SYSTEM_CODE_ACTUARY
VW_FACT_APE_SYSTEM_DAILY_WD,MASTERPRODUCT_PRODUCT_ID_PEOPLESOFT,FACT_RLS_AMFS_APE_ISSUED_DAILY_LP,MASTERPRODUCT_PRODUCT_ID_PEOPLESOFT
VW_FACT_APE_SYSTEM_DAILY_WD,MASTERPRODUCT_SP_RP,FACT_RLS_AMFS_APE_ISSUED_DAILY_LP,MASTERPRODUCT_SP_RP
VW_FACT_APE_SYSTEM_DAILY_WD,MASTERPRODUCT_AMBITION_ID,FACT_RLS_AMFS_APE_ISSUED_DAILY_LP,MASTERPRODUCT_AMBITION_ID
VW_FACT_APE_SYSTEM_DAILY_WD,MASTERPRODUCT_GMD_ID,FACT_RLS_AMFS_APE_ISSUED_DAILY_LP,MASTERPRODUCT_GMD_ID
VW_FACT_APE_SYSTEM_DAILY_WD,MASTERPRODUCT_CHANNEL,FACT_RLS_AMFS_APE_ISSUED_DAILY_LP,MASTERPRODUCT_CHANNEL
VW_FACT_APE_SYSTEM_DAILY_WD,MASTERPRODUCT_SUBCHANNEL,FACT_RLS_AMFS_APE_ISSUED_DAILY_LP,MASTERPRODUCT_SUBCHANNEL
VW_FACT_APE_SYSTEM_DAILY_WD,MASTERPRODUCT_PRODUCT_GROUP,FACT_RLS_AMFS_APE_ISSUED_DAILY_LP,MASTERPRODUCT_PRODUCT_GROUP
VW_FACT_APE_SYSTEM_DAILY_WD,MASTERPRODUCT_PRODUCT_CATEGORY,FACT_RLS_AMFS_APE_ISSUED_DAILY_LP,MASTERPRODUCT_PRODUCT_CATEGORY
VW_FACT_APE_SYSTEM_DAILY_WD,MASTERPRODUCT_PRODUCT_SUB_CATEGORY,FACT_RLS_AMFS_APE_ISSUED_DAILY_LP,MASTERPRODUCT_PRODUCT_SUB_CATEGORY
VW_FACT_APE_SYSTEM_DAILY_WD,MASTERPRODUCT_GMD_CATEGORY,FACT_RLS_AMFS_APE_ISSUED_DAILY_LP,MASTERPRODUCT_GMD_CATEGORY
VW_FACT_APE_SYSTEM_DAILY_WD,MASTERPRODUCT_RIDER_CATEGORY,FACT_RLS_AMFS_APE_ISSUED_DAILY_LP,MASTERPRODUCT_RIDER_CATEGORY
VW_FACT_APE_SYSTEM_DAILY_WD,MASTERPRODUCT_SYARIAH,FACT_RLS_AMFS_APE_ISSUED_DAILY_LP,MASTERPRODUCT_SYARIAH
VW_FACT_APE_SYSTEM_DAILY_WD,MASTERPRODUCT_PRODUCT_NAME_ACTUARY,FACT_RLS_AMFS_APE_ISSUED_DAILY_LP,MASTERPRODUCT_PRODUCT_NAME_ACTUARY
VW_FACT_APE_SYSTEM_DAILY_WD,MASTERPRODUCT_PRODUCT_NAME_MARKETING,FACT_RLS_AMFS_APE_ISSUED_DAILY_LP,MASTERPRODUCT_PRODUCT_NAME_MARKETING
VW_FACT_APE_SYSTEM_DAILY_WD,MASTERPRODUCT_PRODUCT_NAME_FINANCE,FACT_RLS_AMFS_APE_ISSUED_DAILY_LP,MASTERPRODUCT_PRODUCT_NAME_FINANCE
VW_FACT_APE_SYSTEM_DAILY_WD,MASTERPRODUCT_PRODUCT_NAME_PEOPLESOFT,FACT_RLS_AMFS_APE_ISSUED_DAILY_LP,MASTERPRODUCT_PRODUCT_NAME_PEOPLESOFT
VW_FACT_APE_SYSTEM_DAILY_WD,MASTERPRODUCT_PRODUCT_SUMM_NAME,FACT_RLS_AMFS_APE_ISSUED_DAILY_LP,MASTERPRODUCT_PRODUCT_SUMM_NAME
VW_FACT_APE_SYSTEM_DAILY_WD,MASTERPRODUCT_PROD_DASHBOARD_CATEGORY,FACT_RLS_AMFS_APE_ISSUED_DAILY_LP,MASTERPRODUCT_PROD_DASHBOARD_CATEGORY
VW_FACT_APE_SYSTEM_DAILY_WD,PERIODKEY_ORIG,FACT_RLS_AMFS_APE_ISSUED_DAILY_LP,PERIODKEY_AS_OF
VW_FACT_APE_SYSTEM_DAILY_WD,APE_GROSS,FACT_RLS_AMFS_APE_ISSUED_DAILY_LP,
VW_FACT_APE_SYSTEM_DAILY_WD,CASECOUNT_GROSS,FACT_RLS_AMFS_APE_ISSUED_DAILY_LP,
FACT_DMTM_AMFS_APE_ISSUED_DAILY,APE  ,VW_IDAS_DMTM_AMFS_KPI_ISSUED_DAILY_WD_MASTERPROD,APE  
FACT_DMTM_AMFS_APE_ISSUED_DAILY,CASECOUNT  ,VW_IDAS_DMTM_AMFS_KPI_ISSUED_DAILY_WD_MASTERPROD,CASECOUNT  
FACT_DMTM_AMFS_APE_ISSUED_DAILY,APE_SOURCE  ,VW_IDAS_DMTM_AMFS_KPI_ISSUED_DAILY_WD_MASTERPROD,
FACT_DMTM_AMFS_APE_ISSUED_DAILY,FACTPERIOD  ,VW_IDAS_DMTM_AMFS_KPI_ISSUED_DAILY_WD_MASTERPROD,FACTPERIOD  
FACT_DMTM_AMFS_APE_ISSUED_DAILY,PERIODKEY  ,VW_IDAS_DMTM_AMFS_KPI_ISSUED_DAILY_WD_MASTERPROD,PERIODKEY
FACT_DMTM_AMFS_APE_ISSUED_DAILY,PNO  ,VW_IDAS_DMTM_AMFS_KPI_ISSUED_DAILY_WD_MASTERPROD,POLICYNO
FACT_DMTM_AMFS_APE_ISSUED_DAILY,APE_MIX  ,VW_IDAS_DMTM_AMFS_KPI_ISSUED_DAILY_WD_MASTERPROD,APE_MIX  
FACT_DMTM_AMFS_APE_ISSUED_DAILY,PROCESS_TYPE  ,VW_IDAS_DMTM_AMFS_KPI_ISSUED_DAILY_WD_MASTERPROD,PROCESS_TYPE  
FACT_DMTM_AMFS_APE_ISSUED_DAILY,PRODUCTID  ,VW_IDAS_DMTM_AMFS_KPI_ISSUED_DAILY_WD_MASTERPROD,PRODUCTID  
FACT_DMTM_AMFS_APE_ISSUED_DAILY,PLANID  ,VW_IDAS_DMTM_AMFS_KPI_ISSUED_DAILY_WD_MASTERPROD,PLANID  
FACT_DMTM_AMFS_APE_ISSUED_DAILY,PCCY  ,VW_IDAS_DMTM_AMFS_KPI_ISSUED_DAILY_WD_MASTERPROD,CURRENCYID
FACT_DMTM_AMFS_APE_ISSUED_DAILY,BAND  ,VW_IDAS_DMTM_AMFS_KPI_ISSUED_DAILY_WD_MASTERPROD,BAND  
FACT_DMTM_AMFS_APE_ISSUED_DAILY,UFCOD1  ,VW_IDAS_DMTM_AMFS_KPI_ISSUED_DAILY_WD_MASTERPROD,
FACT_DMTM_AMFS_APE_ISSUED_DAILY,UFCOD2  ,VW_IDAS_DMTM_AMFS_KPI_ISSUED_DAILY_WD_MASTERPROD,
FACT_DMTM_AMFS_APE_ISSUED_DAILY,UFCOD3  ,VW_IDAS_DMTM_AMFS_KPI_ISSUED_DAILY_WD_MASTERPROD,
FACT_DMTM_AMFS_APE_ISSUED_DAILY,UFCOD4  ,VW_IDAS_DMTM_AMFS_KPI_ISSUED_DAILY_WD_MASTERPROD,
FACT_DMTM_AMFS_APE_ISSUED_DAILY,UFCOD5  ,VW_IDAS_DMTM_AMFS_KPI_ISSUED_DAILY_WD_MASTERPROD,
FACT_DMTM_AMFS_APE_ISSUED_DAILY,UFCOD6  ,VW_IDAS_DMTM_AMFS_KPI_ISSUED_DAILY_WD_MASTERPROD,
FACT_DMTM_AMFS_APE_ISSUED_DAILY,FA_CATEGORY  ,VW_IDAS_DMTM_AMFS_KPI_ISSUED_DAILY_WD_MASTERPROD,
FACT_DMTM_AMFS_APE_ISSUED_DAILY,FLAG_UPDATED  ,VW_IDAS_DMTM_AMFS_KPI_ISSUED_DAILY_WD_MASTERPROD,
FACT_DMTM_AMFS_APE_ISSUED_DAILY,STG_LOGDATE  ,VW_IDAS_DMTM_AMFS_KPI_ISSUED_DAILY_WD_MASTERPROD,LOGDATE
FACT_DMTM_AMFS_APE_ISSUED_DAILY,DWH_LOGDATE  ,VW_IDAS_DMTM_AMFS_KPI_ISSUED_DAILY_WD_MASTERPROD,
FACT_DMTM_AMFS_APE_ISSUED_DAILY,ENTITY  ,VW_IDAS_DMTM_AMFS_KPI_ISSUED_DAILY_WD_MASTERPROD,
FACT_DMTM_AMFS_APE_ISSUED_DAILY,SYSTEM  ,VW_IDAS_DMTM_AMFS_KPI_ISSUED_DAILY_WD_MASTERPROD,
FACT_DMTM_AMFS_APE_ISSUED_DAILY,MASTERPRODUCT_SYSTEM_CODE_ACTUARY  ,VW_IDAS_DMTM_AMFS_KPI_ISSUED_DAILY_WD_MASTERPROD,MASTERPRODUCT_SYSTEM_CODE_ACTUARY  
FACT_DMTM_AMFS_APE_ISSUED_DAILY,MASTERPRODUCT_PRODUCT_ID_PEOPLESOFT  ,VW_IDAS_DMTM_AMFS_KPI_ISSUED_DAILY_WD_MASTERPROD,MASTERPRODUCT_PRODUCT_ID_PEOPLESOFT  
FACT_DMTM_AMFS_APE_ISSUED_DAILY,MASTERPRODUCT_SP_RP  ,VW_IDAS_DMTM_AMFS_KPI_ISSUED_DAILY_WD_MASTERPROD,MASTERPRODUCT_SP_RP  
FACT_DMTM_AMFS_APE_ISSUED_DAILY,MASTERPRODUCT_AMBITION_ID  ,VW_IDAS_DMTM_AMFS_KPI_ISSUED_DAILY_WD_MASTERPROD,MASTERPRODUCT_AMBITION_ID  
FACT_DMTM_AMFS_APE_ISSUED_DAILY,MASTERPRODUCT_GMD_ID  ,VW_IDAS_DMTM_AMFS_KPI_ISSUED_DAILY_WD_MASTERPROD,MASTERPRODUCT_GMD_ID  
FACT_DMTM_AMFS_APE_ISSUED_DAILY,MASTERPRODUCT_CHANNEL  ,VW_IDAS_DMTM_AMFS_KPI_ISSUED_DAILY_WD_MASTERPROD,MASTERPRODUCT_CHANNEL  
FACT_DMTM_AMFS_APE_ISSUED_DAILY,MASTERPRODUCT_PRODUCT_GROUP  ,VW_IDAS_DMTM_AMFS_KPI_ISSUED_DAILY_WD_MASTERPROD,MASTERPRODUCT_PRODUCT_GROUP  
FACT_DMTM_AMFS_APE_ISSUED_DAILY,MASTERPRODUCT_PRODUCT_CATEGORY  ,VW_IDAS_DMTM_AMFS_KPI_ISSUED_DAILY_WD_MASTERPROD,MASTERPRODUCT_PRODUCT_CATEGORY  
FACT_DMTM_AMFS_APE_ISSUED_DAILY,MASTERPRODUCT_PRODUCT_SUB_CATEGORY  ,VW_IDAS_DMTM_AMFS_KPI_ISSUED_DAILY_WD_MASTERPROD,MASTERPRODUCT_PRODUCT_SUB_CATEGORY  
FACT_DMTM_AMFS_APE_ISSUED_DAILY,MASTERPRODUCT_GMD_CATEGORY  ,VW_IDAS_DMTM_AMFS_KPI_ISSUED_DAILY_WD_MASTERPROD,MASTERPRODUCT_GMD_CATEGORY  
FACT_DMTM_AMFS_APE_ISSUED_DAILY,MASTERPRODUCT_RIDER_CATEGORY  ,VW_IDAS_DMTM_AMFS_KPI_ISSUED_DAILY_WD_MASTERPROD,MASTERPRODUCT_RIDER_CATEGORY  
FACT_DMTM_AMFS_APE_ISSUED_DAILY,MASTERPRODUCT_SYARIAH  ,VW_IDAS_DMTM_AMFS_KPI_ISSUED_DAILY_WD_MASTERPROD,MASTERPRODUCT_SYARIAH  
FACT_DMTM_AMFS_APE_ISSUED_DAILY,MASTERPRODUCT_PRODUCT_NAME_ACTUARY  ,VW_IDAS_DMTM_AMFS_KPI_ISSUED_DAILY_WD_MASTERPROD,MASTERPRODUCT_PRODUCT_NAME_ACTUARY  
FACT_DMTM_AMFS_APE_ISSUED_DAILY,MASTERPRODUCT_PRODUCT_NAME_MARKETING  ,VW_IDAS_DMTM_AMFS_KPI_ISSUED_DAILY_WD_MASTERPROD,MASTERPRODUCT_PRODUCT_NAME_MARKETING  
FACT_DMTM_AMFS_APE_ISSUED_DAILY,MASTERPRODUCT_PRODUCT_NAME_FINANCE  ,VW_IDAS_DMTM_AMFS_KPI_ISSUED_DAILY_WD_MASTERPROD,MASTERPRODUCT_PRODUCT_NAME_FINANCE  
FACT_DMTM_AMFS_APE_ISSUED_DAILY,MASTERPRODUCT_PRODUCT_NAME_PEOPLESOFT  ,VW_IDAS_DMTM_AMFS_KPI_ISSUED_DAILY_WD_MASTERPROD,MASTERPRODUCT_PRODUCT_NAME_PEOPLESOFT  
FACT_DMTM_AMFS_APE_ISSUED_DAILY,MASTERPRODUCT_PRODUCT_SUMM_NAME  ,VW_IDAS_DMTM_AMFS_KPI_ISSUED_DAILY_WD_MASTERPROD,MASTERPRODUCT_PRODUCT_SUMM_NAME  
FACT_DMTM_AMFS_APE_ISSUED_DAILY,MASTERPRODUCT_ENTITY  ,VW_IDAS_DMTM_AMFS_KPI_ISSUED_DAILY_WD_MASTERPROD,MASTERPRODUCT_ENTITY  
FACT_DMTM_AMFS_APE_ISSUED_DAILY,MASTERPRODUCT_SYSTEM  ,VW_IDAS_DMTM_AMFS_KPI_ISSUED_DAILY_WD_MASTERPROD,MASTERPRODUCT_SYSTEM  
FACT_DMTM_AMFS_APE_ISSUED_DAILY,MASTERPRODUCT_PRODUCT_CODE_PRODUCTID  ,VW_IDAS_DMTM_AMFS_KPI_ISSUED_DAILY_WD_MASTERPROD,MASTERPRODUCT_PRODUCT_CODE_PRODUCTID  
FACT_DMTM_AMFS_APE_ISSUED_DAILY,MASTERPRODUCT_RIDER_CODE_PLANID  ,VW_IDAS_DMTM_AMFS_KPI_ISSUED_DAILY_WD_MASTERPROD,MASTERPRODUCT_RIDER_CODE_PLANID  
FACT_DMTM_AMFS_APE_ISSUED_DAILY,MASTERPRODUCT_APE_MIX  ,VW_IDAS_DMTM_AMFS_KPI_ISSUED_DAILY_WD_MASTERPROD,MASTERPRODUCT_APE_MIX  
FACT_DMTM_AMFS_APE_ISSUED_DAILY,MASTERPRODUCT_FUND_CODE  ,VW_IDAS_DMTM_AMFS_KPI_ISSUED_DAILY_WD_MASTERPROD,MASTERPRODUCT_FUND_CODE  
FACT_DMTM_AMFS_APE_ISSUED_DAILY,MASTERPRODUCT_FA_CATEGORY  ,VW_IDAS_DMTM_AMFS_KPI_ISSUED_DAILY_WD_MASTERPROD,MASTERPRODUCT_FA_CATEGORY  
FACT_DMTM_AMFS_APE_ISSUED_DAILY,MASTERPRODUCT_BAND  ,VW_IDAS_DMTM_AMFS_KPI_ISSUED_DAILY_WD_MASTERPROD,MASTERPRODUCT_BAND  
FACT_DMTM_AMFS_APE_ISSUED_DAILY,MASTERPRODUCT_CURRENCY,VW_IDAS_DMTM_AMFS_KPI_ISSUED_DAILY_WD_MASTERPROD,MASTERPRODUCT_CURRENCY  
FACT_DMTM_AMFS_APE_ISSUED_DAILY_LP,APE,VW_IDAS_DMTM_AMFS_KPI_ISSUED_DAILY_WD_MASTERPROD_LP,APE
FACT_DMTM_AMFS_APE_ISSUED_DAILY_LP,CASECOUNT,VW_IDAS_DMTM_AMFS_KPI_ISSUED_DAILY_WD_MASTERPROD_LP,CASECOUNT
FACT_DMTM_AMFS_APE_ISSUED_DAILY_LP,APE_SOURCE,VW_IDAS_DMTM_AMFS_KPI_ISSUED_DAILY_WD_MASTERPROD_LP,
FACT_DMTM_AMFS_APE_ISSUED_DAILY_LP,FACTPERIOD,VW_IDAS_DMTM_AMFS_KPI_ISSUED_DAILY_WD_MASTERPROD_LP,FACTPERIOD
FACT_DMTM_AMFS_APE_ISSUED_DAILY_LP,PERIODKEY,VW_IDAS_DMTM_AMFS_KPI_ISSUED_DAILY_WD_MASTERPROD_LP,PERIODKEY
FACT_DMTM_AMFS_APE_ISSUED_DAILY_LP,PNO,VW_IDAS_DMTM_AMFS_KPI_ISSUED_DAILY_WD_MASTERPROD_LP,POLICYNO
FACT_DMTM_AMFS_APE_ISSUED_DAILY_LP,APE_MIX,VW_IDAS_DMTM_AMFS_KPI_ISSUED_DAILY_WD_MASTERPROD_LP,APE_MIX
FACT_DMTM_AMFS_APE_ISSUED_DAILY_LP,PROCESS_TYPE,VW_IDAS_DMTM_AMFS_KPI_ISSUED_DAILY_WD_MASTERPROD_LP,PROCESS_TYPE
FACT_DMTM_AMFS_APE_ISSUED_DAILY_LP,PRODUCTID,VW_IDAS_DMTM_AMFS_KPI_ISSUED_DAILY_WD_MASTERPROD_LP,PRODUCTID
FACT_DMTM_AMFS_APE_ISSUED_DAILY_LP,PLANID,VW_IDAS_DMTM_AMFS_KPI_ISSUED_DAILY_WD_MASTERPROD_LP,PLANID
FACT_DMTM_AMFS_APE_ISSUED_DAILY_LP,PCCY,VW_IDAS_DMTM_AMFS_KPI_ISSUED_DAILY_WD_MASTERPROD_LP,CURRENCYID
FACT_DMTM_AMFS_APE_ISSUED_DAILY_LP,BAND,VW_IDAS_DMTM_AMFS_KPI_ISSUED_DAILY_WD_MASTERPROD_LP,BAND
FACT_DMTM_AMFS_APE_ISSUED_DAILY_LP,UFCOD1,VW_IDAS_DMTM_AMFS_KPI_ISSUED_DAILY_WD_MASTERPROD_LP,
FACT_DMTM_AMFS_APE_ISSUED_DAILY_LP,UFCOD2,VW_IDAS_DMTM_AMFS_KPI_ISSUED_DAILY_WD_MASTERPROD_LP,
FACT_DMTM_AMFS_APE_ISSUED_DAILY_LP,UFCOD3,VW_IDAS_DMTM_AMFS_KPI_ISSUED_DAILY_WD_MASTERPROD_LP,
FACT_DMTM_AMFS_APE_ISSUED_DAILY_LP,UFCOD4,VW_IDAS_DMTM_AMFS_KPI_ISSUED_DAILY_WD_MASTERPROD_LP,
FACT_DMTM_AMFS_APE_ISSUED_DAILY_LP,UFCOD5,VW_IDAS_DMTM_AMFS_KPI_ISSUED_DAILY_WD_MASTERPROD_LP,
FACT_DMTM_AMFS_APE_ISSUED_DAILY_LP,UFCOD6,VW_IDAS_DMTM_AMFS_KPI_ISSUED_DAILY_WD_MASTERPROD_LP,
FACT_DMTM_AMFS_APE_ISSUED_DAILY_LP,FA_CATEGORY,VW_IDAS_DMTM_AMFS_KPI_ISSUED_DAILY_WD_MASTERPROD_LP,
FACT_DMTM_AMFS_APE_ISSUED_DAILY_LP,FLAG_UPDATED,VW_IDAS_DMTM_AMFS_KPI_ISSUED_DAILY_WD_MASTERPROD_LP,
FACT_DMTM_AMFS_APE_ISSUED_DAILY_LP,STG_LOGDATE,VW_IDAS_DMTM_AMFS_KPI_ISSUED_DAILY_WD_MASTERPROD_LP,LOGDATE
FACT_DMTM_AMFS_APE_ISSUED_DAILY_LP,DWH_LOGDATE,VW_IDAS_DMTM_AMFS_KPI_ISSUED_DAILY_WD_MASTERPROD_LP,
FACT_DMTM_AMFS_APE_ISSUED_DAILY_LP,ENTITY,VW_IDAS_DMTM_AMFS_KPI_ISSUED_DAILY_WD_MASTERPROD_LP,
FACT_DMTM_AMFS_APE_ISSUED_DAILY_LP,SYSTEM,VW_IDAS_DMTM_AMFS_KPI_ISSUED_DAILY_WD_MASTERPROD_LP,
FACT_DMTM_AMFS_APE_ISSUED_DAILY_LP,MASTERPRODUCT_SYSTEM_CODE_ACTUARY,VW_IDAS_DMTM_AMFS_KPI_ISSUED_DAILY_WD_MASTERPROD_LP,MASTERPRODUCT_SYSTEM_CODE_ACTUARY
FACT_DMTM_AMFS_APE_ISSUED_DAILY_LP,MASTERPRODUCT_PRODUCT_ID_PEOPLESOFT,VW_IDAS_DMTM_AMFS_KPI_ISSUED_DAILY_WD_MASTERPROD_LP,MASTERPRODUCT_PRODUCT_ID_PEOPLESOFT
FACT_DMTM_AMFS_APE_ISSUED_DAILY_LP,MASTERPRODUCT_SP_RP,VW_IDAS_DMTM_AMFS_KPI_ISSUED_DAILY_WD_MASTERPROD_LP,MASTERPRODUCT_SP_RP
FACT_DMTM_AMFS_APE_ISSUED_DAILY_LP,MASTERPRODUCT_AMBITION_ID,VW_IDAS_DMTM_AMFS_KPI_ISSUED_DAILY_WD_MASTERPROD_LP,MASTERPRODUCT_AMBITION_ID
FACT_DMTM_AMFS_APE_ISSUED_DAILY_LP,MASTERPRODUCT_GMD_ID,VW_IDAS_DMTM_AMFS_KPI_ISSUED_DAILY_WD_MASTERPROD_LP,MASTERPRODUCT_GMD_ID
FACT_DMTM_AMFS_APE_ISSUED_DAILY_LP,MASTERPRODUCT_CHANNEL,VW_IDAS_DMTM_AMFS_KPI_ISSUED_DAILY_WD_MASTERPROD_LP,MASTERPRODUCT_CHANNEL
FACT_DMTM_AMFS_APE_ISSUED_DAILY_LP,MASTERPRODUCT_PRODUCT_GROUP,VW_IDAS_DMTM_AMFS_KPI_ISSUED_DAILY_WD_MASTERPROD_LP,MASTERPRODUCT_PRODUCT_GROUP
FACT_DMTM_AMFS_APE_ISSUED_DAILY_LP,MASTERPRODUCT_PRODUCT_CATEGORY,VW_IDAS_DMTM_AMFS_KPI_ISSUED_DAILY_WD_MASTERPROD_LP,MASTERPRODUCT_PRODUCT_CATEGORY
FACT_DMTM_AMFS_APE_ISSUED_DAILY_LP,MASTERPRODUCT_PRODUCT_SUB_CATEGORY,VW_IDAS_DMTM_AMFS_KPI_ISSUED_DAILY_WD_MASTERPROD_LP,MASTERPRODUCT_PRODUCT_SUB_CATEGORY
FACT_DMTM_AMFS_APE_ISSUED_DAILY_LP,MASTERPRODUCT_GMD_CATEGORY,VW_IDAS_DMTM_AMFS_KPI_ISSUED_DAILY_WD_MASTERPROD_LP,MASTERPRODUCT_GMD_CATEGORY
FACT_DMTM_AMFS_APE_ISSUED_DAILY_LP,MASTERPRODUCT_RIDER_CATEGORY,VW_IDAS_DMTM_AMFS_KPI_ISSUED_DAILY_WD_MASTERPROD_LP,MASTERPRODUCT_RIDER_CATEGORY
FACT_DMTM_AMFS_APE_ISSUED_DAILY_LP,MASTERPRODUCT_SYARIAH,VW_IDAS_DMTM_AMFS_KPI_ISSUED_DAILY_WD_MASTERPROD_LP,MASTERPRODUCT_SYARIAH
FACT_DMTM_AMFS_APE_ISSUED_DAILY_LP,MASTERPRODUCT_PRODUCT_NAME_ACTUARY,VW_IDAS_DMTM_AMFS_KPI_ISSUED_DAILY_WD_MASTERPROD_LP,MASTERPRODUCT_PRODUCT_NAME_ACTUARY
FACT_DMTM_AMFS_APE_ISSUED_DAILY_LP,MASTERPRODUCT_PRODUCT_NAME_MARKETING,VW_IDAS_DMTM_AMFS_KPI_ISSUED_DAILY_WD_MASTERPROD_LP,MASTERPRODUCT_PRODUCT_NAME_MARKETING
FACT_DMTM_AMFS_APE_ISSUED_DAILY_LP,MASTERPRODUCT_PRODUCT_NAME_FINANCE,VW_IDAS_DMTM_AMFS_KPI_ISSUED_DAILY_WD_MASTERPROD_LP,MASTERPRODUCT_PRODUCT_NAME_FINANCE
FACT_DMTM_AMFS_APE_ISSUED_DAILY_LP,MASTERPRODUCT_PRODUCT_NAME_PEOPLESOFT,VW_IDAS_DMTM_AMFS_KPI_ISSUED_DAILY_WD_MASTERPROD_LP,MASTERPRODUCT_PRODUCT_NAME_PEOPLESOFT
FACT_DMTM_AMFS_APE_ISSUED_DAILY_LP,MASTERPRODUCT_PRODUCT_SUMM_NAME,VW_IDAS_DMTM_AMFS_KPI_ISSUED_DAILY_WD_MASTERPROD_LP,MASTERPRODUCT_PRODUCT_SUMM_NAME
FACT_DMTM_AMFS_APE_ISSUED_DAILY_LP,MASTERPRODUCT_ENTITY,VW_IDAS_DMTM_AMFS_KPI_ISSUED_DAILY_WD_MASTERPROD_LP,MASTERPRODUCT_ENTITY
FACT_DMTM_AMFS_APE_ISSUED_DAILY_LP,MASTERPRODUCT_SYSTEM,VW_IDAS_DMTM_AMFS_KPI_ISSUED_DAILY_WD_MASTERPROD_LP,MASTERPRODUCT_SYSTEM
FACT_DMTM_AMFS_APE_ISSUED_DAILY_LP,MASTERPRODUCT_PRODUCT_CODE_PRODUCTID,VW_IDAS_DMTM_AMFS_KPI_ISSUED_DAILY_WD_MASTERPROD_LP,MASTERPRODUCT_PRODUCT_CODE_PRODUCTID
FACT_DMTM_AMFS_APE_ISSUED_DAILY_LP,MASTERPRODUCT_RIDER_CODE_PLANID,VW_IDAS_DMTM_AMFS_KPI_ISSUED_DAILY_WD_MASTERPROD_LP,MASTERPRODUCT_RIDER_CODE_PLANID
FACT_DMTM_AMFS_APE_ISSUED_DAILY_LP,MASTERPRODUCT_APE_MIX,VW_IDAS_DMTM_AMFS_KPI_ISSUED_DAILY_WD_MASTERPROD_LP,MASTERPRODUCT_APE_MIX
FACT_DMTM_AMFS_APE_ISSUED_DAILY_LP,MASTERPRODUCT_FUND_CODE,VW_IDAS_DMTM_AMFS_KPI_ISSUED_DAILY_WD_MASTERPROD_LP,MASTERPRODUCT_FUND_CODE
FACT_DMTM_AMFS_APE_ISSUED_DAILY_LP,MASTERPRODUCT_FA_CATEGORY,VW_IDAS_DMTM_AMFS_KPI_ISSUED_DAILY_WD_MASTERPROD_LP,MASTERPRODUCT_FA_CATEGORY
FACT_DMTM_AMFS_APE_ISSUED_DAILY_LP,MASTERPRODUCT_BAND,VW_IDAS_DMTM_AMFS_KPI_ISSUED_DAILY_WD_MASTERPROD_LP,MASTERPRODUCT_BAND
FACT_DMTM_AMFS_APE_ISSUED_DAILY_LP,MASTERPRODUCT_CURRENCY,VW_IDAS_DMTM_AMFS_KPI_ISSUED_DAILY_WD_MASTERPROD_LP,MASTERPRODUCT_CURRENCY
FACT_DMTM_AMFS_APE_ISSUED_DAILY_FA,APE,VW_IDAS_DMTM_AMFS_KPI_ISSUED_DAILY_WD_MASTERPROD_FA,APE
FACT_DMTM_AMFS_APE_ISSUED_DAILY_FA,CASECOUNT,VW_IDAS_DMTM_AMFS_KPI_ISSUED_DAILY_WD_MASTERPROD_FA,CASECOUNT
FACT_DMTM_AMFS_APE_ISSUED_DAILY_FA,APE_SOURCE,VW_IDAS_DMTM_AMFS_KPI_ISSUED_DAILY_WD_MASTERPROD_FA,
FACT_DMTM_AMFS_APE_ISSUED_DAILY_FA,FACTPERIOD,VW_IDAS_DMTM_AMFS_KPI_ISSUED_DAILY_WD_MASTERPROD_FA,FACTPERIOD
FACT_DMTM_AMFS_APE_ISSUED_DAILY_FA,PERIODKEY,VW_IDAS_DMTM_AMFS_KPI_ISSUED_DAILY_WD_MASTERPROD_FA,PERIODKEY
FACT_DMTM_AMFS_APE_ISSUED_DAILY_FA,PNO,VW_IDAS_DMTM_AMFS_KPI_ISSUED_DAILY_WD_MASTERPROD_FA,POLICYNO
FACT_DMTM_AMFS_APE_ISSUED_DAILY_FA,APE_MIX,VW_IDAS_DMTM_AMFS_KPI_ISSUED_DAILY_WD_MASTERPROD_FA,APE_MIX
FACT_DMTM_AMFS_APE_ISSUED_DAILY_FA,PROCESS_TYPE,VW_IDAS_DMTM_AMFS_KPI_ISSUED_DAILY_WD_MASTERPROD_FA,PROCESS_TYPE
FACT_DMTM_AMFS_APE_ISSUED_DAILY_FA,PRODUCTID,VW_IDAS_DMTM_AMFS_KPI_ISSUED_DAILY_WD_MASTERPROD_FA,PRODUCTID
FACT_DMTM_AMFS_APE_ISSUED_DAILY_FA,PLANID,VW_IDAS_DMTM_AMFS_KPI_ISSUED_DAILY_WD_MASTERPROD_FA,PLANID
FACT_DMTM_AMFS_APE_ISSUED_DAILY_FA,PCCY,VW_IDAS_DMTM_AMFS_KPI_ISSUED_DAILY_WD_MASTERPROD_FA,CURRENCYID
FACT_DMTM_AMFS_APE_ISSUED_DAILY_FA,BAND,VW_IDAS_DMTM_AMFS_KPI_ISSUED_DAILY_WD_MASTERPROD_FA,BAND
FACT_DMTM_AMFS_APE_ISSUED_DAILY_FA,UFCOD1,VW_IDAS_DMTM_AMFS_KPI_ISSUED_DAILY_WD_MASTERPROD_FA,
FACT_DMTM_AMFS_APE_ISSUED_DAILY_FA,UFCOD2,VW_IDAS_DMTM_AMFS_KPI_ISSUED_DAILY_WD_MASTERPROD_FA,
FACT_DMTM_AMFS_APE_ISSUED_DAILY_FA,UFCOD3,VW_IDAS_DMTM_AMFS_KPI_ISSUED_DAILY_WD_MASTERPROD_FA,
FACT_DMTM_AMFS_APE_ISSUED_DAILY_FA,UFCOD4,VW_IDAS_DMTM_AMFS_KPI_ISSUED_DAILY_WD_MASTERPROD_FA,
FACT_DMTM_AMFS_APE_ISSUED_DAILY_FA,UFCOD5,VW_IDAS_DMTM_AMFS_KPI_ISSUED_DAILY_WD_MASTERPROD_FA,
FACT_DMTM_AMFS_APE_ISSUED_DAILY_FA,UFCOD6,VW_IDAS_DMTM_AMFS_KPI_ISSUED_DAILY_WD_MASTERPROD_FA,
FACT_DMTM_AMFS_APE_ISSUED_DAILY_FA,FA_CATEGORY,VW_IDAS_DMTM_AMFS_KPI_ISSUED_DAILY_WD_MASTERPROD_FA,
FACT_DMTM_AMFS_APE_ISSUED_DAILY_FA,FLAG_UPDATED,VW_IDAS_DMTM_AMFS_KPI_ISSUED_DAILY_WD_MASTERPROD_FA,
FACT_DMTM_AMFS_APE_ISSUED_DAILY_FA,STG_LOGDATE,VW_IDAS_DMTM_AMFS_KPI_ISSUED_DAILY_WD_MASTERPROD_FA,LOGDATE
FACT_DMTM_AMFS_APE_ISSUED_DAILY_FA,DWH_LOGDATE,VW_IDAS_DMTM_AMFS_KPI_ISSUED_DAILY_WD_MASTERPROD_FA,
FACT_DMTM_AMFS_APE_ISSUED_DAILY_FA,ENTITY,VW_IDAS_DMTM_AMFS_KPI_ISSUED_DAILY_WD_MASTERPROD_FA,
FACT_DMTM_AMFS_APE_ISSUED_DAILY_FA,SYSTEM,VW_IDAS_DMTM_AMFS_KPI_ISSUED_DAILY_WD_MASTERPROD_FA,
FACT_DMTM_AMFS_APE_ISSUED_DAILY_FA,MASTERPRODUCT_SYSTEM_CODE_ACTUARY,VW_IDAS_DMTM_AMFS_KPI_ISSUED_DAILY_WD_MASTERPROD_FA,MASTERPRODUCT_SYSTEM_CODE_ACTUARY
FACT_DMTM_AMFS_APE_ISSUED_DAILY_FA,MASTERPRODUCT_PRODUCT_ID_PEOPLESOFT,VW_IDAS_DMTM_AMFS_KPI_ISSUED_DAILY_WD_MASTERPROD_FA,MASTERPRODUCT_PRODUCT_ID_PEOPLESOFT
FACT_DMTM_AMFS_APE_ISSUED_DAILY_FA,MASTERPRODUCT_SP_RP,VW_IDAS_DMTM_AMFS_KPI_ISSUED_DAILY_WD_MASTERPROD_FA,MASTERPRODUCT_SP_RP
FACT_DMTM_AMFS_APE_ISSUED_DAILY_FA,MASTERPRODUCT_AMBITION_ID,VW_IDAS_DMTM_AMFS_KPI_ISSUED_DAILY_WD_MASTERPROD_FA,MASTERPRODUCT_AMBITION_ID
FACT_DMTM_AMFS_APE_ISSUED_DAILY_FA,MASTERPRODUCT_GMD_ID,VW_IDAS_DMTM_AMFS_KPI_ISSUED_DAILY_WD_MASTERPROD_FA,MASTERPRODUCT_GMD_ID
FACT_DMTM_AMFS_APE_ISSUED_DAILY_FA,MASTERPRODUCT_CHANNEL,VW_IDAS_DMTM_AMFS_KPI_ISSUED_DAILY_WD_MASTERPROD_FA,MASTERPRODUCT_CHANNEL
FACT_DMTM_AMFS_APE_ISSUED_DAILY_FA,MASTERPRODUCT_PRODUCT_GROUP,VW_IDAS_DMTM_AMFS_KPI_ISSUED_DAILY_WD_MASTERPROD_FA,MASTERPRODUCT_PRODUCT_GROUP
FACT_DMTM_AMFS_APE_ISSUED_DAILY_FA,MASTERPRODUCT_PRODUCT_CATEGORY,VW_IDAS_DMTM_AMFS_KPI_ISSUED_DAILY_WD_MASTERPROD_FA,MASTERPRODUCT_PRODUCT_CATEGORY
FACT_DMTM_AMFS_APE_ISSUED_DAILY_FA,MASTERPRODUCT_PRODUCT_SUB_CATEGORY,VW_IDAS_DMTM_AMFS_KPI_ISSUED_DAILY_WD_MASTERPROD_FA,MASTERPRODUCT_PRODUCT_SUB_CATEGORY
FACT_DMTM_AMFS_APE_ISSUED_DAILY_FA,MASTERPRODUCT_GMD_CATEGORY,VW_IDAS_DMTM_AMFS_KPI_ISSUED_DAILY_WD_MASTERPROD_FA,MASTERPRODUCT_GMD_CATEGORY
FACT_DMTM_AMFS_APE_ISSUED_DAILY_FA,MASTERPRODUCT_RIDER_CATEGORY,VW_IDAS_DMTM_AMFS_KPI_ISSUED_DAILY_WD_MASTERPROD_FA,MASTERPRODUCT_RIDER_CATEGORY
FACT_DMTM_AMFS_APE_ISSUED_DAILY_FA,MASTERPRODUCT_SYARIAH,VW_IDAS_DMTM_AMFS_KPI_ISSUED_DAILY_WD_MASTERPROD_FA,MASTERPRODUCT_SYARIAH
FACT_DMTM_AMFS_APE_ISSUED_DAILY_FA,MASTERPRODUCT_PRODUCT_NAME_ACTUARY,VW_IDAS_DMTM_AMFS_KPI_ISSUED_DAILY_WD_MASTERPROD_FA,MASTERPRODUCT_PRODUCT_NAME_ACTUARY
FACT_DMTM_AMFS_APE_ISSUED_DAILY_FA,MASTERPRODUCT_PRODUCT_NAME_MARKETING,VW_IDAS_DMTM_AMFS_KPI_ISSUED_DAILY_WD_MASTERPROD_FA,MASTERPRODUCT_PRODUCT_NAME_MARKETING
FACT_DMTM_AMFS_APE_ISSUED_DAILY_FA,MASTERPRODUCT_PRODUCT_NAME_FINANCE,VW_IDAS_DMTM_AMFS_KPI_ISSUED_DAILY_WD_MASTERPROD_FA,MASTERPRODUCT_PRODUCT_NAME_FINANCE
FACT_DMTM_AMFS_APE_ISSUED_DAILY_FA,MASTERPRODUCT_PRODUCT_NAME_PEOPLESOFT,VW_IDAS_DMTM_AMFS_KPI_ISSUED_DAILY_WD_MASTERPROD_FA,MASTERPRODUCT_PRODUCT_NAME_PEOPLESOFT
FACT_DMTM_AMFS_APE_ISSUED_DAILY_FA,MASTERPRODUCT_PRODUCT_SUMM_NAME,VW_IDAS_DMTM_AMFS_KPI_ISSUED_DAILY_WD_MASTERPROD_FA,MASTERPRODUCT_PRODUCT_SUMM_NAME
FACT_DMTM_AMFS_APE_ISSUED_DAILY_FA,MASTERPRODUCT_ENTITY,VW_IDAS_DMTM_AMFS_KPI_ISSUED_DAILY_WD_MASTERPROD_FA,MASTERPRODUCT_ENTITY
FACT_DMTM_AMFS_APE_ISSUED_DAILY_FA,MASTERPRODUCT_SYSTEM,VW_IDAS_DMTM_AMFS_KPI_ISSUED_DAILY_WD_MASTERPROD_FA,MASTERPRODUCT_SYSTEM
FACT_DMTM_AMFS_APE_ISSUED_DAILY_FA,MASTERPRODUCT_PRODUCT_CODE_PRODUCTID,VW_IDAS_DMTM_AMFS_KPI_ISSUED_DAILY_WD_MASTERPROD_FA,MASTERPRODUCT_PRODUCT_CODE_PRODUCTID
FACT_DMTM_AMFS_APE_ISSUED_DAILY_FA,MASTERPRODUCT_RIDER_CODE_PLANID,VW_IDAS_DMTM_AMFS_KPI_ISSUED_DAILY_WD_MASTERPROD_FA,MASTERPRODUCT_RIDER_CODE_PLANID
FACT_DMTM_AMFS_APE_ISSUED_DAILY_FA,MASTERPRODUCT_APE_MIX,VW_IDAS_DMTM_AMFS_KPI_ISSUED_DAILY_WD_MASTERPROD_FA,MASTERPRODUCT_APE_MIX
FACT_DMTM_AMFS_APE_ISSUED_DAILY_FA,MASTERPRODUCT_FUND_CODE,VW_IDAS_DMTM_AMFS_KPI_ISSUED_DAILY_WD_MASTERPROD_FA,MASTERPRODUCT_FUND_CODE
FACT_DMTM_AMFS_APE_ISSUED_DAILY_FA,MASTERPRODUCT_FA_CATEGORY,VW_IDAS_DMTM_AMFS_KPI_ISSUED_DAILY_WD_MASTERPROD_FA,MASTERPRODUCT_FA_CATEGORY
FACT_DMTM_AMFS_APE_ISSUED_DAILY_FA,MASTERPRODUCT_BAND,VW_IDAS_DMTM_AMFS_KPI_ISSUED_DAILY_WD_MASTERPROD_FA,MASTERPRODUCT_BAND
FACT_DMTM_AMFS_APE_ISSUED_DAILY_FA,MASTERPRODUCT_CURRENCY,VW_IDAS_DMTM_AMFS_KPI_ISSUED_DAILY_WD_MASTERPROD_FA,MASTERPRODUCT_CURRENCY
FACT_DPLK_APE_ISSUED_DAILY,factperiod  ,SYN__STG_FIN_FLAT__VW_IDAS_DPLK_AMFS_TRANSACTION_MASTERPROD,factperiod  
FACT_DPLK_APE_ISSUED_DAILY,periodkey  ,SYN__STG_FIN_FLAT__VW_IDAS_DPLK_AMFS_TRANSACTION_MASTERPROD,periodkey  
FACT_DPLK_APE_ISSUED_DAILY,entity  ,SYN__STG_FIN_FLAT__VW_IDAS_DPLK_AMFS_TRANSACTION_MASTERPROD,entity  
FACT_DPLK_APE_ISSUED_DAILY,Channel  ,SYN__STG_FIN_FLAT__VW_IDAS_DPLK_AMFS_TRANSACTION_MASTERPROD,Channel  
FACT_DPLK_APE_ISSUED_DAILY,productcode  ,SYN__STG_FIN_FLAT__VW_IDAS_DPLK_AMFS_TRANSACTION_MASTERPROD,productcode  
FACT_DPLK_APE_ISSUED_DAILY,SubChannel  ,SYN__STG_FIN_FLAT__VW_IDAS_DPLK_AMFS_TRANSACTION_MASTERPROD,SubChannel  
FACT_DPLK_APE_ISSUED_DAILY,appId  ,SYN__STG_FIN_FLAT__VW_IDAS_DPLK_AMFS_TRANSACTION_MASTERPROD,appId  
FACT_DPLK_APE_ISSUED_DAILY,trxId  ,SYN__STG_FIN_FLAT__VW_IDAS_DPLK_AMFS_TRANSACTION_MASTERPROD,trxId  
FACT_DPLK_APE_ISSUED_DAILY,lastTrxId  ,SYN__STG_FIN_FLAT__VW_IDAS_DPLK_AMFS_TRANSACTION_MASTERPROD,lastTrxId  
FACT_DPLK_APE_ISSUED_DAILY,dplkNo  ,SYN__STG_FIN_FLAT__VW_IDAS_DPLK_AMFS_TRANSACTION_MASTERPROD,dplkNo  
FACT_DPLK_APE_ISSUED_DAILY,trxDate  ,SYN__STG_FIN_FLAT__VW_IDAS_DPLK_AMFS_TRANSACTION_MASTERPROD,trxDate  
FACT_DPLK_APE_ISSUED_DAILY,lastRPTrxDate  ,SYN__STG_FIN_FLAT__VW_IDAS_DPLK_AMFS_TRANSACTION_MASTERPROD,lastRPTrxDate  
FACT_DPLK_APE_ISSUED_DAILY,trxType  ,SYN__STG_FIN_FLAT__VW_IDAS_DPLK_AMFS_TRANSACTION_MASTERPROD,trxType  
FACT_DPLK_APE_ISSUED_DAILY,grossAmount  ,SYN__STG_FIN_FLAT__VW_IDAS_DPLK_AMFS_TRANSACTION_MASTERPROD,grossAmount  
FACT_DPLK_APE_ISSUED_DAILY,lastRPgrossAmount  ,SYN__STG_FIN_FLAT__VW_IDAS_DPLK_AMFS_TRANSACTION_MASTERPROD,lastRPgrossAmount  
FACT_DPLK_APE_ISSUED_DAILY,netAmount  ,SYN__STG_FIN_FLAT__VW_IDAS_DPLK_AMFS_TRANSACTION_MASTERPROD,netAmount  
FACT_DPLK_APE_ISSUED_DAILY,remark  ,SYN__STG_FIN_FLAT__VW_IDAS_DPLK_AMFS_TRANSACTION_MASTERPROD,remark  
FACT_DPLK_APE_ISSUED_DAILY,customertype  ,SYN__STG_FIN_FLAT__VW_IDAS_DPLK_AMFS_TRANSACTION_MASTERPROD,customertype  
FACT_DPLK_APE_ISSUED_DAILY,joindate  ,SYN__STG_FIN_FLAT__VW_IDAS_DPLK_AMFS_TRANSACTION_MASTERPROD,joindate  
FACT_DPLK_APE_ISSUED_DAILY,activedate  ,SYN__STG_FIN_FLAT__VW_IDAS_DPLK_AMFS_TRANSACTION_MASTERPROD,activedate  
FACT_DPLK_APE_ISSUED_DAILY,activedatelate  ,SYN__STG_FIN_FLAT__VW_IDAS_DPLK_AMFS_TRANSACTION_MASTERPROD,activedatelate  
FACT_DPLK_APE_ISSUED_DAILY,closeddate  ,SYN__STG_FIN_FLAT__VW_IDAS_DPLK_AMFS_TRANSACTION_MASTERPROD,closeddate  
FACT_DPLK_APE_ISSUED_DAILY,processtype  ,SYN__STG_FIN_FLAT__VW_IDAS_DPLK_AMFS_TRANSACTION_MASTERPROD,process_type processtype  
FACT_DPLK_APE_ISSUED_DAILY,APE  ,SYN__STG_FIN_FLAT__VW_IDAS_DPLK_AMFS_TRANSACTION_MASTERPROD,APE  
FACT_DPLK_APE_ISSUED_DAILY,[Case]  ,SYN__STG_FIN_FLAT__VW_IDAS_DPLK_AMFS_TRANSACTION_MASTERPROD,[Case]  
FACT_DPLK_APE_ISSUED_DAILY,APEMode  ,SYN__STG_FIN_FLAT__VW_IDAS_DPLK_AMFS_TRANSACTION_MASTERPROD,APEMode  
FACT_DPLK_APE_ISSUED_DAILY,companyAggrementNo  ,SYN__STG_FIN_FLAT__VW_IDAS_DPLK_AMFS_TRANSACTION_MASTERPROD,companyAggrementNo  
FACT_DPLK_APE_ISSUED_DAILY,companyActiveDate  ,SYN__STG_FIN_FLAT__VW_IDAS_DPLK_AMFS_TRANSACTION_MASTERPROD,companyActiveDate  
FACT_DPLK_APE_ISSUED_DAILY,logdate  ,SYN__STG_FIN_FLAT__VW_IDAS_DPLK_AMFS_TRANSACTION_MASTERPROD,logdate  
FACT_DPLK_APE_ISSUED_DAILY,MASTERPRODUCT_SYSTEM_CODE_ACTUARY  ,SYN__STG_FIN_FLAT__VW_IDAS_DPLK_AMFS_TRANSACTION_MASTERPROD,MASTERPRODUCT_SYSTEM_CODE_ACTUARY  
FACT_DPLK_APE_ISSUED_DAILY,MASTERPRODUCT_PRODUCT_ID_PEOPLESOFT  ,SYN__STG_FIN_FLAT__VW_IDAS_DPLK_AMFS_TRANSACTION_MASTERPROD,MASTERPRODUCT_PRODUCT_ID_PEOPLESOFT  
FACT_DPLK_APE_ISSUED_DAILY,MASTERPRODUCT_SP_RP  ,SYN__STG_FIN_FLAT__VW_IDAS_DPLK_AMFS_TRANSACTION_MASTERPROD,MASTERPRODUCT_SP_RP  
FACT_DPLK_APE_ISSUED_DAILY,MASTERPRODUCT_AMBITION_ID  ,SYN__STG_FIN_FLAT__VW_IDAS_DPLK_AMFS_TRANSACTION_MASTERPROD,MASTERPRODUCT_AMBITION_ID  
FACT_DPLK_APE_ISSUED_DAILY,MASTERPRODUCT_GMD_ID  ,SYN__STG_FIN_FLAT__VW_IDAS_DPLK_AMFS_TRANSACTION_MASTERPROD,MASTERPRODUCT_GMD_ID  
FACT_DPLK_APE_ISSUED_DAILY,MASTERPRODUCT_CHANNEL  ,SYN__STG_FIN_FLAT__VW_IDAS_DPLK_AMFS_TRANSACTION_MASTERPROD,MASTERPRODUCT_CHANNEL  
FACT_DPLK_APE_ISSUED_DAILY,MASTERPRODUCT_PRODUCT_GROUP  ,SYN__STG_FIN_FLAT__VW_IDAS_DPLK_AMFS_TRANSACTION_MASTERPROD,MASTERPRODUCT_PRODUCT_GROUP  
FACT_DPLK_APE_ISSUED_DAILY,MASTERPRODUCT_PRODUCT_CATEGORY  ,SYN__STG_FIN_FLAT__VW_IDAS_DPLK_AMFS_TRANSACTION_MASTERPROD,MASTERPRODUCT_PRODUCT_CATEGORY  
FACT_DPLK_APE_ISSUED_DAILY,MASTERPRODUCT_PRODUCT_SUB_CATEGORY  ,SYN__STG_FIN_FLAT__VW_IDAS_DPLK_AMFS_TRANSACTION_MASTERPROD,MASTERPRODUCT_PRODUCT_SUB_CATEGORY  
FACT_DPLK_APE_ISSUED_DAILY,MASTERPRODUCT_GMD_CATEGORY  ,SYN__STG_FIN_FLAT__VW_IDAS_DPLK_AMFS_TRANSACTION_MASTERPROD,MASTERPRODUCT_GMD_CATEGORY  
FACT_DPLK_APE_ISSUED_DAILY,MASTERPRODUCT_RIDER_CATEGORY  ,SYN__STG_FIN_FLAT__VW_IDAS_DPLK_AMFS_TRANSACTION_MASTERPROD,MASTERPRODUCT_RIDER_CATEGORY  
FACT_DPLK_APE_ISSUED_DAILY,MASTERPRODUCT_SYARIAH  ,SYN__STG_FIN_FLAT__VW_IDAS_DPLK_AMFS_TRANSACTION_MASTERPROD,MASTERPRODUCT_SYARIAH  
FACT_DPLK_APE_ISSUED_DAILY,MASTERPRODUCT_PRODUCT_NAME_ACTUARY  ,SYN__STG_FIN_FLAT__VW_IDAS_DPLK_AMFS_TRANSACTION_MASTERPROD,MASTERPRODUCT_PRODUCT_NAME_ACTUARY  
FACT_DPLK_APE_ISSUED_DAILY,MASTERPRODUCT_PRODUCT_NAME_MARKETING  ,SYN__STG_FIN_FLAT__VW_IDAS_DPLK_AMFS_TRANSACTION_MASTERPROD,MASTERPRODUCT_PRODUCT_NAME_MARKETING  
FACT_DPLK_APE_ISSUED_DAILY,MASTERPRODUCT_PRODUCT_NAME_FINANCE  ,SYN__STG_FIN_FLAT__VW_IDAS_DPLK_AMFS_TRANSACTION_MASTERPROD,MASTERPRODUCT_PRODUCT_NAME_FINANCE  
FACT_DPLK_APE_ISSUED_DAILY,MASTERPRODUCT_PRODUCT_NAME_PEOPLESOFT  ,SYN__STG_FIN_FLAT__VW_IDAS_DPLK_AMFS_TRANSACTION_MASTERPROD,MASTERPRODUCT_PRODUCT_NAME_PEOPLESOFT  
FACT_DPLK_APE_ISSUED_DAILY,MASTERPRODUCT_PRODUCT_SUMM_NAME  ,SYN__STG_FIN_FLAT__VW_IDAS_DPLK_AMFS_TRANSACTION_MASTERPROD,MASTERPRODUCT_PRODUCT_SUMM_NAME  
FACT_DPLK_APE_ISSUED_DAILY,MASTERPRODUCT_ENTITY  ,SYN__STG_FIN_FLAT__VW_IDAS_DPLK_AMFS_TRANSACTION_MASTERPROD,MASTERPRODUCT_ENTITY  
FACT_DPLK_APE_ISSUED_DAILY,MASTERPRODUCT_SYSTEM  ,SYN__STG_FIN_FLAT__VW_IDAS_DPLK_AMFS_TRANSACTION_MASTERPROD,MASTERPRODUCT_SYSTEM  
FACT_DPLK_APE_ISSUED_DAILY,MASTERPRODUCT_PRODUCT_CODE_PRODUCTID  ,SYN__STG_FIN_FLAT__VW_IDAS_DPLK_AMFS_TRANSACTION_MASTERPROD,MASTERPRODUCT_PRODUCT_CODE_PRODUCTID  
FACT_DPLK_APE_ISSUED_DAILY,MASTERPRODUCT_RIDER_CODE_PLANID  ,SYN__STG_FIN_FLAT__VW_IDAS_DPLK_AMFS_TRANSACTION_MASTERPROD,MASTERPRODUCT_RIDER_CODE_PLANID  
FACT_DPLK_APE_ISSUED_DAILY,MASTERPRODUCT_APE_MIX  ,SYN__STG_FIN_FLAT__VW_IDAS_DPLK_AMFS_TRANSACTION_MASTERPROD,MASTERPRODUCT_APE_MIX  
FACT_DPLK_APE_ISSUED_DAILY,MASTERPRODUCT_FUND_CODE  ,SYN__STG_FIN_FLAT__VW_IDAS_DPLK_AMFS_TRANSACTION_MASTERPROD,MASTERPRODUCT_FUND_CODE  
FACT_DPLK_APE_ISSUED_DAILY,MASTERPRODUCT_FA_CATEGORY  ,SYN__STG_FIN_FLAT__VW_IDAS_DPLK_AMFS_TRANSACTION_MASTERPROD,MASTERPRODUCT_FA_CATEGORY  
FACT_DPLK_APE_ISSUED_DAILY,MASTERPRODUCT_BAND  ,SYN__STG_FIN_FLAT__VW_IDAS_DPLK_AMFS_TRANSACTION_MASTERPROD,MASTERPRODUCT_BAND  
FACT_DPLK_APE_ISSUED_DAILY,MASTERPRODUCT_CURRENCY  ,SYN__STG_FIN_FLAT__VW_IDAS_DPLK_AMFS_TRANSACTION_MASTERPROD,MASTERPRODUCT_CURRENCY  
FACT_DPLK_APE_ISSUED_DAILY,FLAG_UPDATED  ,SYN__STG_FIN_FLAT__VW_IDAS_DPLK_AMFS_TRANSACTION_MASTERPROD,
FACT_DPLK_APE_ISSUED_DAILY,STG_LOGDATE  ,SYN__STG_FIN_FLAT__VW_IDAS_DPLK_AMFS_TRANSACTION_MASTERPROD,LOGDATE
FACT_DPLK_APE_ISSUED_DAILY,DWH_LOGDATE  ,SYN__STG_FIN_FLAT__VW_IDAS_DPLK_AMFS_TRANSACTION_MASTERPROD,
FACT_DPLK_APE_ISSUED_DAILY,[SYSTEM]  ,SYN__STG_FIN_FLAT__VW_IDAS_DPLK_AMFS_TRANSACTION_MASTERPROD,
FACT_DPLK_APE_ISSUED_DAILY,[APE_SOURCE],SYN__STG_FIN_FLAT__VW_IDAS_DPLK_AMFS_TRANSACTION_MASTERPROD,
FACT_RLS_AMFS_APE_ADD_LSTU_DAILY,APE,SYN__STG_FIN_FLAT__VW_IDAS_RLS_AMFS_KPI_ADD_LSTU_DAILY_MASTERPROD,APE
FACT_RLS_AMFS_APE_ADD_LSTU_DAILY,APE_EOM,SYN__STG_FIN_FLAT__VW_IDAS_RLS_AMFS_KPI_ADD_LSTU_DAILY_MASTERPROD,APE_EOM
FACT_RLS_AMFS_APE_ADD_LSTU_DAILY,CASECOUNT,SYN__STG_FIN_FLAT__VW_IDAS_RLS_AMFS_KPI_ADD_LSTU_DAILY_MASTERPROD,CASECOUNT
FACT_RLS_AMFS_APE_ADD_LSTU_DAILY,APE_SOURCE,SYN__STG_FIN_FLAT__VW_IDAS_RLS_AMFS_KPI_ADD_LSTU_DAILY_MASTERPROD,
FACT_RLS_AMFS_APE_ADD_LSTU_DAILY,FACTPERIOD,SYN__STG_FIN_FLAT__VW_IDAS_RLS_AMFS_KPI_ADD_LSTU_DAILY_MASTERPROD,FACTPERIOD
FACT_RLS_AMFS_APE_ADD_LSTU_DAILY,PERIODKEY,SYN__STG_FIN_FLAT__VW_IDAS_RLS_AMFS_KPI_ADD_LSTU_DAILY_MASTERPROD,A1DOA
FACT_RLS_AMFS_APE_ADD_LSTU_DAILY,PNO,SYN__STG_FIN_FLAT__VW_IDAS_RLS_AMFS_KPI_ADD_LSTU_DAILY_MASTERPROD,A1PNO
FACT_RLS_AMFS_APE_ADD_LSTU_DAILY,APE_MIX,SYN__STG_FIN_FLAT__VW_IDAS_RLS_AMFS_KPI_ADD_LSTU_DAILY_MASTERPROD,APE_MIX
FACT_RLS_AMFS_APE_ADD_LSTU_DAILY,PROCESS_TYPE,SYN__STG_FIN_FLAT__VW_IDAS_RLS_AMFS_KPI_ADD_LSTU_DAILY_MASTERPROD,PROCESS_TYPE
FACT_RLS_AMFS_APE_ADD_LSTU_DAILY,PRODUCTID,SYN__STG_FIN_FLAT__VW_IDAS_RLS_AMFS_KPI_ADD_LSTU_DAILY_MASTERPROD,PRODUCTID
FACT_RLS_AMFS_APE_ADD_LSTU_DAILY,PLANID,SYN__STG_FIN_FLAT__VW_IDAS_RLS_AMFS_KPI_ADD_LSTU_DAILY_MASTERPROD,PLANID
FACT_RLS_AMFS_APE_ADD_LSTU_DAILY,PCCY,SYN__STG_FIN_FLAT__VW_IDAS_RLS_AMFS_KPI_ADD_LSTU_DAILY_MASTERPROD,
FACT_RLS_AMFS_APE_ADD_LSTU_DAILY,BAND,SYN__STG_FIN_FLAT__VW_IDAS_RLS_AMFS_KPI_ADD_LSTU_DAILY_MASTERPROD,BAND
FACT_RLS_AMFS_APE_ADD_LSTU_DAILY,UFCOD1,SYN__STG_FIN_FLAT__VW_IDAS_RLS_AMFS_KPI_ADD_LSTU_DAILY_MASTERPROD,UFCOD1
FACT_RLS_AMFS_APE_ADD_LSTU_DAILY,UFCOD2,SYN__STG_FIN_FLAT__VW_IDAS_RLS_AMFS_KPI_ADD_LSTU_DAILY_MASTERPROD,UFCOD2
FACT_RLS_AMFS_APE_ADD_LSTU_DAILY,UFCOD3,SYN__STG_FIN_FLAT__VW_IDAS_RLS_AMFS_KPI_ADD_LSTU_DAILY_MASTERPROD,UFCOD3
FACT_RLS_AMFS_APE_ADD_LSTU_DAILY,UFCOD4,SYN__STG_FIN_FLAT__VW_IDAS_RLS_AMFS_KPI_ADD_LSTU_DAILY_MASTERPROD,UFCOD4
FACT_RLS_AMFS_APE_ADD_LSTU_DAILY,UFCOD5,SYN__STG_FIN_FLAT__VW_IDAS_RLS_AMFS_KPI_ADD_LSTU_DAILY_MASTERPROD,UFCOD5
FACT_RLS_AMFS_APE_ADD_LSTU_DAILY,UFCOD6,SYN__STG_FIN_FLAT__VW_IDAS_RLS_AMFS_KPI_ADD_LSTU_DAILY_MASTERPROD,UFCOD6
FACT_RLS_AMFS_APE_ADD_LSTU_DAILY,FA_CATEGORY,SYN__STG_FIN_FLAT__VW_IDAS_RLS_AMFS_KPI_ADD_LSTU_DAILY_MASTERPROD,FA_CATEGORY
FACT_RLS_AMFS_APE_ADD_LSTU_DAILY,FLAG_UPDATED,SYN__STG_FIN_FLAT__VW_IDAS_RLS_AMFS_KPI_ADD_LSTU_DAILY_MASTERPROD,
FACT_RLS_AMFS_APE_ADD_LSTU_DAILY,STG_LOGDATE,SYN__STG_FIN_FLAT__VW_IDAS_RLS_AMFS_KPI_ADD_LSTU_DAILY_MASTERPROD,LOGDATE
FACT_RLS_AMFS_APE_ADD_LSTU_DAILY,DWH_LOGDATE,SYN__STG_FIN_FLAT__VW_IDAS_RLS_AMFS_KPI_ADD_LSTU_DAILY_MASTERPROD,
FACT_RLS_AMFS_APE_ADD_LSTU_DAILY,ENTITY,SYN__STG_FIN_FLAT__VW_IDAS_RLS_AMFS_KPI_ADD_LSTU_DAILY_MASTERPROD,
FACT_RLS_AMFS_APE_ADD_LSTU_DAILY,SYSTEM,SYN__STG_FIN_FLAT__VW_IDAS_RLS_AMFS_KPI_ADD_LSTU_DAILY_MASTERPROD,
FACT_RLS_AMFS_APE_ADD_LSTU_DAILY,MASTERPRODUCT_SYSTEM_CODE_ACTUARY,SYN__STG_FIN_FLAT__VW_IDAS_RLS_AMFS_KPI_ADD_LSTU_DAILY_MASTERPROD,MASTERPRODUCT_SYSTEM_CODE_ACTUARY
FACT_RLS_AMFS_APE_ADD_LSTU_DAILY,MASTERPRODUCT_PRODUCT_ID_PEOPLESOFT,SYN__STG_FIN_FLAT__VW_IDAS_RLS_AMFS_KPI_ADD_LSTU_DAILY_MASTERPROD,MASTERPRODUCT_PRODUCT_ID_PEOPLESOFT
FACT_RLS_AMFS_APE_ADD_LSTU_DAILY,MASTERPRODUCT_SP_RP,SYN__STG_FIN_FLAT__VW_IDAS_RLS_AMFS_KPI_ADD_LSTU_DAILY_MASTERPROD,MASTERPRODUCT_SP_RP
FACT_RLS_AMFS_APE_ADD_LSTU_DAILY,MASTERPRODUCT_AMBITION_ID,SYN__STG_FIN_FLAT__VW_IDAS_RLS_AMFS_KPI_ADD_LSTU_DAILY_MASTERPROD,MASTERPRODUCT_AMBITION_ID
FACT_RLS_AMFS_APE_ADD_LSTU_DAILY,MASTERPRODUCT_GMD_ID,SYN__STG_FIN_FLAT__VW_IDAS_RLS_AMFS_KPI_ADD_LSTU_DAILY_MASTERPROD,MASTERPRODUCT_GMD_ID
FACT_RLS_AMFS_APE_ADD_LSTU_DAILY,MASTERPRODUCT_CHANNEL,SYN__STG_FIN_FLAT__VW_IDAS_RLS_AMFS_KPI_ADD_LSTU_DAILY_MASTERPROD,MASTERPRODUCT_CHANNEL
FACT_RLS_AMFS_APE_ADD_LSTU_DAILY,MASTERPRODUCT_PRODUCT_GROUP,SYN__STG_FIN_FLAT__VW_IDAS_RLS_AMFS_KPI_ADD_LSTU_DAILY_MASTERPROD,MASTERPRODUCT_PRODUCT_GROUP
FACT_RLS_AMFS_APE_ADD_LSTU_DAILY,MASTERPRODUCT_PRODUCT_CATEGORY,SYN__STG_FIN_FLAT__VW_IDAS_RLS_AMFS_KPI_ADD_LSTU_DAILY_MASTERPROD,MASTERPRODUCT_PRODUCT_CATEGORY
FACT_RLS_AMFS_APE_ADD_LSTU_DAILY,MASTERPRODUCT_PRODUCT_SUB_CATEGORY,SYN__STG_FIN_FLAT__VW_IDAS_RLS_AMFS_KPI_ADD_LSTU_DAILY_MASTERPROD,MASTERPRODUCT_PRODUCT_SUB_CATEGORY
FACT_RLS_AMFS_APE_ADD_LSTU_DAILY,MASTERPRODUCT_GMD_CATEGORY,SYN__STG_FIN_FLAT__VW_IDAS_RLS_AMFS_KPI_ADD_LSTU_DAILY_MASTERPROD,MASTERPRODUCT_GMD_CATEGORY
FACT_RLS_AMFS_APE_ADD_LSTU_DAILY,MASTERPRODUCT_RIDER_CATEGORY,SYN__STG_FIN_FLAT__VW_IDAS_RLS_AMFS_KPI_ADD_LSTU_DAILY_MASTERPROD,MASTERPRODUCT_RIDER_CATEGORY
FACT_RLS_AMFS_APE_ADD_LSTU_DAILY,MASTERPRODUCT_SYARIAH,SYN__STG_FIN_FLAT__VW_IDAS_RLS_AMFS_KPI_ADD_LSTU_DAILY_MASTERPROD,MASTERPRODUCT_SYARIAH
FACT_RLS_AMFS_APE_ADD_LSTU_DAILY,MASTERPRODUCT_PRODUCT_NAME_ACTUARY,SYN__STG_FIN_FLAT__VW_IDAS_RLS_AMFS_KPI_ADD_LSTU_DAILY_MASTERPROD,MASTERPRODUCT_PRODUCT_NAME_ACTUARY
FACT_RLS_AMFS_APE_ADD_LSTU_DAILY,MASTERPRODUCT_PRODUCT_NAME_MARKETING,SYN__STG_FIN_FLAT__VW_IDAS_RLS_AMFS_KPI_ADD_LSTU_DAILY_MASTERPROD,MASTERPRODUCT_PRODUCT_NAME_MARKETING
FACT_RLS_AMFS_APE_ADD_LSTU_DAILY,MASTERPRODUCT_PRODUCT_NAME_FINANCE,SYN__STG_FIN_FLAT__VW_IDAS_RLS_AMFS_KPI_ADD_LSTU_DAILY_MASTERPROD,MASTERPRODUCT_PRODUCT_NAME_FINANCE
FACT_RLS_AMFS_APE_ADD_LSTU_DAILY,MASTERPRODUCT_PRODUCT_NAME_PEOPLESOFT,SYN__STG_FIN_FLAT__VW_IDAS_RLS_AMFS_KPI_ADD_LSTU_DAILY_MASTERPROD,MASTERPRODUCT_PRODUCT_NAME_PEOPLESOFT
FACT_RLS_AMFS_APE_ADD_LSTU_DAILY,MASTERPRODUCT_PRODUCT_SUMM_NAME,SYN__STG_FIN_FLAT__VW_IDAS_RLS_AMFS_KPI_ADD_LSTU_DAILY_MASTERPROD,MASTERPRODUCT_PRODUCT_SUMM_NAME
FACT_RLS_AMFS_APE_ADD_LSTU_DAILY,MASTERPRODUCT_ENTITY,SYN__STG_FIN_FLAT__VW_IDAS_RLS_AMFS_KPI_ADD_LSTU_DAILY_MASTERPROD,MASTERPRODUCT_ENTITY
FACT_RLS_AMFS_APE_ADD_LSTU_DAILY,MASTERPRODUCT_SYSTEM,SYN__STG_FIN_FLAT__VW_IDAS_RLS_AMFS_KPI_ADD_LSTU_DAILY_MASTERPROD,MASTERPRODUCT_SYSTEM
FACT_RLS_AMFS_APE_ADD_LSTU_DAILY,MASTERPRODUCT_PRODUCT_CODE_PRODUCTID,SYN__STG_FIN_FLAT__VW_IDAS_RLS_AMFS_KPI_ADD_LSTU_DAILY_MASTERPROD,MASTERPRODUCT_PRODUCT_CODE_PRODUCTID
FACT_RLS_AMFS_APE_ADD_LSTU_DAILY,MASTERPRODUCT_RIDER_CODE_PLANID,SYN__STG_FIN_FLAT__VW_IDAS_RLS_AMFS_KPI_ADD_LSTU_DAILY_MASTERPROD,MASTERPRODUCT_RIDER_CODE_PLANID
FACT_RLS_AMFS_APE_ADD_LSTU_DAILY,MASTERPRODUCT_APE_MIX,SYN__STG_FIN_FLAT__VW_IDAS_RLS_AMFS_KPI_ADD_LSTU_DAILY_MASTERPROD,MASTERPRODUCT_APE_MIX
FACT_RLS_AMFS_APE_ADD_LSTU_DAILY,MASTERPRODUCT_FUND_CODE,SYN__STG_FIN_FLAT__VW_IDAS_RLS_AMFS_KPI_ADD_LSTU_DAILY_MASTERPROD,MASTERPRODUCT_FUND_CODE
FACT_RLS_AMFS_APE_ADD_LSTU_DAILY,MASTERPRODUCT_FA_CATEGORY,SYN__STG_FIN_FLAT__VW_IDAS_RLS_AMFS_KPI_ADD_LSTU_DAILY_MASTERPROD,MASTERPRODUCT_FA_CATEGORY
FACT_RLS_AMFS_APE_ADD_LSTU_DAILY,MASTERPRODUCT_BAND,SYN__STG_FIN_FLAT__VW_IDAS_RLS_AMFS_KPI_ADD_LSTU_DAILY_MASTERPROD,MASTERPRODUCT_BAND
FACT_RLS_AMFS_APE_ADD_LSTU_DAILY,MASTERPRODUCT_CURRENCY,SYN__STG_FIN_FLAT__VW_IDAS_RLS_AMFS_KPI_ADD_LSTU_DAILY_MASTERPROD,MASTERPRODUCT_CURRENCY
FACT_RLS_AMFS_APE_ADD_RTU_DAILY,APE  ,VW_IDAS_RLS_AMFS_KPI_ADD_RTU_DAILY_WD_MASTERPROD,APE
FACT_RLS_AMFS_APE_ADD_RTU_DAILY,APE_EOM  ,VW_IDAS_RLS_AMFS_KPI_ADD_RTU_DAILY_WD_MASTERPROD,APE_EOM
FACT_RLS_AMFS_APE_ADD_RTU_DAILY,CASECOUNT  ,VW_IDAS_RLS_AMFS_KPI_ADD_RTU_DAILY_WD_MASTERPROD,
FACT_RLS_AMFS_APE_ADD_RTU_DAILY,APE_SOURCE  ,VW_IDAS_RLS_AMFS_KPI_ADD_RTU_DAILY_WD_MASTERPROD,
FACT_RLS_AMFS_APE_ADD_RTU_DAILY,FACTPERIOD  ,VW_IDAS_RLS_AMFS_KPI_ADD_RTU_DAILY_WD_MASTERPROD,FACTPERIOD
FACT_RLS_AMFS_APE_ADD_RTU_DAILY,PERIODKEY  ,VW_IDAS_RLS_AMFS_KPI_ADD_RTU_DAILY_WD_MASTERPROD,PERIODKEY
FACT_RLS_AMFS_APE_ADD_RTU_DAILY,PNO  ,VW_IDAS_RLS_AMFS_KPI_ADD_RTU_DAILY_WD_MASTERPROD,TRPNO
FACT_RLS_AMFS_APE_ADD_RTU_DAILY,APE_MIX  ,VW_IDAS_RLS_AMFS_KPI_ADD_RTU_DAILY_WD_MASTERPROD,APE_MIX
FACT_RLS_AMFS_APE_ADD_RTU_DAILY,PROCESS_TYPE  ,VW_IDAS_RLS_AMFS_KPI_ADD_RTU_DAILY_WD_MASTERPROD,PROCESS_TYPE
FACT_RLS_AMFS_APE_ADD_RTU_DAILY,PRODUCTID  ,VW_IDAS_RLS_AMFS_KPI_ADD_RTU_DAILY_WD_MASTERPROD,PRODUCTID
FACT_RLS_AMFS_APE_ADD_RTU_DAILY,PLANID  ,VW_IDAS_RLS_AMFS_KPI_ADD_RTU_DAILY_WD_MASTERPROD,PLANID
FACT_RLS_AMFS_APE_ADD_RTU_DAILY,PCCY  ,VW_IDAS_RLS_AMFS_KPI_ADD_RTU_DAILY_WD_MASTERPROD,TACCY
FACT_RLS_AMFS_APE_ADD_RTU_DAILY,BAND  ,VW_IDAS_RLS_AMFS_KPI_ADD_RTU_DAILY_WD_MASTERPROD,BAND
FACT_RLS_AMFS_APE_ADD_RTU_DAILY,UFCOD1  ,VW_IDAS_RLS_AMFS_KPI_ADD_RTU_DAILY_WD_MASTERPROD,UFCOD1
FACT_RLS_AMFS_APE_ADD_RTU_DAILY,UFCOD2  ,VW_IDAS_RLS_AMFS_KPI_ADD_RTU_DAILY_WD_MASTERPROD,UFCOD2
FACT_RLS_AMFS_APE_ADD_RTU_DAILY,UFCOD3  ,VW_IDAS_RLS_AMFS_KPI_ADD_RTU_DAILY_WD_MASTERPROD,UFCOD3
FACT_RLS_AMFS_APE_ADD_RTU_DAILY,UFCOD4  ,VW_IDAS_RLS_AMFS_KPI_ADD_RTU_DAILY_WD_MASTERPROD,UFCOD4
FACT_RLS_AMFS_APE_ADD_RTU_DAILY,UFCOD5  ,VW_IDAS_RLS_AMFS_KPI_ADD_RTU_DAILY_WD_MASTERPROD,UFCOD5
FACT_RLS_AMFS_APE_ADD_RTU_DAILY,UFCOD6  ,VW_IDAS_RLS_AMFS_KPI_ADD_RTU_DAILY_WD_MASTERPROD,UFCOD6
FACT_RLS_AMFS_APE_ADD_RTU_DAILY,FA_CATEGORY  ,VW_IDAS_RLS_AMFS_KPI_ADD_RTU_DAILY_WD_MASTERPROD,FA_CATEGORY
FACT_RLS_AMFS_APE_ADD_RTU_DAILY,FLAG_UPDATED  ,VW_IDAS_RLS_AMFS_KPI_ADD_RTU_DAILY_WD_MASTERPROD,
FACT_RLS_AMFS_APE_ADD_RTU_DAILY,STG_LOGDATE  ,VW_IDAS_RLS_AMFS_KPI_ADD_RTU_DAILY_WD_MASTERPROD,LOGDATE
FACT_RLS_AMFS_APE_ADD_RTU_DAILY,DWH_LOGDATE  ,VW_IDAS_RLS_AMFS_KPI_ADD_RTU_DAILY_WD_MASTERPROD,
FACT_RLS_AMFS_APE_ADD_RTU_DAILY,ENTITY  ,VW_IDAS_RLS_AMFS_KPI_ADD_RTU_DAILY_WD_MASTERPROD,
FACT_RLS_AMFS_APE_ADD_RTU_DAILY,SYSTEM  ,VW_IDAS_RLS_AMFS_KPI_ADD_RTU_DAILY_WD_MASTERPROD,
FACT_RLS_AMFS_APE_ADD_RTU_DAILY,MASTERPRODUCT_SYSTEM_CODE_ACTUARY  ,VW_IDAS_RLS_AMFS_KPI_ADD_RTU_DAILY_WD_MASTERPROD,MASTERPRODUCT_SYSTEM_CODE_ACTUARY
FACT_RLS_AMFS_APE_ADD_RTU_DAILY,MASTERPRODUCT_PRODUCT_ID_PEOPLESOFT  ,VW_IDAS_RLS_AMFS_KPI_ADD_RTU_DAILY_WD_MASTERPROD,MASTERPRODUCT_PRODUCT_ID_PEOPLESOFT
FACT_RLS_AMFS_APE_ADD_RTU_DAILY,MASTERPRODUCT_SP_RP  ,VW_IDAS_RLS_AMFS_KPI_ADD_RTU_DAILY_WD_MASTERPROD,MASTERPRODUCT_SP_RP
FACT_RLS_AMFS_APE_ADD_RTU_DAILY,MASTERPRODUCT_AMBITION_ID  ,VW_IDAS_RLS_AMFS_KPI_ADD_RTU_DAILY_WD_MASTERPROD,MASTERPRODUCT_AMBITION_ID
FACT_RLS_AMFS_APE_ADD_RTU_DAILY,MASTERPRODUCT_GMD_ID  ,VW_IDAS_RLS_AMFS_KPI_ADD_RTU_DAILY_WD_MASTERPROD,MASTERPRODUCT_GMD_ID
FACT_RLS_AMFS_APE_ADD_RTU_DAILY,MASTERPRODUCT_CHANNEL  ,VW_IDAS_RLS_AMFS_KPI_ADD_RTU_DAILY_WD_MASTERPROD,MASTERPRODUCT_CHANNEL
FACT_RLS_AMFS_APE_ADD_RTU_DAILY,MASTERPRODUCT_PRODUCT_GROUP  ,VW_IDAS_RLS_AMFS_KPI_ADD_RTU_DAILY_WD_MASTERPROD,MASTERPRODUCT_PRODUCT_GROUP
FACT_RLS_AMFS_APE_ADD_RTU_DAILY,MASTERPRODUCT_PRODUCT_CATEGORY  ,VW_IDAS_RLS_AMFS_KPI_ADD_RTU_DAILY_WD_MASTERPROD,MASTERPRODUCT_PRODUCT_CATEGORY
FACT_RLS_AMFS_APE_ADD_RTU_DAILY,MASTERPRODUCT_PRODUCT_SUB_CATEGORY  ,VW_IDAS_RLS_AMFS_KPI_ADD_RTU_DAILY_WD_MASTERPROD,MASTERPRODUCT_PRODUCT_SUB_CATEGORY
FACT_RLS_AMFS_APE_ADD_RTU_DAILY,MASTERPRODUCT_GMD_CATEGORY  ,VW_IDAS_RLS_AMFS_KPI_ADD_RTU_DAILY_WD_MASTERPROD,MASTERPRODUCT_GMD_CATEGORY
FACT_RLS_AMFS_APE_ADD_RTU_DAILY,MASTERPRODUCT_RIDER_CATEGORY  ,VW_IDAS_RLS_AMFS_KPI_ADD_RTU_DAILY_WD_MASTERPROD,MASTERPRODUCT_RIDER_CATEGORY
FACT_RLS_AMFS_APE_ADD_RTU_DAILY,MASTERPRODUCT_SYARIAH  ,VW_IDAS_RLS_AMFS_KPI_ADD_RTU_DAILY_WD_MASTERPROD,MASTERPRODUCT_SYARIAH
FACT_RLS_AMFS_APE_ADD_RTU_DAILY,MASTERPRODUCT_PRODUCT_NAME_ACTUARY  ,VW_IDAS_RLS_AMFS_KPI_ADD_RTU_DAILY_WD_MASTERPROD,MASTERPRODUCT_PRODUCT_NAME_ACTUARY
FACT_RLS_AMFS_APE_ADD_RTU_DAILY,MASTERPRODUCT_PRODUCT_NAME_MARKETING  ,VW_IDAS_RLS_AMFS_KPI_ADD_RTU_DAILY_WD_MASTERPROD,MASTERPRODUCT_PRODUCT_NAME_MARKETING
FACT_RLS_AMFS_APE_ADD_RTU_DAILY,MASTERPRODUCT_PRODUCT_NAME_FINANCE  ,VW_IDAS_RLS_AMFS_KPI_ADD_RTU_DAILY_WD_MASTERPROD,MASTERPRODUCT_PRODUCT_NAME_FINANCE
FACT_RLS_AMFS_APE_ADD_RTU_DAILY,MASTERPRODUCT_PRODUCT_NAME_PEOPLESOFT  ,VW_IDAS_RLS_AMFS_KPI_ADD_RTU_DAILY_WD_MASTERPROD,MASTERPRODUCT_PRODUCT_NAME_PEOPLESOFT
FACT_RLS_AMFS_APE_ADD_RTU_DAILY,MASTERPRODUCT_PRODUCT_SUMM_NAME  ,VW_IDAS_RLS_AMFS_KPI_ADD_RTU_DAILY_WD_MASTERPROD,MASTERPRODUCT_PRODUCT_SUMM_NAME
FACT_RLS_AMFS_APE_ADD_RTU_DAILY,MASTERPRODUCT_ENTITY  ,VW_IDAS_RLS_AMFS_KPI_ADD_RTU_DAILY_WD_MASTERPROD,MASTERPRODUCT_ENTITY
FACT_RLS_AMFS_APE_ADD_RTU_DAILY,MASTERPRODUCT_SYSTEM  ,VW_IDAS_RLS_AMFS_KPI_ADD_RTU_DAILY_WD_MASTERPROD,MASTERPRODUCT_SYSTEM
FACT_RLS_AMFS_APE_ADD_RTU_DAILY,MASTERPRODUCT_PRODUCT_CODE_PRODUCTID  ,VW_IDAS_RLS_AMFS_KPI_ADD_RTU_DAILY_WD_MASTERPROD,MASTERPRODUCT_PRODUCT_CODE_PRODUCTID
FACT_RLS_AMFS_APE_ADD_RTU_DAILY,MASTERPRODUCT_RIDER_CODE_PLANID  ,VW_IDAS_RLS_AMFS_KPI_ADD_RTU_DAILY_WD_MASTERPROD,MASTERPRODUCT_RIDER_CODE_PLANID
FACT_RLS_AMFS_APE_ADD_RTU_DAILY,MASTERPRODUCT_APE_MIX  ,VW_IDAS_RLS_AMFS_KPI_ADD_RTU_DAILY_WD_MASTERPROD,MASTERPRODUCT_APE_MIX
FACT_RLS_AMFS_APE_ADD_RTU_DAILY,MASTERPRODUCT_FUND_CODE  ,VW_IDAS_RLS_AMFS_KPI_ADD_RTU_DAILY_WD_MASTERPROD,MASTERPRODUCT_FUND_CODE
FACT_RLS_AMFS_APE_ADD_RTU_DAILY,MASTERPRODUCT_FA_CATEGORY  ,VW_IDAS_RLS_AMFS_KPI_ADD_RTU_DAILY_WD_MASTERPROD,MASTERPRODUCT_FA_CATEGORY
FACT_RLS_AMFS_APE_ADD_RTU_DAILY,MASTERPRODUCT_BAND  ,VW_IDAS_RLS_AMFS_KPI_ADD_RTU_DAILY_WD_MASTERPROD,MASTERPRODUCT_BAND
FACT_RLS_AMFS_APE_ADD_RTU_DAILY,MASTERPRODUCT_CURRENCY,VW_IDAS_RLS_AMFS_KPI_ADD_RTU_DAILY_WD_MASTERPROD,MASTERPRODUCT_CURRENCY
FACT_RLS_AMFS_APE_CHANGE_PREM_DAILY,APE  ,SYN__STG_FIN_FLAT__VW_IDAS_RLS_AMFS_KPI_CHG_BASIC_RIDER_DAILY_MASTERPROD,APE
FACT_RLS_AMFS_APE_CHANGE_PREM_DAILY,APE_EOM  ,SYN__STG_FIN_FLAT__VW_IDAS_RLS_AMFS_KPI_CHG_BASIC_RIDER_DAILY_MASTERPROD,APE_EOM
FACT_RLS_AMFS_APE_CHANGE_PREM_DAILY,CASECOUNT  ,SYN__STG_FIN_FLAT__VW_IDAS_RLS_AMFS_KPI_CHG_BASIC_RIDER_DAILY_MASTERPROD,
FACT_RLS_AMFS_APE_CHANGE_PREM_DAILY,APE_SOURCE  ,SYN__STG_FIN_FLAT__VW_IDAS_RLS_AMFS_KPI_CHG_BASIC_RIDER_DAILY_MASTERPROD,
FACT_RLS_AMFS_APE_CHANGE_PREM_DAILY,FACTPERIOD  ,SYN__STG_FIN_FLAT__VW_IDAS_RLS_AMFS_KPI_CHG_BASIC_RIDER_DAILY_MASTERPROD,FACTPERIOD
FACT_RLS_AMFS_APE_CHANGE_PREM_DAILY,PERIODKEY  ,SYN__STG_FIN_FLAT__VW_IDAS_RLS_AMFS_KPI_CHG_BASIC_RIDER_DAILY_MASTERPROD,TRDOA
FACT_RLS_AMFS_APE_CHANGE_PREM_DAILY,PNO  ,SYN__STG_FIN_FLAT__VW_IDAS_RLS_AMFS_KPI_CHG_BASIC_RIDER_DAILY_MASTERPROD,TRPNO
FACT_RLS_AMFS_APE_CHANGE_PREM_DAILY,APE_MIX  ,SYN__STG_FIN_FLAT__VW_IDAS_RLS_AMFS_KPI_CHG_BASIC_RIDER_DAILY_MASTERPROD,APE_MIX
FACT_RLS_AMFS_APE_CHANGE_PREM_DAILY,PROCESS_TYPE  ,SYN__STG_FIN_FLAT__VW_IDAS_RLS_AMFS_KPI_CHG_BASIC_RIDER_DAILY_MASTERPROD,PROCESS_TYPE
FACT_RLS_AMFS_APE_CHANGE_PREM_DAILY,PRODUCTID  ,SYN__STG_FIN_FLAT__VW_IDAS_RLS_AMFS_KPI_CHG_BASIC_RIDER_DAILY_MASTERPROD,PRODUCTID
FACT_RLS_AMFS_APE_CHANGE_PREM_DAILY,PLANID  ,SYN__STG_FIN_FLAT__VW_IDAS_RLS_AMFS_KPI_CHG_BASIC_RIDER_DAILY_MASTERPROD,PLANID
FACT_RLS_AMFS_APE_CHANGE_PREM_DAILY,PCCY  ,SYN__STG_FIN_FLAT__VW_IDAS_RLS_AMFS_KPI_CHG_BASIC_RIDER_DAILY_MASTERPROD,TACCY
FACT_RLS_AMFS_APE_CHANGE_PREM_DAILY,BAND  ,SYN__STG_FIN_FLAT__VW_IDAS_RLS_AMFS_KPI_CHG_BASIC_RIDER_DAILY_MASTERPROD,BAND
FACT_RLS_AMFS_APE_CHANGE_PREM_DAILY,UFCOD1  ,SYN__STG_FIN_FLAT__VW_IDAS_RLS_AMFS_KPI_CHG_BASIC_RIDER_DAILY_MASTERPROD,UFCOD1
FACT_RLS_AMFS_APE_CHANGE_PREM_DAILY,UFCOD2  ,SYN__STG_FIN_FLAT__VW_IDAS_RLS_AMFS_KPI_CHG_BASIC_RIDER_DAILY_MASTERPROD,UFCOD2
FACT_RLS_AMFS_APE_CHANGE_PREM_DAILY,UFCOD3  ,SYN__STG_FIN_FLAT__VW_IDAS_RLS_AMFS_KPI_CHG_BASIC_RIDER_DAILY_MASTERPROD,UFCOD3
FACT_RLS_AMFS_APE_CHANGE_PREM_DAILY,UFCOD4  ,SYN__STG_FIN_FLAT__VW_IDAS_RLS_AMFS_KPI_CHG_BASIC_RIDER_DAILY_MASTERPROD,UFCOD4
FACT_RLS_AMFS_APE_CHANGE_PREM_DAILY,UFCOD5  ,SYN__STG_FIN_FLAT__VW_IDAS_RLS_AMFS_KPI_CHG_BASIC_RIDER_DAILY_MASTERPROD,UFCOD5
FACT_RLS_AMFS_APE_CHANGE_PREM_DAILY,UFCOD6  ,SYN__STG_FIN_FLAT__VW_IDAS_RLS_AMFS_KPI_CHG_BASIC_RIDER_DAILY_MASTERPROD,UFCOD6
FACT_RLS_AMFS_APE_CHANGE_PREM_DAILY,FA_CATEGORY  ,SYN__STG_FIN_FLAT__VW_IDAS_RLS_AMFS_KPI_CHG_BASIC_RIDER_DAILY_MASTERPROD,FA_CATEGORY
FACT_RLS_AMFS_APE_CHANGE_PREM_DAILY,FLAG_UPDATED  ,SYN__STG_FIN_FLAT__VW_IDAS_RLS_AMFS_KPI_CHG_BASIC_RIDER_DAILY_MASTERPROD,
FACT_RLS_AMFS_APE_CHANGE_PREM_DAILY,STG_LOGDATE  ,SYN__STG_FIN_FLAT__VW_IDAS_RLS_AMFS_KPI_CHG_BASIC_RIDER_DAILY_MASTERPROD,LOGDATE
FACT_RLS_AMFS_APE_CHANGE_PREM_DAILY,DWH_LOGDATE  ,SYN__STG_FIN_FLAT__VW_IDAS_RLS_AMFS_KPI_CHG_BASIC_RIDER_DAILY_MASTERPROD,
FACT_RLS_AMFS_APE_CHANGE_PREM_DAILY,ENTITY  ,SYN__STG_FIN_FLAT__VW_IDAS_RLS_AMFS_KPI_CHG_BASIC_RIDER_DAILY_MASTERPROD,
FACT_RLS_AMFS_APE_CHANGE_PREM_DAILY,SYSTEM  ,SYN__STG_FIN_FLAT__VW_IDAS_RLS_AMFS_KPI_CHG_BASIC_RIDER_DAILY_MASTERPROD,
FACT_RLS_AMFS_APE_CHANGE_PREM_DAILY,MASTERPRODUCT_SYSTEM_CODE_ACTUARY  ,SYN__STG_FIN_FLAT__VW_IDAS_RLS_AMFS_KPI_CHG_BASIC_RIDER_DAILY_MASTERPROD,MASTERPRODUCT_SYSTEM_CODE_ACTUARY
FACT_RLS_AMFS_APE_CHANGE_PREM_DAILY,MASTERPRODUCT_PRODUCT_ID_PEOPLESOFT  ,SYN__STG_FIN_FLAT__VW_IDAS_RLS_AMFS_KPI_CHG_BASIC_RIDER_DAILY_MASTERPROD,MASTERPRODUCT_PRODUCT_ID_PEOPLESOFT
FACT_RLS_AMFS_APE_CHANGE_PREM_DAILY,MASTERPRODUCT_SP_RP  ,SYN__STG_FIN_FLAT__VW_IDAS_RLS_AMFS_KPI_CHG_BASIC_RIDER_DAILY_MASTERPROD,MASTERPRODUCT_SP_RP
FACT_RLS_AMFS_APE_CHANGE_PREM_DAILY,MASTERPRODUCT_AMBITION_ID  ,SYN__STG_FIN_FLAT__VW_IDAS_RLS_AMFS_KPI_CHG_BASIC_RIDER_DAILY_MASTERPROD,MASTERPRODUCT_AMBITION_ID
FACT_RLS_AMFS_APE_CHANGE_PREM_DAILY,MASTERPRODUCT_GMD_ID  ,SYN__STG_FIN_FLAT__VW_IDAS_RLS_AMFS_KPI_CHG_BASIC_RIDER_DAILY_MASTERPROD,MASTERPRODUCT_GMD_ID
FACT_RLS_AMFS_APE_CHANGE_PREM_DAILY,MASTERPRODUCT_CHANNEL  ,SYN__STG_FIN_FLAT__VW_IDAS_RLS_AMFS_KPI_CHG_BASIC_RIDER_DAILY_MASTERPROD,MASTERPRODUCT_CHANNEL
FACT_RLS_AMFS_APE_CHANGE_PREM_DAILY,MASTERPRODUCT_PRODUCT_GROUP  ,SYN__STG_FIN_FLAT__VW_IDAS_RLS_AMFS_KPI_CHG_BASIC_RIDER_DAILY_MASTERPROD,MASTERPRODUCT_PRODUCT_GROUP
FACT_RLS_AMFS_APE_CHANGE_PREM_DAILY,MASTERPRODUCT_PRODUCT_CATEGORY  ,SYN__STG_FIN_FLAT__VW_IDAS_RLS_AMFS_KPI_CHG_BASIC_RIDER_DAILY_MASTERPROD,MASTERPRODUCT_PRODUCT_CATEGORY
FACT_RLS_AMFS_APE_CHANGE_PREM_DAILY,MASTERPRODUCT_PRODUCT_SUB_CATEGORY  ,SYN__STG_FIN_FLAT__VW_IDAS_RLS_AMFS_KPI_CHG_BASIC_RIDER_DAILY_MASTERPROD,MASTERPRODUCT_PRODUCT_SUB_CATEGORY
FACT_RLS_AMFS_APE_CHANGE_PREM_DAILY,MASTERPRODUCT_GMD_CATEGORY  ,SYN__STG_FIN_FLAT__VW_IDAS_RLS_AMFS_KPI_CHG_BASIC_RIDER_DAILY_MASTERPROD,MASTERPRODUCT_GMD_CATEGORY
FACT_RLS_AMFS_APE_CHANGE_PREM_DAILY,MASTERPRODUCT_RIDER_CATEGORY  ,SYN__STG_FIN_FLAT__VW_IDAS_RLS_AMFS_KPI_CHG_BASIC_RIDER_DAILY_MASTERPROD,MASTERPRODUCT_RIDER_CATEGORY
FACT_RLS_AMFS_APE_CHANGE_PREM_DAILY,MASTERPRODUCT_SYARIAH  ,SYN__STG_FIN_FLAT__VW_IDAS_RLS_AMFS_KPI_CHG_BASIC_RIDER_DAILY_MASTERPROD,MASTERPRODUCT_SYARIAH
FACT_RLS_AMFS_APE_CHANGE_PREM_DAILY,MASTERPRODUCT_PRODUCT_NAME_ACTUARY  ,SYN__STG_FIN_FLAT__VW_IDAS_RLS_AMFS_KPI_CHG_BASIC_RIDER_DAILY_MASTERPROD,MASTERPRODUCT_PRODUCT_NAME_ACTUARY
FACT_RLS_AMFS_APE_CHANGE_PREM_DAILY,MASTERPRODUCT_PRODUCT_NAME_MARKETING  ,SYN__STG_FIN_FLAT__VW_IDAS_RLS_AMFS_KPI_CHG_BASIC_RIDER_DAILY_MASTERPROD,MASTERPRODUCT_PRODUCT_NAME_MARKETING
FACT_RLS_AMFS_APE_CHANGE_PREM_DAILY,MASTERPRODUCT_PRODUCT_NAME_FINANCE  ,SYN__STG_FIN_FLAT__VW_IDAS_RLS_AMFS_KPI_CHG_BASIC_RIDER_DAILY_MASTERPROD,MASTERPRODUCT_PRODUCT_NAME_FINANCE
FACT_RLS_AMFS_APE_CHANGE_PREM_DAILY,MASTERPRODUCT_PRODUCT_NAME_PEOPLESOFT  ,SYN__STG_FIN_FLAT__VW_IDAS_RLS_AMFS_KPI_CHG_BASIC_RIDER_DAILY_MASTERPROD,MASTERPRODUCT_PRODUCT_NAME_PEOPLESOFT
FACT_RLS_AMFS_APE_CHANGE_PREM_DAILY,MASTERPRODUCT_PRODUCT_SUMM_NAME  ,SYN__STG_FIN_FLAT__VW_IDAS_RLS_AMFS_KPI_CHG_BASIC_RIDER_DAILY_MASTERPROD,MASTERPRODUCT_PRODUCT_SUMM_NAME
FACT_RLS_AMFS_APE_CHANGE_PREM_DAILY,MASTERPRODUCT_ENTITY  ,SYN__STG_FIN_FLAT__VW_IDAS_RLS_AMFS_KPI_CHG_BASIC_RIDER_DAILY_MASTERPROD,MASTERPRODUCT_ENTITY
FACT_RLS_AMFS_APE_CHANGE_PREM_DAILY,MASTERPRODUCT_SYSTEM  ,SYN__STG_FIN_FLAT__VW_IDAS_RLS_AMFS_KPI_CHG_BASIC_RIDER_DAILY_MASTERPROD,MASTERPRODUCT_SYSTEM
FACT_RLS_AMFS_APE_CHANGE_PREM_DAILY,MASTERPRODUCT_PRODUCT_CODE_PRODUCTID  ,SYN__STG_FIN_FLAT__VW_IDAS_RLS_AMFS_KPI_CHG_BASIC_RIDER_DAILY_MASTERPROD,MASTERPRODUCT_PRODUCT_CODE_PRODUCTID
FACT_RLS_AMFS_APE_CHANGE_PREM_DAILY,MASTERPRODUCT_RIDER_CODE_PLANID  ,SYN__STG_FIN_FLAT__VW_IDAS_RLS_AMFS_KPI_CHG_BASIC_RIDER_DAILY_MASTERPROD,MASTERPRODUCT_RIDER_CODE_PLANID
FACT_RLS_AMFS_APE_CHANGE_PREM_DAILY,MASTERPRODUCT_APE_MIX  ,SYN__STG_FIN_FLAT__VW_IDAS_RLS_AMFS_KPI_CHG_BASIC_RIDER_DAILY_MASTERPROD,MASTERPRODUCT_APE_MIX
FACT_RLS_AMFS_APE_CHANGE_PREM_DAILY,MASTERPRODUCT_FUND_CODE  ,SYN__STG_FIN_FLAT__VW_IDAS_RLS_AMFS_KPI_CHG_BASIC_RIDER_DAILY_MASTERPROD,MASTERPRODUCT_FUND_CODE
FACT_RLS_AMFS_APE_CHANGE_PREM_DAILY,MASTERPRODUCT_FA_CATEGORY  ,SYN__STG_FIN_FLAT__VW_IDAS_RLS_AMFS_KPI_CHG_BASIC_RIDER_DAILY_MASTERPROD,MASTERPRODUCT_FA_CATEGORY
FACT_RLS_AMFS_APE_CHANGE_PREM_DAILY,MASTERPRODUCT_BAND  ,SYN__STG_FIN_FLAT__VW_IDAS_RLS_AMFS_KPI_CHG_BASIC_RIDER_DAILY_MASTERPROD,MASTERPRODUCT_BAND
FACT_RLS_AMFS_APE_CHANGE_PREM_DAILY,MASTERPRODUCT_CURRENCY,SYN__STG_FIN_FLAT__VW_IDAS_RLS_AMFS_KPI_CHG_BASIC_RIDER_DAILY_MASTERPROD,MASTERPRODUCT_CURRENCY
FACT_RLS_AMFS_APE_ISSUED_DAILY,PNO,IDAS_RLS_AMFS_KPI_ISSUED_DAILY_MASTERPROD_TEMP,PNO
FACT_RLS_AMFS_APE_ISSUED_DAILY,FACTPERIOD,IDAS_RLS_AMFS_KPI_ISSUED_DAILY_MASTERPROD_TEMP,FACTPERIOD
FACT_RLS_AMFS_APE_ISSUED_DAILY,APE_EOM,IDAS_RLS_AMFS_KPI_ISSUED_DAILY_MASTERPROD_TEMP,APE_EOM
FACT_RLS_AMFS_APE_ISSUED_DAILY,APE,VW_IDAS_RLS_AMFS_KPI_ISSUED_DAILY_MASTERPROD,APE
FACT_RLS_AMFS_APE_ISSUED_DAILY,CASECOUNT,VW_IDAS_RLS_AMFS_KPI_ISSUED_DAILY_MASTERPROD,CASECOUNT
FACT_RLS_AMFS_APE_ISSUED_DAILY,APE_SOURCE,,
FACT_RLS_AMFS_APE_ISSUED_DAILY,PERIODKEY,VW_IDAS_RLS_AMFS_KPI_ISSUED_DAILY_MASTERPROD,PERIODKEY
FACT_RLS_AMFS_APE_ISSUED_DAILY,APE_MIX,VW_IDAS_RLS_AMFS_KPI_ISSUED_DAILY_MASTERPROD,APE_MIX
FACT_RLS_AMFS_APE_ISSUED_DAILY,PROCESS_TYPE,VW_IDAS_RLS_AMFS_KPI_ISSUED_DAILY_MASTERPROD,PROCESS_TYPE
FACT_RLS_AMFS_APE_ISSUED_DAILY,PRODUCTID,VW_IDAS_RLS_AMFS_KPI_ISSUED_DAILY_MASTERPROD,PRODUCTID
FACT_RLS_AMFS_APE_ISSUED_DAILY,PLANID,VW_IDAS_RLS_AMFS_KPI_ISSUED_DAILY_MASTERPROD,PLANID
FACT_RLS_AMFS_APE_ISSUED_DAILY,PCCY,VW_IDAS_RLS_AMFS_KPI_ISSUED_DAILY_MASTERPROD,"PCCY, RFPPMH_PCCY, RFPPML_PCCY"
FACT_RLS_AMFS_APE_ISSUED_DAILY,BAND,VW_IDAS_RLS_AMFS_KPI_ISSUED_DAILY_MASTERPROD,BAND
FACT_RLS_AMFS_APE_ISSUED_DAILY,UFCOD1,VW_IDAS_RLS_AMFS_KPI_ISSUED_DAILY_MASTERPROD,UFCOD1
FACT_RLS_AMFS_APE_ISSUED_DAILY,UFCOD2,VW_IDAS_RLS_AMFS_KPI_ISSUED_DAILY_MASTERPROD,UFCOD2
FACT_RLS_AMFS_APE_ISSUED_DAILY,UFCOD3,VW_IDAS_RLS_AMFS_KPI_ISSUED_DAILY_MASTERPROD,UFCOD3
FACT_RLS_AMFS_APE_ISSUED_DAILY,UFCOD4,VW_IDAS_RLS_AMFS_KPI_ISSUED_DAILY_MASTERPROD,UFCOD4
FACT_RLS_AMFS_APE_ISSUED_DAILY,UFCOD5,VW_IDAS_RLS_AMFS_KPI_ISSUED_DAILY_MASTERPROD,UFCOD5
FACT_RLS_AMFS_APE_ISSUED_DAILY,UFCOD6,VW_IDAS_RLS_AMFS_KPI_ISSUED_DAILY_MASTERPROD,UFCOD6
FACT_RLS_AMFS_APE_ISSUED_DAILY,FA_CATEGORY,VW_IDAS_RLS_AMFS_KPI_ISSUED_DAILY_MASTERPROD,FA_CATEGORY
FACT_RLS_AMFS_APE_ISSUED_DAILY,FLAG_UPDATED,,
FACT_RLS_AMFS_APE_ISSUED_DAILY,STG_LOGDATE,,
FACT_RLS_AMFS_APE_ISSUED_DAILY,DWH_LOGDATE,,
FACT_RLS_AMFS_APE_ISSUED_DAILY,ENTITY,,
FACT_RLS_AMFS_APE_ISSUED_DAILY,SYSTEM,,
FACT_RLS_AMFS_APE_ISSUED_DAILY,AUSYSDT,VW_IDAS_RLS_AMFS_KPI_ISSUED_DAILY_MASTERPROD,AUSYSDT
FACT_RLS_AMFS_APE_ISSUED_DAILY,MASTERPRODUCT_SYSTEM_CODE_ACTUARY,VW_IDAS_RLS_AMFS_KPI_ISSUED_DAILY_MASTERPROD,MASTERPRODUCT_SYSTEM_CODE_ACTUARY
FACT_RLS_AMFS_APE_ISSUED_DAILY,MASTERPRODUCT_PRODUCT_ID_PEOPLESOFT,VW_IDAS_RLS_AMFS_KPI_ISSUED_DAILY_MASTERPROD,MASTERPRODUCT_PRODUCT_ID_PEOPLESOFT
FACT_RLS_AMFS_APE_ISSUED_DAILY,MASTERPRODUCT_SP_RP,VW_IDAS_RLS_AMFS_KPI_ISSUED_DAILY_MASTERPROD,MASTERPRODUCT_SP_RP
FACT_RLS_AMFS_APE_ISSUED_DAILY,MASTERPRODUCT_AMBITION_ID,VW_IDAS_RLS_AMFS_KPI_ISSUED_DAILY_MASTERPROD,MASTERPRODUCT_AMBITION_ID
FACT_RLS_AMFS_APE_ISSUED_DAILY,MASTERPRODUCT_GMD_ID,VW_IDAS_RLS_AMFS_KPI_ISSUED_DAILY_MASTERPROD,MASTERPRODUCT_GMD_ID
FACT_RLS_AMFS_APE_ISSUED_DAILY,MASTERPRODUCT_CHANNEL,VW_IDAS_RLS_AMFS_KPI_ISSUED_DAILY_MASTERPROD,MASTERPRODUCT_CHANNEL
FACT_RLS_AMFS_APE_ISSUED_DAILY,MASTERPRODUCT_PRODUCT_GROUP,VW_IDAS_RLS_AMFS_KPI_ISSUED_DAILY_MASTERPROD,MASTERPRODUCT_PRODUCT_GROUP
FACT_RLS_AMFS_APE_ISSUED_DAILY,MASTERPRODUCT_PRODUCT_CATEGORY,VW_IDAS_RLS_AMFS_KPI_ISSUED_DAILY_MASTERPROD,MASTERPRODUCT_PRODUCT_CATEGORY
FACT_RLS_AMFS_APE_ISSUED_DAILY,MASTERPRODUCT_PRODUCT_SUB_CATEGORY,VW_IDAS_RLS_AMFS_KPI_ISSUED_DAILY_MASTERPROD,MASTERPRODUCT_PRODUCT_SUB_CATEGORY
FACT_RLS_AMFS_APE_ISSUED_DAILY,MASTERPRODUCT_GMD_CATEGORY,VW_IDAS_RLS_AMFS_KPI_ISSUED_DAILY_MASTERPROD,MASTERPRODUCT_GMD_CATEGORY
FACT_RLS_AMFS_APE_ISSUED_DAILY,MASTERPRODUCT_RIDER_CATEGORY,VW_IDAS_RLS_AMFS_KPI_ISSUED_DAILY_MASTERPROD,MASTERPRODUCT_RIDER_CATEGORY
FACT_RLS_AMFS_APE_ISSUED_DAILY,MASTERPRODUCT_SYARIAH,VW_IDAS_RLS_AMFS_KPI_ISSUED_DAILY_MASTERPROD,MASTERPRODUCT_SYARIAH
FACT_RLS_AMFS_APE_ISSUED_DAILY,MASTERPRODUCT_PRODUCT_NAME_ACTUARY,VW_IDAS_RLS_AMFS_KPI_ISSUED_DAILY_MASTERPROD,MASTERPRODUCT_PRODUCT_NAME_ACTUARY
FACT_RLS_AMFS_APE_ISSUED_DAILY,MASTERPRODUCT_PRODUCT_NAME_MARKETING,VW_IDAS_RLS_AMFS_KPI_ISSUED_DAILY_MASTERPROD,MASTERPRODUCT_PRODUCT_NAME_MARKETING
FACT_RLS_AMFS_APE_ISSUED_DAILY,MASTERPRODUCT_PRODUCT_NAME_FINANCE,VW_IDAS_RLS_AMFS_KPI_ISSUED_DAILY_MASTERPROD,MASTERPRODUCT_PRODUCT_NAME_FINANCE
FACT_RLS_AMFS_APE_ISSUED_DAILY,MASTERPRODUCT_PRODUCT_NAME_PEOPLESOFT,VW_IDAS_RLS_AMFS_KPI_ISSUED_DAILY_MASTERPROD,MASTERPRODUCT_PRODUCT_NAME_PEOPLESOFT
FACT_RLS_AMFS_APE_ISSUED_DAILY,MASTERPRODUCT_PRODUCT_SUMM_NAME,VW_IDAS_RLS_AMFS_KPI_ISSUED_DAILY_MASTERPROD,MASTERPRODUCT_PRODUCT_SUMM_NAME
FACT_RLS_AMFS_APE_ISSUED_DAILY,MASTERPRODUCT_ENTITY,VW_IDAS_RLS_AMFS_KPI_ISSUED_DAILY_MASTERPROD,MASTERPRODUCT_ENTITY
FACT_RLS_AMFS_APE_ISSUED_DAILY,MASTERPRODUCT_SYSTEM,VW_IDAS_RLS_AMFS_KPI_ISSUED_DAILY_MASTERPROD,MASTERPRODUCT_SYSTEM
FACT_RLS_AMFS_APE_ISSUED_DAILY,MASTERPRODUCT_PRODUCT_CODE_PRODUCTID,VW_IDAS_RLS_AMFS_KPI_ISSUED_DAILY_MASTERPROD,MASTERPRODUCT_PRODUCT_CODE_PRODUCTID
FACT_RLS_AMFS_APE_ISSUED_DAILY,MASTERPRODUCT_RIDER_CODE_PLANID,VW_IDAS_RLS_AMFS_KPI_ISSUED_DAILY_MASTERPROD,MASTERPRODUCT_RIDER_CODE_PLANID
FACT_RLS_AMFS_APE_ISSUED_DAILY,MASTERPRODUCT_APE_MIX,VW_IDAS_RLS_AMFS_KPI_ISSUED_DAILY_MASTERPROD,MASTERPRODUCT_APE_MIX
FACT_RLS_AMFS_APE_ISSUED_DAILY,MASTERPRODUCT_FUND_CODE,VW_IDAS_RLS_AMFS_KPI_ISSUED_DAILY_MASTERPROD,MASTERPRODUCT_FUND_CODE
FACT_RLS_AMFS_APE_ISSUED_DAILY,MASTERPRODUCT_FA_CATEGORY,VW_IDAS_RLS_AMFS_KPI_ISSUED_DAILY_MASTERPROD,MASTERPRODUCT_FA_CATEGORY
FACT_RLS_AMFS_APE_ISSUED_DAILY,MASTERPRODUCT_BAND,VW_IDAS_RLS_AMFS_KPI_ISSUED_DAILY_MASTERPROD,MASTERPRODUCT_BAND
FACT_RLS_AMFS_APE_ISSUED_DAILY,MASTERPRODUCT_CURRENCY,VW_IDAS_RLS_AMFS_KPI_ISSUED_DAILY_MASTERPROD,MASTERPRODUCT_CURRENCY
FACT_DMTM_AMFS_APE_ISSUED_DAILY_MMS,APE_MMS,VW_IDAS_DMTM_AMFS_KPI_ISSUED_DAILY_WD_MASTERPROD_MMS,APE_MMS
FACT_DMTM_AMFS_APE_ISSUED_DAILY_MMS,CASECOUNT_MMS,VW_IDAS_DMTM_AMFS_KPI_ISSUED_DAILY_WD_MASTERPROD_MMS,CASECOUNT_MMS
FACT_DMTM_AMFS_APE_ISSUED_DAILY_MMS,APE_SOURCE,VW_IDAS_DMTM_AMFS_KPI_ISSUED_DAILY_WD_MASTERPROD_MMS,
FACT_DMTM_AMFS_APE_ISSUED_DAILY_MMS,FACTPERIOD,VW_IDAS_DMTM_AMFS_KPI_ISSUED_DAILY_WD_MASTERPROD_MMS,FACTPERIOD
FACT_DMTM_AMFS_APE_ISSUED_DAILY_MMS,PERIODKEY,VW_IDAS_DMTM_AMFS_KPI_ISSUED_DAILY_WD_MASTERPROD_MMS,PERIODKEY
FACT_DMTM_AMFS_APE_ISSUED_DAILY_MMS,PNO,VW_IDAS_DMTM_AMFS_KPI_ISSUED_DAILY_WD_MASTERPROD_MMS,POLICYNO
FACT_DMTM_AMFS_APE_ISSUED_DAILY_MMS,APE_MIX,VW_IDAS_DMTM_AMFS_KPI_ISSUED_DAILY_WD_MASTERPROD_MMS,APE_MIX
FACT_DMTM_AMFS_APE_ISSUED_DAILY_MMS,PROCESS_TYPE  ,VW_IDAS_DMTM_AMFS_KPI_ISSUED_DAILY_WD_MASTERPROD_MMS,PROCESS_TYPE  
FACT_DMTM_AMFS_APE_ISSUED_DAILY_MMS,PRODUCTID  ,VW_IDAS_DMTM_AMFS_KPI_ISSUED_DAILY_WD_MASTERPROD_MMS,PRODUCTID  
FACT_DMTM_AMFS_APE_ISSUED_DAILY_MMS,PLANID  ,VW_IDAS_DMTM_AMFS_KPI_ISSUED_DAILY_WD_MASTERPROD_MMS,PLANID  
FACT_DMTM_AMFS_APE_ISSUED_DAILY_MMS,PCCY,VW_IDAS_DMTM_AMFS_KPI_ISSUED_DAILY_WD_MASTERPROD_MMS,CURRENCYID
FACT_DMTM_AMFS_APE_ISSUED_DAILY_MMS,BAND,VW_IDAS_DMTM_AMFS_KPI_ISSUED_DAILY_WD_MASTERPROD_MMS,BAND
FACT_DMTM_AMFS_APE_ISSUED_DAILY_MMS,UFCOD1,VW_IDAS_DMTM_AMFS_KPI_ISSUED_DAILY_WD_MASTERPROD_MMS,
FACT_DMTM_AMFS_APE_ISSUED_DAILY_MMS,UFCOD2,VW_IDAS_DMTM_AMFS_KPI_ISSUED_DAILY_WD_MASTERPROD_MMS,
FACT_DMTM_AMFS_APE_ISSUED_DAILY_MMS,UFCOD3,VW_IDAS_DMTM_AMFS_KPI_ISSUED_DAILY_WD_MASTERPROD_MMS,
FACT_DMTM_AMFS_APE_ISSUED_DAILY_MMS,UFCOD4,VW_IDAS_DMTM_AMFS_KPI_ISSUED_DAILY_WD_MASTERPROD_MMS,
FACT_DMTM_AMFS_APE_ISSUED_DAILY_MMS,UFCOD5,VW_IDAS_DMTM_AMFS_KPI_ISSUED_DAILY_WD_MASTERPROD_MMS,
FACT_DMTM_AMFS_APE_ISSUED_DAILY_MMS,UFCOD6,VW_IDAS_DMTM_AMFS_KPI_ISSUED_DAILY_WD_MASTERPROD_MMS,
FACT_DMTM_AMFS_APE_ISSUED_DAILY_MMS,FA_CATEGORY,VW_IDAS_DMTM_AMFS_KPI_ISSUED_DAILY_WD_MASTERPROD_MMS,
FACT_DMTM_AMFS_APE_ISSUED_DAILY_MMS,FLAG_UPDATED,VW_IDAS_DMTM_AMFS_KPI_ISSUED_DAILY_WD_MASTERPROD_MMS,
FACT_DMTM_AMFS_APE_ISSUED_DAILY_MMS,STG_LOGDATE,VW_IDAS_DMTM_AMFS_KPI_ISSUED_DAILY_WD_MASTERPROD_MMS,LOGDATE
FACT_DMTM_AMFS_APE_ISSUED_DAILY_MMS,DWH_LOGDATE,VW_IDAS_DMTM_AMFS_KPI_ISSUED_DAILY_WD_MASTERPROD_MMS,
FACT_DMTM_AMFS_APE_ISSUED_DAILY_MMS,ENTITY,VW_IDAS_DMTM_AMFS_KPI_ISSUED_DAILY_WD_MASTERPROD_MMS,
FACT_DMTM_AMFS_APE_ISSUED_DAILY_MMS,SYSTEM,VW_IDAS_DMTM_AMFS_KPI_ISSUED_DAILY_WD_MASTERPROD_MMS,
FACT_DMTM_AMFS_APE_ISSUED_DAILY_MMS,MASTERPRODUCT_SYSTEM_CODE_ACTUARY,VW_IDAS_DMTM_AMFS_KPI_ISSUED_DAILY_WD_MASTERPROD_MMS,MASTERPRODUCT_SYSTEM_CODE_ACTUARY
FACT_DMTM_AMFS_APE_ISSUED_DAILY_MMS,MASTERPRODUCT_PRODUCT_ID_PEOPLESOFT,VW_IDAS_DMTM_AMFS_KPI_ISSUED_DAILY_WD_MASTERPROD_MMS,MASTERPRODUCT_PRODUCT_ID_PEOPLESOFT
FACT_DMTM_AMFS_APE_ISSUED_DAILY_MMS,MASTERPRODUCT_SP_RP,VW_IDAS_DMTM_AMFS_KPI_ISSUED_DAILY_WD_MASTERPROD_MMS,MASTERPRODUCT_SP_RP
FACT_DMTM_AMFS_APE_ISSUED_DAILY_MMS,MASTERPRODUCT_AMBITION_ID,VW_IDAS_DMTM_AMFS_KPI_ISSUED_DAILY_WD_MASTERPROD_MMS,MASTERPRODUCT_AMBITION_ID
FACT_DMTM_AMFS_APE_ISSUED_DAILY_MMS,MASTERPRODUCT_GMD_ID,VW_IDAS_DMTM_AMFS_KPI_ISSUED_DAILY_WD_MASTERPROD_MMS,MASTERPRODUCT_GMD_ID
FACT_DMTM_AMFS_APE_ISSUED_DAILY_MMS,MASTERPRODUCT_CHANNEL,VW_IDAS_DMTM_AMFS_KPI_ISSUED_DAILY_WD_MASTERPROD_MMS,MASTERPRODUCT_CHANNEL
FACT_DMTM_AMFS_APE_ISSUED_DAILY_MMS,MASTERPRODUCT_PRODUCT_GROUP,VW_IDAS_DMTM_AMFS_KPI_ISSUED_DAILY_WD_MASTERPROD_MMS,MASTERPRODUCT_PRODUCT_GROUP
FACT_DMTM_AMFS_APE_ISSUED_DAILY_MMS,MASTERPRODUCT_PRODUCT_CATEGORY,VW_IDAS_DMTM_AMFS_KPI_ISSUED_DAILY_WD_MASTERPROD_MMS,MASTERPRODUCT_PRODUCT_CATEGORY
FACT_DMTM_AMFS_APE_ISSUED_DAILY_MMS,MASTERPRODUCT_PRODUCT_SUB_CATEGORY,VW_IDAS_DMTM_AMFS_KPI_ISSUED_DAILY_WD_MASTERPROD_MMS,MASTERPRODUCT_PRODUCT_SUB_CATEGORY
FACT_DMTM_AMFS_APE_ISSUED_DAILY_MMS,MASTERPRODUCT_GMD_CATEGORY,VW_IDAS_DMTM_AMFS_KPI_ISSUED_DAILY_WD_MASTERPROD_MMS,MASTERPRODUCT_GMD_CATEGORY
FACT_DMTM_AMFS_APE_ISSUED_DAILY_MMS,MASTERPRODUCT_RIDER_CATEGORY,VW_IDAS_DMTM_AMFS_KPI_ISSUED_DAILY_WD_MASTERPROD_MMS,MASTERPRODUCT_RIDER_CATEGORY
FACT_DMTM_AMFS_APE_ISSUED_DAILY_MMS,MASTERPRODUCT_SYARIAH,VW_IDAS_DMTM_AMFS_KPI_ISSUED_DAILY_WD_MASTERPROD_MMS,MASTERPRODUCT_SYARIAH
FACT_DMTM_AMFS_APE_ISSUED_DAILY_MMS,MASTERPRODUCT_PRODUCT_NAME_ACTUARY,VW_IDAS_DMTM_AMFS_KPI_ISSUED_DAILY_WD_MASTERPROD_MMS,MASTERPRODUCT_PRODUCT_NAME_ACTUARY
FACT_DMTM_AMFS_APE_ISSUED_DAILY_MMS,MASTERPRODUCT_PRODUCT_NAME_MARKETING,VW_IDAS_DMTM_AMFS_KPI_ISSUED_DAILY_WD_MASTERPROD_MMS,MASTERPRODUCT_PRODUCT_NAME_MARKETING
FACT_DMTM_AMFS_APE_ISSUED_DAILY_MMS,MASTERPRODUCT_PRODUCT_NAME_FINANCE,VW_IDAS_DMTM_AMFS_KPI_ISSUED_DAILY_WD_MASTERPROD_MMS,MASTERPRODUCT_PRODUCT_NAME_FINANCE
FACT_DMTM_AMFS_APE_ISSUED_DAILY_MMS,MASTERPRODUCT_PRODUCT_NAME_PEOPLESOFT,VW_IDAS_DMTM_AMFS_KPI_ISSUED_DAILY_WD_MASTERPROD_MMS,MASTERPRODUCT_PRODUCT_NAME_PEOPLESOFT
FACT_DMTM_AMFS_APE_ISSUED_DAILY_MMS,MASTERPRODUCT_PRODUCT_SUMM_NAME,VW_IDAS_DMTM_AMFS_KPI_ISSUED_DAILY_WD_MASTERPROD_MMS,MASTERPRODUCT_PRODUCT_SUMM_NAME
FACT_DMTM_AMFS_APE_ISSUED_DAILY_MMS,MASTERPRODUCT_ENTITY,VW_IDAS_DMTM_AMFS_KPI_ISSUED_DAILY_WD_MASTERPROD_MMS,MASTERPRODUCT_ENTITY
FACT_DMTM_AMFS_APE_ISSUED_DAILY_MMS,MASTERPRODUCT_SYSTEM,VW_IDAS_DMTM_AMFS_KPI_ISSUED_DAILY_WD_MASTERPROD_MMS,MASTERPRODUCT_SYSTEM
FACT_DMTM_AMFS_APE_ISSUED_DAILY_MMS,MASTERPRODUCT_PRODUCT_CODE_PRODUCTID,VW_IDAS_DMTM_AMFS_KPI_ISSUED_DAILY_WD_MASTERPROD_MMS,MASTERPRODUCT_PRODUCT_CODE_PRODUCTID
FACT_DMTM_AMFS_APE_ISSUED_DAILY_MMS,MASTERPRODUCT_RIDER_CODE_PLANID,VW_IDAS_DMTM_AMFS_KPI_ISSUED_DAILY_WD_MASTERPROD_MMS,MASTERPRODUCT_RIDER_CODE_PLANID
FACT_DMTM_AMFS_APE_ISSUED_DAILY_MMS,MASTERPRODUCT_APE_MIX,VW_IDAS_DMTM_AMFS_KPI_ISSUED_DAILY_WD_MASTERPROD_MMS,MASTERPRODUCT_APE_MIX
FACT_DMTM_AMFS_APE_ISSUED_DAILY_MMS,MASTERPRODUCT_FUND_CODE,VW_IDAS_DMTM_AMFS_KPI_ISSUED_DAILY_WD_MASTERPROD_MMS,MASTERPRODUCT_FUND_CODE
FACT_DMTM_AMFS_APE_ISSUED_DAILY_MMS,MASTERPRODUCT_FA_CATEGORY,VW_IDAS_DMTM_AMFS_KPI_ISSUED_DAILY_WD_MASTERPROD_MMS,MASTERPRODUCT_FA_CATEGORY
FACT_DMTM_AMFS_APE_ISSUED_DAILY_MMS,MASTERPRODUCT_BAND,VW_IDAS_DMTM_AMFS_KPI_ISSUED_DAILY_WD_MASTERPROD_MMS,MASTERPRODUCT_BAND
FACT_DMTM_AMFS_APE_ISSUED_DAILY_MMS,MASTERPRODUCT_CURRENCY,VW_IDAS_DMTM_AMFS_KPI_ISSUED_DAILY_WD_MASTERPROD_MMS,MASTERPRODUCT_CURRENCY
FACT_DMTM_AMFS_APE_ISSUED_DAILY_AMMS30,APE,VW_IDAS_DMTM_AMFS_KPI_ISSUED_DAILY_WD_MASTERPROD_AMMS30,APE
FACT_DMTM_AMFS_APE_ISSUED_DAILY_AMMS30,CASECOUNT,VW_IDAS_DMTM_AMFS_KPI_ISSUED_DAILY_WD_MASTERPROD_AMMS30,CASECOUNT
FACT_DMTM_AMFS_APE_ISSUED_DAILY_AMMS30,APE_SOURCE,VW_IDAS_DMTM_AMFS_KPI_ISSUED_DAILY_WD_MASTERPROD_AMMS30,
FACT_DMTM_AMFS_APE_ISSUED_DAILY_AMMS30,FACTPERIOD,VW_IDAS_DMTM_AMFS_KPI_ISSUED_DAILY_WD_MASTERPROD_AMMS30,FACTPERIOD
FACT_DMTM_AMFS_APE_ISSUED_DAILY_AMMS30,PERIODKEY,VW_IDAS_DMTM_AMFS_KPI_ISSUED_DAILY_WD_MASTERPROD_AMMS30,PERIODKEY
FACT_DMTM_AMFS_APE_ISSUED_DAILY_AMMS30,PNO,VW_IDAS_DMTM_AMFS_KPI_ISSUED_DAILY_WD_MASTERPROD_AMMS30,POLICYNO
FACT_DMTM_AMFS_APE_ISSUED_DAILY_AMMS30,APE_MIX,VW_IDAS_DMTM_AMFS_KPI_ISSUED_DAILY_WD_MASTERPROD_AMMS30,APE_MIX
FACT_DMTM_AMFS_APE_ISSUED_DAILY_AMMS30,PROCESS_TYPE,VW_IDAS_DMTM_AMFS_KPI_ISSUED_DAILY_WD_MASTERPROD_AMMS30,PROCESS_TYPE
FACT_DMTM_AMFS_APE_ISSUED_DAILY_AMMS30,PRODUCTID,VW_IDAS_DMTM_AMFS_KPI_ISSUED_DAILY_WD_MASTERPROD_AMMS30,PRODUCTID
FACT_DMTM_AMFS_APE_ISSUED_DAILY_AMMS30,PLANID,VW_IDAS_DMTM_AMFS_KPI_ISSUED_DAILY_WD_MASTERPROD_AMMS30,PLANID
FACT_DMTM_AMFS_APE_ISSUED_DAILY_AMMS30,PCCY,VW_IDAS_DMTM_AMFS_KPI_ISSUED_DAILY_WD_MASTERPROD_AMMS30,CURRENCYID
FACT_DMTM_AMFS_APE_ISSUED_DAILY_AMMS30,BAND,VW_IDAS_DMTM_AMFS_KPI_ISSUED_DAILY_WD_MASTERPROD_AMMS30,BAND
FACT_DMTM_AMFS_APE_ISSUED_DAILY_AMMS30,UFCOD1,VW_IDAS_DMTM_AMFS_KPI_ISSUED_DAILY_WD_MASTERPROD_AMMS30,
FACT_DMTM_AMFS_APE_ISSUED_DAILY_AMMS30,UFCOD2,VW_IDAS_DMTM_AMFS_KPI_ISSUED_DAILY_WD_MASTERPROD_AMMS30,
FACT_DMTM_AMFS_APE_ISSUED_DAILY_AMMS30,UFCOD3,VW_IDAS_DMTM_AMFS_KPI_ISSUED_DAILY_WD_MASTERPROD_AMMS30,
FACT_DMTM_AMFS_APE_ISSUED_DAILY_AMMS30,UFCOD4,VW_IDAS_DMTM_AMFS_KPI_ISSUED_DAILY_WD_MASTERPROD_AMMS30,
FACT_DMTM_AMFS_APE_ISSUED_DAILY_AMMS30,UFCOD5,VW_IDAS_DMTM_AMFS_KPI_ISSUED_DAILY_WD_MASTERPROD_AMMS30,
FACT_DMTM_AMFS_APE_ISSUED_DAILY_AMMS30,UFCOD6,VW_IDAS_DMTM_AMFS_KPI_ISSUED_DAILY_WD_MASTERPROD_AMMS30,
FACT_DMTM_AMFS_APE_ISSUED_DAILY_AMMS30,FA_CATEGORY,VW_IDAS_DMTM_AMFS_KPI_ISSUED_DAILY_WD_MASTERPROD_AMMS30,
FACT_DMTM_AMFS_APE_ISSUED_DAILY_AMMS30,FLAG_UPDATED,VW_IDAS_DMTM_AMFS_KPI_ISSUED_DAILY_WD_MASTERPROD_AMMS30,
FACT_DMTM_AMFS_APE_ISSUED_DAILY_AMMS30,STG_LOGDATE,VW_IDAS_DMTM_AMFS_KPI_ISSUED_DAILY_WD_MASTERPROD_AMMS30,LOGDATE
FACT_DMTM_AMFS_APE_ISSUED_DAILY_AMMS30,DWH_LOGDATE,VW_IDAS_DMTM_AMFS_KPI_ISSUED_DAILY_WD_MASTERPROD_AMMS30,
FACT_DMTM_AMFS_APE_ISSUED_DAILY_AMMS30,ENTITY,VW_IDAS_DMTM_AMFS_KPI_ISSUED_DAILY_WD_MASTERPROD_AMMS30,
FACT_DMTM_AMFS_APE_ISSUED_DAILY_AMMS30,SYSTEM,VW_IDAS_DMTM_AMFS_KPI_ISSUED_DAILY_WD_MASTERPROD_AMMS30,
FACT_DMTM_AMFS_APE_ISSUED_DAILY_AMMS30,MASTERPRODUCT_SYSTEM_CODE_ACTUARY,VW_IDAS_DMTM_AMFS_KPI_ISSUED_DAILY_WD_MASTERPROD_AMMS30,MASTERPRODUCT_SYSTEM_CODE_ACTUARY
FACT_DMTM_AMFS_APE_ISSUED_DAILY_AMMS30,MASTERPRODUCT_PRODUCT_ID_PEOPLESOFT,VW_IDAS_DMTM_AMFS_KPI_ISSUED_DAILY_WD_MASTERPROD_AMMS30,MASTERPRODUCT_PRODUCT_ID_PEOPLESOFT
FACT_DMTM_AMFS_APE_ISSUED_DAILY_AMMS30,MASTERPRODUCT_SP_RP,VW_IDAS_DMTM_AMFS_KPI_ISSUED_DAILY_WD_MASTERPROD_AMMS30,MASTERPRODUCT_SP_RP
FACT_DMTM_AMFS_APE_ISSUED_DAILY_AMMS30,MASTERPRODUCT_AMBITION_ID,VW_IDAS_DMTM_AMFS_KPI_ISSUED_DAILY_WD_MASTERPROD_AMMS30,MASTERPRODUCT_AMBITION_ID
FACT_DMTM_AMFS_APE_ISSUED_DAILY_AMMS30,MASTERPRODUCT_GMD_ID,VW_IDAS_DMTM_AMFS_KPI_ISSUED_DAILY_WD_MASTERPROD_AMMS30,MASTERPRODUCT_GMD_ID
FACT_DMTM_AMFS_APE_ISSUED_DAILY_AMMS30,MASTERPRODUCT_CHANNEL,VW_IDAS_DMTM_AMFS_KPI_ISSUED_DAILY_WD_MASTERPROD_AMMS30,MASTERPRODUCT_CHANNEL
FACT_DMTM_AMFS_APE_ISSUED_DAILY_AMMS30,MASTERPRODUCT_PRODUCT_GROUP,VW_IDAS_DMTM_AMFS_KPI_ISSUED_DAILY_WD_MASTERPROD_AMMS30,MASTERPRODUCT_PRODUCT_GROUP
FACT_DMTM_AMFS_APE_ISSUED_DAILY_AMMS30,MASTERPRODUCT_PRODUCT_CATEGORY,VW_IDAS_DMTM_AMFS_KPI_ISSUED_DAILY_WD_MASTERPROD_AMMS30,MASTERPRODUCT_PRODUCT_CATEGORY
FACT_DMTM_AMFS_APE_ISSUED_DAILY_AMMS30,MASTERPRODUCT_PRODUCT_SUB_CATEGORY,VW_IDAS_DMTM_AMFS_KPI_ISSUED_DAILY_WD_MASTERPROD_AMMS30,MASTERPRODUCT_PRODUCT_SUB_CATEGORY
FACT_DMTM_AMFS_APE_ISSUED_DAILY_AMMS30,MASTERPRODUCT_GMD_CATEGORY,VW_IDAS_DMTM_AMFS_KPI_ISSUED_DAILY_WD_MASTERPROD_AMMS30,MASTERPRODUCT_GMD_CATEGORY
FACT_DMTM_AMFS_APE_ISSUED_DAILY_AMMS30,MASTERPRODUCT_RIDER_CATEGORY,VW_IDAS_DMTM_AMFS_KPI_ISSUED_DAILY_WD_MASTERPROD_AMMS30,MASTERPRODUCT_RIDER_CATEGORY
FACT_DMTM_AMFS_APE_ISSUED_DAILY_AMMS30,MASTERPRODUCT_SYARIAH,VW_IDAS_DMTM_AMFS_KPI_ISSUED_DAILY_WD_MASTERPROD_AMMS30,MASTERPRODUCT_SYARIAH
FACT_DMTM_AMFS_APE_ISSUED_DAILY_AMMS30,MASTERPRODUCT_PRODUCT_NAME_ACTUARY,VW_IDAS_DMTM_AMFS_KPI_ISSUED_DAILY_WD_MASTERPROD_AMMS30,MASTERPRODUCT_PRODUCT_NAME_ACTUARY
FACT_DMTM_AMFS_APE_ISSUED_DAILY_AMMS30,MASTERPRODUCT_PRODUCT_NAME_MARKETING,VW_IDAS_DMTM_AMFS_KPI_ISSUED_DAILY_WD_MASTERPROD_AMMS30,MASTERPRODUCT_PRODUCT_NAME_MARKETING
FACT_DMTM_AMFS_APE_ISSUED_DAILY_AMMS30,MASTERPRODUCT_PRODUCT_NAME_FINANCE,VW_IDAS_DMTM_AMFS_KPI_ISSUED_DAILY_WD_MASTERPROD_AMMS30,MASTERPRODUCT_PRODUCT_NAME_FINANCE
FACT_DMTM_AMFS_APE_ISSUED_DAILY_AMMS30,MASTERPRODUCT_PRODUCT_NAME_PEOPLESOFT,VW_IDAS_DMTM_AMFS_KPI_ISSUED_DAILY_WD_MASTERPROD_AMMS30,MASTERPRODUCT_PRODUCT_NAME_PEOPLESOFT
FACT_DMTM_AMFS_APE_ISSUED_DAILY_AMMS30,MASTERPRODUCT_PRODUCT_SUMM_NAME,VW_IDAS_DMTM_AMFS_KPI_ISSUED_DAILY_WD_MASTERPROD_AMMS30,MASTERPRODUCT_PRODUCT_SUMM_NAME
FACT_DMTM_AMFS_APE_ISSUED_DAILY_AMMS30,MASTERPRODUCT_ENTITY,VW_IDAS_DMTM_AMFS_KPI_ISSUED_DAILY_WD_MASTERPROD_AMMS30,MASTERPRODUCT_ENTITY
FACT_DMTM_AMFS_APE_ISSUED_DAILY_AMMS30,MASTERPRODUCT_SYSTEM,VW_IDAS_DMTM_AMFS_KPI_ISSUED_DAILY_WD_MASTERPROD_AMMS30,MASTERPRODUCT_SYSTEM
FACT_DMTM_AMFS_APE_ISSUED_DAILY_AMMS30,MASTERPRODUCT_PRODUCT_CODE_PRODUCTID,VW_IDAS_DMTM_AMFS_KPI_ISSUED_DAILY_WD_MASTERPROD_AMMS30,MASTERPRODUCT_PRODUCT_CODE_PRODUCTID
FACT_DMTM_AMFS_APE_ISSUED_DAILY_AMMS30,MASTERPRODUCT_RIDER_CODE_PLANID,VW_IDAS_DMTM_AMFS_KPI_ISSUED_DAILY_WD_MASTERPROD_AMMS30,MASTERPRODUCT_RIDER_CODE_PLANID
FACT_DMTM_AMFS_APE_ISSUED_DAILY_AMMS30,MASTERPRODUCT_APE_MIX,VW_IDAS_DMTM_AMFS_KPI_ISSUED_DAILY_WD_MASTERPROD_AMMS30,MASTERPRODUCT_APE_MIX
FACT_DMTM_AMFS_APE_ISSUED_DAILY_AMMS30,MASTERPRODUCT_FUND_CODE,VW_IDAS_DMTM_AMFS_KPI_ISSUED_DAILY_WD_MASTERPROD_AMMS30,MASTERPRODUCT_FUND_CODE
FACT_DMTM_AMFS_APE_ISSUED_DAILY_AMMS30,MASTERPRODUCT_FA_CATEGORY,VW_IDAS_DMTM_AMFS_KPI_ISSUED_DAILY_WD_MASTERPROD_AMMS30,MASTERPRODUCT_FA_CATEGORY
FACT_DMTM_AMFS_APE_ISSUED_DAILY_AMMS30,MASTERPRODUCT_BAND,VW_IDAS_DMTM_AMFS_KPI_ISSUED_DAILY_WD_MASTERPROD_AMMS30,MASTERPRODUCT_BAND
FACT_DMTM_AMFS_APE_ISSUED_DAILY_AMMS30,MASTERPRODUCT_CURRENCY,VW_IDAS_DMTM_AMFS_KPI_ISSUED_DAILY_WD_MASTERPROD_AMMS30,MASTERPRODUCT_CURRENCY
FACT_DMTM_AMFS_APE_ISSUED_DAILY_CLP,APE_CLP,VW_IDAS_DMTM_AMFS_KPI_ISSUED_DAILY_WD_MASTERPROD_CLP,APE_CLP
FACT_DMTM_AMFS_APE_ISSUED_DAILY_CLP,CASECOUNT_CLP,VW_IDAS_DMTM_AMFS_KPI_ISSUED_DAILY_WD_MASTERPROD_CLP,CASECOUNT_CLP
FACT_DMTM_AMFS_APE_ISSUED_DAILY_CLP,APE_SOURCE,,
FACT_DMTM_AMFS_APE_ISSUED_DAILY_CLP,FACTPERIOD,VW_IDAS_DMTM_AMFS_KPI_ISSUED_DAILY_WD_MASTERPROD_CLP,FACTPERIOD
FACT_DMTM_AMFS_APE_ISSUED_DAILY_CLP,PERIODKEY,VW_IDAS_DMTM_AMFS_KPI_ISSUED_DAILY_WD_MASTERPROD_CLP,PERIODKEY
FACT_DMTM_AMFS_APE_ISSUED_DAILY_CLP,PNO,VW_IDAS_DMTM_AMFS_KPI_ISSUED_DAILY_WD_MASTERPROD_CLP,POLICYNO
FACT_DMTM_AMFS_APE_ISSUED_DAILY_CLP,APE_MIX,VW_IDAS_DMTM_AMFS_KPI_ISSUED_DAILY_WD_MASTERPROD_CLP,APE_MIX
FACT_DMTM_AMFS_APE_ISSUED_DAILY_CLP,PROCESS_TYPE,VW_IDAS_DMTM_AMFS_KPI_ISSUED_DAILY_WD_MASTERPROD_CLP,PROCESS_TYPE
FACT_DMTM_AMFS_APE_ISSUED_DAILY_CLP,PRODUCTID,VW_IDAS_DMTM_AMFS_KPI_ISSUED_DAILY_WD_MASTERPROD_CLP,PRODUCTID
FACT_DMTM_AMFS_APE_ISSUED_DAILY_CLP,PLANID,VW_IDAS_DMTM_AMFS_KPI_ISSUED_DAILY_WD_MASTERPROD_CLP,PLANID
FACT_DMTM_AMFS_APE_ISSUED_DAILY_CLP,PCCY,VW_IDAS_DMTM_AMFS_KPI_ISSUED_DAILY_WD_MASTERPROD_CLP,CURRENCYID
FACT_DMTM_AMFS_APE_ISSUED_DAILY_CLP,BAND,VW_IDAS_DMTM_AMFS_KPI_ISSUED_DAILY_WD_MASTERPROD_CLP,BAND
FACT_DMTM_AMFS_APE_ISSUED_DAILY_CLP,UFCOD1,,
FACT_DMTM_AMFS_APE_ISSUED_DAILY_CLP,UFCOD2,,
FACT_DMTM_AMFS_APE_ISSUED_DAILY_CLP,UFCOD3,,
FACT_DMTM_AMFS_APE_ISSUED_DAILY_CLP,UFCOD4,,
FACT_DMTM_AMFS_APE_ISSUED_DAILY_CLP,UFCOD5,,
FACT_DMTM_AMFS_APE_ISSUED_DAILY_CLP,UFCOD6,,
FACT_DMTM_AMFS_APE_ISSUED_DAILY_CLP,FA_CATEGORY,,
FACT_DMTM_AMFS_APE_ISSUED_DAILY_CLP,FLAG_UPDATED,,
FACT_DMTM_AMFS_APE_ISSUED_DAILY_CLP,STG_LOGDATE,VW_IDAS_DMTM_AMFS_KPI_ISSUED_DAILY_WD_MASTERPROD_CLP,LOGDATE
FACT_DMTM_AMFS_APE_ISSUED_DAILY_CLP,DWH_LOGDATE,,
FACT_DMTM_AMFS_APE_ISSUED_DAILY_CLP,ENTITY,,
FACT_DMTM_AMFS_APE_ISSUED_DAILY_CLP,SYSTEM,,
FACT_DMTM_AMFS_APE_ISSUED_DAILY_CLP,MASTERPRODUCT_SYSTEM_CODE_ACTUARY,VW_IDAS_DMTM_AMFS_KPI_ISSUED_DAILY_WD_MASTERPROD_CLP,MASTERPRODUCT_SYSTEM_CODE_ACTUARY
FACT_DMTM_AMFS_APE_ISSUED_DAILY_CLP,MASTERPRODUCT_PRODUCT_ID_PEOPLESOFT,VW_IDAS_DMTM_AMFS_KPI_ISSUED_DAILY_WD_MASTERPROD_CLP,MASTERPRODUCT_PRODUCT_ID_PEOPLESOFT
FACT_DMTM_AMFS_APE_ISSUED_DAILY_CLP,MASTERPRODUCT_SP_RP,VW_IDAS_DMTM_AMFS_KPI_ISSUED_DAILY_WD_MASTERPROD_CLP,MASTERPRODUCT_SP_RP
FACT_DMTM_AMFS_APE_ISSUED_DAILY_CLP,MASTERPRODUCT_AMBITION_ID,VW_IDAS_DMTM_AMFS_KPI_ISSUED_DAILY_WD_MASTERPROD_CLP,MASTERPRODUCT_AMBITION_ID
FACT_DMTM_AMFS_APE_ISSUED_DAILY_CLP,MASTERPRODUCT_GMD_ID,VW_IDAS_DMTM_AMFS_KPI_ISSUED_DAILY_WD_MASTERPROD_CLP,MASTERPRODUCT_GMD_ID
FACT_DMTM_AMFS_APE_ISSUED_DAILY_CLP,MASTERPRODUCT_CHANNEL,VW_IDAS_DMTM_AMFS_KPI_ISSUED_DAILY_WD_MASTERPROD_CLP,MASTERPRODUCT_CHANNEL
FACT_DMTM_AMFS_APE_ISSUED_DAILY_CLP,MASTERPRODUCT_PRODUCT_GROUP,VW_IDAS_DMTM_AMFS_KPI_ISSUED_DAILY_WD_MASTERPROD_CLP,MASTERPRODUCT_PRODUCT_GROUP
FACT_DMTM_AMFS_APE_ISSUED_DAILY_CLP,MASTERPRODUCT_PRODUCT_CATEGORY,VW_IDAS_DMTM_AMFS_KPI_ISSUED_DAILY_WD_MASTERPROD_CLP,MASTERPRODUCT_PRODUCT_CATEGORY
FACT_DMTM_AMFS_APE_ISSUED_DAILY_CLP,MASTERPRODUCT_PRODUCT_SUB_CATEGORY,VW_IDAS_DMTM_AMFS_KPI_ISSUED_DAILY_WD_MASTERPROD_CLP,MASTERPRODUCT_PRODUCT_SUB_CATEGORY
FACT_DMTM_AMFS_APE_ISSUED_DAILY_CLP,MASTERPRODUCT_GMD_CATEGORY,VW_IDAS_DMTM_AMFS_KPI_ISSUED_DAILY_WD_MASTERPROD_CLP,MASTERPRODUCT_GMD_CATEGORY
FACT_DMTM_AMFS_APE_ISSUED_DAILY_CLP,MASTERPRODUCT_RIDER_CATEGORY,VW_IDAS_DMTM_AMFS_KPI_ISSUED_DAILY_WD_MASTERPROD_CLP,MASTERPRODUCT_RIDER_CATEGORY
FACT_DMTM_AMFS_APE_ISSUED_DAILY_CLP,MASTERPRODUCT_SYARIAH,VW_IDAS_DMTM_AMFS_KPI_ISSUED_DAILY_WD_MASTERPROD_CLP,MASTERPRODUCT_SYARIAH
FACT_DMTM_AMFS_APE_ISSUED_DAILY_CLP,MASTERPRODUCT_PRODUCT_NAME_ACTUARY,VW_IDAS_DMTM_AMFS_KPI_ISSUED_DAILY_WD_MASTERPROD_CLP,MASTERPRODUCT_PRODUCT_NAME_ACTUARY
FACT_DMTM_AMFS_APE_ISSUED_DAILY_CLP,MASTERPRODUCT_PRODUCT_NAME_MARKETING,VW_IDAS_DMTM_AMFS_KPI_ISSUED_DAILY_WD_MASTERPROD_CLP,MASTERPRODUCT_PRODUCT_NAME_MARKETING
FACT_DMTM_AMFS_APE_ISSUED_DAILY_CLP,MASTERPRODUCT_PRODUCT_NAME_FINANCE,VW_IDAS_DMTM_AMFS_KPI_ISSUED_DAILY_WD_MASTERPROD_CLP,MASTERPRODUCT_PRODUCT_NAME_FINANCE
FACT_DMTM_AMFS_APE_ISSUED_DAILY_CLP,MASTERPRODUCT_PRODUCT_NAME_PEOPLESOFT,VW_IDAS_DMTM_AMFS_KPI_ISSUED_DAILY_WD_MASTERPROD_CLP,MASTERPRODUCT_PRODUCT_NAME_PEOPLESOFT
FACT_DMTM_AMFS_APE_ISSUED_DAILY_CLP,MASTERPRODUCT_PRODUCT_SUMM_NAME,VW_IDAS_DMTM_AMFS_KPI_ISSUED_DAILY_WD_MASTERPROD_CLP,MASTERPRODUCT_PRODUCT_SUMM_NAME
FACT_DMTM_AMFS_APE_ISSUED_DAILY_CLP,MASTERPRODUCT_ENTITY,VW_IDAS_DMTM_AMFS_KPI_ISSUED_DAILY_WD_MASTERPROD_CLP,MASTERPRODUCT_ENTITY
FACT_DMTM_AMFS_APE_ISSUED_DAILY_CLP,MASTERPRODUCT_SYSTEM,VW_IDAS_DMTM_AMFS_KPI_ISSUED_DAILY_WD_MASTERPROD_CLP,MASTERPRODUCT_SYSTEM
FACT_DMTM_AMFS_APE_ISSUED_DAILY_CLP,MASTERPRODUCT_PRODUCT_CODE_PRODUCTID,VW_IDAS_DMTM_AMFS_KPI_ISSUED_DAILY_WD_MASTERPROD_CLP,MASTERPRODUCT_PRODUCT_CODE_PRODUCTID
FACT_DMTM_AMFS_APE_ISSUED_DAILY_CLP,MASTERPRODUCT_RIDER_CODE_PLANID,VW_IDAS_DMTM_AMFS_KPI_ISSUED_DAILY_WD_MASTERPROD_CLP,MASTERPRODUCT_RIDER_CODE_PLANID
FACT_DMTM_AMFS_APE_ISSUED_DAILY_CLP,MASTERPRODUCT_APE_MIX,VW_IDAS_DMTM_AMFS_KPI_ISSUED_DAILY_WD_MASTERPROD_CLP,MASTERPRODUCT_APE_MIX
FACT_DMTM_AMFS_APE_ISSUED_DAILY_CLP,MASTERPRODUCT_FUND_CODE,VW_IDAS_DMTM_AMFS_KPI_ISSUED_DAILY_WD_MASTERPROD_CLP,MASTERPRODUCT_FUND_CODE
FACT_DMTM_AMFS_APE_ISSUED_DAILY_CLP,MASTERPRODUCT_FA_CATEGORY,VW_IDAS_DMTM_AMFS_KPI_ISSUED_DAILY_WD_MASTERPROD_CLP,MASTERPRODUCT_FA_CATEGORY
FACT_DMTM_AMFS_APE_ISSUED_DAILY_CLP,MASTERPRODUCT_BAND,VW_IDAS_DMTM_AMFS_KPI_ISSUED_DAILY_WD_MASTERPROD_CLP,MASTERPRODUCT_BAND
FACT_DMTM_AMFS_APE_ISSUED_DAILY_CLP,MASTERPRODUCT_CURRENCY,VW_IDAS_DMTM_AMFS_KPI_ISSUED_DAILY_WD_MASTERPROD_CLP,MASTERPRODUCT_CURRENCY
FACT_RLS_AMFS_APE_ADD_LSTU_DAILY_LP,APE,VW_IDAS_RLS_AMFS_KPI_ADD_LSTU_DAILY_LP_MASTERPROD,APE
FACT_RLS_AMFS_APE_ADD_LSTU_DAILY_LP,APE_EOM,VW_IDAS_RLS_AMFS_KPI_ADD_LSTU_DAILY_LP_MASTERPROD,APE_EOM
FACT_RLS_AMFS_APE_ADD_LSTU_DAILY_LP,CASECOUNT,VW_IDAS_RLS_AMFS_KPI_ADD_LSTU_DAILY_LP_MASTERPROD,CASECOUNT
FACT_RLS_AMFS_APE_ADD_LSTU_DAILY_LP,APE_SOURCE,,
FACT_RLS_AMFS_APE_ADD_LSTU_DAILY_LP,FACTPERIOD,VW_IDAS_RLS_AMFS_KPI_ADD_LSTU_DAILY_LP_MASTERPROD,FACTPERIOD
FACT_RLS_AMFS_APE_ADD_LSTU_DAILY_LP,PERIODKEY,VW_IDAS_RLS_AMFS_KPI_ADD_LSTU_DAILY_LP_MASTERPROD,A1DOA
FACT_RLS_AMFS_APE_ADD_LSTU_DAILY_LP,PNO,VW_IDAS_RLS_AMFS_KPI_ADD_LSTU_DAILY_LP_MASTERPROD,A1PNO
FACT_RLS_AMFS_APE_ADD_LSTU_DAILY_LP,APE_MIX,VW_IDAS_RLS_AMFS_KPI_ADD_LSTU_DAILY_LP_MASTERPROD,APE_MIX
FACT_RLS_AMFS_APE_ADD_LSTU_DAILY_LP,PROCESS_TYPE,VW_IDAS_RLS_AMFS_KPI_ADD_LSTU_DAILY_LP_MASTERPROD,PROCESS_TYPE
FACT_RLS_AMFS_APE_ADD_LSTU_DAILY_LP,PRODUCTID,VW_IDAS_RLS_AMFS_KPI_ADD_LSTU_DAILY_LP_MASTERPROD,PRODUCTID
FACT_RLS_AMFS_APE_ADD_LSTU_DAILY_LP,PLANID,VW_IDAS_RLS_AMFS_KPI_ADD_LSTU_DAILY_LP_MASTERPROD,PLANID
FACT_RLS_AMFS_APE_ADD_LSTU_DAILY_LP,PCCY,VW_IDAS_RLS_AMFS_KPI_ADD_LSTU_DAILY_LP_MASTERPROD,"A1CCY, RFPPMH_PCCY, RFPPML_PCCY"
FACT_RLS_AMFS_APE_ADD_LSTU_DAILY_LP,BAND,VW_IDAS_RLS_AMFS_KPI_ADD_LSTU_DAILY_LP_MASTERPROD,BAND
FACT_RLS_AMFS_APE_ADD_LSTU_DAILY_LP,UFCOD1,VW_IDAS_RLS_AMFS_KPI_ADD_LSTU_DAILY_LP_MASTERPROD,UFCOD1
FACT_RLS_AMFS_APE_ADD_LSTU_DAILY_LP,UFCOD2,VW_IDAS_RLS_AMFS_KPI_ADD_LSTU_DAILY_LP_MASTERPROD,UFCOD2
FACT_RLS_AMFS_APE_ADD_LSTU_DAILY_LP,UFCOD3,VW_IDAS_RLS_AMFS_KPI_ADD_LSTU_DAILY_LP_MASTERPROD,UFCOD3
FACT_RLS_AMFS_APE_ADD_LSTU_DAILY_LP,UFCOD4,VW_IDAS_RLS_AMFS_KPI_ADD_LSTU_DAILY_LP_MASTERPROD,UFCOD4
FACT_RLS_AMFS_APE_ADD_LSTU_DAILY_LP,UFCOD5,VW_IDAS_RLS_AMFS_KPI_ADD_LSTU_DAILY_LP_MASTERPROD,UFCOD5
FACT_RLS_AMFS_APE_ADD_LSTU_DAILY_LP,UFCOD6,VW_IDAS_RLS_AMFS_KPI_ADD_LSTU_DAILY_LP_MASTERPROD,UFCOD6
FACT_RLS_AMFS_APE_ADD_LSTU_DAILY_LP,FA_CATEGORY,VW_IDAS_RLS_AMFS_KPI_ADD_LSTU_DAILY_LP_MASTERPROD,FA_CATEGORY
FACT_RLS_AMFS_APE_ADD_LSTU_DAILY_LP,FLAG_UPDATED,,
FACT_RLS_AMFS_APE_ADD_LSTU_DAILY_LP,STG_LOGDATE,,LOGDATE
FACT_RLS_AMFS_APE_ADD_LSTU_DAILY_LP,DWH_LOGDATE,,
FACT_RLS_AMFS_APE_ADD_LSTU_DAILY_LP,ENTITY,,
FACT_RLS_AMFS_APE_ADD_LSTU_DAILY_LP,SYSTEM,,
FACT_RLS_AMFS_APE_ADD_LSTU_DAILY_LP,MASTERPRODUCT_SYSTEM_CODE_ACTUARY,VW_IDAS_RLS_AMFS_KPI_ADD_LSTU_DAILY_LP_MASTERPROD,MASTERPRODUCT_SYSTEM_CODE_ACTUARY
FACT_RLS_AMFS_APE_ADD_LSTU_DAILY_LP,MASTERPRODUCT_PRODUCT_ID_PEOPLESOFT,VW_IDAS_RLS_AMFS_KPI_ADD_LSTU_DAILY_LP_MASTERPROD,MASTERPRODUCT_PRODUCT_ID_PEOPLESOFT
FACT_RLS_AMFS_APE_ADD_LSTU_DAILY_LP,MASTERPRODUCT_SP_RP,VW_IDAS_RLS_AMFS_KPI_ADD_LSTU_DAILY_LP_MASTERPROD,MASTERPRODUCT_SP_RP
FACT_RLS_AMFS_APE_ADD_LSTU_DAILY_LP,MASTERPRODUCT_AMBITION_ID,VW_IDAS_RLS_AMFS_KPI_ADD_LSTU_DAILY_LP_MASTERPROD,MASTERPRODUCT_AMBITION_ID
FACT_RLS_AMFS_APE_ADD_LSTU_DAILY_LP,MASTERPRODUCT_GMD_ID,VW_IDAS_RLS_AMFS_KPI_ADD_LSTU_DAILY_LP_MASTERPROD,MASTERPRODUCT_GMD_ID
FACT_RLS_AMFS_APE_ADD_LSTU_DAILY_LP,MASTERPRODUCT_CHANNEL,VW_IDAS_RLS_AMFS_KPI_ADD_LSTU_DAILY_LP_MASTERPROD,MASTERPRODUCT_CHANNEL
FACT_RLS_AMFS_APE_ADD_LSTU_DAILY_LP,MASTERPRODUCT_PRODUCT_GROUP,VW_IDAS_RLS_AMFS_KPI_ADD_LSTU_DAILY_LP_MASTERPROD,MASTERPRODUCT_PRODUCT_GROUP
FACT_RLS_AMFS_APE_ADD_LSTU_DAILY_LP,MASTERPRODUCT_PRODUCT_CATEGORY,VW_IDAS_RLS_AMFS_KPI_ADD_LSTU_DAILY_LP_MASTERPROD,MASTERPRODUCT_PRODUCT_CATEGORY
FACT_RLS_AMFS_APE_ADD_LSTU_DAILY_LP,MASTERPRODUCT_PRODUCT_SUB_CATEGORY,VW_IDAS_RLS_AMFS_KPI_ADD_LSTU_DAILY_LP_MASTERPROD,MASTERPRODUCT_PRODUCT_SUB_CATEGORY
FACT_RLS_AMFS_APE_ADD_LSTU_DAILY_LP,MASTERPRODUCT_GMD_CATEGORY,VW_IDAS_RLS_AMFS_KPI_ADD_LSTU_DAILY_LP_MASTERPROD,MASTERPRODUCT_GMD_CATEGORY
FACT_RLS_AMFS_APE_ADD_LSTU_DAILY_LP,MASTERPRODUCT_RIDER_CATEGORY,VW_IDAS_RLS_AMFS_KPI_ADD_LSTU_DAILY_LP_MASTERPROD,MASTERPRODUCT_RIDER_CATEGORY
FACT_RLS_AMFS_APE_ADD_LSTU_DAILY_LP,MASTERPRODUCT_SYARIAH,VW_IDAS_RLS_AMFS_KPI_ADD_LSTU_DAILY_LP_MASTERPROD,MASTERPRODUCT_SYARIAH
FACT_RLS_AMFS_APE_ADD_LSTU_DAILY_LP,MASTERPRODUCT_PRODUCT_NAME_ACTUARY,VW_IDAS_RLS_AMFS_KPI_ADD_LSTU_DAILY_LP_MASTERPROD,MASTERPRODUCT_PRODUCT_NAME_ACTUARY
FACT_RLS_AMFS_APE_ADD_LSTU_DAILY_LP,MASTERPRODUCT_PRODUCT_NAME_MARKETING,VW_IDAS_RLS_AMFS_KPI_ADD_LSTU_DAILY_LP_MASTERPROD,MASTERPRODUCT_PRODUCT_NAME_MARKETING
FACT_RLS_AMFS_APE_ADD_LSTU_DAILY_LP,MASTERPRODUCT_PRODUCT_NAME_FINANCE,VW_IDAS_RLS_AMFS_KPI_ADD_LSTU_DAILY_LP_MASTERPROD,MASTERPRODUCT_PRODUCT_NAME_FINANCE
FACT_RLS_AMFS_APE_ADD_LSTU_DAILY_LP,MASTERPRODUCT_PRODUCT_NAME_PEOPLESOFT,VW_IDAS_RLS_AMFS_KPI_ADD_LSTU_DAILY_LP_MASTERPROD,MASTERPRODUCT_PRODUCT_NAME_PEOPLESOFT
FACT_RLS_AMFS_APE_ADD_LSTU_DAILY_LP,MASTERPRODUCT_PRODUCT_SUMM_NAME,VW_IDAS_RLS_AMFS_KPI_ADD_LSTU_DAILY_LP_MASTERPROD,MASTERPRODUCT_PRODUCT_SUMM_NAME
FACT_RLS_AMFS_APE_ADD_LSTU_DAILY_LP,MASTERPRODUCT_ENTITY,VW_IDAS_RLS_AMFS_KPI_ADD_LSTU_DAILY_LP_MASTERPROD,MASTERPRODUCT_ENTITY
FACT_RLS_AMFS_APE_ADD_LSTU_DAILY_LP,MASTERPRODUCT_SYSTEM,VW_IDAS_RLS_AMFS_KPI_ADD_LSTU_DAILY_LP_MASTERPROD,MASTERPRODUCT_SYSTEM
FACT_RLS_AMFS_APE_ADD_LSTU_DAILY_LP,MASTERPRODUCT_PRODUCT_CODE_PRODUCTID,VW_IDAS_RLS_AMFS_KPI_ADD_LSTU_DAILY_LP_MASTERPROD,MASTERPRODUCT_PRODUCT_CODE_PRODUCTID
FACT_RLS_AMFS_APE_ADD_LSTU_DAILY_LP,MASTERPRODUCT_RIDER_CODE_PLANID,VW_IDAS_RLS_AMFS_KPI_ADD_LSTU_DAILY_LP_MASTERPROD,MASTERPRODUCT_RIDER_CODE_PLANID
FACT_RLS_AMFS_APE_ADD_LSTU_DAILY_LP,MASTERPRODUCT_APE_MIX,VW_IDAS_RLS_AMFS_KPI_ADD_LSTU_DAILY_LP_MASTERPROD,MASTERPRODUCT_APE_MIX
FACT_RLS_AMFS_APE_ADD_LSTU_DAILY_LP,MASTERPRODUCT_FUND_CODE,VW_IDAS_RLS_AMFS_KPI_ADD_LSTU_DAILY_LP_MASTERPROD,MASTERPRODUCT_FUND_CODE
FACT_RLS_AMFS_APE_ADD_LSTU_DAILY_LP,MASTERPRODUCT_FA_CATEGORY,VW_IDAS_RLS_AMFS_KPI_ADD_LSTU_DAILY_LP_MASTERPROD,MASTERPRODUCT_FA_CATEGORY
FACT_RLS_AMFS_APE_ADD_LSTU_DAILY_LP,MASTERPRODUCT_BAND,VW_IDAS_RLS_AMFS_KPI_ADD_LSTU_DAILY_LP_MASTERPROD,MASTERPRODUCT_BAND
FACT_RLS_AMFS_APE_ADD_LSTU_DAILY_LP,MASTERPRODUCT_CURRENCY,VW_IDAS_RLS_AMFS_KPI_ADD_LSTU_DAILY_LP_MASTERPROD,MASTERPRODUCT_CURRENCY
FACT_RLS_AMFS_APE_ADD_RTU_DAILY_LP,APE,VW_IDAS_RLS_AMFS_KPI_ADD_RTU_DAILY_LP_WD_MASTERPROD,APE
FACT_RLS_AMFS_APE_ADD_RTU_DAILY_LP,APE_EOM,VW_IDAS_RLS_AMFS_KPI_ADD_RTU_DAILY_LP_WD_MASTERPROD,APE_EOM
FACT_RLS_AMFS_APE_ADD_RTU_DAILY_LP,CASECOUNT,,
FACT_RLS_AMFS_APE_ADD_RTU_DAILY_LP,APE_SOURCE,,
FACT_RLS_AMFS_APE_ADD_RTU_DAILY_LP,FACTPERIOD,VW_IDAS_RLS_AMFS_KPI_ADD_RTU_DAILY_LP_WD_MASTERPROD,FACTPERIOD
FACT_RLS_AMFS_APE_ADD_RTU_DAILY_LP,PERIODKEY,VW_IDAS_RLS_AMFS_KPI_ADD_RTU_DAILY_LP_WD_MASTERPROD,PERIODKEY
FACT_RLS_AMFS_APE_ADD_RTU_DAILY_LP,PNO,VW_IDAS_RLS_AMFS_KPI_ADD_RTU_DAILY_LP_WD_MASTERPROD,TRPNO
FACT_RLS_AMFS_APE_ADD_RTU_DAILY_LP,APE_MIX,VW_IDAS_RLS_AMFS_KPI_ADD_RTU_DAILY_LP_WD_MASTERPROD,APE_MIX
FACT_RLS_AMFS_APE_ADD_RTU_DAILY_LP,PROCESS_TYPE,VW_IDAS_RLS_AMFS_KPI_ADD_RTU_DAILY_LP_WD_MASTERPROD,PROCESS_TYPE
FACT_RLS_AMFS_APE_ADD_RTU_DAILY_LP,PRODUCTID,VW_IDAS_RLS_AMFS_KPI_ADD_RTU_DAILY_LP_WD_MASTERPROD,PRODUCTID
FACT_RLS_AMFS_APE_ADD_RTU_DAILY_LP,PLANID,VW_IDAS_RLS_AMFS_KPI_ADD_RTU_DAILY_LP_WD_MASTERPROD,PLANID
FACT_RLS_AMFS_APE_ADD_RTU_DAILY_LP,PCCY,VW_IDAS_RLS_AMFS_KPI_ADD_RTU_DAILY_LP_WD_MASTERPROD,TACCY
FACT_RLS_AMFS_APE_ADD_RTU_DAILY_LP,BAND,VW_IDAS_RLS_AMFS_KPI_ADD_RTU_DAILY_LP_WD_MASTERPROD,BAND
FACT_RLS_AMFS_APE_ADD_RTU_DAILY_LP,UFCOD1,VW_IDAS_RLS_AMFS_KPI_ADD_RTU_DAILY_LP_WD_MASTERPROD,UFCOD1
FACT_RLS_AMFS_APE_ADD_RTU_DAILY_LP,UFCOD2,VW_IDAS_RLS_AMFS_KPI_ADD_RTU_DAILY_LP_WD_MASTERPROD,UFCOD2
FACT_RLS_AMFS_APE_ADD_RTU_DAILY_LP,UFCOD3,VW_IDAS_RLS_AMFS_KPI_ADD_RTU_DAILY_LP_WD_MASTERPROD,UFCOD3
FACT_RLS_AMFS_APE_ADD_RTU_DAILY_LP,UFCOD4,VW_IDAS_RLS_AMFS_KPI_ADD_RTU_DAILY_LP_WD_MASTERPROD,UFCOD4
FACT_RLS_AMFS_APE_ADD_RTU_DAILY_LP,UFCOD5,VW_IDAS_RLS_AMFS_KPI_ADD_RTU_DAILY_LP_WD_MASTERPROD,UFCOD5
FACT_RLS_AMFS_APE_ADD_RTU_DAILY_LP,UFCOD6,VW_IDAS_RLS_AMFS_KPI_ADD_RTU_DAILY_LP_WD_MASTERPROD,UFCOD6
FACT_RLS_AMFS_APE_ADD_RTU_DAILY_LP,FA_CATEGORY,VW_IDAS_RLS_AMFS_KPI_ADD_RTU_DAILY_LP_WD_MASTERPROD,FA_CATEGORY
FACT_RLS_AMFS_APE_ADD_RTU_DAILY_LP,FLAG_UPDATED,,
FACT_RLS_AMFS_APE_ADD_RTU_DAILY_LP,STG_LOGDATE,,LOGDATE
FACT_RLS_AMFS_APE_ADD_RTU_DAILY_LP,DWH_LOGDATE,,
FACT_RLS_AMFS_APE_ADD_RTU_DAILY_LP,ENTITY,,
FACT_RLS_AMFS_APE_ADD_RTU_DAILY_LP,SYSTEM,,
FACT_RLS_AMFS_APE_ADD_RTU_DAILY_LP,MASTERPRODUCT_SYSTEM_CODE_ACTUARY,VW_IDAS_RLS_AMFS_KPI_ADD_RTU_DAILY_LP_WD_MASTERPROD,MASTERPRODUCT_SYSTEM_CODE_ACTUARY
FACT_RLS_AMFS_APE_ADD_RTU_DAILY_LP,MASTERPRODUCT_PRODUCT_ID_PEOPLESOFT,VW_IDAS_RLS_AMFS_KPI_ADD_RTU_DAILY_LP_WD_MASTERPROD,MASTERPRODUCT_PRODUCT_ID_PEOPLESOFT
FACT_RLS_AMFS_APE_ADD_RTU_DAILY_LP,MASTERPRODUCT_SP_RP,VW_IDAS_RLS_AMFS_KPI_ADD_RTU_DAILY_LP_WD_MASTERPROD,MASTERPRODUCT_SP_RP
FACT_RLS_AMFS_APE_ADD_RTU_DAILY_LP,MASTERPRODUCT_AMBITION_ID,VW_IDAS_RLS_AMFS_KPI_ADD_RTU_DAILY_LP_WD_MASTERPROD,MASTERPRODUCT_AMBITION_ID
FACT_RLS_AMFS_APE_ADD_RTU_DAILY_LP,MASTERPRODUCT_GMD_ID,VW_IDAS_RLS_AMFS_KPI_ADD_RTU_DAILY_LP_WD_MASTERPROD,MASTERPRODUCT_GMD_ID
FACT_RLS_AMFS_APE_ADD_RTU_DAILY_LP,MASTERPRODUCT_CHANNEL,VW_IDAS_RLS_AMFS_KPI_ADD_RTU_DAILY_LP_WD_MASTERPROD,MASTERPRODUCT_CHANNEL
FACT_RLS_AMFS_APE_ADD_RTU_DAILY_LP,MASTERPRODUCT_PRODUCT_GROUP,VW_IDAS_RLS_AMFS_KPI_ADD_RTU_DAILY_LP_WD_MASTERPROD,MASTERPRODUCT_PRODUCT_GROUP
FACT_RLS_AMFS_APE_ADD_RTU_DAILY_LP,MASTERPRODUCT_PRODUCT_CATEGORY,VW_IDAS_RLS_AMFS_KPI_ADD_RTU_DAILY_LP_WD_MASTERPROD,MASTERPRODUCT_PRODUCT_CATEGORY
FACT_RLS_AMFS_APE_ADD_RTU_DAILY_LP,MASTERPRODUCT_PRODUCT_SUB_CATEGORY,VW_IDAS_RLS_AMFS_KPI_ADD_RTU_DAILY_LP_WD_MASTERPROD,MASTERPRODUCT_PRODUCT_SUB_CATEGORY
FACT_RLS_AMFS_APE_ADD_RTU_DAILY_LP,MASTERPRODUCT_GMD_CATEGORY,VW_IDAS_RLS_AMFS_KPI_ADD_RTU_DAILY_LP_WD_MASTERPROD,MASTERPRODUCT_GMD_CATEGORY
FACT_RLS_AMFS_APE_ADD_RTU_DAILY_LP,MASTERPRODUCT_RIDER_CATEGORY,VW_IDAS_RLS_AMFS_KPI_ADD_RTU_DAILY_LP_WD_MASTERPROD,MASTERPRODUCT_RIDER_CATEGORY
FACT_RLS_AMFS_APE_ADD_RTU_DAILY_LP,MASTERPRODUCT_SYARIAH,VW_IDAS_RLS_AMFS_KPI_ADD_RTU_DAILY_LP_WD_MASTERPROD,MASTERPRODUCT_SYARIAH
FACT_RLS_AMFS_APE_ADD_RTU_DAILY_LP,MASTERPRODUCT_PRODUCT_NAME_ACTUARY,VW_IDAS_RLS_AMFS_KPI_ADD_RTU_DAILY_LP_WD_MASTERPROD,MASTERPRODUCT_PRODUCT_NAME_ACTUARY
FACT_RLS_AMFS_APE_ADD_RTU_DAILY_LP,MASTERPRODUCT_PRODUCT_NAME_MARKETING,VW_IDAS_RLS_AMFS_KPI_ADD_RTU_DAILY_LP_WD_MASTERPROD,MASTERPRODUCT_PRODUCT_NAME_MARKETING
FACT_RLS_AMFS_APE_ADD_RTU_DAILY_LP,MASTERPRODUCT_PRODUCT_NAME_FINANCE,VW_IDAS_RLS_AMFS_KPI_ADD_RTU_DAILY_LP_WD_MASTERPROD,MASTERPRODUCT_PRODUCT_NAME_FINANCE
FACT_RLS_AMFS_APE_ADD_RTU_DAILY_LP,MASTERPRODUCT_PRODUCT_NAME_PEOPLESOFT,VW_IDAS_RLS_AMFS_KPI_ADD_RTU_DAILY_LP_WD_MASTERPROD,MASTERPRODUCT_PRODUCT_NAME_PEOPLESOFT
FACT_RLS_AMFS_APE_ADD_RTU_DAILY_LP,MASTERPRODUCT_PRODUCT_SUMM_NAME,VW_IDAS_RLS_AMFS_KPI_ADD_RTU_DAILY_LP_WD_MASTERPROD,MASTERPRODUCT_PRODUCT_SUMM_NAME
FACT_RLS_AMFS_APE_ADD_RTU_DAILY_LP,MASTERPRODUCT_ENTITY,VW_IDAS_RLS_AMFS_KPI_ADD_RTU_DAILY_LP_WD_MASTERPROD,MASTERPRODUCT_ENTITY
FACT_RLS_AMFS_APE_ADD_RTU_DAILY_LP,MASTERPRODUCT_SYSTEM,VW_IDAS_RLS_AMFS_KPI_ADD_RTU_DAILY_LP_WD_MASTERPROD,MASTERPRODUCT_SYSTEM
FACT_RLS_AMFS_APE_ADD_RTU_DAILY_LP,MASTERPRODUCT_PRODUCT_CODE_PRODUCTID,VW_IDAS_RLS_AMFS_KPI_ADD_RTU_DAILY_LP_WD_MASTERPROD,MASTERPRODUCT_PRODUCT_CODE_PRODUCTID
FACT_RLS_AMFS_APE_ADD_RTU_DAILY_LP,MASTERPRODUCT_RIDER_CODE_PLANID,VW_IDAS_RLS_AMFS_KPI_ADD_RTU_DAILY_LP_WD_MASTERPROD,MASTERPRODUCT_RIDER_CODE_PLANID
FACT_RLS_AMFS_APE_ADD_RTU_DAILY_LP,MASTERPRODUCT_APE_MIX,VW_IDAS_RLS_AMFS_KPI_ADD_RTU_DAILY_LP_WD_MASTERPROD,MASTERPRODUCT_APE_MIX
FACT_RLS_AMFS_APE_ADD_RTU_DAILY_LP,MASTERPRODUCT_FUND_CODE,VW_IDAS_RLS_AMFS_KPI_ADD_RTU_DAILY_LP_WD_MASTERPROD,MASTERPRODUCT_FUND_CODE
FACT_RLS_AMFS_APE_ADD_RTU_DAILY_LP,MASTERPRODUCT_FA_CATEGORY,VW_IDAS_RLS_AMFS_KPI_ADD_RTU_DAILY_LP_WD_MASTERPROD,MASTERPRODUCT_FA_CATEGORY
FACT_RLS_AMFS_APE_ADD_RTU_DAILY_LP,MASTERPRODUCT_BAND,VW_IDAS_RLS_AMFS_KPI_ADD_RTU_DAILY_LP_WD_MASTERPROD,MASTERPRODUCT_BAND
FACT_RLS_AMFS_APE_ADD_RTU_DAILY_LP,MASTERPRODUCT_CURRENCY,VW_IDAS_RLS_AMFS_KPI_ADD_RTU_DAILY_LP_WD_MASTERPROD,MASTERPRODUCT_CURRENCY
FACT_RLS_AMFS_APE_CHANGE_PREM_DAILY_LP,APE,VW_IDAS_RLS_AMFS_KPI_CHG_BASIC_RIDER_DAILY_LP_MASTERPROD,APE
FACT_RLS_AMFS_APE_CHANGE_PREM_DAILY_LP,APE_EOM,VW_IDAS_RLS_AMFS_KPI_CHG_BASIC_RIDER_DAILY_LP_MASTERPROD,APE_EOM
FACT_RLS_AMFS_APE_CHANGE_PREM_DAILY_LP,CASECOUNT,,
FACT_RLS_AMFS_APE_CHANGE_PREM_DAILY_LP,APE_SOURCE,,
FACT_RLS_AMFS_APE_CHANGE_PREM_DAILY_LP,FACTPERIOD,VW_IDAS_RLS_AMFS_KPI_CHG_BASIC_RIDER_DAILY_LP_MASTERPROD,FACTPERIOD
FACT_RLS_AMFS_APE_CHANGE_PREM_DAILY_LP,PERIODKEY,VW_IDAS_RLS_AMFS_KPI_CHG_BASIC_RIDER_DAILY_LP_MASTERPROD,TRDOA
FACT_RLS_AMFS_APE_CHANGE_PREM_DAILY_LP,PNO,VW_IDAS_RLS_AMFS_KPI_CHG_BASIC_RIDER_DAILY_LP_MASTERPROD,TRPNO
FACT_RLS_AMFS_APE_CHANGE_PREM_DAILY_LP,APE_MIX,VW_IDAS_RLS_AMFS_KPI_CHG_BASIC_RIDER_DAILY_LP_MASTERPROD,APE_MIX
FACT_RLS_AMFS_APE_CHANGE_PREM_DAILY_LP,PROCESS_TYPE,VW_IDAS_RLS_AMFS_KPI_CHG_BASIC_RIDER_DAILY_LP_MASTERPROD,PROCESS_TYPE
FACT_RLS_AMFS_APE_CHANGE_PREM_DAILY_LP,PRODUCTID,VW_IDAS_RLS_AMFS_KPI_CHG_BASIC_RIDER_DAILY_LP_MASTERPROD,PRODUCTID
FACT_RLS_AMFS_APE_CHANGE_PREM_DAILY_LP,PLANID,VW_IDAS_RLS_AMFS_KPI_CHG_BASIC_RIDER_DAILY_LP_MASTERPROD,PLANID
FACT_RLS_AMFS_APE_CHANGE_PREM_DAILY_LP,PCCY,VW_IDAS_RLS_AMFS_KPI_CHG_BASIC_RIDER_DAILY_LP_MASTERPROD,TACCY
FACT_RLS_AMFS_APE_CHANGE_PREM_DAILY_LP,BAND,VW_IDAS_RLS_AMFS_KPI_CHG_BASIC_RIDER_DAILY_LP_MASTERPROD,BAND
FACT_RLS_AMFS_APE_CHANGE_PREM_DAILY_LP,UFCOD1,VW_IDAS_RLS_AMFS_KPI_CHG_BASIC_RIDER_DAILY_LP_MASTERPROD,UFCOD1
FACT_RLS_AMFS_APE_CHANGE_PREM_DAILY_LP,UFCOD2,VW_IDAS_RLS_AMFS_KPI_CHG_BASIC_RIDER_DAILY_LP_MASTERPROD,UFCOD2
FACT_RLS_AMFS_APE_CHANGE_PREM_DAILY_LP,UFCOD3,VW_IDAS_RLS_AMFS_KPI_CHG_BASIC_RIDER_DAILY_LP_MASTERPROD,UFCOD3
FACT_RLS_AMFS_APE_CHANGE_PREM_DAILY_LP,UFCOD4,VW_IDAS_RLS_AMFS_KPI_CHG_BASIC_RIDER_DAILY_LP_MASTERPROD,UFCOD4
FACT_RLS_AMFS_APE_CHANGE_PREM_DAILY_LP,UFCOD5,VW_IDAS_RLS_AMFS_KPI_CHG_BASIC_RIDER_DAILY_LP_MASTERPROD,UFCOD5
FACT_RLS_AMFS_APE_CHANGE_PREM_DAILY_LP,UFCOD6,VW_IDAS_RLS_AMFS_KPI_CHG_BASIC_RIDER_DAILY_LP_MASTERPROD,UFCOD6
FACT_RLS_AMFS_APE_CHANGE_PREM_DAILY_LP,FA_CATEGORY,VW_IDAS_RLS_AMFS_KPI_CHG_BASIC_RIDER_DAILY_LP_MASTERPROD,FA_CATEGORY
FACT_RLS_AMFS_APE_CHANGE_PREM_DAILY_LP,FLAG_UPDATED,,
FACT_RLS_AMFS_APE_CHANGE_PREM_DAILY_LP,STG_LOGDATE,VW_IDAS_RLS_AMFS_KPI_CHG_BASIC_RIDER_DAILY_LP_MASTERPROD,LOGDATE
FACT_RLS_AMFS_APE_CHANGE_PREM_DAILY_LP,DWH_LOGDATE,,
FACT_RLS_AMFS_APE_CHANGE_PREM_DAILY_LP,ENTITY,,
FACT_RLS_AMFS_APE_CHANGE_PREM_DAILY_LP,SYSTEM,,
FACT_RLS_AMFS_APE_CHANGE_PREM_DAILY_LP,MASTERPRODUCT_SYSTEM_CODE_ACTUARY,VW_IDAS_RLS_AMFS_KPI_CHG_BASIC_RIDER_DAILY_LP_MASTERPROD,MASTERPRODUCT_SYSTEM_CODE_ACTUARY
FACT_RLS_AMFS_APE_CHANGE_PREM_DAILY_LP,MASTERPRODUCT_PRODUCT_ID_PEOPLESOFT,VW_IDAS_RLS_AMFS_KPI_CHG_BASIC_RIDER_DAILY_LP_MASTERPROD,MASTERPRODUCT_PRODUCT_ID_PEOPLESOFT
FACT_RLS_AMFS_APE_CHANGE_PREM_DAILY_LP,MASTERPRODUCT_SP_RP,VW_IDAS_RLS_AMFS_KPI_CHG_BASIC_RIDER_DAILY_LP_MASTERPROD,MASTERPRODUCT_SP_RP
FACT_RLS_AMFS_APE_CHANGE_PREM_DAILY_LP,MASTERPRODUCT_AMBITION_ID,VW_IDAS_RLS_AMFS_KPI_CHG_BASIC_RIDER_DAILY_LP_MASTERPROD,MASTERPRODUCT_AMBITION_ID
FACT_RLS_AMFS_APE_CHANGE_PREM_DAILY_LP,MASTERPRODUCT_GMD_ID,VW_IDAS_RLS_AMFS_KPI_CHG_BASIC_RIDER_DAILY_LP_MASTERPROD,MASTERPRODUCT_GMD_ID
FACT_RLS_AMFS_APE_CHANGE_PREM_DAILY_LP,MASTERPRODUCT_CHANNEL,VW_IDAS_RLS_AMFS_KPI_CHG_BASIC_RIDER_DAILY_LP_MASTERPROD,MASTERPRODUCT_CHANNEL
FACT_RLS_AMFS_APE_CHANGE_PREM_DAILY_LP,MASTERPRODUCT_PRODUCT_GROUP,VW_IDAS_RLS_AMFS_KPI_CHG_BASIC_RIDER_DAILY_LP_MASTERPROD,MASTERPRODUCT_PRODUCT_GROUP
FACT_RLS_AMFS_APE_CHANGE_PREM_DAILY_LP,MASTERPRODUCT_PRODUCT_CATEGORY,VW_IDAS_RLS_AMFS_KPI_CHG_BASIC_RIDER_DAILY_LP_MASTERPROD,MASTERPRODUCT_PRODUCT_CATEGORY
FACT_RLS_AMFS_APE_CHANGE_PREM_DAILY_LP,MASTERPRODUCT_PRODUCT_SUB_CATEGORY,VW_IDAS_RLS_AMFS_KPI_CHG_BASIC_RIDER_DAILY_LP_MASTERPROD,MASTERPRODUCT_PRODUCT_SUB_CATEGORY
FACT_RLS_AMFS_APE_CHANGE_PREM_DAILY_LP,MASTERPRODUCT_GMD_CATEGORY,VW_IDAS_RLS_AMFS_KPI_CHG_BASIC_RIDER_DAILY_LP_MASTERPROD,MASTERPRODUCT_GMD_CATEGORY
FACT_RLS_AMFS_APE_CHANGE_PREM_DAILY_LP,MASTERPRODUCT_RIDER_CATEGORY,VW_IDAS_RLS_AMFS_KPI_CHG_BASIC_RIDER_DAILY_LP_MASTERPROD,MASTERPRODUCT_RIDER_CATEGORY
FACT_RLS_AMFS_APE_CHANGE_PREM_DAILY_LP,MASTERPRODUCT_SYARIAH,VW_IDAS_RLS_AMFS_KPI_CHG_BASIC_RIDER_DAILY_LP_MASTERPROD,MASTERPRODUCT_SYARIAH
FACT_RLS_AMFS_APE_CHANGE_PREM_DAILY_LP,MASTERPRODUCT_PRODUCT_NAME_ACTUARY,VW_IDAS_RLS_AMFS_KPI_CHG_BASIC_RIDER_DAILY_LP_MASTERPROD,MASTERPRODUCT_PRODUCT_NAME_ACTUARY
FACT_RLS_AMFS_APE_CHANGE_PREM_DAILY_LP,MASTERPRODUCT_PRODUCT_NAME_MARKETING,VW_IDAS_RLS_AMFS_KPI_CHG_BASIC_RIDER_DAILY_LP_MASTERPROD,MASTERPRODUCT_PRODUCT_NAME_MARKETING
FACT_RLS_AMFS_APE_CHANGE_PREM_DAILY_LP,MASTERPRODUCT_PRODUCT_NAME_FINANCE,VW_IDAS_RLS_AMFS_KPI_CHG_BASIC_RIDER_DAILY_LP_MASTERPROD,MASTERPRODUCT_PRODUCT_NAME_FINANCE
FACT_RLS_AMFS_APE_CHANGE_PREM_DAILY_LP,MASTERPRODUCT_PRODUCT_NAME_PEOPLESOFT,VW_IDAS_RLS_AMFS_KPI_CHG_BASIC_RIDER_DAILY_LP_MASTERPROD,MASTERPRODUCT_PRODUCT_NAME_PEOPLESOFT
FACT_RLS_AMFS_APE_CHANGE_PREM_DAILY_LP,MASTERPRODUCT_PRODUCT_SUMM_NAME,VW_IDAS_RLS_AMFS_KPI_CHG_BASIC_RIDER_DAILY_LP_MASTERPROD,MASTERPRODUCT_PRODUCT_SUMM_NAME
FACT_RLS_AMFS_APE_CHANGE_PREM_DAILY_LP,MASTERPRODUCT_ENTITY,VW_IDAS_RLS_AMFS_KPI_CHG_BASIC_RIDER_DAILY_LP_MASTERPROD,MASTERPRODUCT_ENTITY
FACT_RLS_AMFS_APE_CHANGE_PREM_DAILY_LP,MASTERPRODUCT_SYSTEM,VW_IDAS_RLS_AMFS_KPI_CHG_BASIC_RIDER_DAILY_LP_MASTERPROD,MASTERPRODUCT_SYSTEM
FACT_RLS_AMFS_APE_CHANGE_PREM_DAILY_LP,MASTERPRODUCT_PRODUCT_CODE_PRODUCTID,VW_IDAS_RLS_AMFS_KPI_CHG_BASIC_RIDER_DAILY_LP_MASTERPROD,MASTERPRODUCT_PRODUCT_CODE_PRODUCTID
FACT_RLS_AMFS_APE_CHANGE_PREM_DAILY_LP,MASTERPRODUCT_RIDER_CODE_PLANID,VW_IDAS_RLS_AMFS_KPI_CHG_BASIC_RIDER_DAILY_LP_MASTERPROD,MASTERPRODUCT_RIDER_CODE_PLANID
FACT_RLS_AMFS_APE_CHANGE_PREM_DAILY_LP,MASTERPRODUCT_APE_MIX,VW_IDAS_RLS_AMFS_KPI_CHG_BASIC_RIDER_DAILY_LP_MASTERPROD,MASTERPRODUCT_APE_MIX
FACT_RLS_AMFS_APE_CHANGE_PREM_DAILY_LP,MASTERPRODUCT_FUND_CODE,VW_IDAS_RLS_AMFS_KPI_CHG_BASIC_RIDER_DAILY_LP_MASTERPROD,MASTERPRODUCT_FUND_CODE
FACT_RLS_AMFS_APE_CHANGE_PREM_DAILY_LP,MASTERPRODUCT_FA_CATEGORY,VW_IDAS_RLS_AMFS_KPI_CHG_BASIC_RIDER_DAILY_LP_MASTERPROD,MASTERPRODUCT_FA_CATEGORY
FACT_RLS_AMFS_APE_CHANGE_PREM_DAILY_LP,MASTERPRODUCT_BAND,VW_IDAS_RLS_AMFS_KPI_CHG_BASIC_RIDER_DAILY_LP_MASTERPROD,MASTERPRODUCT_BAND
FACT_RLS_AMFS_APE_CHANGE_PREM_DAILY_LP,MASTERPRODUCT_CURRENCY,VW_IDAS_RLS_AMFS_KPI_CHG_BASIC_RIDER_DAILY_LP_MASTERPROD,MASTERPRODUCT_CURRENCY
FACT_RLS_AMFS_APE_ISSUED_DAILY_LP,APE,VW_IDAS_RLS_AMFS_KPI_ISSUED_DAILY_LP_MASTERPROD (as a),APE
FACT_RLS_AMFS_APE_ISSUED_DAILY_LP,ape_eom,"VW_IDAS_RLS_AMFS_KPI_ISSUED_DAILY_LP_MASTERPROD (as a), IDAS_RLS_AMFS_KPI_ISSUED_DAILY_LP_MASTERPROD_TEMP (as b)","a.CASECOUNT, b.ape_eom"
FACT_RLS_AMFS_APE_ISSUED_DAILY_LP,CASECOUNT,VW_IDAS_RLS_AMFS_KPI_ISSUED_DAILY_LP_MASTERPROD (as a),CASECOUNT
FACT_RLS_AMFS_APE_ISSUED_DAILY_LP,APE_SOURCE,,
FACT_RLS_AMFS_APE_ISSUED_DAILY_LP,FACTPERIOD,IDAS_RLS_AMFS_KPI_ISSUED_DAILY_LP_MASTERPROD_TEMP (as b),FACTPERIOD
FACT_RLS_AMFS_APE_ISSUED_DAILY_LP,PERIODKEY,VW_IDAS_RLS_AMFS_KPI_ISSUED_DAILY_LP_MASTERPROD (as a),PERIODKEY
FACT_RLS_AMFS_APE_ISSUED_DAILY_LP,PNO,IDAS_RLS_AMFS_KPI_ISSUED_DAILY_LP_MASTERPROD_TEMP (as b),PNO
FACT_RLS_AMFS_APE_ISSUED_DAILY_LP,APE_MIX,VW_IDAS_RLS_AMFS_KPI_ISSUED_DAILY_LP_MASTERPROD (as a),APE_MIX
FACT_RLS_AMFS_APE_ISSUED_DAILY_LP,PROCESS_TYPE,VW_IDAS_RLS_AMFS_KPI_ISSUED_DAILY_LP_MASTERPROD (as a),PROCESS_TYPE
FACT_RLS_AMFS_APE_ISSUED_DAILY_LP,PRODUCTID,VW_IDAS_RLS_AMFS_KPI_ISSUED_DAILY_LP_MASTERPROD (as a),PRODUCTID
FACT_RLS_AMFS_APE_ISSUED_DAILY_LP,PLANID,VW_IDAS_RLS_AMFS_KPI_ISSUED_DAILY_LP_MASTERPROD (as a),PLANID
FACT_RLS_AMFS_APE_ISSUED_DAILY_LP,PCCY,VW_IDAS_RLS_AMFS_KPI_ISSUED_DAILY_LP_MASTERPROD (as a),"PCCY, RFPPMH_PCCY, RFPPML_PCCY"
FACT_RLS_AMFS_APE_ISSUED_DAILY_LP,BAND,VW_IDAS_RLS_AMFS_KPI_ISSUED_DAILY_LP_MASTERPROD (as a),BAND
FACT_RLS_AMFS_APE_ISSUED_DAILY_LP,UFCOD1,VW_IDAS_RLS_AMFS_KPI_ISSUED_DAILY_LP_MASTERPROD (as a),UFCOD1
FACT_RLS_AMFS_APE_ISSUED_DAILY_LP,UFCOD2,VW_IDAS_RLS_AMFS_KPI_ISSUED_DAILY_LP_MASTERPROD (as a),UFCOD2
FACT_RLS_AMFS_APE_ISSUED_DAILY_LP,UFCOD3,VW_IDAS_RLS_AMFS_KPI_ISSUED_DAILY_LP_MASTERPROD (as a),UFCOD3
FACT_RLS_AMFS_APE_ISSUED_DAILY_LP,UFCOD4,VW_IDAS_RLS_AMFS_KPI_ISSUED_DAILY_LP_MASTERPROD (as a),UFCOD4
FACT_RLS_AMFS_APE_ISSUED_DAILY_LP,UFCOD5,VW_IDAS_RLS_AMFS_KPI_ISSUED_DAILY_LP_MASTERPROD (as a),UFCOD5
FACT_RLS_AMFS_APE_ISSUED_DAILY_LP,UFCOD6,VW_IDAS_RLS_AMFS_KPI_ISSUED_DAILY_LP_MASTERPROD (as a),UFCOD6
FACT_RLS_AMFS_APE_ISSUED_DAILY_LP,FA_CATEGORY,VW_IDAS_RLS_AMFS_KPI_ISSUED_DAILY_LP_MASTERPROD (as a),FA_CATEGORY
FACT_RLS_AMFS_APE_ISSUED_DAILY_LP,FLAG_UPDATED,,
FACT_RLS_AMFS_APE_ISSUED_DAILY_LP,STG_LOGDATE,,LOGDATE
FACT_RLS_AMFS_APE_ISSUED_DAILY_LP,DWH_LOGDATE,,
FACT_RLS_AMFS_APE_ISSUED_DAILY_LP,ENTITY,,
FACT_RLS_AMFS_APE_ISSUED_DAILY_LP,SYSTEM,,
FACT_RLS_AMFS_APE_ISSUED_DAILY_LP,AUSYSDT,VW_IDAS_RLS_AMFS_KPI_ISSUED_DAILY_LP_MASTERPROD (as a),AUSYSDT
FACT_RLS_AMFS_APE_ISSUED_DAILY_LP,MASTERPRODUCT_SYSTEM_CODE_ACTUARY,VW_IDAS_RLS_AMFS_KPI_ISSUED_DAILY_LP_MASTERPROD (as a),MASTERPRODUCT_SYSTEM_CODE_ACTUARY
FACT_RLS_AMFS_APE_ISSUED_DAILY_LP,MASTERPRODUCT_PRODUCT_ID_PEOPLESOFT,VW_IDAS_RLS_AMFS_KPI_ISSUED_DAILY_LP_MASTERPROD (as a),MASTERPRODUCT_PRODUCT_ID_PEOPLESOFT
FACT_RLS_AMFS_APE_ISSUED_DAILY_LP,MASTERPRODUCT_SP_RP,VW_IDAS_RLS_AMFS_KPI_ISSUED_DAILY_LP_MASTERPROD (as a),MASTERPRODUCT_SP_RP
FACT_RLS_AMFS_APE_ISSUED_DAILY_LP,MASTERPRODUCT_AMBITION_ID,VW_IDAS_RLS_AMFS_KPI_ISSUED_DAILY_LP_MASTERPROD (as a),MASTERPRODUCT_AMBITION_ID
FACT_RLS_AMFS_APE_ISSUED_DAILY_LP,MASTERPRODUCT_GMD_ID,VW_IDAS_RLS_AMFS_KPI_ISSUED_DAILY_LP_MASTERPROD (as a),MASTERPRODUCT_GMD_ID
FACT_RLS_AMFS_APE_ISSUED_DAILY_LP,MASTERPRODUCT_CHANNEL,VW_IDAS_RLS_AMFS_KPI_ISSUED_DAILY_LP_MASTERPROD (as a),MASTERPRODUCT_CHANNEL
FACT_RLS_AMFS_APE_ISSUED_DAILY_LP,MASTERPRODUCT_PRODUCT_GROUP,VW_IDAS_RLS_AMFS_KPI_ISSUED_DAILY_LP_MASTERPROD (as a),MASTERPRODUCT_PRODUCT_GROUP
FACT_RLS_AMFS_APE_ISSUED_DAILY_LP,MASTERPRODUCT_PRODUCT_CATEGORY,VW_IDAS_RLS_AMFS_KPI_ISSUED_DAILY_LP_MASTERPROD (as a),MASTERPRODUCT_PRODUCT_CATEGORY
FACT_RLS_AMFS_APE_ISSUED_DAILY_LP,MASTERPRODUCT_PRODUCT_SUB_CATEGORY,VW_IDAS_RLS_AMFS_KPI_ISSUED_DAILY_LP_MASTERPROD (as a),MASTERPRODUCT_PRODUCT_SUB_CATEGORY
FACT_RLS_AMFS_APE_ISSUED_DAILY_LP,MASTERPRODUCT_GMD_CATEGORY,VW_IDAS_RLS_AMFS_KPI_ISSUED_DAILY_LP_MASTERPROD (as a),MASTERPRODUCT_GMD_CATEGORY
FACT_RLS_AMFS_APE_ISSUED_DAILY_LP,MASTERPRODUCT_RIDER_CATEGORY,VW_IDAS_RLS_AMFS_KPI_ISSUED_DAILY_LP_MASTERPROD (as a),MASTERPRODUCT_RIDER_CATEGORY
FACT_RLS_AMFS_APE_ISSUED_DAILY_LP,MASTERPRODUCT_SYARIAH,VW_IDAS_RLS_AMFS_KPI_ISSUED_DAILY_LP_MASTERPROD (as a),MASTERPRODUCT_SYARIAH
FACT_RLS_AMFS_APE_ISSUED_DAILY_LP,MASTERPRODUCT_PRODUCT_NAME_ACTUARY,VW_IDAS_RLS_AMFS_KPI_ISSUED_DAILY_LP_MASTERPROD (as a),MASTERPRODUCT_PRODUCT_NAME_ACTUARY
FACT_RLS_AMFS_APE_ISSUED_DAILY_LP,MASTERPRODUCT_PRODUCT_NAME_MARKETING,VW_IDAS_RLS_AMFS_KPI_ISSUED_DAILY_LP_MASTERPROD (as a),MASTERPRODUCT_PRODUCT_NAME_MARKETING
FACT_RLS_AMFS_APE_ISSUED_DAILY_LP,MASTERPRODUCT_PRODUCT_NAME_FINANCE,VW_IDAS_RLS_AMFS_KPI_ISSUED_DAILY_LP_MASTERPROD (as a),MASTERPRODUCT_PRODUCT_NAME_FINANCE
FACT_RLS_AMFS_APE_ISSUED_DAILY_LP,MASTERPRODUCT_PRODUCT_NAME_PEOPLESOFT,VW_IDAS_RLS_AMFS_KPI_ISSUED_DAILY_LP_MASTERPROD (as a),MASTERPRODUCT_PRODUCT_NAME_PEOPLESOFT
FACT_RLS_AMFS_APE_ISSUED_DAILY_LP,MASTERPRODUCT_PRODUCT_SUMM_NAME,VW_IDAS_RLS_AMFS_KPI_ISSUED_DAILY_LP_MASTERPROD (as a),MASTERPRODUCT_PRODUCT_SUMM_NAME
FACT_RLS_AMFS_APE_ISSUED_DAILY_LP,MASTERPRODUCT_ENTITY,VW_IDAS_RLS_AMFS_KPI_ISSUED_DAILY_LP_MASTERPROD (as a),MASTERPRODUCT_ENTITY
FACT_RLS_AMFS_APE_ISSUED_DAILY_LP,MASTERPRODUCT_SYSTEM,VW_IDAS_RLS_AMFS_KPI_ISSUED_DAILY_LP_MASTERPROD (as a),MASTERPRODUCT_SYSTEM
FACT_RLS_AMFS_APE_ISSUED_DAILY_LP,MASTERPRODUCT_PRODUCT_CODE_PRODUCTID,VW_IDAS_RLS_AMFS_KPI_ISSUED_DAILY_LP_MASTERPROD (as a),MASTERPRODUCT_PRODUCT_CODE_PRODUCTID
FACT_RLS_AMFS_APE_ISSUED_DAILY_LP,MASTERPRODUCT_RIDER_CODE_PLANID,VW_IDAS_RLS_AMFS_KPI_ISSUED_DAILY_LP_MASTERPROD (as a),MASTERPRODUCT_RIDER_CODE_PLANID
FACT_RLS_AMFS_APE_ISSUED_DAILY_LP,MASTERPRODUCT_APE_MIX,VW_IDAS_RLS_AMFS_KPI_ISSUED_DAILY_LP_MASTERPROD (as a),MASTERPRODUCT_APE_MIX
FACT_RLS_AMFS_APE_ISSUED_DAILY_LP,MASTERPRODUCT_FUND_CODE,VW_IDAS_RLS_AMFS_KPI_ISSUED_DAILY_LP_MASTERPROD (as a),MASTERPRODUCT_FUND_CODE
FACT_RLS_AMFS_APE_ISSUED_DAILY_LP,MASTERPRODUCT_FA_CATEGORY,VW_IDAS_RLS_AMFS_KPI_ISSUED_DAILY_LP_MASTERPROD (as a),MASTERPRODUCT_FA_CATEGORY
FACT_RLS_AMFS_APE_ISSUED_DAILY_LP,MASTERPRODUCT_BAND,VW_IDAS_RLS_AMFS_KPI_ISSUED_DAILY_LP_MASTERPROD (as a),MASTERPRODUCT_BAND
FACT_RLS_AMFS_APE_ISSUED_DAILY_LP,MASTERPRODUCT_CURRENCY,VW_IDAS_RLS_AMFS_KPI_ISSUED_DAILY_LP_MASTERPROD (as a),MASTERPRODUCT_CURRENCY
FACT_RLS_AMFS_APE_ISSUED_DAILY_LP,PNO,VW_IDAS_RLS_AMFS_KPI_ISSUED_DAILY_LP_MASTERPROD (as a),PNO
FACT_RLS_AMFS_APE_ISSUED_DAILY_LP,FACTPERIOD,VW_IDAS_RLS_AMFS_KPI_ISSUED_DAILY_LP_MASTERPROD (as a),FACTPERIOD
FACT_RLS_AMFS_APE_ISSUED_DAILY_LP,APE_EOM,VW_IDAS_RLS_AMFS_KPI_ISSUED_DAILY_LP_MASTERPROD (as a),APE_EOM
IDAS_RLS_AMFS_KPI_ISSUED_DAILY_LP_MASTERPROD_TEMP,PNO,VW_IDAS_RLS_AMFS_KPI_ISSUED_DAILY_LP_MASTERPROD,PNO
IDAS_RLS_AMFS_KPI_ISSUED_DAILY_LP_MASTERPROD_TEMP,FACTPERIOD,VW_IDAS_RLS_AMFS_KPI_ISSUED_DAILY_LP_MASTERPROD,FACTPERIOD
IDAS_RLS_AMFS_KPI_ISSUED_DAILY_LP_MASTERPROD_TEMP,APE_EOM,VW_IDAS_RLS_AMFS_KPI_ISSUED_DAILY_LP_MASTERPROD,APE_EOM
VW_IDAS_DMTM_AMFS_KPI_ISSUED_DAILY_WD_MASTERPROD_AMMS30,PERIODKEY,SYN__STG_FIN_FLAT__VW_IDAS_DMTM_AMFS_KPI_ISSUED_DAILY_MASTERPROD_AMMS30,PERIODKEY
VW_IDAS_DMTM_AMFS_KPI_ISSUED_DAILY_WD_MASTERPROD_AMMS30,FACTPERIOD,SYN__STG_FIN_FLAT__VW_IDAS_DMTM_AMFS_KPI_ISSUED_DAILY_MASTERPROD_AMMS30,FACTPERIOD
VW_IDAS_DMTM_AMFS_KPI_ISSUED_DAILY_WD_MASTERPROD_AMMS30,POLICYNO,SYN__STG_FIN_FLAT__VW_IDAS_DMTM_AMFS_KPI_ISSUED_DAILY_MASTERPROD_AMMS30,POLICYNO
VW_IDAS_DMTM_AMFS_KPI_ISSUED_DAILY_WD_MASTERPROD_AMMS30,INSUREDID,SYN__STG_FIN_FLAT__VW_IDAS_DMTM_AMFS_KPI_ISSUED_DAILY_MASTERPROD_AMMS30,INSUREDID
VW_IDAS_DMTM_AMFS_KPI_ISSUED_DAILY_WD_MASTERPROD_AMMS30,INSUREDAMOUNT,SYN__STG_FIN_FLAT__VW_IDAS_DMTM_AMFS_KPI_ISSUED_DAILY_MASTERPROD_AMMS30,INSUREDAMOUNT
VW_IDAS_DMTM_AMFS_KPI_ISSUED_DAILY_WD_MASTERPROD_AMMS30,ETHNICITYID,SYN__STG_FIN_FLAT__VW_IDAS_DMTM_AMFS_KPI_ISSUED_DAILY_MASTERPROD_AMMS30,ETHNICITYID
VW_IDAS_DMTM_AMFS_KPI_ISSUED_DAILY_WD_MASTERPROD_AMMS30,FIRSTNAME,SYN__STG_FIN_FLAT__VW_IDAS_DMTM_AMFS_KPI_ISSUED_DAILY_MASTERPROD_AMMS30,FIRSTNAME
VW_IDAS_DMTM_AMFS_KPI_ISSUED_DAILY_WD_MASTERPROD_AMMS30,LASTNAME,SYN__STG_FIN_FLAT__VW_IDAS_DMTM_AMFS_KPI_ISSUED_DAILY_MASTERPROD_AMMS30,LASTNAME
VW_IDAS_DMTM_AMFS_KPI_ISSUED_DAILY_WD_MASTERPROD_AMMS30,IDENTITYNO,SYN__STG_FIN_FLAT__VW_IDAS_DMTM_AMFS_KPI_ISSUED_DAILY_MASTERPROD_AMMS30,IDENTITYNO
VW_IDAS_DMTM_AMFS_KPI_ISSUED_DAILY_WD_MASTERPROD_AMMS30,BIRTHPLACE,SYN__STG_FIN_FLAT__VW_IDAS_DMTM_AMFS_KPI_ISSUED_DAILY_MASTERPROD_AMMS30,BIRTHPLACE
VW_IDAS_DMTM_AMFS_KPI_ISSUED_DAILY_WD_MASTERPROD_AMMS30,BIRTHDATE,SYN__STG_FIN_FLAT__VW_IDAS_DMTM_AMFS_KPI_ISSUED_DAILY_MASTERPROD_AMMS30,BIRTHDATE
VW_IDAS_DMTM_AMFS_KPI_ISSUED_DAILY_WD_MASTERPROD_AMMS30,PLANID,SYN__STG_FIN_FLAT__VW_IDAS_DMTM_AMFS_KPI_ISSUED_DAILY_MASTERPROD_AMMS30,PLANID
VW_IDAS_DMTM_AMFS_KPI_ISSUED_DAILY_WD_MASTERPROD_AMMS30,HEIGHT,SYN__STG_FIN_FLAT__VW_IDAS_DMTM_AMFS_KPI_ISSUED_DAILY_MASTERPROD_AMMS30,HEIGHT
VW_IDAS_DMTM_AMFS_KPI_ISSUED_DAILY_WD_MASTERPROD_AMMS30,WEIGHT,SYN__STG_FIN_FLAT__VW_IDAS_DMTM_AMFS_KPI_ISSUED_DAILY_MASTERPROD_AMMS30,WEIGHT
VW_IDAS_DMTM_AMFS_KPI_ISSUED_DAILY_WD_MASTERPROD_AMMS30,PREMIUM,SYN__STG_FIN_FLAT__VW_IDAS_DMTM_AMFS_KPI_ISSUED_DAILY_MASTERPROD_AMMS30,PREMIUM
VW_IDAS_DMTM_AMFS_KPI_ISSUED_DAILY_WD_MASTERPROD_AMMS30,DISCOUNT,SYN__STG_FIN_FLAT__VW_IDAS_DMTM_AMFS_KPI_ISSUED_DAILY_MASTERPROD_AMMS30,DISCOUNT
VW_IDAS_DMTM_AMFS_KPI_ISSUED_DAILY_WD_MASTERPROD_AMMS30,ISSMOKER,SYN__STG_FIN_FLAT__VW_IDAS_DMTM_AMFS_KPI_ISSUED_DAILY_MASTERPROD_AMMS30,ISSMOKER
VW_IDAS_DMTM_AMFS_KPI_ISSUED_DAILY_WD_MASTERPROD_AMMS30,POSITION,SYN__STG_FIN_FLAT__VW_IDAS_DMTM_AMFS_KPI_ISSUED_DAILY_MASTERPROD_AMMS30,POSITION
VW_IDAS_DMTM_AMFS_KPI_ISSUED_DAILY_WD_MASTERPROD_AMMS30,OCCUPATIONID,SYN__STG_FIN_FLAT__VW_IDAS_DMTM_AMFS_KPI_ISSUED_DAILY_MASTERPROD_AMMS30,OCCUPATIONID
VW_IDAS_DMTM_AMFS_KPI_ISSUED_DAILY_WD_MASTERPROD_AMMS30,PREFIX,SYN__STG_FIN_FLAT__VW_IDAS_DMTM_AMFS_KPI_ISSUED_DAILY_MASTERPROD_AMMS30,PREFIX
VW_IDAS_DMTM_AMFS_KPI_ISSUED_DAILY_WD_MASTERPROD_AMMS30,SUFIX,SYN__STG_FIN_FLAT__VW_IDAS_DMTM_AMFS_KPI_ISSUED_DAILY_MASTERPROD_AMMS30,SUFIX
VW_IDAS_DMTM_AMFS_KPI_ISSUED_DAILY_WD_MASTERPROD_AMMS30,COUNTRYID,SYN__STG_FIN_FLAT__VW_IDAS_DMTM_AMFS_KPI_ISSUED_DAILY_MASTERPROD_AMMS30,COUNTRYID
VW_IDAS_DMTM_AMFS_KPI_ISSUED_DAILY_WD_MASTERPROD_AMMS30,REMARK,SYN__STG_FIN_FLAT__VW_IDAS_DMTM_AMFS_KPI_ISSUED_DAILY_MASTERPROD_AMMS30,REMARK
VW_IDAS_DMTM_AMFS_KPI_ISSUED_DAILY_WD_MASTERPROD_AMMS30,COVERAGEUNTIL,SYN__STG_FIN_FLAT__VW_IDAS_DMTM_AMFS_KPI_ISSUED_DAILY_MASTERPROD_AMMS30,COVERAGEUNTIL
VW_IDAS_DMTM_AMFS_KPI_ISSUED_DAILY_WD_MASTERPROD_AMMS30,TYPEID,SYN__STG_FIN_FLAT__VW_IDAS_DMTM_AMFS_KPI_ISSUED_DAILY_MASTERPROD_AMMS30,TYPEID
VW_IDAS_DMTM_AMFS_KPI_ISSUED_DAILY_WD_MASTERPROD_AMMS30,TITLEID,SYN__STG_FIN_FLAT__VW_IDAS_DMTM_AMFS_KPI_ISSUED_DAILY_MASTERPROD_AMMS30,TITLEID
VW_IDAS_DMTM_AMFS_KPI_ISSUED_DAILY_WD_MASTERPROD_AMMS30,SEXID,SYN__STG_FIN_FLAT__VW_IDAS_DMTM_AMFS_KPI_ISSUED_DAILY_MASTERPROD_AMMS30,SEXID
VW_IDAS_DMTM_AMFS_KPI_ISSUED_DAILY_WD_MASTERPROD_AMMS30,RELATIONSHIPID,SYN__STG_FIN_FLAT__VW_IDAS_DMTM_AMFS_KPI_ISSUED_DAILY_MASTERPROD_AMMS30,RELATIONSHIPID
VW_IDAS_DMTM_AMFS_KPI_ISSUED_DAILY_WD_MASTERPROD_AMMS30,PRODUCTID,SYN__STG_FIN_FLAT__VW_IDAS_DMTM_AMFS_KPI_ISSUED_DAILY_MASTERPROD_AMMS30,PRODUCTID
VW_IDAS_DMTM_AMFS_KPI_ISSUED_DAILY_WD_MASTERPROD_AMMS30,MARITALSTATUSID,SYN__STG_FIN_FLAT__VW_IDAS_DMTM_AMFS_KPI_ISSUED_DAILY_MASTERPROD_AMMS30,MARITALSTATUSID
VW_IDAS_DMTM_AMFS_KPI_ISSUED_DAILY_WD_MASTERPROD_AMMS30,STATUSID,SYN__STG_FIN_FLAT__VW_IDAS_DMTM_AMFS_KPI_ISSUED_DAILY_MASTERPROD_AMMS30,STATUSID
VW_IDAS_DMTM_AMFS_KPI_ISSUED_DAILY_WD_MASTERPROD_AMMS30,IDENTITYTYPEID,SYN__STG_FIN_FLAT__VW_IDAS_DMTM_AMFS_KPI_ISSUED_DAILY_MASTERPROD_AMMS30,IDENTITYTYPEID
VW_IDAS_DMTM_AMFS_KPI_ISSUED_DAILY_WD_MASTERPROD_AMMS30,CREATEBY,SYN__STG_FIN_FLAT__VW_IDAS_DMTM_AMFS_KPI_ISSUED_DAILY_MASTERPROD_AMMS30,CREATEBY
VW_IDAS_DMTM_AMFS_KPI_ISSUED_DAILY_WD_MASTERPROD_AMMS30,CREATEDATE,SYN__STG_FIN_FLAT__VW_IDAS_DMTM_AMFS_KPI_ISSUED_DAILY_MASTERPROD_AMMS30,CREATEDATE
VW_IDAS_DMTM_AMFS_KPI_ISSUED_DAILY_WD_MASTERPROD_AMMS30,MODIFYBY,SYN__STG_FIN_FLAT__VW_IDAS_DMTM_AMFS_KPI_ISSUED_DAILY_MASTERPROD_AMMS30,MODIFYBY
VW_IDAS_DMTM_AMFS_KPI_ISSUED_DAILY_WD_MASTERPROD_AMMS30,MODIFYDATE,SYN__STG_FIN_FLAT__VW_IDAS_DMTM_AMFS_KPI_ISSUED_DAILY_MASTERPROD_AMMS30,MODIFYDATE
VW_IDAS_DMTM_AMFS_KPI_ISSUED_DAILY_WD_MASTERPROD_AMMS30,RATINGFACTORID1,SYN__STG_FIN_FLAT__VW_IDAS_DMTM_AMFS_KPI_ISSUED_DAILY_MASTERPROD_AMMS30,RATINGFACTORID1
VW_IDAS_DMTM_AMFS_KPI_ISSUED_DAILY_WD_MASTERPROD_AMMS30,RATINGFACTORID2,SYN__STG_FIN_FLAT__VW_IDAS_DMTM_AMFS_KPI_ISSUED_DAILY_MASTERPROD_AMMS30,RATINGFACTORID2
VW_IDAS_DMTM_AMFS_KPI_ISSUED_DAILY_WD_MASTERPROD_AMMS30,BASICPREMIUM,SYN__STG_FIN_FLAT__VW_IDAS_DMTM_AMFS_KPI_ISSUED_DAILY_MASTERPROD_AMMS30,BASICPREMIUM
VW_IDAS_DMTM_AMFS_KPI_ISSUED_DAILY_WD_MASTERPROD_AMMS30,ADDRESSID,SYN__STG_FIN_FLAT__VW_IDAS_DMTM_AMFS_KPI_ISSUED_DAILY_MASTERPROD_AMMS30,ADDRESSID
VW_IDAS_DMTM_AMFS_KPI_ISSUED_DAILY_WD_MASTERPROD_AMMS30,LOGDATE,SYN__STG_FIN_FLAT__VW_IDAS_DMTM_AMFS_KPI_ISSUED_DAILY_MASTERPROD_AMMS30,LOGDATE
VW_IDAS_DMTM_AMFS_KPI_ISSUED_DAILY_WD_MASTERPROD_AMMS30,RIDERLOCATION,SYN__STG_FIN_FLAT__VW_IDAS_DMTM_AMFS_KPI_ISSUED_DAILY_MASTERPROD_AMMS30,RIDERLOCATION
VW_IDAS_DMTM_AMFS_KPI_ISSUED_DAILY_WD_MASTERPROD_AMMS30,RIDERPHONEPREFIX,SYN__STG_FIN_FLAT__VW_IDAS_DMTM_AMFS_KPI_ISSUED_DAILY_MASTERPROD_AMMS30,RIDERPHONEPREFIX
VW_IDAS_DMTM_AMFS_KPI_ISSUED_DAILY_WD_MASTERPROD_AMMS30,RIDERPHONENO,SYN__STG_FIN_FLAT__VW_IDAS_DMTM_AMFS_KPI_ISSUED_DAILY_MASTERPROD_AMMS30,RIDERPHONENO
VW_IDAS_DMTM_AMFS_KPI_ISSUED_DAILY_WD_MASTERPROD_AMMS30,RIDERZIPCODE,SYN__STG_FIN_FLAT__VW_IDAS_DMTM_AMFS_KPI_ISSUED_DAILY_MASTERPROD_AMMS30,RIDERZIPCODE
VW_IDAS_DMTM_AMFS_KPI_ISSUED_DAILY_WD_MASTERPROD_AMMS30,RIDERSTAYDURATION,SYN__STG_FIN_FLAT__VW_IDAS_DMTM_AMFS_KPI_ISSUED_DAILY_MASTERPROD_AMMS30,RIDERSTAYDURATION
VW_IDAS_DMTM_AMFS_KPI_ISSUED_DAILY_WD_MASTERPROD_AMMS30,OLDPREMIUM,SYN__STG_FIN_FLAT__VW_IDAS_DMTM_AMFS_KPI_ISSUED_DAILY_MASTERPROD_AMMS30,OLDPREMIUM
VW_IDAS_DMTM_AMFS_KPI_ISSUED_DAILY_WD_MASTERPROD_AMMS30,CURRENCYID,SYN__STG_FIN_FLAT__VW_IDAS_DMTM_AMFS_KPI_ISSUED_DAILY_MASTERPROD_AMMS30,CURRENCYID
VW_IDAS_DMTM_AMFS_KPI_ISSUED_DAILY_WD_MASTERPROD_AMMS30,PAYMENTMODEID,SYN__STG_FIN_FLAT__VW_IDAS_DMTM_AMFS_KPI_ISSUED_DAILY_MASTERPROD_AMMS30,PAYMENTMODEID
VW_IDAS_DMTM_AMFS_KPI_ISSUED_DAILY_WD_MASTERPROD_AMMS30,POLICY_STATUSID,SYN__STG_FIN_FLAT__VW_IDAS_DMTM_AMFS_KPI_ISSUED_DAILY_MASTERPROD_AMMS30,POLICY_STATUSID
VW_IDAS_DMTM_AMFS_KPI_ISSUED_DAILY_WD_MASTERPROD_AMMS30,EFFECTIVEDATE,SYN__STG_FIN_FLAT__VW_IDAS_DMTM_AMFS_KPI_ISSUED_DAILY_MASTERPROD_AMMS30,EFFECTIVEDATE
VW_IDAS_DMTM_AMFS_KPI_ISSUED_DAILY_WD_MASTERPROD_AMMS30,CANCELDATE,SYN__STG_FIN_FLAT__VW_IDAS_DMTM_AMFS_KPI_ISSUED_DAILY_MASTERPROD_AMMS30,CANCELDATE
VW_IDAS_DMTM_AMFS_KPI_ISSUED_DAILY_WD_MASTERPROD_AMMS30,MININSURED,SYN__STG_FIN_FLAT__VW_IDAS_DMTM_AMFS_KPI_ISSUED_DAILY_MASTERPROD_AMMS30,MININSURED
VW_IDAS_DMTM_AMFS_KPI_ISSUED_DAILY_WD_MASTERPROD_AMMS30,PRODUCTDISCOUNT_DISCOUNT,SYN__STG_FIN_FLAT__VW_IDAS_DMTM_AMFS_KPI_ISSUED_DAILY_MASTERPROD_AMMS30,PRODUCTDISCOUNT_DISCOUNT
VW_IDAS_DMTM_AMFS_KPI_ISSUED_DAILY_WD_MASTERPROD_AMMS30,SPONSORID,SYN__STG_FIN_FLAT__VW_IDAS_DMTM_AMFS_KPI_ISSUED_DAILY_MASTERPROD_AMMS30,SPONSORID
VW_IDAS_DMTM_AMFS_KPI_ISSUED_DAILY_WD_MASTERPROD_AMMS30,PROCESS_TYPE,SYN__STG_FIN_FLAT__VW_IDAS_DMTM_AMFS_KPI_ISSUED_DAILY_MASTERPROD_AMMS30,PROCESS_TYPE
VW_IDAS_DMTM_AMFS_KPI_ISSUED_DAILY_WD_MASTERPROD_AMMS30,APE_MIX,SYN__STG_FIN_FLAT__VW_IDAS_DMTM_AMFS_KPI_ISSUED_DAILY_MASTERPROD_AMMS30,APE_MIX
VW_IDAS_DMTM_AMFS_KPI_ISSUED_DAILY_WD_MASTERPROD_AMMS30,BAND,SYN__STG_FIN_FLAT__VW_IDAS_DMTM_AMFS_KPI_ISSUED_DAILY_MASTERPROD_AMMS30,BAND
VW_IDAS_DMTM_AMFS_KPI_ISSUED_DAILY_WD_MASTERPROD_AMMS30,COUNT_INSURED,SYN__STG_FIN_FLAT__VW_IDAS_DMTM_AMFS_KPI_ISSUED_DAILY_MASTERPROD_AMMS30,COUNT_INSURED
VW_IDAS_DMTM_AMFS_KPI_ISSUED_DAILY_WD_MASTERPROD_AMMS30,APE,SYN__STG_FIN_FLAT__VW_IDAS_DMTM_AMFS_KPI_ISSUED_DAILY_MASTERPROD_AMMS30,APE
VW_IDAS_DMTM_AMFS_KPI_ISSUED_DAILY_WD_MASTERPROD_AMMS30,FLAG_ISSUE,SYN__STG_FIN_FLAT__VW_IDAS_DMTM_AMFS_KPI_ISSUED_DAILY_MASTERPROD_AMMS30,FLAG_ISSUE
VW_IDAS_DMTM_AMFS_KPI_ISSUED_DAILY_WD_MASTERPROD_AMMS30,MASTERPRODUCT_SYSTEM_CODE_ACTUARY,SYN__STG_FIN_FLAT__VW_IDAS_DMTM_AMFS_KPI_ISSUED_DAILY_MASTERPROD_AMMS30,MASTERPRODUCT_SYSTEM_CODE_ACTUARY
VW_IDAS_DMTM_AMFS_KPI_ISSUED_DAILY_WD_MASTERPROD_AMMS30,MASTERPRODUCT_PRODUCT_ID_PEOPLESOFT,SYN__STG_FIN_FLAT__VW_IDAS_DMTM_AMFS_KPI_ISSUED_DAILY_MASTERPROD_AMMS30,MASTERPRODUCT_PRODUCT_ID_PEOPLESOFT
VW_IDAS_DMTM_AMFS_KPI_ISSUED_DAILY_WD_MASTERPROD_AMMS30,MASTERPRODUCT_SP_RP,SYN__STG_FIN_FLAT__VW_IDAS_DMTM_AMFS_KPI_ISSUED_DAILY_MASTERPROD_AMMS30,MASTERPRODUCT_SP_RP
VW_IDAS_DMTM_AMFS_KPI_ISSUED_DAILY_WD_MASTERPROD_AMMS30,MASTERPRODUCT_AMBITION_ID,SYN__STG_FIN_FLAT__VW_IDAS_DMTM_AMFS_KPI_ISSUED_DAILY_MASTERPROD_AMMS30,MASTERPRODUCT_AMBITION_ID
VW_IDAS_DMTM_AMFS_KPI_ISSUED_DAILY_WD_MASTERPROD_AMMS30,MASTERPRODUCT_GMD_ID,SYN__STG_FIN_FLAT__VW_IDAS_DMTM_AMFS_KPI_ISSUED_DAILY_MASTERPROD_AMMS30,MASTERPRODUCT_GMD_ID
VW_IDAS_DMTM_AMFS_KPI_ISSUED_DAILY_WD_MASTERPROD_AMMS30,MASTERPRODUCT_CHANNEL,SYN__STG_FIN_FLAT__VW_IDAS_DMTM_AMFS_KPI_ISSUED_DAILY_MASTERPROD_AMMS30,MASTERPRODUCT_CHANNEL
VW_IDAS_DMTM_AMFS_KPI_ISSUED_DAILY_WD_MASTERPROD_AMMS30,MASTERPRODUCT_PRODUCT_GROUP,SYN__STG_FIN_FLAT__VW_IDAS_DMTM_AMFS_KPI_ISSUED_DAILY_MASTERPROD_AMMS30,MASTERPRODUCT_PRODUCT_GROUP
VW_IDAS_DMTM_AMFS_KPI_ISSUED_DAILY_WD_MASTERPROD_AMMS30,MASTERPRODUCT_PRODUCT_CATEGORY,SYN__STG_FIN_FLAT__VW_IDAS_DMTM_AMFS_KPI_ISSUED_DAILY_MASTERPROD_AMMS30,MASTERPRODUCT_PRODUCT_CATEGORY
VW_IDAS_DMTM_AMFS_KPI_ISSUED_DAILY_WD_MASTERPROD_AMMS30,MASTERPRODUCT_PRODUCT_SUB_CATEGORY,SYN__STG_FIN_FLAT__VW_IDAS_DMTM_AMFS_KPI_ISSUED_DAILY_MASTERPROD_AMMS30,MASTERPRODUCT_PRODUCT_SUB_CATEGORY
VW_IDAS_DMTM_AMFS_KPI_ISSUED_DAILY_WD_MASTERPROD_AMMS30,MASTERPRODUCT_GMD_CATEGORY,SYN__STG_FIN_FLAT__VW_IDAS_DMTM_AMFS_KPI_ISSUED_DAILY_MASTERPROD_AMMS30,MASTERPRODUCT_GMD_CATEGORY
VW_IDAS_DMTM_AMFS_KPI_ISSUED_DAILY_WD_MASTERPROD_AMMS30,MASTERPRODUCT_RIDER_CATEGORY,SYN__STG_FIN_FLAT__VW_IDAS_DMTM_AMFS_KPI_ISSUED_DAILY_MASTERPROD_AMMS30,MASTERPRODUCT_RIDER_CATEGORY
VW_IDAS_DMTM_AMFS_KPI_ISSUED_DAILY_WD_MASTERPROD_AMMS30,MASTERPRODUCT_SYARIAH,SYN__STG_FIN_FLAT__VW_IDAS_DMTM_AMFS_KPI_ISSUED_DAILY_MASTERPROD_AMMS30,MASTERPRODUCT_SYARIAH
VW_IDAS_DMTM_AMFS_KPI_ISSUED_DAILY_WD_MASTERPROD_AMMS30,MASTERPRODUCT_PRODUCT_NAME_ACTUARY,SYN__STG_FIN_FLAT__VW_IDAS_DMTM_AMFS_KPI_ISSUED_DAILY_MASTERPROD_AMMS30,MASTERPRODUCT_PRODUCT_NAME_ACTUARY
VW_IDAS_DMTM_AMFS_KPI_ISSUED_DAILY_WD_MASTERPROD_AMMS30,MASTERPRODUCT_PRODUCT_NAME_MARKETING,SYN__STG_FIN_FLAT__VW_IDAS_DMTM_AMFS_KPI_ISSUED_DAILY_MASTERPROD_AMMS30,MASTERPRODUCT_PRODUCT_NAME_MARKETING
VW_IDAS_DMTM_AMFS_KPI_ISSUED_DAILY_WD_MASTERPROD_AMMS30,MASTERPRODUCT_PRODUCT_NAME_FINANCE,SYN__STG_FIN_FLAT__VW_IDAS_DMTM_AMFS_KPI_ISSUED_DAILY_MASTERPROD_AMMS30,MASTERPRODUCT_PRODUCT_NAME_FINANCE
VW_IDAS_DMTM_AMFS_KPI_ISSUED_DAILY_WD_MASTERPROD_AMMS30,MASTERPRODUCT_PRODUCT_NAME_PEOPLESOFT,SYN__STG_FIN_FLAT__VW_IDAS_DMTM_AMFS_KPI_ISSUED_DAILY_MASTERPROD_AMMS30,MASTERPRODUCT_PRODUCT_NAME_PEOPLESOFT
VW_IDAS_DMTM_AMFS_KPI_ISSUED_DAILY_WD_MASTERPROD_AMMS30,MASTERPRODUCT_PRODUCT_SUMM_NAME,SYN__STG_FIN_FLAT__VW_IDAS_DMTM_AMFS_KPI_ISSUED_DAILY_MASTERPROD_AMMS30,MASTERPRODUCT_PRODUCT_SUMM_NAME
VW_IDAS_DMTM_AMFS_KPI_ISSUED_DAILY_WD_MASTERPROD_AMMS30,MASTERPRODUCT_ENTITY,SYN__STG_FIN_FLAT__VW_IDAS_DMTM_AMFS_KPI_ISSUED_DAILY_MASTERPROD_AMMS30,MASTERPRODUCT_ENTITY
VW_IDAS_DMTM_AMFS_KPI_ISSUED_DAILY_WD_MASTERPROD_AMMS30,MASTERPRODUCT_SYSTEM,SYN__STG_FIN_FLAT__VW_IDAS_DMTM_AMFS_KPI_ISSUED_DAILY_MASTERPROD_AMMS30,MASTERPRODUCT_SYSTEM
VW_IDAS_DMTM_AMFS_KPI_ISSUED_DAILY_WD_MASTERPROD_AMMS30,MASTERPRODUCT_PRODUCT_CODE_PRODUCTID,SYN__STG_FIN_FLAT__VW_IDAS_DMTM_AMFS_KPI_ISSUED_DAILY_MASTERPROD_AMMS30,MASTERPRODUCT_PRODUCT_CODE_PRODUCTID
VW_IDAS_DMTM_AMFS_KPI_ISSUED_DAILY_WD_MASTERPROD_AMMS30,MASTERPRODUCT_RIDER_CODE_PLANID,SYN__STG_FIN_FLAT__VW_IDAS_DMTM_AMFS_KPI_ISSUED_DAILY_MASTERPROD_AMMS30,MASTERPRODUCT_RIDER_CODE_PLANID
VW_IDAS_DMTM_AMFS_KPI_ISSUED_DAILY_WD_MASTERPROD_AMMS30,MASTERPRODUCT_APE_MIX,SYN__STG_FIN_FLAT__VW_IDAS_DMTM_AMFS_KPI_ISSUED_DAILY_MASTERPROD_AMMS30,MASTERPRODUCT_APE_MIX
VW_IDAS_DMTM_AMFS_KPI_ISSUED_DAILY_WD_MASTERPROD_AMMS30,MASTERPRODUCT_FUND_CODE,SYN__STG_FIN_FLAT__VW_IDAS_DMTM_AMFS_KPI_ISSUED_DAILY_MASTERPROD_AMMS30,MASTERPRODUCT_FUND_CODE
VW_IDAS_DMTM_AMFS_KPI_ISSUED_DAILY_WD_MASTERPROD_AMMS30,MASTERPRODUCT_FA_CATEGORY,SYN__STG_FIN_FLAT__VW_IDAS_DMTM_AMFS_KPI_ISSUED_DAILY_MASTERPROD_AMMS30,MASTERPRODUCT_FA_CATEGORY
VW_IDAS_DMTM_AMFS_KPI_ISSUED_DAILY_WD_MASTERPROD_AMMS30,MASTERPRODUCT_BAND,SYN__STG_FIN_FLAT__VW_IDAS_DMTM_AMFS_KPI_ISSUED_DAILY_MASTERPROD_AMMS30,MASTERPRODUCT_BAND
VW_IDAS_DMTM_AMFS_KPI_ISSUED_DAILY_WD_MASTERPROD_AMMS30,MASTERPRODUCT_CURRENCY,SYN__STG_FIN_FLAT__VW_IDAS_DMTM_AMFS_KPI_ISSUED_DAILY_MASTERPROD_AMMS30,MASTERPRODUCT_CURRENCY
VW_IDAS_DMTM_AMFS_KPI_ISSUED_DAILY_WD_MASTERPROD_AMMS30,CASECOUNT,SYN__STG_FIN_FLAT__VW_IDAS_DMTM_AMFS_KPI_ISSUED_DAILY_MASTERPROD_AMMS30,CASECOUNT
VW_IDAS_DMTM_AMFS_KPI_ISSUED_DAILY_WD_MASTERPROD_AMMS30,POLICY_MODIFYDATE,SYN__STG_FIN_FLAT__VW_IDAS_DMTM_AMFS_KPI_ISSUED_DAILY_MASTERPROD_AMMS30,POLICY_MODIFYDATE
VW_IDAS_DMTM_AMFS_KPI_ISSUED_DAILY_WD_MASTERPROD_CLP,PERIODKEY,SYN__STG_FIN_FLAT__VW_IDAS_DMTM_AMFS_KPI_ISSUED_DAILY_MASTERPROD_CLP,PERIODKEY
VW_IDAS_DMTM_AMFS_KPI_ISSUED_DAILY_WD_MASTERPROD_CLP,FACTPERIOD,SYN__STG_FIN_FLAT__VW_IDAS_DMTM_AMFS_KPI_ISSUED_DAILY_MASTERPROD_CLP,FACTPERIOD
VW_IDAS_DMTM_AMFS_KPI_ISSUED_DAILY_WD_MASTERPROD_CLP,POLICYNO,SYN__STG_FIN_FLAT__VW_IDAS_DMTM_AMFS_KPI_ISSUED_DAILY_MASTERPROD_CLP,POLICYNO
VW_IDAS_DMTM_AMFS_KPI_ISSUED_DAILY_WD_MASTERPROD_CLP,INSUREDID,SYN__STG_FIN_FLAT__VW_IDAS_DMTM_AMFS_KPI_ISSUED_DAILY_MASTERPROD_CLP,INSUREDID
VW_IDAS_DMTM_AMFS_KPI_ISSUED_DAILY_WD_MASTERPROD_CLP,INSUREDAMOUNT,SYN__STG_FIN_FLAT__VW_IDAS_DMTM_AMFS_KPI_ISSUED_DAILY_MASTERPROD_CLP,INSUREDAMOUNT
VW_IDAS_DMTM_AMFS_KPI_ISSUED_DAILY_WD_MASTERPROD_CLP,ETHNICITYID,SYN__STG_FIN_FLAT__VW_IDAS_DMTM_AMFS_KPI_ISSUED_DAILY_MASTERPROD_CLP,ETHNICITYID
VW_IDAS_DMTM_AMFS_KPI_ISSUED_DAILY_WD_MASTERPROD_CLP,FIRSTNAME,SYN__STG_FIN_FLAT__VW_IDAS_DMTM_AMFS_KPI_ISSUED_DAILY_MASTERPROD_CLP,FIRSTNAME
VW_IDAS_DMTM_AMFS_KPI_ISSUED_DAILY_WD_MASTERPROD_CLP,LASTNAME,SYN__STG_FIN_FLAT__VW_IDAS_DMTM_AMFS_KPI_ISSUED_DAILY_MASTERPROD_CLP,LASTNAME
VW_IDAS_DMTM_AMFS_KPI_ISSUED_DAILY_WD_MASTERPROD_CLP,IDENTITYNO,SYN__STG_FIN_FLAT__VW_IDAS_DMTM_AMFS_KPI_ISSUED_DAILY_MASTERPROD_CLP,IDENTITYNO
VW_IDAS_DMTM_AMFS_KPI_ISSUED_DAILY_WD_MASTERPROD_CLP,BIRTHPLACE,SYN__STG_FIN_FLAT__VW_IDAS_DMTM_AMFS_KPI_ISSUED_DAILY_MASTERPROD_CLP,BIRTHPLACE
VW_IDAS_DMTM_AMFS_KPI_ISSUED_DAILY_WD_MASTERPROD_CLP,BIRTHDATE,SYN__STG_FIN_FLAT__VW_IDAS_DMTM_AMFS_KPI_ISSUED_DAILY_MASTERPROD_CLP,BIRTHDATE
VW_IDAS_DMTM_AMFS_KPI_ISSUED_DAILY_WD_MASTERPROD_CLP,PLANID,SYN__STG_FIN_FLAT__VW_IDAS_DMTM_AMFS_KPI_ISSUED_DAILY_MASTERPROD_CLP,PLANID
VW_IDAS_DMTM_AMFS_KPI_ISSUED_DAILY_WD_MASTERPROD_CLP,HEIGHT,SYN__STG_FIN_FLAT__VW_IDAS_DMTM_AMFS_KPI_ISSUED_DAILY_MASTERPROD_CLP,HEIGHT
VW_IDAS_DMTM_AMFS_KPI_ISSUED_DAILY_WD_MASTERPROD_CLP,WEIGHT,SYN__STG_FIN_FLAT__VW_IDAS_DMTM_AMFS_KPI_ISSUED_DAILY_MASTERPROD_CLP,WEIGHT
VW_IDAS_DMTM_AMFS_KPI_ISSUED_DAILY_WD_MASTERPROD_CLP,PREMIUM,SYN__STG_FIN_FLAT__VW_IDAS_DMTM_AMFS_KPI_ISSUED_DAILY_MASTERPROD_CLP,PREMIUM
VW_IDAS_DMTM_AMFS_KPI_ISSUED_DAILY_WD_MASTERPROD_CLP,DISCOUNT,SYN__STG_FIN_FLAT__VW_IDAS_DMTM_AMFS_KPI_ISSUED_DAILY_MASTERPROD_CLP,DISCOUNT
VW_IDAS_DMTM_AMFS_KPI_ISSUED_DAILY_WD_MASTERPROD_CLP,ISSMOKER,SYN__STG_FIN_FLAT__VW_IDAS_DMTM_AMFS_KPI_ISSUED_DAILY_MASTERPROD_CLP,ISSMOKER
VW_IDAS_DMTM_AMFS_KPI_ISSUED_DAILY_WD_MASTERPROD_CLP,POSITION,SYN__STG_FIN_FLAT__VW_IDAS_DMTM_AMFS_KPI_ISSUED_DAILY_MASTERPROD_CLP,POSITION
VW_IDAS_DMTM_AMFS_KPI_ISSUED_DAILY_WD_MASTERPROD_CLP,OCCUPATIONID,SYN__STG_FIN_FLAT__VW_IDAS_DMTM_AMFS_KPI_ISSUED_DAILY_MASTERPROD_CLP,OCCUPATIONID
VW_IDAS_DMTM_AMFS_KPI_ISSUED_DAILY_WD_MASTERPROD_CLP,PREFIX,SYN__STG_FIN_FLAT__VW_IDAS_DMTM_AMFS_KPI_ISSUED_DAILY_MASTERPROD_CLP,PREFIX
VW_IDAS_DMTM_AMFS_KPI_ISSUED_DAILY_WD_MASTERPROD_CLP,SUFIX,SYN__STG_FIN_FLAT__VW_IDAS_DMTM_AMFS_KPI_ISSUED_DAILY_MASTERPROD_CLP,SUFIX
VW_IDAS_DMTM_AMFS_KPI_ISSUED_DAILY_WD_MASTERPROD_CLP,COUNTRYID,SYN__STG_FIN_FLAT__VW_IDAS_DMTM_AMFS_KPI_ISSUED_DAILY_MASTERPROD_CLP,COUNTRYID
VW_IDAS_DMTM_AMFS_KPI_ISSUED_DAILY_WD_MASTERPROD_CLP,REMARK,SYN__STG_FIN_FLAT__VW_IDAS_DMTM_AMFS_KPI_ISSUED_DAILY_MASTERPROD_CLP,REMARK
VW_IDAS_DMTM_AMFS_KPI_ISSUED_DAILY_WD_MASTERPROD_CLP,COVERAGEUNTIL,SYN__STG_FIN_FLAT__VW_IDAS_DMTM_AMFS_KPI_ISSUED_DAILY_MASTERPROD_CLP,COVERAGEUNTIL
VW_IDAS_DMTM_AMFS_KPI_ISSUED_DAILY_WD_MASTERPROD_CLP,TYPEID,SYN__STG_FIN_FLAT__VW_IDAS_DMTM_AMFS_KPI_ISSUED_DAILY_MASTERPROD_CLP,TYPEID
VW_IDAS_DMTM_AMFS_KPI_ISSUED_DAILY_WD_MASTERPROD_CLP,TITLEID,SYN__STG_FIN_FLAT__VW_IDAS_DMTM_AMFS_KPI_ISSUED_DAILY_MASTERPROD_CLP,TITLEID
VW_IDAS_DMTM_AMFS_KPI_ISSUED_DAILY_WD_MASTERPROD_CLP,SEXID,SYN__STG_FIN_FLAT__VW_IDAS_DMTM_AMFS_KPI_ISSUED_DAILY_MASTERPROD_CLP,SEXID
VW_IDAS_DMTM_AMFS_KPI_ISSUED_DAILY_WD_MASTERPROD_CLP,RELATIONSHIPID,SYN__STG_FIN_FLAT__VW_IDAS_DMTM_AMFS_KPI_ISSUED_DAILY_MASTERPROD_CLP,RELATIONSHIPID
VW_IDAS_DMTM_AMFS_KPI_ISSUED_DAILY_WD_MASTERPROD_CLP,PRODUCTID,SYN__STG_FIN_FLAT__VW_IDAS_DMTM_AMFS_KPI_ISSUED_DAILY_MASTERPROD_CLP,PRODUCTID
VW_IDAS_DMTM_AMFS_KPI_ISSUED_DAILY_WD_MASTERPROD_CLP,MARITALSTATUSID,SYN__STG_FIN_FLAT__VW_IDAS_DMTM_AMFS_KPI_ISSUED_DAILY_MASTERPROD_CLP,MARITALSTATUSID
VW_IDAS_DMTM_AMFS_KPI_ISSUED_DAILY_WD_MASTERPROD_CLP,STATUSID,SYN__STG_FIN_FLAT__VW_IDAS_DMTM_AMFS_KPI_ISSUED_DAILY_MASTERPROD_CLP,STATUSID
VW_IDAS_DMTM_AMFS_KPI_ISSUED_DAILY_WD_MASTERPROD_CLP,IDENTITYTYPEID,SYN__STG_FIN_FLAT__VW_IDAS_DMTM_AMFS_KPI_ISSUED_DAILY_MASTERPROD_CLP,IDENTITYTYPEID
VW_IDAS_DMTM_AMFS_KPI_ISSUED_DAILY_WD_MASTERPROD_CLP,CREATEBY,SYN__STG_FIN_FLAT__VW_IDAS_DMTM_AMFS_KPI_ISSUED_DAILY_MASTERPROD_CLP,CREATEBY
VW_IDAS_DMTM_AMFS_KPI_ISSUED_DAILY_WD_MASTERPROD_CLP,CREATEDATE,SYN__STG_FIN_FLAT__VW_IDAS_DMTM_AMFS_KPI_ISSUED_DAILY_MASTERPROD_CLP,CREATEDATE
VW_IDAS_DMTM_AMFS_KPI_ISSUED_DAILY_WD_MASTERPROD_CLP,MODIFYBY,SYN__STG_FIN_FLAT__VW_IDAS_DMTM_AMFS_KPI_ISSUED_DAILY_MASTERPROD_CLP,MODIFYBY
VW_IDAS_DMTM_AMFS_KPI_ISSUED_DAILY_WD_MASTERPROD_CLP,MODIFYDATE,SYN__STG_FIN_FLAT__VW_IDAS_DMTM_AMFS_KPI_ISSUED_DAILY_MASTERPROD_CLP,MODIFYDATE
VW_IDAS_DMTM_AMFS_KPI_ISSUED_DAILY_WD_MASTERPROD_CLP,RATINGFACTORID1,SYN__STG_FIN_FLAT__VW_IDAS_DMTM_AMFS_KPI_ISSUED_DAILY_MASTERPROD_CLP,RATINGFACTORID1
VW_IDAS_DMTM_AMFS_KPI_ISSUED_DAILY_WD_MASTERPROD_CLP,RATINGFACTORID2,SYN__STG_FIN_FLAT__VW_IDAS_DMTM_AMFS_KPI_ISSUED_DAILY_MASTERPROD_CLP,RATINGFACTORID2
VW_IDAS_DMTM_AMFS_KPI_ISSUED_DAILY_WD_MASTERPROD_CLP,BASICPREMIUM,SYN__STG_FIN_FLAT__VW_IDAS_DMTM_AMFS_KPI_ISSUED_DAILY_MASTERPROD_CLP,BASICPREMIUM
VW_IDAS_DMTM_AMFS_KPI_ISSUED_DAILY_WD_MASTERPROD_CLP,ADDRESSID,SYN__STG_FIN_FLAT__VW_IDAS_DMTM_AMFS_KPI_ISSUED_DAILY_MASTERPROD_CLP,ADDRESSID
VW_IDAS_DMTM_AMFS_KPI_ISSUED_DAILY_WD_MASTERPROD_CLP,LOGDATE,SYN__STG_FIN_FLAT__VW_IDAS_DMTM_AMFS_KPI_ISSUED_DAILY_MASTERPROD_CLP,LOGDATE
VW_IDAS_DMTM_AMFS_KPI_ISSUED_DAILY_WD_MASTERPROD_CLP,RIDERLOCATION,SYN__STG_FIN_FLAT__VW_IDAS_DMTM_AMFS_KPI_ISSUED_DAILY_MASTERPROD_CLP,RIDERLOCATION
VW_IDAS_DMTM_AMFS_KPI_ISSUED_DAILY_WD_MASTERPROD_CLP,RIDERPHONEPREFIX,SYN__STG_FIN_FLAT__VW_IDAS_DMTM_AMFS_KPI_ISSUED_DAILY_MASTERPROD_CLP,RIDERPHONEPREFIX
VW_IDAS_DMTM_AMFS_KPI_ISSUED_DAILY_WD_MASTERPROD_CLP,RIDERPHONENO,SYN__STG_FIN_FLAT__VW_IDAS_DMTM_AMFS_KPI_ISSUED_DAILY_MASTERPROD_CLP,RIDERPHONENO
VW_IDAS_DMTM_AMFS_KPI_ISSUED_DAILY_WD_MASTERPROD_CLP,RIDERZIPCODE,SYN__STG_FIN_FLAT__VW_IDAS_DMTM_AMFS_KPI_ISSUED_DAILY_MASTERPROD_CLP,RIDERZIPCODE
VW_IDAS_DMTM_AMFS_KPI_ISSUED_DAILY_WD_MASTERPROD_CLP,RIDERSTAYDURATION,SYN__STG_FIN_FLAT__VW_IDAS_DMTM_AMFS_KPI_ISSUED_DAILY_MASTERPROD_CLP,RIDERSTAYDURATION
VW_IDAS_DMTM_AMFS_KPI_ISSUED_DAILY_WD_MASTERPROD_CLP,OLDPREMIUM,SYN__STG_FIN_FLAT__VW_IDAS_DMTM_AMFS_KPI_ISSUED_DAILY_MASTERPROD_CLP,OLDPREMIUM
VW_IDAS_DMTM_AMFS_KPI_ISSUED_DAILY_WD_MASTERPROD_CLP,CURRENCYID,SYN__STG_FIN_FLAT__VW_IDAS_DMTM_AMFS_KPI_ISSUED_DAILY_MASTERPROD_CLP,CURRENCYID
VW_IDAS_DMTM_AMFS_KPI_ISSUED_DAILY_WD_MASTERPROD_CLP,PAYMENTMODEID,SYN__STG_FIN_FLAT__VW_IDAS_DMTM_AMFS_KPI_ISSUED_DAILY_MASTERPROD_CLP,PAYMENTMODEID
VW_IDAS_DMTM_AMFS_KPI_ISSUED_DAILY_WD_MASTERPROD_CLP,POLICY_STATUSID,SYN__STG_FIN_FLAT__VW_IDAS_DMTM_AMFS_KPI_ISSUED_DAILY_MASTERPROD_CLP,POLICY_STATUSID
VW_IDAS_DMTM_AMFS_KPI_ISSUED_DAILY_WD_MASTERPROD_CLP,EFFECTIVEDATE,SYN__STG_FIN_FLAT__VW_IDAS_DMTM_AMFS_KPI_ISSUED_DAILY_MASTERPROD_CLP,EFFECTIVEDATE
VW_IDAS_DMTM_AMFS_KPI_ISSUED_DAILY_WD_MASTERPROD_CLP,CANCELDATE,SYN__STG_FIN_FLAT__VW_IDAS_DMTM_AMFS_KPI_ISSUED_DAILY_MASTERPROD_CLP,CANCELDATE
VW_IDAS_DMTM_AMFS_KPI_ISSUED_DAILY_WD_MASTERPROD_CLP,MININSURED,SYN__STG_FIN_FLAT__VW_IDAS_DMTM_AMFS_KPI_ISSUED_DAILY_MASTERPROD_CLP,MININSURED
VW_IDAS_DMTM_AMFS_KPI_ISSUED_DAILY_WD_MASTERPROD_CLP,PRODUCTDISCOUNT_DISCOUNT,SYN__STG_FIN_FLAT__VW_IDAS_DMTM_AMFS_KPI_ISSUED_DAILY_MASTERPROD_CLP,PRODUCTDISCOUNT_DISCOUNT
VW_IDAS_DMTM_AMFS_KPI_ISSUED_DAILY_WD_MASTERPROD_CLP,SPONSORID,SYN__STG_FIN_FLAT__VW_IDAS_DMTM_AMFS_KPI_ISSUED_DAILY_MASTERPROD_CLP,SPONSORID
VW_IDAS_DMTM_AMFS_KPI_ISSUED_DAILY_WD_MASTERPROD_CLP,PROCESS_TYPE,SYN__STG_FIN_FLAT__VW_IDAS_DMTM_AMFS_KPI_ISSUED_DAILY_MASTERPROD_CLP,PROCESS_TYPE
VW_IDAS_DMTM_AMFS_KPI_ISSUED_DAILY_WD_MASTERPROD_CLP,APE_MIX,SYN__STG_FIN_FLAT__VW_IDAS_DMTM_AMFS_KPI_ISSUED_DAILY_MASTERPROD_CLP,APE_MIX
VW_IDAS_DMTM_AMFS_KPI_ISSUED_DAILY_WD_MASTERPROD_CLP,BAND,SYN__STG_FIN_FLAT__VW_IDAS_DMTM_AMFS_KPI_ISSUED_DAILY_MASTERPROD_CLP,BAND
VW_IDAS_DMTM_AMFS_KPI_ISSUED_DAILY_WD_MASTERPROD_CLP,COUNT_INSURED,SYN__STG_FIN_FLAT__VW_IDAS_DMTM_AMFS_KPI_ISSUED_DAILY_MASTERPROD_CLP,COUNT_INSURED
VW_IDAS_DMTM_AMFS_KPI_ISSUED_DAILY_WD_MASTERPROD_CLP,APE_CLP,SYN__STG_FIN_FLAT__VW_IDAS_DMTM_AMFS_KPI_ISSUED_DAILY_MASTERPROD_CLP,APE_CLP
VW_IDAS_DMTM_AMFS_KPI_ISSUED_DAILY_WD_MASTERPROD_CLP,FLAG_ISSUE,SYN__STG_FIN_FLAT__VW_IDAS_DMTM_AMFS_KPI_ISSUED_DAILY_MASTERPROD_CLP,FLAG_ISSUE
VW_IDAS_DMTM_AMFS_KPI_ISSUED_DAILY_WD_MASTERPROD_CLP,MASTERPRODUCT_SYSTEM_CODE_ACTUARY,SYN__STG_FIN_FLAT__VW_IDAS_DMTM_AMFS_KPI_ISSUED_DAILY_MASTERPROD_CLP,MASTERPRODUCT_SYSTEM_CODE_ACTUARY
VW_IDAS_DMTM_AMFS_KPI_ISSUED_DAILY_WD_MASTERPROD_CLP,MASTERPRODUCT_PRODUCT_ID_PEOPLESOFT,SYN__STG_FIN_FLAT__VW_IDAS_DMTM_AMFS_KPI_ISSUED_DAILY_MASTERPROD_CLP,MASTERPRODUCT_PRODUCT_ID_PEOPLESOFT
VW_IDAS_DMTM_AMFS_KPI_ISSUED_DAILY_WD_MASTERPROD_CLP,MASTERPRODUCT_SP_RP,SYN__STG_FIN_FLAT__VW_IDAS_DMTM_AMFS_KPI_ISSUED_DAILY_MASTERPROD_CLP,MASTERPRODUCT_SP_RP
VW_IDAS_DMTM_AMFS_KPI_ISSUED_DAILY_WD_MASTERPROD_CLP,MASTERPRODUCT_AMBITION_ID,SYN__STG_FIN_FLAT__VW_IDAS_DMTM_AMFS_KPI_ISSUED_DAILY_MASTERPROD_CLP,MASTERPRODUCT_AMBITION_ID
VW_IDAS_DMTM_AMFS_KPI_ISSUED_DAILY_WD_MASTERPROD_CLP,MASTERPRODUCT_GMD_ID,SYN__STG_FIN_FLAT__VW_IDAS_DMTM_AMFS_KPI_ISSUED_DAILY_MASTERPROD_CLP,MASTERPRODUCT_GMD_ID
VW_IDAS_DMTM_AMFS_KPI_ISSUED_DAILY_WD_MASTERPROD_CLP,MASTERPRODUCT_CHANNEL,SYN__STG_FIN_FLAT__VW_IDAS_DMTM_AMFS_KPI_ISSUED_DAILY_MASTERPROD_CLP,MASTERPRODUCT_CHANNEL
VW_IDAS_DMTM_AMFS_KPI_ISSUED_DAILY_WD_MASTERPROD_CLP,MASTERPRODUCT_PRODUCT_GROUP,SYN__STG_FIN_FLAT__VW_IDAS_DMTM_AMFS_KPI_ISSUED_DAILY_MASTERPROD_CLP,MASTERPRODUCT_PRODUCT_GROUP
VW_IDAS_DMTM_AMFS_KPI_ISSUED_DAILY_WD_MASTERPROD_CLP,MASTERPRODUCT_PRODUCT_CATEGORY,SYN__STG_FIN_FLAT__VW_IDAS_DMTM_AMFS_KPI_ISSUED_DAILY_MASTERPROD_CLP,MASTERPRODUCT_PRODUCT_CATEGORY
VW_IDAS_DMTM_AMFS_KPI_ISSUED_DAILY_WD_MASTERPROD_CLP,MASTERPRODUCT_PRODUCT_SUB_CATEGORY,SYN__STG_FIN_FLAT__VW_IDAS_DMTM_AMFS_KPI_ISSUED_DAILY_MASTERPROD_CLP,MASTERPRODUCT_PRODUCT_SUB_CATEGORY
VW_IDAS_DMTM_AMFS_KPI_ISSUED_DAILY_WD_MASTERPROD_CLP,MASTERPRODUCT_GMD_CATEGORY,SYN__STG_FIN_FLAT__VW_IDAS_DMTM_AMFS_KPI_ISSUED_DAILY_MASTERPROD_CLP,MASTERPRODUCT_GMD_CATEGORY
VW_IDAS_DMTM_AMFS_KPI_ISSUED_DAILY_WD_MASTERPROD_CLP,MASTERPRODUCT_RIDER_CATEGORY,SYN__STG_FIN_FLAT__VW_IDAS_DMTM_AMFS_KPI_ISSUED_DAILY_MASTERPROD_CLP,MASTERPRODUCT_RIDER_CATEGORY
VW_IDAS_DMTM_AMFS_KPI_ISSUED_DAILY_WD_MASTERPROD_CLP,MASTERPRODUCT_SYARIAH,SYN__STG_FIN_FLAT__VW_IDAS_DMTM_AMFS_KPI_ISSUED_DAILY_MASTERPROD_CLP,MASTERPRODUCT_SYARIAH
VW_IDAS_DMTM_AMFS_KPI_ISSUED_DAILY_WD_MASTERPROD_CLP,MASTERPRODUCT_PRODUCT_NAME_ACTUARY,SYN__STG_FIN_FLAT__VW_IDAS_DMTM_AMFS_KPI_ISSUED_DAILY_MASTERPROD_CLP,MASTERPRODUCT_PRODUCT_NAME_ACTUARY
VW_IDAS_DMTM_AMFS_KPI_ISSUED_DAILY_WD_MASTERPROD_CLP,MASTERPRODUCT_PRODUCT_NAME_MARKETING,SYN__STG_FIN_FLAT__VW_IDAS_DMTM_AMFS_KPI_ISSUED_DAILY_MASTERPROD_CLP,MASTERPRODUCT_PRODUCT_NAME_MARKETING
VW_IDAS_DMTM_AMFS_KPI_ISSUED_DAILY_WD_MASTERPROD_CLP,MASTERPRODUCT_PRODUCT_NAME_FINANCE,SYN__STG_FIN_FLAT__VW_IDAS_DMTM_AMFS_KPI_ISSUED_DAILY_MASTERPROD_CLP,MASTERPRODUCT_PRODUCT_NAME_FINANCE
VW_IDAS_DMTM_AMFS_KPI_ISSUED_DAILY_WD_MASTERPROD_CLP,MASTERPRODUCT_PRODUCT_NAME_PEOPLESOFT,SYN__STG_FIN_FLAT__VW_IDAS_DMTM_AMFS_KPI_ISSUED_DAILY_MASTERPROD_CLP,MASTERPRODUCT_PRODUCT_NAME_PEOPLESOFT
VW_IDAS_DMTM_AMFS_KPI_ISSUED_DAILY_WD_MASTERPROD_CLP,MASTERPRODUCT_PRODUCT_SUMM_NAME,SYN__STG_FIN_FLAT__VW_IDAS_DMTM_AMFS_KPI_ISSUED_DAILY_MASTERPROD_CLP,MASTERPRODUCT_PRODUCT_SUMM_NAME
VW_IDAS_DMTM_AMFS_KPI_ISSUED_DAILY_WD_MASTERPROD_CLP,MASTERPRODUCT_ENTITY,SYN__STG_FIN_FLAT__VW_IDAS_DMTM_AMFS_KPI_ISSUED_DAILY_MASTERPROD_CLP,MASTERPRODUCT_ENTITY
VW_IDAS_DMTM_AMFS_KPI_ISSUED_DAILY_WD_MASTERPROD_CLP,MASTERPRODUCT_SYSTEM,SYN__STG_FIN_FLAT__VW_IDAS_DMTM_AMFS_KPI_ISSUED_DAILY_MASTERPROD_CLP,MASTERPRODUCT_SYSTEM
VW_IDAS_DMTM_AMFS_KPI_ISSUED_DAILY_WD_MASTERPROD_CLP,MASTERPRODUCT_PRODUCT_CODE_PRODUCTID,SYN__STG_FIN_FLAT__VW_IDAS_DMTM_AMFS_KPI_ISSUED_DAILY_MASTERPROD_CLP,MASTERPRODUCT_PRODUCT_CODE_PRODUCTID
VW_IDAS_DMTM_AMFS_KPI_ISSUED_DAILY_WD_MASTERPROD_CLP,MASTERPRODUCT_RIDER_CODE_PLANID,SYN__STG_FIN_FLAT__VW_IDAS_DMTM_AMFS_KPI_ISSUED_DAILY_MASTERPROD_CLP,MASTERPRODUCT_RIDER_CODE_PLANID
VW_IDAS_DMTM_AMFS_KPI_ISSUED_DAILY_WD_MASTERPROD_CLP,MASTERPRODUCT_APE_MIX,SYN__STG_FIN_FLAT__VW_IDAS_DMTM_AMFS_KPI_ISSUED_DAILY_MASTERPROD_CLP,MASTERPRODUCT_APE_MIX
VW_IDAS_DMTM_AMFS_KPI_ISSUED_DAILY_WD_MASTERPROD_CLP,MASTERPRODUCT_FUND_CODE,SYN__STG_FIN_FLAT__VW_IDAS_DMTM_AMFS_KPI_ISSUED_DAILY_MASTERPROD_CLP,MASTERPRODUCT_FUND_CODE
VW_IDAS_DMTM_AMFS_KPI_ISSUED_DAILY_WD_MASTERPROD_CLP,MASTERPRODUCT_FA_CATEGORY,SYN__STG_FIN_FLAT__VW_IDAS_DMTM_AMFS_KPI_ISSUED_DAILY_MASTERPROD_CLP,MASTERPRODUCT_FA_CATEGORY
VW_IDAS_DMTM_AMFS_KPI_ISSUED_DAILY_WD_MASTERPROD_CLP,MASTERPRODUCT_BAND,SYN__STG_FIN_FLAT__VW_IDAS_DMTM_AMFS_KPI_ISSUED_DAILY_MASTERPROD_CLP,MASTERPRODUCT_BAND
VW_IDAS_DMTM_AMFS_KPI_ISSUED_DAILY_WD_MASTERPROD_CLP,MASTERPRODUCT_CURRENCY,SYN__STG_FIN_FLAT__VW_IDAS_DMTM_AMFS_KPI_ISSUED_DAILY_MASTERPROD_CLP,MASTERPRODUCT_CURRENCY
VW_IDAS_DMTM_AMFS_KPI_ISSUED_DAILY_WD_MASTERPROD_CLP,CASECOUNT_CLP,SYN__STG_FIN_FLAT__VW_IDAS_DMTM_AMFS_KPI_ISSUED_DAILY_MASTERPROD_CLP,CASECOUNT_CLP
VW_IDAS_DMTM_AMFS_KPI_ISSUED_DAILY_WD_MASTERPROD_CLP,POLICY_MODIFYDATE,SYN__STG_FIN_FLAT__VW_IDAS_DMTM_AMFS_KPI_ISSUED_DAILY_MASTERPROD_CLP,POLICY_MODIFYDATE
VW_IDAS_RLS_AMFS_KPI_ADD_LSTU_DAILY_LP_MASTERPROD,A1CTC  ,IDAS_RLS_AMFS_KPI_ADD_LSTU_MONTH,A1CTC  
VW_IDAS_RLS_AMFS_KPI_ADD_LSTU_DAILY_LP_MASTERPROD,A1DOS  ,IDAS_RLS_AMFS_KPI_ADD_LSTU_MONTH,A1DOS  
VW_IDAS_RLS_AMFS_KPI_ADD_LSTU_DAILY_LP_MASTERPROD,A1PNO  ,IDAS_RLS_AMFS_KPI_ADD_LSTU_MONTH,A1PNO  
VW_IDAS_RLS_AMFS_KPI_ADD_LSTU_DAILY_LP_MASTERPROD,A1OWN  ,IDAS_RLS_AMFS_KPI_ADD_LSTU_MONTH,A1OWN  
VW_IDAS_RLS_AMFS_KPI_ADD_LSTU_DAILY_LP_MASTERPROD,A1STU  ,IDAS_RLS_AMFS_KPI_ADD_LSTU_MONTH,A1STU  
VW_IDAS_RLS_AMFS_KPI_ADD_LSTU_DAILY_LP_MASTERPROD,A1DOC  ,IDAS_RLS_AMFS_KPI_ADD_LSTU_MONTH,A1DOC  
VW_IDAS_RLS_AMFS_KPI_ADD_LSTU_DAILY_LP_MASTERPROD,A1DOA  ,IDAS_RLS_AMFS_KPI_ADD_LSTU_MONTH,A1DOA  
VW_IDAS_RLS_AMFS_KPI_ADD_LSTU_DAILY_LP_MASTERPROD,A1REF  ,IDAS_RLS_AMFS_KPI_ADD_LSTU_MONTH,A1REF  
VW_IDAS_RLS_AMFS_KPI_ADD_LSTU_DAILY_LP_MASTERPROD,A1EFF  ,IDAS_RLS_AMFS_KPI_ADD_LSTU_MONTH,A1EFF  
VW_IDAS_RLS_AMFS_KPI_ADD_LSTU_DAILY_LP_MASTERPROD,A1DOI  ,IDAS_RLS_AMFS_KPI_ADD_LSTU_MONTH,A1DOI  
VW_IDAS_RLS_AMFS_KPI_ADD_LSTU_DAILY_LP_MASTERPROD,A1CCY  ,IDAS_RLS_AMFS_KPI_ADD_LSTU_MONTH,A1CCY  
VW_IDAS_RLS_AMFS_KPI_ADD_LSTU_DAILY_LP_MASTERPROD,A1AMTU  ,IDAS_RLS_AMFS_KPI_ADD_LSTU_MONTH,A1AMTU  
VW_IDAS_RLS_AMFS_KPI_ADD_LSTU_DAILY_LP_MASTERPROD,A1AMTP  ,IDAS_RLS_AMFS_KPI_ADD_LSTU_MONTH,A1AMTP  
VW_IDAS_RLS_AMFS_KPI_ADD_LSTU_DAILY_LP_MASTERPROD,A1AMT  ,IDAS_RLS_AMFS_KPI_ADD_LSTU_MONTH,A1AMT  
VW_IDAS_RLS_AMFS_KPI_ADD_LSTU_DAILY_LP_MASTERPROD,A1AMTH  ,IDAS_RLS_AMFS_KPI_ADD_LSTU_MONTH,A1AMTH  
VW_IDAS_RLS_AMFS_KPI_ADD_LSTU_DAILY_LP_MASTERPROD,A1COMD  ,IDAS_RLS_AMFS_KPI_ADD_LSTU_MONTH,A1COMD  
VW_IDAS_RLS_AMFS_KPI_ADD_LSTU_DAILY_LP_MASTERPROD,A1COMS  ,IDAS_RLS_AMFS_KPI_ADD_LSTU_MONTH,A1COMS  
VW_IDAS_RLS_AMFS_KPI_ADD_LSTU_DAILY_LP_MASTERPROD,A1AGT1  ,IDAS_RLS_AMFS_KPI_ADD_LSTU_MONTH,A1AGT1  
VW_IDAS_RLS_AMFS_KPI_ADD_LSTU_DAILY_LP_MASTERPROD,AGNAME  ,IDAS_RLS_AMFS_KPI_ADD_LSTU_MONTH,AGNAME  
VW_IDAS_RLS_AMFS_KPI_ADD_LSTU_DAILY_LP_MASTERPROD,A1DOBI  ,IDAS_RLS_AMFS_KPI_ADD_LSTU_MONTH,A1DOBI  
VW_IDAS_RLS_AMFS_KPI_ADD_LSTU_DAILY_LP_MASTERPROD,A1CID  ,IDAS_RLS_AMFS_KPI_ADD_LSTU_MONTH,A1CID  
VW_IDAS_RLS_AMFS_KPI_ADD_LSTU_DAILY_LP_MASTERPROD,A1AAC  ,IDAS_RLS_AMFS_KPI_ADD_LSTU_MONTH,A1AAC  
VW_IDAS_RLS_AMFS_KPI_ADD_LSTU_DAILY_LP_MASTERPROD,A1ANAME  ,IDAS_RLS_AMFS_KPI_ADD_LSTU_MONTH,A1ANAME  
VW_IDAS_RLS_AMFS_KPI_ADD_LSTU_DAILY_LP_MASTERPROD,A1LPLAN  ,IDAS_RLS_AMFS_KPI_ADD_LSTU_MONTH,A1LPLAN  
VW_IDAS_RLS_AMFS_KPI_ADD_LSTU_DAILY_LP_MASTERPROD,A1OPHO  ,IDAS_RLS_AMFS_KPI_ADD_LSTU_MONTH,A1OPHO  
VW_IDAS_RLS_AMFS_KPI_ADD_LSTU_DAILY_LP_MASTERPROD,A1APHO  ,IDAS_RLS_AMFS_KPI_ADD_LSTU_MONTH,A1APHO  
VW_IDAS_RLS_AMFS_KPI_ADD_LSTU_DAILY_LP_MASTERPROD,A1SOCOD  ,IDAS_RLS_AMFS_KPI_ADD_LSTU_MONTH,A1SOCOD  
VW_IDAS_RLS_AMFS_KPI_ADD_LSTU_DAILY_LP_MASTERPROD,A1SOLOC  ,IDAS_RLS_AMFS_KPI_ADD_LSTU_MONTH,A1SOLOC  
VW_IDAS_RLS_AMFS_KPI_ADD_LSTU_DAILY_LP_MASTERPROD,A1ADCOD  ,IDAS_RLS_AMFS_KPI_ADD_LSTU_MONTH,A1ADCOD  
VW_IDAS_RLS_AMFS_KPI_ADD_LSTU_DAILY_LP_MASTERPROD,A1ADNAM  ,IDAS_RLS_AMFS_KPI_ADD_LSTU_MONTH,A1ADNAM  
VW_IDAS_RLS_AMFS_KPI_ADD_LSTU_DAILY_LP_MASTERPROD,A1ACBAL  ,IDAS_RLS_AMFS_KPI_ADD_LSTU_MONTH,A1ACBAL  
VW_IDAS_RLS_AMFS_KPI_ADD_LSTU_DAILY_LP_MASTERPROD,A1ANAV  ,IDAS_RLS_AMFS_KPI_ADD_LSTU_MONTH,A1ANAV  
VW_IDAS_RLS_AMFS_KPI_ADD_LSTU_DAILY_LP_MASTERPROD,A1TAX  ,IDAS_RLS_AMFS_KPI_ADD_LSTU_MONTH,A1TAX  
VW_IDAS_RLS_AMFS_KPI_ADD_LSTU_DAILY_LP_MASTERPROD,LOGDATE  ,IDAS_RLS_AMFS_KPI_ADD_LSTU_MONTH,LOGDATE  
VW_IDAS_RLS_AMFS_KPI_ADD_LSTU_DAILY_LP_MASTERPROD,EXRATEH_ERBUY  ,IDAS_RLS_AMFS_KPI_ADD_LSTU_MONTH,EXRATEH_ERBUY  
VW_IDAS_RLS_AMFS_KPI_ADD_LSTU_DAILY_LP_MASTERPROD,RFPPMH_PCCY  ,IDAS_RLS_AMFS_KPI_ADD_LSTU_MONTH,RFPPMH_PCCY  
VW_IDAS_RLS_AMFS_KPI_ADD_LSTU_DAILY_LP_MASTERPROD,RFPPMH_HFMDIS  ,IDAS_RLS_AMFS_KPI_ADD_LSTU_MONTH,RFPPMH_HFMDIS  
VW_IDAS_RLS_AMFS_KPI_ADD_LSTU_DAILY_LP_MASTERPROD,RFPPMH_PAGT1  ,IDAS_RLS_AMFS_KPI_ADD_LSTU_MONTH,RFPPMH_PAGT1  
VW_IDAS_RLS_AMFS_KPI_ADD_LSTU_DAILY_LP_MASTERPROD,RFPPML_PCCY  ,IDAS_RLS_AMFS_KPI_ADD_LSTU_MONTH,RFPPML_PCCY  
VW_IDAS_RLS_AMFS_KPI_ADD_LSTU_DAILY_LP_MASTERPROD,RFPPML_PAGT1  ,IDAS_RLS_AMFS_KPI_ADD_LSTU_MONTH,RFPPML_PAGT1  
VW_IDAS_RLS_AMFS_KPI_ADD_LSTU_DAILY_LP_MASTERPROD,FLAG_ADD_LSTU  ,IDAS_RLS_AMFS_KPI_ADD_LSTU_MONTH,FLAG_ADD_LSTU  
VW_IDAS_RLS_AMFS_KPI_ADD_LSTU_DAILY_LP_MASTERPROD,FLAG_REV_ADD_LSTU  ,IDAS_RLS_AMFS_KPI_ADD_LSTU_MONTH,FLAG_REV_ADD_LSTU  
VW_IDAS_RLS_AMFS_KPI_ADD_LSTU_DAILY_LP_MASTERPROD,APE  ,IDAS_RLS_AMFS_KPI_ADD_LSTU_MONTH,APE  
VW_IDAS_RLS_AMFS_KPI_ADD_LSTU_DAILY_LP_MASTERPROD,APE_EOM  ,IDAS_RLS_AMFS_KPI_ADD_LSTU_MONTH,APE_EOM  
VW_IDAS_RLS_AMFS_KPI_ADD_LSTU_DAILY_LP_MASTERPROD,FACTPERIOD  ,IDAS_RLS_AMFS_KPI_ADD_LSTU_MONTH,FACTPERIOD  
VW_IDAS_RLS_AMFS_KPI_ADD_LSTU_DAILY_LP_MASTERPROD,A1DOA as PERIODKEY,IDAS_RLS_AMFS_KPI_ADD_LSTU_MONTH,A1DOA as PERIODKEY
VW_IDAS_RLS_AMFS_KPI_ADD_LSTU_DAILY_LP_MASTERPROD,DRLSUNITF_UFCOD1 UFCOD1  ,IDAS_RLS_AMFS_KPI_ADD_LSTU_MONTH,DRLSUNITF_UFCOD1 UFCOD1  
VW_IDAS_RLS_AMFS_KPI_ADD_LSTU_DAILY_LP_MASTERPROD,DRLSUNITF_UFCOD2 UFCOD2  ,IDAS_RLS_AMFS_KPI_ADD_LSTU_MONTH,DRLSUNITF_UFCOD2 UFCOD2  
VW_IDAS_RLS_AMFS_KPI_ADD_LSTU_DAILY_LP_MASTERPROD,DRLSUNITF_UFCOD3 UFCOD3  ,IDAS_RLS_AMFS_KPI_ADD_LSTU_MONTH,DRLSUNITF_UFCOD3 UFCOD3  
VW_IDAS_RLS_AMFS_KPI_ADD_LSTU_DAILY_LP_MASTERPROD,DRLSUNITF_UFCOD4 UFCOD4  ,IDAS_RLS_AMFS_KPI_ADD_LSTU_MONTH,DRLSUNITF_UFCOD4 UFCOD4  
VW_IDAS_RLS_AMFS_KPI_ADD_LSTU_DAILY_LP_MASTERPROD,DRLSUNITF_UFCOD5 UFCOD5  ,IDAS_RLS_AMFS_KPI_ADD_LSTU_MONTH,DRLSUNITF_UFCOD5 UFCOD5  
VW_IDAS_RLS_AMFS_KPI_ADD_LSTU_DAILY_LP_MASTERPROD,DRLSUNITF_UFCOD6 UFCOD6  ,IDAS_RLS_AMFS_KPI_ADD_LSTU_MONTH,DRLSUNITF_UFCOD6 UFCOD6  
VW_IDAS_RLS_AMFS_KPI_ADD_LSTU_DAILY_LP_MASTERPROD,BAND  ,IDAS_RLS_AMFS_KPI_ADD_LSTU_MONTH,BAND  
VW_IDAS_RLS_AMFS_KPI_ADD_LSTU_DAILY_LP_MASTERPROD,FA_CATEGORY  ,IDAS_RLS_AMFS_KPI_ADD_LSTU_MONTH,FA_CATEGORY  
VW_IDAS_RLS_AMFS_KPI_ADD_LSTU_DAILY_LP_MASTERPROD,PRODUCTID  ,IDAS_RLS_AMFS_KPI_ADD_LSTU_MONTH,PRODUCTID  
VW_IDAS_RLS_AMFS_KPI_ADD_LSTU_DAILY_LP_MASTERPROD,PLANID  ,IDAS_RLS_AMFS_KPI_ADD_LSTU_MONTH,PLANID  
VW_IDAS_RLS_AMFS_KPI_ADD_LSTU_DAILY_LP_MASTERPROD,APE_MIX  ,IDAS_RLS_AMFS_KPI_ADD_LSTU_MONTH,APE_MIX  
VW_IDAS_RLS_AMFS_KPI_ADD_LSTU_DAILY_LP_MASTERPROD,PROCESS_TYPE  ,IDAS_RLS_AMFS_KPI_ADD_LSTU_MONTH,PROCESS_TYPE  
VW_IDAS_RLS_AMFS_KPI_ADD_LSTU_DAILY_LP_MASTERPROD,AGENT_CODE  ,IDAS_RLS_AMFS_KPI_ADD_LSTU_MONTH,AGENT_CODE  
VW_IDAS_RLS_AMFS_KPI_ADD_LSTU_DAILY_LP_MASTERPROD,MASTERPRODUCT_SYSTEM_CODE_ACTUARY  ,IDAS_RLS_AMFS_KPI_ADD_LSTU_MONTH,[SYSTEM CODE (ACTUARY)]
VW_IDAS_RLS_AMFS_KPI_ADD_LSTU_DAILY_LP_MASTERPROD,MASTERPRODUCT_PRODUCT_ID_PEOPLESOFT  ,IDAS_RLS_AMFS_KPI_ADD_LSTU_MONTH,[PRODUCT ID PEOPLESOFT]
VW_IDAS_RLS_AMFS_KPI_ADD_LSTU_DAILY_LP_MASTERPROD,[SP/RP] MASTERPRODUCT_SP_RP  ,IDAS_RLS_AMFS_KPI_ADD_LSTU_MONTH,[SP/RP] 
VW_IDAS_RLS_AMFS_KPI_ADD_LSTU_DAILY_LP_MASTERPROD,[AMBITION ID] MASTERPRODUCT_AMBITION_ID  ,IDAS_RLS_AMFS_KPI_ADD_LSTU_MONTH,[AMBITION ID]
VW_IDAS_RLS_AMFS_KPI_ADD_LSTU_DAILY_LP_MASTERPROD,[GMD ID] MASTERPRODUCT_GMD_ID  ,IDAS_RLS_AMFS_KPI_ADD_LSTU_MONTH,[GMD ID]
VW_IDAS_RLS_AMFS_KPI_ADD_LSTU_DAILY_LP_MASTERPROD,BANCASSURANCE' MASTERPRODUCT_CHANNEL  ,IDAS_RLS_AMFS_KPI_ADD_LSTU_MONTH,
VW_IDAS_RLS_AMFS_KPI_ADD_LSTU_DAILY_LP_MASTERPROD,INDIVIDUAL' MASTERPRODUCT_PRODUCT_GROUP  ,IDAS_RLS_AMFS_KPI_ADD_LSTU_MONTH,
VW_IDAS_RLS_AMFS_KPI_ADD_LSTU_DAILY_LP_MASTERPROD,[PRODUCT CATEGORY] MASTERPRODUCT_PRODUCT_CATEGORY  ,IDAS_RLS_AMFS_KPI_ADD_LSTU_MONTH,[PRODUCT CATEGORY]
VW_IDAS_RLS_AMFS_KPI_ADD_LSTU_DAILY_LP_MASTERPROD,[PRODUCT SUB CATEGORY] MASTERPRODUCT_PRODUCT_SUB_CATEGORY  ,IDAS_RLS_AMFS_KPI_ADD_LSTU_MONTH,[PRODUCT SUB CATEGORY]
VW_IDAS_RLS_AMFS_KPI_ADD_LSTU_DAILY_LP_MASTERPROD,[GMD CATEGORY] MASTERPRODUCT_GMD_CATEGORY  ,IDAS_RLS_AMFS_KPI_ADD_LSTU_MONTH,[GMD CATEGORY]
VW_IDAS_RLS_AMFS_KPI_ADD_LSTU_DAILY_LP_MASTERPROD,[RIDER CATEGORY] MASTERPRODUCT_RIDER_CATEGORY  ,IDAS_RLS_AMFS_KPI_ADD_LSTU_MONTH,[RIDER CATEGORY]
VW_IDAS_RLS_AMFS_KPI_ADD_LSTU_DAILY_LP_MASTERPROD,[SYARIAH] MASTERPRODUCT_SYARIAH  ,IDAS_RLS_AMFS_KPI_ADD_LSTU_MONTH,[SYARIAH]
VW_IDAS_RLS_AMFS_KPI_ADD_LSTU_DAILY_LP_MASTERPROD,[PRODUCT NAME (ACTUARY)] MASTERPRODUCT_PRODUCT_NAME_ACTUARY  ,IDAS_RLS_AMFS_KPI_ADD_LSTU_MONTH,[PRODUCT NAME (ACTUARY)]
VW_IDAS_RLS_AMFS_KPI_ADD_LSTU_DAILY_LP_MASTERPROD,[PRODUCT NAME MARKETING] MASTERPRODUCT_PRODUCT_NAME_MARKETING  ,IDAS_RLS_AMFS_KPI_ADD_LSTU_MONTH,[PRODUCT NAME MARKETING]
VW_IDAS_RLS_AMFS_KPI_ADD_LSTU_DAILY_LP_MASTERPROD,[PRODUCT NAME FINANCE] MASTERPRODUCT_PRODUCT_NAME_FINANCE  ,IDAS_RLS_AMFS_KPI_ADD_LSTU_MONTH,[PRODUCT NAME FINANCE]
VW_IDAS_RLS_AMFS_KPI_ADD_LSTU_DAILY_LP_MASTERPROD,[PRODUCT NAME PEOPLESOFT] MASTERPRODUCT_PRODUCT_NAME_PEOPLESOFT  ,IDAS_RLS_AMFS_KPI_ADD_LSTU_MONTH,[PRODUCT NAME PEOPLESOFT]
VW_IDAS_RLS_AMFS_KPI_ADD_LSTU_DAILY_LP_MASTERPROD,[PRODUCT_SUMM_NAME] MASTERPRODUCT_PRODUCT_SUMM_NAME  ,IDAS_RLS_AMFS_KPI_ADD_LSTU_MONTH,[PRODUCT_SUMM_NAME]
VW_IDAS_RLS_AMFS_KPI_ADD_LSTU_DAILY_LP_MASTERPROD,AMFS' MASTERPRODUCT_ENTITY  ,IDAS_RLS_AMFS_KPI_ADD_LSTU_MONTH,
VW_IDAS_RLS_AMFS_KPI_ADD_LSTU_DAILY_LP_MASTERPROD,RLS' MASTERPRODUCT_SYSTEM  ,IDAS_RLS_AMFS_KPI_ADD_LSTU_MONTH,
VW_IDAS_RLS_AMFS_KPI_ADD_LSTU_DAILY_LP_MASTERPROD,[PRODUCT CODE / PRODUCTID] MASTERPRODUCT_PRODUCT_CODE_PRODUCTID  ,IDAS_RLS_AMFS_KPI_ADD_LSTU_MONTH,[PRODUCT CODE / PRODUCTID]
VW_IDAS_RLS_AMFS_KPI_ADD_LSTU_DAILY_LP_MASTERPROD,[RIDER CODE / PLANID] MASTERPRODUCT_RIDER_CODE_PLANID  ,IDAS_RLS_AMFS_KPI_ADD_LSTU_MONTH,[RIDER CODE / PLANID]
VW_IDAS_RLS_AMFS_KPI_ADD_LSTU_DAILY_LP_MASTERPROD,[APE  MIX] MASTERPRODUCT_APE_MIX  ,IDAS_RLS_AMFS_KPI_ADD_LSTU_MONTH,[APE  MIX]
VW_IDAS_RLS_AMFS_KPI_ADD_LSTU_DAILY_LP_MASTERPROD,[FUND CODE] MASTERPRODUCT_FUND_CODE  ,IDAS_RLS_AMFS_KPI_ADD_LSTU_MONTH,[FUND CODE]
VW_IDAS_RLS_AMFS_KPI_ADD_LSTU_DAILY_LP_MASTERPROD,[FA CATEGORY] MASTERPRODUCT_FA_CATEGORY  ,IDAS_RLS_AMFS_KPI_ADD_LSTU_MONTH,[FA CATEGORY]
VW_IDAS_RLS_AMFS_KPI_ADD_LSTU_DAILY_LP_MASTERPROD,[BAND] MASTERPRODUCT_BAND  ,IDAS_RLS_AMFS_KPI_ADD_LSTU_MONTH,[BAND]
VW_IDAS_RLS_AMFS_KPI_ADD_LSTU_DAILY_LP_MASTERPROD,CURRENCY MASTERPRODUCT_CURRENCY  ,IDAS_RLS_AMFS_KPI_ADD_LSTU_MONTH,CURRENCY
VW_IDAS_RLS_AMFS_KPI_ADD_LSTU_DAILY_LP_MASTERPROD,CASECOUNT  ,IDAS_RLS_AMFS_KPI_ADD_LSTU_MONTH,
VW_IDAS_RLS_AMFS_KPI_ADD_LSTU_DAILY_LP_MASTERPROD,FLAG_SUBMIT  ,IDAS_RLS_AMFS_KPI_ADD_LSTU_MONTH,FLAG_SUBMIT  
VW_IDAS_RLS_AMFS_KPI_ADD_LSTU_DAILY_LP_MASTERPROD,PROD_DASHBOARD_CATEGORY MASTERPRODUCT_PROD_DASHBOARD_CATEGORY  ,IDAS_RLS_AMFS_KPI_ADD_LSTU_MONTH,PROD_DASHBOARD_CATEGORY
VW_IDAS_RLS_AMFS_KPI_ADD_LSTU_DAILY_LP_MASTERPROD,A1RMK,IDAS_RLS_AMFS_KPI_ADD_LSTU_MONTH,A1RMK
VW_IDAS_RLS_AMFS_KPI_ADD_RTU_DAILY_LP_WD_MASTERPROD,PERIODKEY,VW_IDAS_RLS_AMFS_KPI_ADD_RTU_DAILY_LP_MASTERPROD,
VW_IDAS_RLS_AMFS_KPI_ADD_RTU_DAILY_LP_WD_MASTERPROD,TRPCO,VW_IDAS_RLS_AMFS_KPI_ADD_RTU_DAILY_LP_MASTERPROD,TRPCO
VW_IDAS_RLS_AMFS_KPI_ADD_RTU_DAILY_LP_WD_MASTERPROD,TRPNO,VW_IDAS_RLS_AMFS_KPI_ADD_RTU_DAILY_LP_MASTERPROD,TRPNO
VW_IDAS_RLS_AMFS_KPI_ADD_RTU_DAILY_LP_WD_MASTERPROD,TRNREF,VW_IDAS_RLS_AMFS_KPI_ADD_RTU_DAILY_LP_MASTERPROD,TRNREF
VW_IDAS_RLS_AMFS_KPI_ADD_RTU_DAILY_LP_WD_MASTERPROD,TRCD,VW_IDAS_RLS_AMFS_KPI_ADD_RTU_DAILY_LP_MASTERPROD,TRCD
VW_IDAS_RLS_AMFS_KPI_ADD_RTU_DAILY_LP_WD_MASTERPROD,TRDOS,VW_IDAS_RLS_AMFS_KPI_ADD_RTU_DAILY_LP_MASTERPROD,TRDOS
VW_IDAS_RLS_AMFS_KPI_ADD_RTU_DAILY_LP_WD_MASTERPROD,TRDOT,VW_IDAS_RLS_AMFS_KPI_ADD_RTU_DAILY_LP_MASTERPROD,TRDOT
VW_IDAS_RLS_AMFS_KPI_ADD_RTU_DAILY_LP_WD_MASTERPROD,TREFF,VW_IDAS_RLS_AMFS_KPI_ADD_RTU_DAILY_LP_MASTERPROD,TREFF
VW_IDAS_RLS_AMFS_KPI_ADD_RTU_DAILY_LP_WD_MASTERPROD,TRDOA,VW_IDAS_RLS_AMFS_KPI_ADD_RTU_DAILY_LP_MASTERPROD,TRDOA
VW_IDAS_RLS_AMFS_KPI_ADD_RTU_DAILY_LP_WD_MASTERPROD,TRUSER,VW_IDAS_RLS_AMFS_KPI_ADD_RTU_DAILY_LP_MASTERPROD,TRUSER
VW_IDAS_RLS_AMFS_KPI_ADD_RTU_DAILY_LP_WD_MASTERPROD,TRTYP,VW_IDAS_RLS_AMFS_KPI_ADD_RTU_DAILY_LP_MASTERPROD,TRTYP
VW_IDAS_RLS_AMFS_KPI_ADD_RTU_DAILY_LP_WD_MASTERPROD,TBSTS,VW_IDAS_RLS_AMFS_KPI_ADD_RTU_DAILY_LP_MASTERPROD,TBSTS
VW_IDAS_RLS_AMFS_KPI_ADD_RTU_DAILY_LP_WD_MASTERPROD,TBCNT,VW_IDAS_RLS_AMFS_KPI_ADD_RTU_DAILY_LP_MASTERPROD,TBCNT
VW_IDAS_RLS_AMFS_KPI_ADD_RTU_DAILY_LP_WD_MASTERPROD,TBPLAN,VW_IDAS_RLS_AMFS_KPI_ADD_RTU_DAILY_LP_MASTERPROD,TBPLAN
VW_IDAS_RLS_AMFS_KPI_ADD_RTU_DAILY_LP_WD_MASTERPROD,TBPLNN,VW_IDAS_RLS_AMFS_KPI_ADD_RTU_DAILY_LP_MASTERPROD,TBPLNN
VW_IDAS_RLS_AMFS_KPI_ADD_RTU_DAILY_LP_WD_MASTERPROD,TBRTO,VW_IDAS_RLS_AMFS_KPI_ADD_RTU_DAILY_LP_MASTERPROD,TBRTO
VW_IDAS_RLS_AMFS_KPI_ADD_RTU_DAILY_LP_WD_MASTERPROD,TBCCY,VW_IDAS_RLS_AMFS_KPI_ADD_RTU_DAILY_LP_MASTERPROD,TBCCY
VW_IDAS_RLS_AMFS_KPI_ADD_RTU_DAILY_LP_WD_MASTERPROD,TBSA,VW_IDAS_RLS_AMFS_KPI_ADD_RTU_DAILY_LP_MASTERPROD,TBSA
VW_IDAS_RLS_AMFS_KPI_ADD_RTU_DAILY_LP_WD_MASTERPROD,TBPR,VW_IDAS_RLS_AMFS_KPI_ADD_RTU_DAILY_LP_MASTERPROD,TBPR
VW_IDAS_RLS_AMFS_KPI_ADD_RTU_DAILY_LP_WD_MASTERPROD,TBPRL,VW_IDAS_RLS_AMFS_KPI_ADD_RTU_DAILY_LP_MASTERPROD,TBPRL
VW_IDAS_RLS_AMFS_KPI_ADD_RTU_DAILY_LP_WD_MASTERPROD,TBEFF,VW_IDAS_RLS_AMFS_KPI_ADD_RTU_DAILY_LP_MASTERPROD,TBEFF
VW_IDAS_RLS_AMFS_KPI_ADD_RTU_DAILY_LP_WD_MASTERPROD,TBTRMP,VW_IDAS_RLS_AMFS_KPI_ADD_RTU_DAILY_LP_MASTERPROD,TBTRMP
VW_IDAS_RLS_AMFS_KPI_ADD_RTU_DAILY_LP_WD_MASTERPROD,TBDTHO,VW_IDAS_RLS_AMFS_KPI_ADD_RTU_DAILY_LP_MASTERPROD,TBDTHO
VW_IDAS_RLS_AMFS_KPI_ADD_RTU_DAILY_LP_WD_MASTERPROD,TAPCO,VW_IDAS_RLS_AMFS_KPI_ADD_RTU_DAILY_LP_MASTERPROD,TAPCO
VW_IDAS_RLS_AMFS_KPI_ADD_RTU_DAILY_LP_WD_MASTERPROD,TAPNO,VW_IDAS_RLS_AMFS_KPI_ADD_RTU_DAILY_LP_MASTERPROD,TAPNO
VW_IDAS_RLS_AMFS_KPI_ADD_RTU_DAILY_LP_WD_MASTERPROD,TACNT,VW_IDAS_RLS_AMFS_KPI_ADD_RTU_DAILY_LP_MASTERPROD,TACNT
VW_IDAS_RLS_AMFS_KPI_ADD_RTU_DAILY_LP_WD_MASTERPROD,TASTS,VW_IDAS_RLS_AMFS_KPI_ADD_RTU_DAILY_LP_MASTERPROD,TASTS
VW_IDAS_RLS_AMFS_KPI_ADD_RTU_DAILY_LP_WD_MASTERPROD,TAPLAN,VW_IDAS_RLS_AMFS_KPI_ADD_RTU_DAILY_LP_MASTERPROD,TAPLAN
VW_IDAS_RLS_AMFS_KPI_ADD_RTU_DAILY_LP_WD_MASTERPROD,TAPLNN,VW_IDAS_RLS_AMFS_KPI_ADD_RTU_DAILY_LP_MASTERPROD,TAPLNN
VW_IDAS_RLS_AMFS_KPI_ADD_RTU_DAILY_LP_WD_MASTERPROD,TARTO,VW_IDAS_RLS_AMFS_KPI_ADD_RTU_DAILY_LP_MASTERPROD,TARTO
VW_IDAS_RLS_AMFS_KPI_ADD_RTU_DAILY_LP_WD_MASTERPROD,TACCY,VW_IDAS_RLS_AMFS_KPI_ADD_RTU_DAILY_LP_MASTERPROD,TACCY
VW_IDAS_RLS_AMFS_KPI_ADD_RTU_DAILY_LP_WD_MASTERPROD,TASA,VW_IDAS_RLS_AMFS_KPI_ADD_RTU_DAILY_LP_MASTERPROD,TASA
VW_IDAS_RLS_AMFS_KPI_ADD_RTU_DAILY_LP_WD_MASTERPROD,TAPR,VW_IDAS_RLS_AMFS_KPI_ADD_RTU_DAILY_LP_MASTERPROD,TAPR
VW_IDAS_RLS_AMFS_KPI_ADD_RTU_DAILY_LP_WD_MASTERPROD,TAPRL,VW_IDAS_RLS_AMFS_KPI_ADD_RTU_DAILY_LP_MASTERPROD,TAPRL
VW_IDAS_RLS_AMFS_KPI_ADD_RTU_DAILY_LP_WD_MASTERPROD,TAEFF,VW_IDAS_RLS_AMFS_KPI_ADD_RTU_DAILY_LP_MASTERPROD,TAEFF
VW_IDAS_RLS_AMFS_KPI_ADD_RTU_DAILY_LP_WD_MASTERPROD,TATRMP,VW_IDAS_RLS_AMFS_KPI_ADD_RTU_DAILY_LP_MASTERPROD,TATRMP
VW_IDAS_RLS_AMFS_KPI_ADD_RTU_DAILY_LP_WD_MASTERPROD,TADTHO,VW_IDAS_RLS_AMFS_KPI_ADD_RTU_DAILY_LP_MASTERPROD,TADTHO
VW_IDAS_RLS_AMFS_KPI_ADD_RTU_DAILY_LP_WD_MASTERPROD,LOGDATE,VW_IDAS_RLS_AMFS_KPI_ADD_RTU_DAILY_LP_MASTERPROD,LOGDATE
VW_IDAS_RLS_AMFS_KPI_ADD_RTU_DAILY_LP_WD_MASTERPROD,FACTPERIOD,VW_IDAS_RLS_AMFS_KPI_ADD_RTU_DAILY_LP_MASTERPROD,FACTPERIOD
VW_IDAS_RLS_AMFS_KPI_ADD_RTU_DAILY_LP_WD_MASTERPROD,EXRATEH_ERBUY,VW_IDAS_RLS_AMFS_KPI_ADD_RTU_DAILY_LP_MASTERPROD,EXRATEH_ERBUY
VW_IDAS_RLS_AMFS_KPI_ADD_RTU_DAILY_LP_WD_MASTERPROD,RFPPMH_PDOI,VW_IDAS_RLS_AMFS_KPI_ADD_RTU_DAILY_LP_MASTERPROD,RFPPMH_PDOI
VW_IDAS_RLS_AMFS_KPI_ADD_RTU_DAILY_LP_WD_MASTERPROD,RFPPMH_PEFF,VW_IDAS_RLS_AMFS_KPI_ADD_RTU_DAILY_LP_MASTERPROD,RFPPMH_PEFF
VW_IDAS_RLS_AMFS_KPI_ADD_RTU_DAILY_LP_WD_MASTERPROD,RFPPMH_HFMDIS,VW_IDAS_RLS_AMFS_KPI_ADD_RTU_DAILY_LP_MASTERPROD,RFPPMH_HFMDIS
VW_IDAS_RLS_AMFS_KPI_ADD_RTU_DAILY_LP_WD_MASTERPROD,RFPPML_PDOI,VW_IDAS_RLS_AMFS_KPI_ADD_RTU_DAILY_LP_MASTERPROD,RFPPML_PDOI
VW_IDAS_RLS_AMFS_KPI_ADD_RTU_DAILY_LP_WD_MASTERPROD,RFPPML_PEFF,VW_IDAS_RLS_AMFS_KPI_ADD_RTU_DAILY_LP_MASTERPROD,RFPPML_PEFF
VW_IDAS_RLS_AMFS_KPI_ADD_RTU_DAILY_LP_WD_MASTERPROD,FLAG_RTU_INCR,VW_IDAS_RLS_AMFS_KPI_ADD_RTU_DAILY_LP_MASTERPROD,FLAG_RTU_INCR
VW_IDAS_RLS_AMFS_KPI_ADD_RTU_DAILY_LP_WD_MASTERPROD,FLAG_RTU_DECR,VW_IDAS_RLS_AMFS_KPI_ADD_RTU_DAILY_LP_MASTERPROD,FLAG_RTU_DECR
VW_IDAS_RLS_AMFS_KPI_ADD_RTU_DAILY_LP_WD_MASTERPROD,FLAG_RTU_CANCEL,VW_IDAS_RLS_AMFS_KPI_ADD_RTU_DAILY_LP_MASTERPROD,FLAG_RTU_CANCEL
VW_IDAS_RLS_AMFS_KPI_ADD_RTU_DAILY_LP_WD_MASTERPROD,APE,VW_IDAS_RLS_AMFS_KPI_ADD_RTU_DAILY_LP_MASTERPROD,APE
VW_IDAS_RLS_AMFS_KPI_ADD_RTU_DAILY_LP_WD_MASTERPROD,APE_EOM,VW_IDAS_RLS_AMFS_KPI_ADD_RTU_DAILY_LP_MASTERPROD,APE_EOM
VW_IDAS_RLS_AMFS_KPI_ADD_RTU_DAILY_LP_WD_MASTERPROD,UFCOD1,VW_IDAS_RLS_AMFS_KPI_ADD_RTU_DAILY_LP_MASTERPROD,UFCOD1
VW_IDAS_RLS_AMFS_KPI_ADD_RTU_DAILY_LP_WD_MASTERPROD,UFCOD2,VW_IDAS_RLS_AMFS_KPI_ADD_RTU_DAILY_LP_MASTERPROD,UFCOD2
VW_IDAS_RLS_AMFS_KPI_ADD_RTU_DAILY_LP_WD_MASTERPROD,UFCOD3,VW_IDAS_RLS_AMFS_KPI_ADD_RTU_DAILY_LP_MASTERPROD,UFCOD3
VW_IDAS_RLS_AMFS_KPI_ADD_RTU_DAILY_LP_WD_MASTERPROD,UFCOD4,VW_IDAS_RLS_AMFS_KPI_ADD_RTU_DAILY_LP_MASTERPROD,UFCOD4
VW_IDAS_RLS_AMFS_KPI_ADD_RTU_DAILY_LP_WD_MASTERPROD,UFCOD5,VW_IDAS_RLS_AMFS_KPI_ADD_RTU_DAILY_LP_MASTERPROD,UFCOD5
VW_IDAS_RLS_AMFS_KPI_ADD_RTU_DAILY_LP_WD_MASTERPROD,UFCOD6,VW_IDAS_RLS_AMFS_KPI_ADD_RTU_DAILY_LP_MASTERPROD,UFCOD6
VW_IDAS_RLS_AMFS_KPI_ADD_RTU_DAILY_LP_WD_MASTERPROD,BAND,VW_IDAS_RLS_AMFS_KPI_ADD_RTU_DAILY_LP_MASTERPROD,BAND
VW_IDAS_RLS_AMFS_KPI_ADD_RTU_DAILY_LP_WD_MASTERPROD,FA_CATEGORY,VW_IDAS_RLS_AMFS_KPI_ADD_RTU_DAILY_LP_MASTERPROD,FA_CATEGORY
VW_IDAS_RLS_AMFS_KPI_ADD_RTU_DAILY_LP_WD_MASTERPROD,PRODUCTID,VW_IDAS_RLS_AMFS_KPI_ADD_RTU_DAILY_LP_MASTERPROD,PRODUCTID
VW_IDAS_RLS_AMFS_KPI_ADD_RTU_DAILY_LP_WD_MASTERPROD,PLANID,VW_IDAS_RLS_AMFS_KPI_ADD_RTU_DAILY_LP_MASTERPROD,PLANID
VW_IDAS_RLS_AMFS_KPI_ADD_RTU_DAILY_LP_WD_MASTERPROD,APE_MIX,VW_IDAS_RLS_AMFS_KPI_ADD_RTU_DAILY_LP_MASTERPROD,APE_MIX
VW_IDAS_RLS_AMFS_KPI_ADD_RTU_DAILY_LP_WD_MASTERPROD,PROCESS_TYPE,VW_IDAS_RLS_AMFS_KPI_ADD_RTU_DAILY_LP_MASTERPROD,PROCESS_TYPE
VW_IDAS_RLS_AMFS_KPI_ADD_RTU_DAILY_LP_WD_MASTERPROD,AGENT_CODE,VW_IDAS_RLS_AMFS_KPI_ADD_RTU_DAILY_LP_MASTERPROD,AGENT_CODE
VW_IDAS_RLS_AMFS_KPI_ADD_RTU_DAILY_LP_WD_MASTERPROD,MASTERPRODUCT_SYSTEM_CODE_ACTUARY,VW_IDAS_RLS_AMFS_KPI_ADD_RTU_DAILY_LP_MASTERPROD,MASTERPRODUCT_SYSTEM_CODE_ACTUARY
VW_IDAS_RLS_AMFS_KPI_ADD_RTU_DAILY_LP_WD_MASTERPROD,MASTERPRODUCT_PRODUCT_ID_PEOPLESOFT,VW_IDAS_RLS_AMFS_KPI_ADD_RTU_DAILY_LP_MASTERPROD,MASTERPRODUCT_PRODUCT_ID_PEOPLESOFT
VW_IDAS_RLS_AMFS_KPI_ADD_RTU_DAILY_LP_WD_MASTERPROD,MASTERPRODUCT_SP_RP,VW_IDAS_RLS_AMFS_KPI_ADD_RTU_DAILY_LP_MASTERPROD,MASTERPRODUCT_SP_RP
VW_IDAS_RLS_AMFS_KPI_ADD_RTU_DAILY_LP_WD_MASTERPROD,MASTERPRODUCT_AMBITION_ID,VW_IDAS_RLS_AMFS_KPI_ADD_RTU_DAILY_LP_MASTERPROD,MASTERPRODUCT_AMBITION_ID
VW_IDAS_RLS_AMFS_KPI_ADD_RTU_DAILY_LP_WD_MASTERPROD,MASTERPRODUCT_GMD_ID,VW_IDAS_RLS_AMFS_KPI_ADD_RTU_DAILY_LP_MASTERPROD,MASTERPRODUCT_GMD_ID
VW_IDAS_RLS_AMFS_KPI_ADD_RTU_DAILY_LP_WD_MASTERPROD,MASTERPRODUCT_CHANNEL,VW_IDAS_RLS_AMFS_KPI_ADD_RTU_DAILY_LP_MASTERPROD,MASTERPRODUCT_CHANNEL
VW_IDAS_RLS_AMFS_KPI_ADD_RTU_DAILY_LP_WD_MASTERPROD,MASTERPRODUCT_PRODUCT_GROUP,VW_IDAS_RLS_AMFS_KPI_ADD_RTU_DAILY_LP_MASTERPROD,MASTERPRODUCT_PRODUCT_GROUP
VW_IDAS_RLS_AMFS_KPI_ADD_RTU_DAILY_LP_WD_MASTERPROD,MASTERPRODUCT_PRODUCT_CATEGORY,VW_IDAS_RLS_AMFS_KPI_ADD_RTU_DAILY_LP_MASTERPROD,MASTERPRODUCT_PRODUCT_CATEGORY
VW_IDAS_RLS_AMFS_KPI_ADD_RTU_DAILY_LP_WD_MASTERPROD,MASTERPRODUCT_PRODUCT_SUB_CATEGORY,VW_IDAS_RLS_AMFS_KPI_ADD_RTU_DAILY_LP_MASTERPROD,MASTERPRODUCT_PRODUCT_SUB_CATEGORY
VW_IDAS_RLS_AMFS_KPI_ADD_RTU_DAILY_LP_WD_MASTERPROD,MASTERPRODUCT_GMD_CATEGORY,VW_IDAS_RLS_AMFS_KPI_ADD_RTU_DAILY_LP_MASTERPROD,MASTERPRODUCT_GMD_CATEGORY
VW_IDAS_RLS_AMFS_KPI_ADD_RTU_DAILY_LP_WD_MASTERPROD,MASTERPRODUCT_RIDER_CATEGORY,VW_IDAS_RLS_AMFS_KPI_ADD_RTU_DAILY_LP_MASTERPROD,MASTERPRODUCT_RIDER_CATEGORY
VW_IDAS_RLS_AMFS_KPI_ADD_RTU_DAILY_LP_WD_MASTERPROD,MASTERPRODUCT_SYARIAH,VW_IDAS_RLS_AMFS_KPI_ADD_RTU_DAILY_LP_MASTERPROD,MASTERPRODUCT_SYARIAH
VW_IDAS_RLS_AMFS_KPI_ADD_RTU_DAILY_LP_WD_MASTERPROD,MASTERPRODUCT_PRODUCT_NAME_ACTUARY,VW_IDAS_RLS_AMFS_KPI_ADD_RTU_DAILY_LP_MASTERPROD,MASTERPRODUCT_PRODUCT_NAME_ACTUARY
VW_IDAS_RLS_AMFS_KPI_ADD_RTU_DAILY_LP_WD_MASTERPROD,MASTERPRODUCT_PRODUCT_NAME_MARKETING,VW_IDAS_RLS_AMFS_KPI_ADD_RTU_DAILY_LP_MASTERPROD,MASTERPRODUCT_PRODUCT_NAME_MARKETING
VW_IDAS_RLS_AMFS_KPI_ADD_RTU_DAILY_LP_WD_MASTERPROD,MASTERPRODUCT_PRODUCT_NAME_FINANCE,VW_IDAS_RLS_AMFS_KPI_ADD_RTU_DAILY_LP_MASTERPROD,MASTERPRODUCT_PRODUCT_NAME_FINANCE
VW_IDAS_RLS_AMFS_KPI_ADD_RTU_DAILY_LP_WD_MASTERPROD,MASTERPRODUCT_PRODUCT_NAME_PEOPLESOFT,VW_IDAS_RLS_AMFS_KPI_ADD_RTU_DAILY_LP_MASTERPROD,MASTERPRODUCT_PRODUCT_NAME_PEOPLESOFT
VW_IDAS_RLS_AMFS_KPI_ADD_RTU_DAILY_LP_WD_MASTERPROD,MASTERPRODUCT_PRODUCT_SUMM_NAME,VW_IDAS_RLS_AMFS_KPI_ADD_RTU_DAILY_LP_MASTERPROD,MASTERPRODUCT_PRODUCT_SUMM_NAME
VW_IDAS_RLS_AMFS_KPI_ADD_RTU_DAILY_LP_WD_MASTERPROD,MASTERPRODUCT_ENTITY,VW_IDAS_RLS_AMFS_KPI_ADD_RTU_DAILY_LP_MASTERPROD,MASTERPRODUCT_ENTITY
VW_IDAS_RLS_AMFS_KPI_ADD_RTU_DAILY_LP_WD_MASTERPROD,MASTERPRODUCT_SYSTEM,VW_IDAS_RLS_AMFS_KPI_ADD_RTU_DAILY_LP_MASTERPROD,MASTERPRODUCT_SYSTEM
VW_IDAS_RLS_AMFS_KPI_ADD_RTU_DAILY_LP_WD_MASTERPROD,MASTERPRODUCT_PRODUCT_CODE_PRODUCTID,VW_IDAS_RLS_AMFS_KPI_ADD_RTU_DAILY_LP_MASTERPROD,MASTERPRODUCT_PRODUCT_CODE_PRODUCTID
VW_IDAS_RLS_AMFS_KPI_ADD_RTU_DAILY_LP_WD_MASTERPROD,MASTERPRODUCT_RIDER_CODE_PLANID,VW_IDAS_RLS_AMFS_KPI_ADD_RTU_DAILY_LP_MASTERPROD,MASTERPRODUCT_RIDER_CODE_PLANID
VW_IDAS_RLS_AMFS_KPI_ADD_RTU_DAILY_LP_WD_MASTERPROD,MASTERPRODUCT_APE_MIX,VW_IDAS_RLS_AMFS_KPI_ADD_RTU_DAILY_LP_MASTERPROD,MASTERPRODUCT_APE_MIX
VW_IDAS_RLS_AMFS_KPI_ADD_RTU_DAILY_LP_WD_MASTERPROD,MASTERPRODUCT_FUND_CODE,VW_IDAS_RLS_AMFS_KPI_ADD_RTU_DAILY_LP_MASTERPROD,MASTERPRODUCT_FUND_CODE
VW_IDAS_RLS_AMFS_KPI_ADD_RTU_DAILY_LP_WD_MASTERPROD,MASTERPRODUCT_FA_CATEGORY,VW_IDAS_RLS_AMFS_KPI_ADD_RTU_DAILY_LP_MASTERPROD,MASTERPRODUCT_FA_CATEGORY
VW_IDAS_RLS_AMFS_KPI_ADD_RTU_DAILY_LP_WD_MASTERPROD,MASTERPRODUCT_BAND,VW_IDAS_RLS_AMFS_KPI_ADD_RTU_DAILY_LP_MASTERPROD,MASTERPRODUCT_BAND
VW_IDAS_RLS_AMFS_KPI_ADD_RTU_DAILY_LP_WD_MASTERPROD,MASTERPRODUCT_CURRENCY,VW_IDAS_RLS_AMFS_KPI_ADD_RTU_DAILY_LP_MASTERPROD,MASTERPRODUCT_CURRENCY
VW_IDAS_RLS_AMFS_KPI_ADD_RTU_DAILY_LP_WD_MASTERPROD,CASECOUNT,VW_IDAS_RLS_AMFS_KPI_ADD_RTU_DAILY_LP_MASTERPROD,CASECOUNT
VW_IDAS_RLS_AMFS_KPI_ADD_RTU_DAILY_LP_WD_MASTERPROD,FLAG_SUBMIT,VW_IDAS_RLS_AMFS_KPI_ADD_RTU_DAILY_LP_MASTERPROD,FLAG_SUBMIT
VW_IDAS_RLS_AMFS_KPI_ADD_RTU_DAILY_LP_WD_MASTERPROD,MASTERPRODUCT_PROD_DASHBOARD_CATEGORY,VW_IDAS_RLS_AMFS_KPI_ADD_RTU_DAILY_LP_MASTERPROD,MASTERPRODUCT_PROD_DASHBOARD_CATEGORY
VW_IDAS_RLS_AMFS_KPI_CHG_BASIC_RIDER_DAILY_LP_MASTERPROD,TRPCO,IDAS_RLS_AMFS_KPI_CHG_BASIC_RIDER_MONTH,TRPCO
VW_IDAS_RLS_AMFS_KPI_CHG_BASIC_RIDER_DAILY_LP_MASTERPROD,TRPNO,IDAS_RLS_AMFS_KPI_CHG_BASIC_RIDER_MONTH,TRPNO
VW_IDAS_RLS_AMFS_KPI_CHG_BASIC_RIDER_DAILY_LP_MASTERPROD,TRNREF,IDAS_RLS_AMFS_KPI_CHG_BASIC_RIDER_MONTH,TRNREF
VW_IDAS_RLS_AMFS_KPI_CHG_BASIC_RIDER_DAILY_LP_MASTERPROD,TRCD,IDAS_RLS_AMFS_KPI_CHG_BASIC_RIDER_MONTH,TRCD
VW_IDAS_RLS_AMFS_KPI_CHG_BASIC_RIDER_DAILY_LP_MASTERPROD,TRDOS,IDAS_RLS_AMFS_KPI_CHG_BASIC_RIDER_MONTH,TRDOS
VW_IDAS_RLS_AMFS_KPI_CHG_BASIC_RIDER_DAILY_LP_MASTERPROD,TRDOT,IDAS_RLS_AMFS_KPI_CHG_BASIC_RIDER_MONTH,TRDOT
VW_IDAS_RLS_AMFS_KPI_CHG_BASIC_RIDER_DAILY_LP_MASTERPROD,TREFF,IDAS_RLS_AMFS_KPI_CHG_BASIC_RIDER_MONTH,TREFF
VW_IDAS_RLS_AMFS_KPI_CHG_BASIC_RIDER_DAILY_LP_MASTERPROD,TRDOA,IDAS_RLS_AMFS_KPI_CHG_BASIC_RIDER_MONTH,TRDOA
VW_IDAS_RLS_AMFS_KPI_CHG_BASIC_RIDER_DAILY_LP_MASTERPROD,TRUSER,IDAS_RLS_AMFS_KPI_CHG_BASIC_RIDER_MONTH,TRUSER
VW_IDAS_RLS_AMFS_KPI_CHG_BASIC_RIDER_DAILY_LP_MASTERPROD,TRTYP,IDAS_RLS_AMFS_KPI_CHG_BASIC_RIDER_MONTH,TRTYP
VW_IDAS_RLS_AMFS_KPI_CHG_BASIC_RIDER_DAILY_LP_MASTERPROD,TBSTS,IDAS_RLS_AMFS_KPI_CHG_BASIC_RIDER_MONTH,TBSTS
VW_IDAS_RLS_AMFS_KPI_CHG_BASIC_RIDER_DAILY_LP_MASTERPROD,TBCNT,IDAS_RLS_AMFS_KPI_CHG_BASIC_RIDER_MONTH,TBCNT
VW_IDAS_RLS_AMFS_KPI_CHG_BASIC_RIDER_DAILY_LP_MASTERPROD,TBPLAN,IDAS_RLS_AMFS_KPI_CHG_BASIC_RIDER_MONTH,TBPLAN
VW_IDAS_RLS_AMFS_KPI_CHG_BASIC_RIDER_DAILY_LP_MASTERPROD,TBPLNN,IDAS_RLS_AMFS_KPI_CHG_BASIC_RIDER_MONTH,TBPLNN
VW_IDAS_RLS_AMFS_KPI_CHG_BASIC_RIDER_DAILY_LP_MASTERPROD,TBRTO,IDAS_RLS_AMFS_KPI_CHG_BASIC_RIDER_MONTH,TBRTO
VW_IDAS_RLS_AMFS_KPI_CHG_BASIC_RIDER_DAILY_LP_MASTERPROD,TBCCY,IDAS_RLS_AMFS_KPI_CHG_BASIC_RIDER_MONTH,TBCCY
VW_IDAS_RLS_AMFS_KPI_CHG_BASIC_RIDER_DAILY_LP_MASTERPROD,TBSA,IDAS_RLS_AMFS_KPI_CHG_BASIC_RIDER_MONTH,TBSA
VW_IDAS_RLS_AMFS_KPI_CHG_BASIC_RIDER_DAILY_LP_MASTERPROD,TBPR,IDAS_RLS_AMFS_KPI_CHG_BASIC_RIDER_MONTH,TBPR
VW_IDAS_RLS_AMFS_KPI_CHG_BASIC_RIDER_DAILY_LP_MASTERPROD,TBPRL,IDAS_RLS_AMFS_KPI_CHG_BASIC_RIDER_MONTH,TBPRL
VW_IDAS_RLS_AMFS_KPI_CHG_BASIC_RIDER_DAILY_LP_MASTERPROD,TBEFF,IDAS_RLS_AMFS_KPI_CHG_BASIC_RIDER_MONTH,TBEFF
VW_IDAS_RLS_AMFS_KPI_CHG_BASIC_RIDER_DAILY_LP_MASTERPROD,TBTRMP,IDAS_RLS_AMFS_KPI_CHG_BASIC_RIDER_MONTH,TBTRMP
VW_IDAS_RLS_AMFS_KPI_CHG_BASIC_RIDER_DAILY_LP_MASTERPROD,TBDTHO,IDAS_RLS_AMFS_KPI_CHG_BASIC_RIDER_MONTH,TBDTHO
VW_IDAS_RLS_AMFS_KPI_CHG_BASIC_RIDER_DAILY_LP_MASTERPROD,TAPCO,IDAS_RLS_AMFS_KPI_CHG_BASIC_RIDER_MONTH,TAPCO
VW_IDAS_RLS_AMFS_KPI_CHG_BASIC_RIDER_DAILY_LP_MASTERPROD,TAPNO,IDAS_RLS_AMFS_KPI_CHG_BASIC_RIDER_MONTH,TAPNO
VW_IDAS_RLS_AMFS_KPI_CHG_BASIC_RIDER_DAILY_LP_MASTERPROD,TACNT,IDAS_RLS_AMFS_KPI_CHG_BASIC_RIDER_MONTH,TACNT
VW_IDAS_RLS_AMFS_KPI_CHG_BASIC_RIDER_DAILY_LP_MASTERPROD,TASTS,IDAS_RLS_AMFS_KPI_CHG_BASIC_RIDER_MONTH,TASTS
VW_IDAS_RLS_AMFS_KPI_CHG_BASIC_RIDER_DAILY_LP_MASTERPROD,TAPLAN,IDAS_RLS_AMFS_KPI_CHG_BASIC_RIDER_MONTH,TAPLAN
VW_IDAS_RLS_AMFS_KPI_CHG_BASIC_RIDER_DAILY_LP_MASTERPROD,TAPLNN,IDAS_RLS_AMFS_KPI_CHG_BASIC_RIDER_MONTH,TAPLNN
VW_IDAS_RLS_AMFS_KPI_CHG_BASIC_RIDER_DAILY_LP_MASTERPROD,TARTO,IDAS_RLS_AMFS_KPI_CHG_BASIC_RIDER_MONTH,TARTO
VW_IDAS_RLS_AMFS_KPI_CHG_BASIC_RIDER_DAILY_LP_MASTERPROD,TACCY,IDAS_RLS_AMFS_KPI_CHG_BASIC_RIDER_MONTH,TACCY
VW_IDAS_RLS_AMFS_KPI_CHG_BASIC_RIDER_DAILY_LP_MASTERPROD,TASA,IDAS_RLS_AMFS_KPI_CHG_BASIC_RIDER_MONTH,TASA
VW_IDAS_RLS_AMFS_KPI_CHG_BASIC_RIDER_DAILY_LP_MASTERPROD,TAPR,IDAS_RLS_AMFS_KPI_CHG_BASIC_RIDER_MONTH,TAPR
VW_IDAS_RLS_AMFS_KPI_CHG_BASIC_RIDER_DAILY_LP_MASTERPROD,TAPRL,IDAS_RLS_AMFS_KPI_CHG_BASIC_RIDER_MONTH,TAPRL
VW_IDAS_RLS_AMFS_KPI_CHG_BASIC_RIDER_DAILY_LP_MASTERPROD,TAEFF,IDAS_RLS_AMFS_KPI_CHG_BASIC_RIDER_MONTH,TAEFF
VW_IDAS_RLS_AMFS_KPI_CHG_BASIC_RIDER_DAILY_LP_MASTERPROD,TATRMP,IDAS_RLS_AMFS_KPI_CHG_BASIC_RIDER_MONTH,TATRMP
VW_IDAS_RLS_AMFS_KPI_CHG_BASIC_RIDER_DAILY_LP_MASTERPROD,TADTHO,IDAS_RLS_AMFS_KPI_CHG_BASIC_RIDER_MONTH,TADTHO
VW_IDAS_RLS_AMFS_KPI_CHG_BASIC_RIDER_DAILY_LP_MASTERPROD,LOGDATE,IDAS_RLS_AMFS_KPI_CHG_BASIC_RIDER_MONTH,LOGDATE
VW_IDAS_RLS_AMFS_KPI_CHG_BASIC_RIDER_DAILY_LP_MASTERPROD,FACTPERIOD  ,IDAS_RLS_AMFS_KPI_CHG_BASIC_RIDER_MONTH,FACTPERIOD  
VW_IDAS_RLS_AMFS_KPI_CHG_BASIC_RIDER_DAILY_LP_MASTERPROD,PERIODKEY  ,IDAS_RLS_AMFS_KPI_CHG_BASIC_RIDER_MONTH,TRDOA
VW_IDAS_RLS_AMFS_KPI_CHG_BASIC_RIDER_DAILY_LP_MASTERPROD,EXRATEH_ERBUY  ,IDAS_RLS_AMFS_KPI_CHG_BASIC_RIDER_MONTH,EXRATEH_ERBUY 
VW_IDAS_RLS_AMFS_KPI_CHG_BASIC_RIDER_DAILY_LP_MASTERPROD,RFPPMH_PDOI  ,IDAS_RLS_AMFS_KPI_CHG_BASIC_RIDER_MONTH,RFPPMH_PDOI
VW_IDAS_RLS_AMFS_KPI_CHG_BASIC_RIDER_DAILY_LP_MASTERPROD,RFPPMH_PEFF  ,IDAS_RLS_AMFS_KPI_CHG_BASIC_RIDER_MONTH,RFPPMH_PEFF  
VW_IDAS_RLS_AMFS_KPI_CHG_BASIC_RIDER_DAILY_LP_MASTERPROD,RFPPMH_HFMDIS  ,IDAS_RLS_AMFS_KPI_CHG_BASIC_RIDER_MONTH,RFPPMH_HFMDIS  
VW_IDAS_RLS_AMFS_KPI_CHG_BASIC_RIDER_DAILY_LP_MASTERPROD,RFPPMH_PAGT1  ,IDAS_RLS_AMFS_KPI_CHG_BASIC_RIDER_MONTH,RFPPMH_PAGT1  
VW_IDAS_RLS_AMFS_KPI_CHG_BASIC_RIDER_DAILY_LP_MASTERPROD,RFPPML_PDOI  ,IDAS_RLS_AMFS_KPI_CHG_BASIC_RIDER_MONTH,RFPPML_PDOI  
VW_IDAS_RLS_AMFS_KPI_CHG_BASIC_RIDER_DAILY_LP_MASTERPROD,RFPPML_PEFF  ,IDAS_RLS_AMFS_KPI_CHG_BASIC_RIDER_MONTH,RFPPML_PEFF  
VW_IDAS_RLS_AMFS_KPI_CHG_BASIC_RIDER_DAILY_LP_MASTERPROD,RFPPML_PAGT1  ,IDAS_RLS_AMFS_KPI_CHG_BASIC_RIDER_MONTH,RFPPML_PAGT1  
VW_IDAS_RLS_AMFS_KPI_CHG_BASIC_RIDER_DAILY_LP_MASTERPROD,FLAG_BASIC_INCR  ,IDAS_RLS_AMFS_KPI_CHG_BASIC_RIDER_MONTH,FLAG_BASIC_INCR  
VW_IDAS_RLS_AMFS_KPI_CHG_BASIC_RIDER_DAILY_LP_MASTERPROD,FLAG_BASIC_DECR  ,IDAS_RLS_AMFS_KPI_CHG_BASIC_RIDER_MONTH,FLAG_BASIC_DECR  
VW_IDAS_RLS_AMFS_KPI_CHG_BASIC_RIDER_DAILY_LP_MASTERPROD,FLAG_RIDER_INCR  ,IDAS_RLS_AMFS_KPI_CHG_BASIC_RIDER_MONTH,FLAG_RIDER_INCR  
VW_IDAS_RLS_AMFS_KPI_CHG_BASIC_RIDER_DAILY_LP_MASTERPROD,FLAG_RIDER_DECR  ,IDAS_RLS_AMFS_KPI_CHG_BASIC_RIDER_MONTH,FLAG_RIDER_DECR  
VW_IDAS_RLS_AMFS_KPI_CHG_BASIC_RIDER_DAILY_LP_MASTERPROD,APE  ,IDAS_RLS_AMFS_KPI_CHG_BASIC_RIDER_MONTH,APE  
VW_IDAS_RLS_AMFS_KPI_CHG_BASIC_RIDER_DAILY_LP_MASTERPROD,APE_EOM,IDAS_RLS_AMFS_KPI_CHG_BASIC_RIDER_MONTH,APE_EOM
VW_IDAS_RLS_AMFS_KPI_CHG_BASIC_RIDER_DAILY_LP_MASTERPROD,UFCOD1  ,IDAS_RLS_AMFS_KPI_CHG_BASIC_RIDER_MONTH,DRLSUNITF_UFCOD1
VW_IDAS_RLS_AMFS_KPI_CHG_BASIC_RIDER_DAILY_LP_MASTERPROD,UFCOD2  ,IDAS_RLS_AMFS_KPI_CHG_BASIC_RIDER_MONTH,DRLSUNITF_UFCOD2
VW_IDAS_RLS_AMFS_KPI_CHG_BASIC_RIDER_DAILY_LP_MASTERPROD,UFCOD3  ,IDAS_RLS_AMFS_KPI_CHG_BASIC_RIDER_MONTH,DRLSUNITF_UFCOD3
VW_IDAS_RLS_AMFS_KPI_CHG_BASIC_RIDER_DAILY_LP_MASTERPROD,UFCOD4  ,IDAS_RLS_AMFS_KPI_CHG_BASIC_RIDER_MONTH,DRLSUNITF_UFCOD4
VW_IDAS_RLS_AMFS_KPI_CHG_BASIC_RIDER_DAILY_LP_MASTERPROD,UFCOD5  ,IDAS_RLS_AMFS_KPI_CHG_BASIC_RIDER_MONTH,DRLSUNITF_UFCOD5
VW_IDAS_RLS_AMFS_KPI_CHG_BASIC_RIDER_DAILY_LP_MASTERPROD,UFCOD6  ,IDAS_RLS_AMFS_KPI_CHG_BASIC_RIDER_MONTH,DRLSUNITF_UFCOD6
VW_IDAS_RLS_AMFS_KPI_CHG_BASIC_RIDER_DAILY_LP_MASTERPROD,BAND  ,IDAS_RLS_AMFS_KPI_CHG_BASIC_RIDER_MONTH,BAND  
VW_IDAS_RLS_AMFS_KPI_CHG_BASIC_RIDER_DAILY_LP_MASTERPROD,FA_CATEGORY  ,IDAS_RLS_AMFS_KPI_CHG_BASIC_RIDER_MONTH,FA_CATEGORY  
VW_IDAS_RLS_AMFS_KPI_CHG_BASIC_RIDER_DAILY_LP_MASTERPROD,PRODUCTID  ,IDAS_RLS_AMFS_KPI_CHG_BASIC_RIDER_MONTH,PRODUCTID  
VW_IDAS_RLS_AMFS_KPI_CHG_BASIC_RIDER_DAILY_LP_MASTERPROD,PLANID  ,IDAS_RLS_AMFS_KPI_CHG_BASIC_RIDER_MONTH,PLANID  
VW_IDAS_RLS_AMFS_KPI_CHG_BASIC_RIDER_DAILY_LP_MASTERPROD,APE_MIX  ,IDAS_RLS_AMFS_KPI_CHG_BASIC_RIDER_MONTH,APE_MIX  
VW_IDAS_RLS_AMFS_KPI_CHG_BASIC_RIDER_DAILY_LP_MASTERPROD,PROCESS_TYPE  ,IDAS_RLS_AMFS_KPI_CHG_BASIC_RIDER_MONTH,PROCESS_TYPE  
VW_IDAS_RLS_AMFS_KPI_CHG_BASIC_RIDER_DAILY_LP_MASTERPROD,AGENT_CODE  ,IDAS_RLS_AMFS_KPI_CHG_BASIC_RIDER_MONTH,AGENT_CODE  
VW_IDAS_RLS_AMFS_KPI_CHG_BASIC_RIDER_DAILY_LP_MASTERPROD,MASTERPRODUCT_SYSTEM_CODE_ACTUARY  ,IDAS_RLS_AMFS_KPI_CHG_BASIC_RIDER_MONTH,[SYSTEM CODE (ACTUARY)]
VW_IDAS_RLS_AMFS_KPI_CHG_BASIC_RIDER_DAILY_LP_MASTERPROD,MASTERPRODUCT_PRODUCT_ID_PEOPLESOFT  ,IDAS_RLS_AMFS_KPI_CHG_BASIC_RIDER_MONTH,[PRODUCT ID PEOPLESOFT]
VW_IDAS_RLS_AMFS_KPI_CHG_BASIC_RIDER_DAILY_LP_MASTERPROD,MASTERPRODUCT_SP_RP  ,IDAS_RLS_AMFS_KPI_CHG_BASIC_RIDER_MONTH,[SP/RP]
VW_IDAS_RLS_AMFS_KPI_CHG_BASIC_RIDER_DAILY_LP_MASTERPROD,MASTERPRODUCT_AMBITION_ID  ,IDAS_RLS_AMFS_KPI_CHG_BASIC_RIDER_MONTH,[AMBITION ID]
VW_IDAS_RLS_AMFS_KPI_CHG_BASIC_RIDER_DAILY_LP_MASTERPROD,MASTERPRODUCT_GMD_ID  ,IDAS_RLS_AMFS_KPI_CHG_BASIC_RIDER_MONTH,[GMD ID]
VW_IDAS_RLS_AMFS_KPI_CHG_BASIC_RIDER_DAILY_LP_MASTERPROD,MASTERPRODUCT_CHANNEL  ,IDAS_RLS_AMFS_KPI_CHG_BASIC_RIDER_MONTH,
VW_IDAS_RLS_AMFS_KPI_CHG_BASIC_RIDER_DAILY_LP_MASTERPROD,MASTERPRODUCT_PRODUCT_GROUP  ,IDAS_RLS_AMFS_KPI_CHG_BASIC_RIDER_MONTH,
VW_IDAS_RLS_AMFS_KPI_CHG_BASIC_RIDER_DAILY_LP_MASTERPROD,MASTERPRODUCT_PRODUCT_CATEGORY  ,IDAS_RLS_AMFS_KPI_CHG_BASIC_RIDER_MONTH,[PRODUCT CATEGORY]
VW_IDAS_RLS_AMFS_KPI_CHG_BASIC_RIDER_DAILY_LP_MASTERPROD,MASTERPRODUCT_PRODUCT_SUB_CATEGORY  ,IDAS_RLS_AMFS_KPI_CHG_BASIC_RIDER_MONTH,[PRODUCT SUB CATEGORY]
VW_IDAS_RLS_AMFS_KPI_CHG_BASIC_RIDER_DAILY_LP_MASTERPROD,MASTERPRODUCT_GMD_CATEGORY  ,IDAS_RLS_AMFS_KPI_CHG_BASIC_RIDER_MONTH,[GMD CATEGORY]
VW_IDAS_RLS_AMFS_KPI_CHG_BASIC_RIDER_DAILY_LP_MASTERPROD,MASTERPRODUCT_RIDER_CATEGORY  ,IDAS_RLS_AMFS_KPI_CHG_BASIC_RIDER_MONTH,[RIDER CATEGORY]
VW_IDAS_RLS_AMFS_KPI_CHG_BASIC_RIDER_DAILY_LP_MASTERPROD,MASTERPRODUCT_SYARIAH  ,IDAS_RLS_AMFS_KPI_CHG_BASIC_RIDER_MONTH,[SYARIAH]
VW_IDAS_RLS_AMFS_KPI_CHG_BASIC_RIDER_DAILY_LP_MASTERPROD,MASTERPRODUCT_PRODUCT_NAME_ACTUARY  ,IDAS_RLS_AMFS_KPI_CHG_BASIC_RIDER_MONTH,[PRODUCT NAME (ACTUARY)] 
VW_IDAS_RLS_AMFS_KPI_CHG_BASIC_RIDER_DAILY_LP_MASTERPROD,MASTERPRODUCT_PRODUCT_NAME_MARKETING  ,IDAS_RLS_AMFS_KPI_CHG_BASIC_RIDER_MONTH,[PRODUCT NAME MARKETING]
VW_IDAS_RLS_AMFS_KPI_CHG_BASIC_RIDER_DAILY_LP_MASTERPROD,MASTERPRODUCT_PRODUCT_NAME_FINANCE  ,IDAS_RLS_AMFS_KPI_CHG_BASIC_RIDER_MONTH,[PRODUCT NAME FINANCE]
VW_IDAS_RLS_AMFS_KPI_CHG_BASIC_RIDER_DAILY_LP_MASTERPROD,MASTERPRODUCT_PRODUCT_NAME_PEOPLESOFT  ,IDAS_RLS_AMFS_KPI_CHG_BASIC_RIDER_MONTH,[PRODUCT NAME PEOPLESOFT]
VW_IDAS_RLS_AMFS_KPI_CHG_BASIC_RIDER_DAILY_LP_MASTERPROD,MASTERPRODUCT_PRODUCT_SUMM_NAME  ,IDAS_RLS_AMFS_KPI_CHG_BASIC_RIDER_MONTH,[PRODUCT_SUMM_NAME] 
VW_IDAS_RLS_AMFS_KPI_CHG_BASIC_RIDER_DAILY_LP_MASTERPROD,MASTERPRODUCT_ENTITY  ,IDAS_RLS_AMFS_KPI_CHG_BASIC_RIDER_MONTH,
VW_IDAS_RLS_AMFS_KPI_CHG_BASIC_RIDER_DAILY_LP_MASTERPROD,MASTERPRODUCT_SYSTEM  ,IDAS_RLS_AMFS_KPI_CHG_BASIC_RIDER_MONTH, 
VW_IDAS_RLS_AMFS_KPI_CHG_BASIC_RIDER_DAILY_LP_MASTERPROD,MASTERPRODUCT_PRODUCT_CODE_PRODUCTID  ,IDAS_RLS_AMFS_KPI_CHG_BASIC_RIDER_MONTH,[PRODUCT CODE / PRODUCTID]
VW_IDAS_RLS_AMFS_KPI_CHG_BASIC_RIDER_DAILY_LP_MASTERPROD,MASTERPRODUCT_RIDER_CODE_PLANID  ,IDAS_RLS_AMFS_KPI_CHG_BASIC_RIDER_MONTH,[RIDER CODE / PLANID]  
VW_IDAS_RLS_AMFS_KPI_CHG_BASIC_RIDER_DAILY_LP_MASTERPROD,MASTERPRODUCT_APE_MIX  ,IDAS_RLS_AMFS_KPI_CHG_BASIC_RIDER_MONTH,[APE  MIX]
VW_IDAS_RLS_AMFS_KPI_CHG_BASIC_RIDER_DAILY_LP_MASTERPROD,MASTERPRODUCT_FUND_CODE  ,IDAS_RLS_AMFS_KPI_CHG_BASIC_RIDER_MONTH,[FUND CODE]  
VW_IDAS_RLS_AMFS_KPI_CHG_BASIC_RIDER_DAILY_LP_MASTERPROD,MASTERPRODUCT_FA_CATEGORY  ,IDAS_RLS_AMFS_KPI_CHG_BASIC_RIDER_MONTH,[FA CATEGORY]
VW_IDAS_RLS_AMFS_KPI_CHG_BASIC_RIDER_DAILY_LP_MASTERPROD,MASTERPRODUCT_BAND  ,IDAS_RLS_AMFS_KPI_CHG_BASIC_RIDER_MONTH,[BAND]
VW_IDAS_RLS_AMFS_KPI_CHG_BASIC_RIDER_DAILY_LP_MASTERPROD,CURRENCY MASTERPRODUCT_CURRENCY  ,IDAS_RLS_AMFS_KPI_CHG_BASIC_RIDER_MONTH,CURRENCY
VW_IDAS_RLS_AMFS_KPI_CHG_BASIC_RIDER_DAILY_LP_MASTERPROD,FLAG_SUBMIT  ,IDAS_RLS_AMFS_KPI_CHG_BASIC_RIDER_MONTH,FLAG_SUBMIT  
VW_IDAS_RLS_AMFS_KPI_CHG_BASIC_RIDER_DAILY_LP_MASTERPROD,MASTERPRODUCT_PROD_DASHBOARD_CATEGORY,IDAS_RLS_AMFS_KPI_CHG_BASIC_RIDER_MONTH,PROD_DASHBOARD_CATEGORY
VW_IDAS_RLS_AMFS_KPI_ISSUED_DAILY_LP_MASTERPROD,PNO,IDAS_RLS_AMFS_KPI_ISSUED_MONTH,PNO  
VW_IDAS_RLS_AMFS_KPI_ISSUED_DAILY_LP_MASTERPROD,PCCY,IDAS_RLS_AMFS_KPI_ISSUED_MONTH,PCCY  
VW_IDAS_RLS_AMFS_KPI_ISSUED_DAILY_LP_MASTERPROD,AUUNT,IDAS_RLS_AMFS_KPI_ISSUED_MONTH,AUUNT  
VW_IDAS_RLS_AMFS_KPI_ISSUED_DAILY_LP_MASTERPROD,AULVL,IDAS_RLS_AMFS_KPI_ISSUED_MONTH,AULVL  
VW_IDAS_RLS_AMFS_KPI_ISSUED_DAILY_LP_MASTERPROD,AUAGC,IDAS_RLS_AMFS_KPI_ISSUED_MONTH,AUAGC  
VW_IDAS_RLS_AMFS_KPI_ISSUED_DAILY_LP_MASTERPROD,AUDOS,IDAS_RLS_AMFS_KPI_ISSUED_MONTH,AUDOS  
VW_IDAS_RLS_AMFS_KPI_ISSUED_DAILY_LP_MASTERPROD,AUTT,IDAS_RLS_AMFS_KPI_ISSUED_MONTH,AUTT  
VW_IDAS_RLS_AMFS_KPI_ISSUED_DAILY_LP_MASTERPROD,AUBRT,IDAS_RLS_AMFS_KPI_ISSUED_MONTH,AUBRT  
VW_IDAS_RLS_AMFS_KPI_ISSUED_DAILY_LP_MASTERPROD,AURT,IDAS_RLS_AMFS_KPI_ISSUED_MONTH,AURT  
VW_IDAS_RLS_AMFS_KPI_ISSUED_DAILY_LP_MASTERPROD,AUFY,IDAS_RLS_AMFS_KPI_ISSUED_MONTH,AUFY  
VW_IDAS_RLS_AMFS_KPI_ISSUED_DAILY_LP_MASTERPROD,AUBRFY,IDAS_RLS_AMFS_KPI_ISSUED_MONTH,AUBRFY  
VW_IDAS_RLS_AMFS_KPI_ISSUED_DAILY_LP_MASTERPROD,AUDFY,IDAS_RLS_AMFS_KPI_ISSUED_MONTH,AUDFY  
VW_IDAS_RLS_AMFS_KPI_ISSUED_DAILY_LP_MASTERPROD,AUPT,IDAS_RLS_AMFS_KPI_ISSUED_MONTH,AUPT  
VW_IDAS_RLS_AMFS_KPI_ISSUED_DAILY_LP_MASTERPROD,AUFYP,IDAS_RLS_AMFS_KPI_ISSUED_MONTH,AUFYP  
VW_IDAS_RLS_AMFS_KPI_ISSUED_DAILY_LP_MASTERPROD,AURC,IDAS_RLS_AMFS_KPI_ISSUED_MONTH,AURC  
VW_IDAS_RLS_AMFS_KPI_ISSUED_DAILY_LP_MASTERPROD,AUDOI,IDAS_RLS_AMFS_KPI_ISSUED_MONTH,AUDOI  
VW_IDAS_RLS_AMFS_KPI_ISSUED_DAILY_LP_MASTERPROD,AUPEFF,IDAS_RLS_AMFS_KPI_ISSUED_MONTH,AUPEFF  
VW_IDAS_RLS_AMFS_KPI_ISSUED_DAILY_LP_MASTERPROD,AUBREFF,IDAS_RLS_AMFS_KPI_ISSUED_MONTH,AUBREFF  
VW_IDAS_RLS_AMFS_KPI_ISSUED_DAILY_LP_MASTERPROD,AUDEFF,IDAS_RLS_AMFS_KPI_ISSUED_MONTH,AUDEFF  
VW_IDAS_RLS_AMFS_KPI_ISSUED_DAILY_LP_MASTERPROD,AUCEXP,IDAS_RLS_AMFS_KPI_ISSUED_MONTH,AUCEXP  
VW_IDAS_RLS_AMFS_KPI_ISSUED_DAILY_LP_MASTERPROD,AUZFLG,IDAS_RLS_AMFS_KPI_ISSUED_MONTH,AUZFLG  
VW_IDAS_RLS_AMFS_KPI_ISSUED_DAILY_LP_MASTERPROD,AUBCGP,IDAS_RLS_AMFS_KPI_ISSUED_MONTH,AUBCGP  
VW_IDAS_RLS_AMFS_KPI_ISSUED_DAILY_LP_MASTERPROD,AUBCGR,IDAS_RLS_AMFS_KPI_ISSUED_MONTH,AUBCGR  
VW_IDAS_RLS_AMFS_KPI_ISSUED_DAILY_LP_MASTERPROD,AUACGP,IDAS_RLS_AMFS_KPI_ISSUED_MONTH,AUACGP  
VW_IDAS_RLS_AMFS_KPI_ISSUED_DAILY_LP_MASTERPROD,AUACGR,IDAS_RLS_AMFS_KPI_ISSUED_MONTH,AUACGR  
VW_IDAS_RLS_AMFS_KPI_ISSUED_DAILY_LP_MASTERPROD,AUPUNT,IDAS_RLS_AMFS_KPI_ISSUED_MONTH,AUPUNT  
VW_IDAS_RLS_AMFS_KPI_ISSUED_DAILY_LP_MASTERPROD,AUPLVL,IDAS_RLS_AMFS_KPI_ISSUED_MONTH,AUPLVL  
VW_IDAS_RLS_AMFS_KPI_ISSUED_DAILY_LP_MASTERPROD,AUPAGC,IDAS_RLS_AMFS_KPI_ISSUED_MONTH,AUPAGC  
VW_IDAS_RLS_AMFS_KPI_ISSUED_DAILY_LP_MASTERPROD,AUPLAN,IDAS_RLS_AMFS_KPI_ISSUED_MONTH,AUPLAN  
VW_IDAS_RLS_AMFS_KPI_ISSUED_DAILY_LP_MASTERPROD,AUBRPLAN,IDAS_RLS_AMFS_KPI_ISSUED_MONTH,AUBRPLAN  
VW_IDAS_RLS_AMFS_KPI_ISSUED_DAILY_LP_MASTERPROD,AUDPLAN,IDAS_RLS_AMFS_KPI_ISSUED_MONTH,AUDPLAN  
VW_IDAS_RLS_AMFS_KPI_ISSUED_DAILY_LP_MASTERPROD,AUDFLG,IDAS_RLS_AMFS_KPI_ISSUED_MONTH,AUDFLG  
VW_IDAS_RLS_AMFS_KPI_ISSUED_DAILY_LP_MASTERPROD,AUDEPN,IDAS_RLS_AMFS_KPI_ISSUED_MONTH,AUDEPN  
VW_IDAS_RLS_AMFS_KPI_ISSUED_DAILY_LP_MASTERPROD,AUSEQ,IDAS_RLS_AMFS_KPI_ISSUED_MONTH,AUSEQ  
VW_IDAS_RLS_AMFS_KPI_ISSUED_DAILY_LP_MASTERPROD,AUSYSDT,IDAS_RLS_AMFS_KPI_ISSUED_MONTH,AUSYSDT  
VW_IDAS_RLS_AMFS_KPI_ISSUED_DAILY_LP_MASTERPROD,AUPLPT,IDAS_RLS_AMFS_KPI_ISSUED_MONTH,AUPLPT  
VW_IDAS_RLS_AMFS_KPI_ISSUED_DAILY_LP_MASTERPROD,AUATTO,IDAS_RLS_AMFS_KPI_ISSUED_MONTH,AUATTO  
VW_IDAS_RLS_AMFS_KPI_ISSUED_DAILY_LP_MASTERPROD,AUTPRD,IDAS_RLS_AMFS_KPI_ISSUED_MONTH,AUTPRD  
VW_IDAS_RLS_AMFS_KPI_ISSUED_DAILY_LP_MASTERPROD,AUADJ,IDAS_RLS_AMFS_KPI_ISSUED_MONTH,AUADJ  
VW_IDAS_RLS_AMFS_KPI_ISSUED_DAILY_LP_MASTERPROD,AUPRAT,IDAS_RLS_AMFS_KPI_ISSUED_MONTH,AUPRAT  
VW_IDAS_RLS_AMFS_KPI_ISSUED_DAILY_LP_MASTERPROD,AUPMODE,IDAS_RLS_AMFS_KPI_ISSUED_MONTH,AUPMODE  
VW_IDAS_RLS_AMFS_KPI_ISSUED_DAILY_LP_MASTERPROD,AURTFL,IDAS_RLS_AMFS_KPI_ISSUED_MONTH,AURTFL  
VW_IDAS_RLS_AMFS_KPI_ISSUED_DAILY_LP_MASTERPROD,AURTUA,IDAS_RLS_AMFS_KPI_ISSUED_MONTH,AURTUA  
VW_IDAS_RLS_AMFS_KPI_ISSUED_DAILY_LP_MASTERPROD,AUCNL,IDAS_RLS_AMFS_KPI_ISSUED_MONTH,AUCNL  
VW_IDAS_RLS_AMFS_KPI_ISSUED_DAILY_LP_MASTERPROD,AUBNK,IDAS_RLS_AMFS_KPI_ISSUED_MONTH,AUBNK  
VW_IDAS_RLS_AMFS_KPI_ISSUED_DAILY_LP_MASTERPROD,AURGN,IDAS_RLS_AMFS_KPI_ISSUED_MONTH,AURGN  
VW_IDAS_RLS_AMFS_KPI_ISSUED_DAILY_LP_MASTERPROD,AUARA,IDAS_RLS_AMFS_KPI_ISSUED_MONTH,AUARA  
VW_IDAS_RLS_AMFS_KPI_ISSUED_DAILY_LP_MASTERPROD,AUBRN,IDAS_RLS_AMFS_KPI_ISSUED_MONTH,AUBRN  
VW_IDAS_RLS_AMFS_KPI_ISSUED_DAILY_LP_MASTERPROD,AUSYS,IDAS_RLS_AMFS_KPI_ISSUED_MONTH,AUSYS  
VW_IDAS_RLS_AMFS_KPI_ISSUED_DAILY_LP_MASTERPROD,LOGDATE,IDAS_RLS_AMFS_KPI_ISSUED_MONTH,LOGDATE  
VW_IDAS_RLS_AMFS_KPI_ISSUED_DAILY_LP_MASTERPROD,LFPCHG_CTC,IDAS_RLS_AMFS_KPI_ISSUED_MONTH,LFPCHG_CTC  
VW_IDAS_RLS_AMFS_KPI_ISSUED_DAILY_LP_MASTERPROD,RFPPMH_PCCY,IDAS_RLS_AMFS_KPI_ISSUED_MONTH,RFPPMH_PCCY  
VW_IDAS_RLS_AMFS_KPI_ISSUED_DAILY_LP_MASTERPROD,RFPPMH_HFMDIS,IDAS_RLS_AMFS_KPI_ISSUED_MONTH,RFPPMH_HFMDIS  
VW_IDAS_RLS_AMFS_KPI_ISSUED_DAILY_LP_MASTERPROD,RFPPML_PCCY,IDAS_RLS_AMFS_KPI_ISSUED_MONTH,RFPPML_PCCY  
VW_IDAS_RLS_AMFS_KPI_ISSUED_DAILY_LP_MASTERPROD,FLAG_ISSUE_BASIC,IDAS_RLS_AMFS_KPI_ISSUED_MONTH,FLAG_ISSUE_BASIC  
VW_IDAS_RLS_AMFS_KPI_ISSUED_DAILY_LP_MASTERPROD,FLAG_ISSUE_RIDER,IDAS_RLS_AMFS_KPI_ISSUED_MONTH,FLAG_ISSUE_RIDER  
VW_IDAS_RLS_AMFS_KPI_ISSUED_DAILY_LP_MASTERPROD,FLAG_ISSUE_RTU,IDAS_RLS_AMFS_KPI_ISSUED_MONTH,FLAG_ISSUE_RTU  
VW_IDAS_RLS_AMFS_KPI_ISSUED_DAILY_LP_MASTERPROD,FLAG_ISSUE_LSTU,IDAS_RLS_AMFS_KPI_ISSUED_MONTH,FLAG_ISSUE_LSTU  
VW_IDAS_RLS_AMFS_KPI_ISSUED_DAILY_LP_MASTERPROD,FLAG_REV_ISSUE_BASIC,IDAS_RLS_AMFS_KPI_ISSUED_MONTH,FLAG_REV_ISSUE_BASIC  
VW_IDAS_RLS_AMFS_KPI_ISSUED_DAILY_LP_MASTERPROD,FLAG_REV_ISSUE_RIDER,IDAS_RLS_AMFS_KPI_ISSUED_MONTH,FLAG_REV_ISSUE_RIDER  
VW_IDAS_RLS_AMFS_KPI_ISSUED_DAILY_LP_MASTERPROD,FLAG_REV_ISSUE_RTU,IDAS_RLS_AMFS_KPI_ISSUED_MONTH,FLAG_REV_ISSUE_RTU  
VW_IDAS_RLS_AMFS_KPI_ISSUED_DAILY_LP_MASTERPROD,FLAG_REV_ISSUE_LSTU,IDAS_RLS_AMFS_KPI_ISSUED_MONTH,FLAG_REV_ISSUE_LSTU  
VW_IDAS_RLS_AMFS_KPI_ISSUED_DAILY_LP_MASTERPROD,FLAG_COFF_BASIC,IDAS_RLS_AMFS_KPI_ISSUED_MONTH,FLAG_COFF_BASIC  
VW_IDAS_RLS_AMFS_KPI_ISSUED_DAILY_LP_MASTERPROD,FLAG_COFF_RIDER,IDAS_RLS_AMFS_KPI_ISSUED_MONTH,FLAG_COFF_RIDER  
VW_IDAS_RLS_AMFS_KPI_ISSUED_DAILY_LP_MASTERPROD,FLAG_COFF_RTU,IDAS_RLS_AMFS_KPI_ISSUED_MONTH,FLAG_COFF_RTU  
VW_IDAS_RLS_AMFS_KPI_ISSUED_DAILY_LP_MASTERPROD,FLAG_COFF_LSTU,IDAS_RLS_AMFS_KPI_ISSUED_MONTH,FLAG_COFF_LSTU  
VW_IDAS_RLS_AMFS_KPI_ISSUED_DAILY_LP_MASTERPROD,FLAG_REV_COFF_BASIC,IDAS_RLS_AMFS_KPI_ISSUED_MONTH,FLAG_REV_COFF_BASIC  
VW_IDAS_RLS_AMFS_KPI_ISSUED_DAILY_LP_MASTERPROD,FLAG_REV_COFF_RIDER,IDAS_RLS_AMFS_KPI_ISSUED_MONTH,FLAG_REV_COFF_RIDER  
VW_IDAS_RLS_AMFS_KPI_ISSUED_DAILY_LP_MASTERPROD,FLAG_REV_COFF_RTU,IDAS_RLS_AMFS_KPI_ISSUED_MONTH,FLAG_REV_COFF_RTU  
VW_IDAS_RLS_AMFS_KPI_ISSUED_DAILY_LP_MASTERPROD,FLAG_REV_COFF_LSTU,IDAS_RLS_AMFS_KPI_ISSUED_MONTH,FLAG_REV_COFF_LSTU  
VW_IDAS_RLS_AMFS_KPI_ISSUED_DAILY_LP_MASTERPROD,FLAG_ADD_LSTU,IDAS_RLS_AMFS_KPI_ISSUED_MONTH,FLAG_ADD_LSTU  
VW_IDAS_RLS_AMFS_KPI_ISSUED_DAILY_LP_MASTERPROD,FLAG_REV_ADD_LSTU,IDAS_RLS_AMFS_KPI_ISSUED_MONTH,FLAG_REV_ADD_LSTU
VW_IDAS_RLS_AMFS_KPI_ISSUED_DAILY_LP_MASTERPROD,APE_EOM,IDAS_RLS_AMFS_KPI_ISSUED_MONTH,APE_EOM
VW_IDAS_RLS_AMFS_KPI_ISSUED_DAILY_LP_MASTERPROD,APE,IDAS_RLS_AMFS_KPI_ISSUED_MONTH,
VW_IDAS_RLS_AMFS_KPI_ISSUED_DAILY_LP_MASTERPROD,FACTPERIOD,IDAS_RLS_AMFS_KPI_ISSUED_MONTH,
VW_IDAS_RLS_AMFS_KPI_ISSUED_DAILY_LP_MASTERPROD,PERIODKEY,IDAS_RLS_AMFS_KPI_ISSUED_MONTH,
VW_IDAS_RLS_AMFS_KPI_ISSUED_DAILY_LP_MASTERPROD,DRLSUNITF_UFCOD1UFCOD1,IDAS_RLS_AMFS_KPI_ISSUED_MONTH,DRLSUNITF_UFCOD1  
VW_IDAS_RLS_AMFS_KPI_ISSUED_DAILY_LP_MASTERPROD,DRLSUNITF_UFCOD2UFCOD2,IDAS_RLS_AMFS_KPI_ISSUED_MONTH,DRLSUNITF_UFCOD2
VW_IDAS_RLS_AMFS_KPI_ISSUED_DAILY_LP_MASTERPROD,DRLSUNITF_UFCOD3UFCOD3,IDAS_RLS_AMFS_KPI_ISSUED_MONTH,DRLSUNITF_UFCOD3 
VW_IDAS_RLS_AMFS_KPI_ISSUED_DAILY_LP_MASTERPROD,DRLSUNITF_UFCOD4UFCOD4,IDAS_RLS_AMFS_KPI_ISSUED_MONTH,DRLSUNITF_UFCOD4  
VW_IDAS_RLS_AMFS_KPI_ISSUED_DAILY_LP_MASTERPROD,DRLSUNITF_UFCOD5UFCOD5,IDAS_RLS_AMFS_KPI_ISSUED_MONTH,DRLSUNITF_UFCOD5  
VW_IDAS_RLS_AMFS_KPI_ISSUED_DAILY_LP_MASTERPROD,DRLSUNITF_UFCOD6UFCOD6,IDAS_RLS_AMFS_KPI_ISSUED_MONTH,DRLSUNITF_UFCOD6  
VW_IDAS_RLS_AMFS_KPI_ISSUED_DAILY_LP_MASTERPROD,BAND,IDAS_RLS_AMFS_KPI_ISSUED_MONTH,BAND  
VW_IDAS_RLS_AMFS_KPI_ISSUED_DAILY_LP_MASTERPROD,FA_CATEGORY,IDAS_RLS_AMFS_KPI_ISSUED_MONTH,FA_CATEGORY  
VW_IDAS_RLS_AMFS_KPI_ISSUED_DAILY_LP_MASTERPROD,PRODUCTID,IDAS_RLS_AMFS_KPI_ISSUED_MONTH,PRODUCTID  
VW_IDAS_RLS_AMFS_KPI_ISSUED_DAILY_LP_MASTERPROD,PLANID,IDAS_RLS_AMFS_KPI_ISSUED_MONTH,PLANID 
VW_IDAS_RLS_AMFS_KPI_ISSUED_DAILY_LP_MASTERPROD,APE_MIX,IDAS_RLS_AMFS_KPI_ISSUED_MONTH,
VW_IDAS_RLS_AMFS_KPI_ISSUED_DAILY_LP_MASTERPROD,PROCESS_TYPE,IDAS_RLS_AMFS_KPI_ISSUED_MONTH,PROCESS_TYPE  
VW_IDAS_RLS_AMFS_KPI_ISSUED_DAILY_LP_MASTERPROD,DRLSAPPB_APCCY,IDAS_RLS_AMFS_KPI_ISSUED_MONTH,MDRLSAPPB_APCCY  
VW_IDAS_RLS_AMFS_KPI_ISSUED_DAILY_LP_MASTERPROD,DRLSAPPB_ABPREM,IDAS_RLS_AMFS_KPI_ISSUED_MONTH,MDRLSAPPB_ABPREM  
VW_IDAS_RLS_AMFS_KPI_ISSUED_DAILY_LP_MASTERPROD,DRLSAPPB_ARPLAN1,IDAS_RLS_AMFS_KPI_ISSUED_MONTH,MDRLSAPPB_ARPLAN1  
VW_IDAS_RLS_AMFS_KPI_ISSUED_DAILY_LP_MASTERPROD,DRLSAPPB_ARPLAN2,IDAS_RLS_AMFS_KPI_ISSUED_MONTH,MDRLSAPPB_ARPLAN2  
VW_IDAS_RLS_AMFS_KPI_ISSUED_DAILY_LP_MASTERPROD,DRLSAPPB_ARPLAN3,IDAS_RLS_AMFS_KPI_ISSUED_MONTH,MDRLSAPPB_ARPLAN3  
VW_IDAS_RLS_AMFS_KPI_ISSUED_DAILY_LP_MASTERPROD,DRLSAPPB_ARPLAN4,IDAS_RLS_AMFS_KPI_ISSUED_MONTH,MDRLSAPPB_ARPLAN4  
VW_IDAS_RLS_AMFS_KPI_ISSUED_DAILY_LP_MASTERPROD,DRLSAPPB_ARPLAN5,IDAS_RLS_AMFS_KPI_ISSUED_MONTH,MDRLSAPPB_ARPLAN5  
VW_IDAS_RLS_AMFS_KPI_ISSUED_DAILY_LP_MASTERPROD,DRLSAPPB_ARPLAN6,IDAS_RLS_AMFS_KPI_ISSUED_MONTH,MDRLSAPPB_ARPLAN6  
VW_IDAS_RLS_AMFS_KPI_ISSUED_DAILY_LP_MASTERPROD,DRLSAPPB_ARPREM1,IDAS_RLS_AMFS_KPI_ISSUED_MONTH,MDRLSAPPB_ARPREM1  
VW_IDAS_RLS_AMFS_KPI_ISSUED_DAILY_LP_MASTERPROD,DRLSAPPB_ARPREM2,IDAS_RLS_AMFS_KPI_ISSUED_MONTH,MDRLSAPPB_ARPREM2  
VW_IDAS_RLS_AMFS_KPI_ISSUED_DAILY_LP_MASTERPROD,DRLSAPPB_ARPREM3,IDAS_RLS_AMFS_KPI_ISSUED_MONTH,MDRLSAPPB_ARPREM3  
VW_IDAS_RLS_AMFS_KPI_ISSUED_DAILY_LP_MASTERPROD,DRLSAPPB_ARPREM4,IDAS_RLS_AMFS_KPI_ISSUED_MONTH,MDRLSAPPB_ARPREM4  
VW_IDAS_RLS_AMFS_KPI_ISSUED_DAILY_LP_MASTERPROD,DRLSAPPB_ARPREM5,IDAS_RLS_AMFS_KPI_ISSUED_MONTH,MDRLSAPPB_ARPREM5  
VW_IDAS_RLS_AMFS_KPI_ISSUED_DAILY_LP_MASTERPROD,DRLSAPPB_ARPREM6,IDAS_RLS_AMFS_KPI_ISSUED_MONTH,MDRLSAPPB_ARPREM6  
VW_IDAS_RLS_AMFS_KPI_ISSUED_DAILY_LP_MASTERPROD,DRLSAPPB_ATRPRM,IDAS_RLS_AMFS_KPI_ISSUED_MONTH,MDRLSAPPB_ATRPRM  
VW_IDAS_RLS_AMFS_KPI_ISSUED_DAILY_LP_MASTERPROD,DRLSAPPB_ATLPRM,IDAS_RLS_AMFS_KPI_ISSUED_MONTH,MDRLSAPPB_ATLPRM  
VW_IDAS_RLS_AMFS_KPI_ISSUED_DAILY_LP_MASTERPROD,DRLSAPPB_ALOAD,IDAS_RLS_AMFS_KPI_ISSUED_MONTH,MDRLSAPPB_ALOAD  
VW_IDAS_RLS_AMFS_KPI_ISSUED_DAILY_LP_MASTERPROD,EXRATEH_ERBUY,IDAS_RLS_AMFS_KPI_ISSUED_MONTH,MEXRATEH_ERBUY  
VW_IDAS_RLS_AMFS_KPI_ISSUED_DAILY_LP_MASTERPROD,MASTERPRODUCT_SYSTEM_CODE_ACTUARY,IDAS_RLS_AMFS_KPI_ISSUED_MONTH,[SYSTEM CODE (ACTUARY)]
VW_IDAS_RLS_AMFS_KPI_ISSUED_DAILY_LP_MASTERPROD,MASTERPRODUCT_PRODUCT_ID_PEOPLESOFT,IDAS_RLS_AMFS_KPI_ISSUED_MONTH,[PRODUCT ID PEOPLESOFT]
VW_IDAS_RLS_AMFS_KPI_ISSUED_DAILY_LP_MASTERPROD,MASTERPRODUCT_SP_RP,IDAS_RLS_AMFS_KPI_ISSUED_MONTH,[SP/RP]
VW_IDAS_RLS_AMFS_KPI_ISSUED_DAILY_LP_MASTERPROD,MASTERPRODUCT_AMBITION_ID,IDAS_RLS_AMFS_KPI_ISSUED_MONTH,[AMBITION ID]
VW_IDAS_RLS_AMFS_KPI_ISSUED_DAILY_LP_MASTERPROD,MASTERPRODUCT_GMD_ID,IDAS_RLS_AMFS_KPI_ISSUED_MONTH,[GMD ID]
VW_IDAS_RLS_AMFS_KPI_ISSUED_DAILY_LP_MASTERPROD,MASTERPRODUCT_CHANNEL,IDAS_RLS_AMFS_KPI_ISSUED_MONTH,
VW_IDAS_RLS_AMFS_KPI_ISSUED_DAILY_LP_MASTERPROD,MASTERPRODUCT_PRODUCT_GROUP,IDAS_RLS_AMFS_KPI_ISSUED_MONTH,
VW_IDAS_RLS_AMFS_KPI_ISSUED_DAILY_LP_MASTERPROD,MASTERPRODUCT_PRODUCT_CATEGORY,IDAS_RLS_AMFS_KPI_ISSUED_MONTH,[PRODUCT CATEGORY]  
VW_IDAS_RLS_AMFS_KPI_ISSUED_DAILY_LP_MASTERPROD,MASTERPRODUCT_PRODUCT_SUB_CATEGORY,IDAS_RLS_AMFS_KPI_ISSUED_MONTH,[PRODUCT SUB CATEGORY]  
VW_IDAS_RLS_AMFS_KPI_ISSUED_DAILY_LP_MASTERPROD,MASTERPRODUCT_GMD_CATEGORY,IDAS_RLS_AMFS_KPI_ISSUED_MONTH,[GMD CATEGORY]  
VW_IDAS_RLS_AMFS_KPI_ISSUED_DAILY_LP_MASTERPROD,MASTERPRODUCT_RIDER_CATEGORY,IDAS_RLS_AMFS_KPI_ISSUED_MONTH,[RIDER CATEGORY]  
VW_IDAS_RLS_AMFS_KPI_ISSUED_DAILY_LP_MASTERPROD,MASTERPRODUCT_SYARIAH,IDAS_RLS_AMFS_KPI_ISSUED_MONTH,[SYARIAH]  
VW_IDAS_RLS_AMFS_KPI_ISSUED_DAILY_LP_MASTERPROD,MASTERPRODUCT_PRODUCT_NAME_ACTUARY,IDAS_RLS_AMFS_KPI_ISSUED_MONTH,[PRODUCT NAME (ACTUARY)]  
VW_IDAS_RLS_AMFS_KPI_ISSUED_DAILY_LP_MASTERPROD,MASTERPRODUCT_PRODUCT_NAME_MARKETING,IDAS_RLS_AMFS_KPI_ISSUED_MONTH,[PRODUCT NAME MARKETING]  
VW_IDAS_RLS_AMFS_KPI_ISSUED_DAILY_LP_MASTERPROD,MASTERPRODUCT_PRODUCT_NAME_FINANCE,IDAS_RLS_AMFS_KPI_ISSUED_MONTH,[PRODUCT NAME FINANCE]  
VW_IDAS_RLS_AMFS_KPI_ISSUED_DAILY_LP_MASTERPROD,MASTERPRODUCT_PRODUCT_NAME_PEOPLESOFT,IDAS_RLS_AMFS_KPI_ISSUED_MONTH,[PRODUCT NAME PEOPLESOFT]  
VW_IDAS_RLS_AMFS_KPI_ISSUED_DAILY_LP_MASTERPROD,MASTERPRODUCT_PRODUCT_SUMM_NAME,IDAS_RLS_AMFS_KPI_ISSUED_MONTH,[PRODUCT_SUMM_NAME]
VW_IDAS_RLS_AMFS_KPI_ISSUED_DAILY_LP_MASTERPROD,MASTERPRODUCT_ENTITY,IDAS_RLS_AMFS_KPI_ISSUED_MONTH,
VW_IDAS_RLS_AMFS_KPI_ISSUED_DAILY_LP_MASTERPROD,MASTERPRODUCT_SYSTEM,IDAS_RLS_AMFS_KPI_ISSUED_MONTH,
VW_IDAS_RLS_AMFS_KPI_ISSUED_DAILY_LP_MASTERPROD,MASTERPRODUCT_PRODUCT_CODE_PRODUCTID,IDAS_RLS_AMFS_KPI_ISSUED_MONTH,[PRODUCT CODE / PRODUCTID]  
VW_IDAS_RLS_AMFS_KPI_ISSUED_DAILY_LP_MASTERPROD,MASTERPRODUCT_RIDER_CODE_PLANID,IDAS_RLS_AMFS_KPI_ISSUED_MONTH,[RIDER CODE / PLANID]  
VW_IDAS_RLS_AMFS_KPI_ISSUED_DAILY_LP_MASTERPROD,MASTERPRODUCT_APE_MIX,IDAS_RLS_AMFS_KPI_ISSUED_MONTH,[APE  MIX]  
VW_IDAS_RLS_AMFS_KPI_ISSUED_DAILY_LP_MASTERPROD,MASTERPRODUCT_FUND_CODE,IDAS_RLS_AMFS_KPI_ISSUED_MONTH,[FUND CODE]  
VW_IDAS_RLS_AMFS_KPI_ISSUED_DAILY_LP_MASTERPROD,MASTERPRODUCT_FA_CATEGORY,IDAS_RLS_AMFS_KPI_ISSUED_MONTH,[FA CATEGORY]  
VW_IDAS_RLS_AMFS_KPI_ISSUED_DAILY_LP_MASTERPROD,MASTERPRODUCT_BAND,IDAS_RLS_AMFS_KPI_ISSUED_MONTH,[BAND]  
VW_IDAS_RLS_AMFS_KPI_ISSUED_DAILY_LP_MASTERPROD,MASTERPRODUCT_CURRENCY,IDAS_RLS_AMFS_KPI_ISSUED_MONTH,CURRENCY
VW_IDAS_RLS_AMFS_KPI_ISSUED_DAILY_LP_MASTERPROD,CASECOUNT,IDAS_RLS_AMFS_KPI_ISSUED_MONTH,PROCESS_TYPE  
VW_IDAS_RLS_AMFS_KPI_ISSUED_DAILY_LP_MASTERPROD,PERIODKEY_ORIG,IDAS_RLS_AMFS_KPI_ISSUED_MONTH,PERIODKEY
VW_IDAS_RLS_AMFS_KPI_ISSUED_DAILY_LP_MASTERPROD,FLAG_SUBMIT,IDAS_RLS_AMFS_KPI_ISSUED_MONTH,FLAG_SUBMIT
VW_IDAS_RLS_AMFS_KPI_ISSUED_DAILY_LP_MASTERPROD,CURRENCY,IDAS_RLS_AMFS_KPI_ISSUED_MONTH,
VW_IDAS_RLS_AMFS_KPI_ISSUED_DAILY_LP_MASTERPROD,MASTERPRODUCT_PROD_DASHBOARD_CATEGORY,IDAS_RLS_AMFS_KPI_ISSUED_MONTH,PROD_DASHBOARD_CATEGORY
VW_IDAS_RLS_AMFS_KPI_ISSUED_DAILY_LP_MASTERPROD,APE_MIX_ORIG,IDAS_RLS_AMFS_KPI_ISSUED_MONTH,APE_MIX
VW_IDAS_RLS_AMFS_KPI_ADD_RTU_DAILY_LP_MASTERPROD,TRPCO,IDAS_RLS_AMFS_KPI_ADD_RTU_MONTH,TRPCO
VW_IDAS_RLS_AMFS_KPI_ADD_RTU_DAILY_LP_MASTERPROD,TRPNO,IDAS_RLS_AMFS_KPI_ADD_RTU_MONTH,TRPNO
VW_IDAS_RLS_AMFS_KPI_ADD_RTU_DAILY_LP_MASTERPROD,TRNREF,IDAS_RLS_AMFS_KPI_ADD_RTU_MONTH,TRNREF
VW_IDAS_RLS_AMFS_KPI_ADD_RTU_DAILY_LP_MASTERPROD,TRCD,IDAS_RLS_AMFS_KPI_ADD_RTU_MONTH,TRCD
VW_IDAS_RLS_AMFS_KPI_ADD_RTU_DAILY_LP_MASTERPROD,TRDOS,IDAS_RLS_AMFS_KPI_ADD_RTU_MONTH,TRDOS
VW_IDAS_RLS_AMFS_KPI_ADD_RTU_DAILY_LP_MASTERPROD,TRDOT,IDAS_RLS_AMFS_KPI_ADD_RTU_MONTH,TRDOT
VW_IDAS_RLS_AMFS_KPI_ADD_RTU_DAILY_LP_MASTERPROD,TREFF,IDAS_RLS_AMFS_KPI_ADD_RTU_MONTH,TREFF
VW_IDAS_RLS_AMFS_KPI_ADD_RTU_DAILY_LP_MASTERPROD,TRDOA,IDAS_RLS_AMFS_KPI_ADD_RTU_MONTH,TRDOA
VW_IDAS_RLS_AMFS_KPI_ADD_RTU_DAILY_LP_MASTERPROD,TRUSER,IDAS_RLS_AMFS_KPI_ADD_RTU_MONTH,TRUSER
VW_IDAS_RLS_AMFS_KPI_ADD_RTU_DAILY_LP_MASTERPROD,TRTYP,IDAS_RLS_AMFS_KPI_ADD_RTU_MONTH,TRTYP
VW_IDAS_RLS_AMFS_KPI_ADD_RTU_DAILY_LP_MASTERPROD,TBSTS,IDAS_RLS_AMFS_KPI_ADD_RTU_MONTH,TBSTS
VW_IDAS_RLS_AMFS_KPI_ADD_RTU_DAILY_LP_MASTERPROD,TBCNT,IDAS_RLS_AMFS_KPI_ADD_RTU_MONTH,TBCNT
VW_IDAS_RLS_AMFS_KPI_ADD_RTU_DAILY_LP_MASTERPROD,TBPLAN,IDAS_RLS_AMFS_KPI_ADD_RTU_MONTH,TBPLAN
VW_IDAS_RLS_AMFS_KPI_ADD_RTU_DAILY_LP_MASTERPROD,TBPLNN,IDAS_RLS_AMFS_KPI_ADD_RTU_MONTH,TBPLNN
VW_IDAS_RLS_AMFS_KPI_ADD_RTU_DAILY_LP_MASTERPROD,TBRTO,IDAS_RLS_AMFS_KPI_ADD_RTU_MONTH,TBRTO
VW_IDAS_RLS_AMFS_KPI_ADD_RTU_DAILY_LP_MASTERPROD,TBCCY,IDAS_RLS_AMFS_KPI_ADD_RTU_MONTH,TBCCY
VW_IDAS_RLS_AMFS_KPI_ADD_RTU_DAILY_LP_MASTERPROD,TBSA,IDAS_RLS_AMFS_KPI_ADD_RTU_MONTH,TBSA
VW_IDAS_RLS_AMFS_KPI_ADD_RTU_DAILY_LP_MASTERPROD,TBPR,IDAS_RLS_AMFS_KPI_ADD_RTU_MONTH,TBPR
VW_IDAS_RLS_AMFS_KPI_ADD_RTU_DAILY_LP_MASTERPROD,TBPRL,IDAS_RLS_AMFS_KPI_ADD_RTU_MONTH,TBPRL
VW_IDAS_RLS_AMFS_KPI_ADD_RTU_DAILY_LP_MASTERPROD,TBEFF,IDAS_RLS_AMFS_KPI_ADD_RTU_MONTH,TBEFF
VW_IDAS_RLS_AMFS_KPI_ADD_RTU_DAILY_LP_MASTERPROD,TBTRMP,IDAS_RLS_AMFS_KPI_ADD_RTU_MONTH,TBTRMP
VW_IDAS_RLS_AMFS_KPI_ADD_RTU_DAILY_LP_MASTERPROD,TBDTHO,IDAS_RLS_AMFS_KPI_ADD_RTU_MONTH,TBDTHO
VW_IDAS_RLS_AMFS_KPI_ADD_RTU_DAILY_LP_MASTERPROD,TAPCO,IDAS_RLS_AMFS_KPI_ADD_RTU_MONTH,TAPCO
VW_IDAS_RLS_AMFS_KPI_ADD_RTU_DAILY_LP_MASTERPROD,TAPNO,IDAS_RLS_AMFS_KPI_ADD_RTU_MONTH,TAPNO
VW_IDAS_RLS_AMFS_KPI_ADD_RTU_DAILY_LP_MASTERPROD,TACNT,IDAS_RLS_AMFS_KPI_ADD_RTU_MONTH,TACNT
VW_IDAS_RLS_AMFS_KPI_ADD_RTU_DAILY_LP_MASTERPROD,TASTS,IDAS_RLS_AMFS_KPI_ADD_RTU_MONTH,TASTS
VW_IDAS_RLS_AMFS_KPI_ADD_RTU_DAILY_LP_MASTERPROD,TAPLAN,IDAS_RLS_AMFS_KPI_ADD_RTU_MONTH,TAPLAN
VW_IDAS_RLS_AMFS_KPI_ADD_RTU_DAILY_LP_MASTERPROD,TAPLNN,IDAS_RLS_AMFS_KPI_ADD_RTU_MONTH,TAPLNN
VW_IDAS_RLS_AMFS_KPI_ADD_RTU_DAILY_LP_MASTERPROD,TARTO,IDAS_RLS_AMFS_KPI_ADD_RTU_MONTH,TARTO
VW_IDAS_RLS_AMFS_KPI_ADD_RTU_DAILY_LP_MASTERPROD,TACCY,IDAS_RLS_AMFS_KPI_ADD_RTU_MONTH,TACCY
VW_IDAS_RLS_AMFS_KPI_ADD_RTU_DAILY_LP_MASTERPROD,TASA,IDAS_RLS_AMFS_KPI_ADD_RTU_MONTH,TASA
VW_IDAS_RLS_AMFS_KPI_ADD_RTU_DAILY_LP_MASTERPROD,TAPR,IDAS_RLS_AMFS_KPI_ADD_RTU_MONTH,TAPR
VW_IDAS_RLS_AMFS_KPI_ADD_RTU_DAILY_LP_MASTERPROD,TAPRL,IDAS_RLS_AMFS_KPI_ADD_RTU_MONTH,TAPRL
VW_IDAS_RLS_AMFS_KPI_ADD_RTU_DAILY_LP_MASTERPROD,TAEFF,IDAS_RLS_AMFS_KPI_ADD_RTU_MONTH,TAEFF
VW_IDAS_RLS_AMFS_KPI_ADD_RTU_DAILY_LP_MASTERPROD,TATRMP,IDAS_RLS_AMFS_KPI_ADD_RTU_MONTH,TATRMP
VW_IDAS_RLS_AMFS_KPI_ADD_RTU_DAILY_LP_MASTERPROD,TADTHO,IDAS_RLS_AMFS_KPI_ADD_RTU_MONTH,TADTHO
VW_IDAS_RLS_AMFS_KPI_ADD_RTU_DAILY_LP_MASTERPROD,LOGDATE,IDAS_RLS_AMFS_KPI_ADD_RTU_MONTH,LOGDATE
VW_IDAS_RLS_AMFS_KPI_ADD_RTU_DAILY_LP_MASTERPROD,FACTPERIOD,IDAS_RLS_AMFS_KPI_ADD_RTU_MONTH,
VW_IDAS_RLS_AMFS_KPI_ADD_RTU_DAILY_LP_MASTERPROD,PERIODKEY,IDAS_RLS_AMFS_KPI_ADD_RTU_MONTH,TRDOA
VW_IDAS_RLS_AMFS_KPI_ADD_RTU_DAILY_LP_MASTERPROD,EXRATEH_ERBUY,IDAS_RLS_AMFS_KPI_ADD_RTU_MONTH,EXRATEH_ERBUY
VW_IDAS_RLS_AMFS_KPI_ADD_RTU_DAILY_LP_MASTERPROD,RFPPMH_PDOI,IDAS_RLS_AMFS_KPI_ADD_RTU_MONTH,RFPPMH_PDOI
VW_IDAS_RLS_AMFS_KPI_ADD_RTU_DAILY_LP_MASTERPROD,RFPPMH_PEFF,IDAS_RLS_AMFS_KPI_ADD_RTU_MONTH,RFPPMH_PEFF
VW_IDAS_RLS_AMFS_KPI_ADD_RTU_DAILY_LP_MASTERPROD,RFPPMH_HFMDIS,IDAS_RLS_AMFS_KPI_ADD_RTU_MONTH,RFPPMH_HFMDIS
VW_IDAS_RLS_AMFS_KPI_ADD_RTU_DAILY_LP_MASTERPROD,RFPPML_PDOI,IDAS_RLS_AMFS_KPI_ADD_RTU_MONTH,RFPPML_PDOI
VW_IDAS_RLS_AMFS_KPI_ADD_RTU_DAILY_LP_MASTERPROD,RFPPML_PEFF,IDAS_RLS_AMFS_KPI_ADD_RTU_MONTH,RFPPML_PEFF
VW_IDAS_RLS_AMFS_KPI_ADD_RTU_DAILY_LP_MASTERPROD,FLAG_RTU_INCR,IDAS_RLS_AMFS_KPI_ADD_RTU_MONTH,FLAG_RTU_INCR
VW_IDAS_RLS_AMFS_KPI_ADD_RTU_DAILY_LP_MASTERPROD,FLAG_RTU_DECR,IDAS_RLS_AMFS_KPI_ADD_RTU_MONTH,FLAG_RTU_DECR
VW_IDAS_RLS_AMFS_KPI_ADD_RTU_DAILY_LP_MASTERPROD,FLAG_RTU_CANCEL,IDAS_RLS_AMFS_KPI_ADD_RTU_MONTH,FLAG_RTU_CANCEL
VW_IDAS_RLS_AMFS_KPI_ADD_RTU_DAILY_LP_MASTERPROD,APE_EOM,IDAS_RLS_AMFS_KPI_ADD_RTU_MONTH,APE_EOM
VW_IDAS_RLS_AMFS_KPI_ADD_RTU_DAILY_LP_MASTERPROD,APE  ,IDAS_RLS_AMFS_KPI_ADD_RTU_MONTH,APE
VW_IDAS_RLS_AMFS_KPI_ADD_RTU_DAILY_LP_MASTERPROD,DRLSUNITF_UFCOD1 UFCOD1  ,IDAS_RLS_AMFS_KPI_ADD_RTU_MONTH,DRLSUNITF_UFCOD1
VW_IDAS_RLS_AMFS_KPI_ADD_RTU_DAILY_LP_MASTERPROD,DRLSUNITF_UFCOD2 UFCOD2  ,IDAS_RLS_AMFS_KPI_ADD_RTU_MONTH,DRLSUNITF_UFCOD2
VW_IDAS_RLS_AMFS_KPI_ADD_RTU_DAILY_LP_MASTERPROD,DRLSUNITF_UFCOD3 UFCOD3  ,IDAS_RLS_AMFS_KPI_ADD_RTU_MONTH,DRLSUNITF_UFCOD3
VW_IDAS_RLS_AMFS_KPI_ADD_RTU_DAILY_LP_MASTERPROD,DRLSUNITF_UFCOD4 UFCOD4  ,IDAS_RLS_AMFS_KPI_ADD_RTU_MONTH,DRLSUNITF_UFCOD4
VW_IDAS_RLS_AMFS_KPI_ADD_RTU_DAILY_LP_MASTERPROD,DRLSUNITF_UFCOD5 UFCOD5  ,IDAS_RLS_AMFS_KPI_ADD_RTU_MONTH,DRLSUNITF_UFCOD5
VW_IDAS_RLS_AMFS_KPI_ADD_RTU_DAILY_LP_MASTERPROD,DRLSUNITF_UFCOD6 UFCOD6  ,IDAS_RLS_AMFS_KPI_ADD_RTU_MONTH,DRLSUNITF_UFCOD6
VW_IDAS_RLS_AMFS_KPI_ADD_RTU_DAILY_LP_MASTERPROD,BAND  ,IDAS_RLS_AMFS_KPI_ADD_RTU_MONTH,BAND
VW_IDAS_RLS_AMFS_KPI_ADD_RTU_DAILY_LP_MASTERPROD,FA_CATEGORY  ,IDAS_RLS_AMFS_KPI_ADD_RTU_MONTH,FA_CATEGORY
VW_IDAS_RLS_AMFS_KPI_ADD_RTU_DAILY_LP_MASTERPROD,PRODUCTID  ,IDAS_RLS_AMFS_KPI_ADD_RTU_MONTH,PRODUCTID
VW_IDAS_RLS_AMFS_KPI_ADD_RTU_DAILY_LP_MASTERPROD,PLANID  ,IDAS_RLS_AMFS_KPI_ADD_RTU_MONTH,PLANID
VW_IDAS_RLS_AMFS_KPI_ADD_RTU_DAILY_LP_MASTERPROD,APE_MIX  ,IDAS_RLS_AMFS_KPI_ADD_RTU_MONTH,APE_MIX
VW_IDAS_RLS_AMFS_KPI_ADD_RTU_DAILY_LP_MASTERPROD,PROCESS_TYPE  ,IDAS_RLS_AMFS_KPI_ADD_RTU_MONTH,PROCESS_TYPE
VW_IDAS_RLS_AMFS_KPI_ADD_RTU_DAILY_LP_MASTERPROD,AGENT_CODE,IDAS_RLS_AMFS_KPI_ADD_RTU_MONTH,AGENT_CODE
VW_IDAS_RLS_AMFS_KPI_ADD_RTU_DAILY_LP_MASTERPROD,MASTERPRODUCT_SYSTEM_CODE_ACTUARY,IDAS_RLS_AMFS_KPI_ADD_RTU_MONTH,[SYSTEM CODE (ACTUARY)]
VW_IDAS_RLS_AMFS_KPI_ADD_RTU_DAILY_LP_MASTERPROD,MASTERPRODUCT_PRODUCT_ID_PEOPLESOFT,IDAS_RLS_AMFS_KPI_ADD_RTU_MONTH,[PRODUCT ID PEOPLESOFT]
VW_IDAS_RLS_AMFS_KPI_ADD_RTU_DAILY_LP_MASTERPROD,MASTERPRODUCT_SP_RP,IDAS_RLS_AMFS_KPI_ADD_RTU_MONTH,[SP/RP]
VW_IDAS_RLS_AMFS_KPI_ADD_RTU_DAILY_LP_MASTERPROD,MASTERPRODUCT_AMBITION_ID,IDAS_RLS_AMFS_KPI_ADD_RTU_MONTH,[AMBITION ID]
VW_IDAS_RLS_AMFS_KPI_ADD_RTU_DAILY_LP_MASTERPROD,MASTERPRODUCT_GMD_ID,IDAS_RLS_AMFS_KPI_ADD_RTU_MONTH,[GMD ID]
VW_IDAS_RLS_AMFS_KPI_ADD_RTU_DAILY_LP_MASTERPROD,MASTERPRODUCT_CHANNEL,IDAS_RLS_AMFS_KPI_ADD_RTU_MONTH,
VW_IDAS_RLS_AMFS_KPI_ADD_RTU_DAILY_LP_MASTERPROD,MASTERPRODUCT_PRODUCT_GROUP,IDAS_RLS_AMFS_KPI_ADD_RTU_MONTH,
VW_IDAS_RLS_AMFS_KPI_ADD_RTU_DAILY_LP_MASTERPROD,MASTERPRODUCT_PRODUCT_CATEGORY,IDAS_RLS_AMFS_KPI_ADD_RTU_MONTH,[PRODUCT CATEGORY]
VW_IDAS_RLS_AMFS_KPI_ADD_RTU_DAILY_LP_MASTERPROD,MASTERPRODUCT_PRODUCT_SUB_CATEGORY,IDAS_RLS_AMFS_KPI_ADD_RTU_MONTH,[PRODUCT SUB CATEGORY]
VW_IDAS_RLS_AMFS_KPI_ADD_RTU_DAILY_LP_MASTERPROD,MASTERPRODUCT_GMD_CATEGORY,IDAS_RLS_AMFS_KPI_ADD_RTU_MONTH,[GMD CATEGORY]
VW_IDAS_RLS_AMFS_KPI_ADD_RTU_DAILY_LP_MASTERPROD,MASTERPRODUCT_RIDER_CATEGORY,IDAS_RLS_AMFS_KPI_ADD_RTU_MONTH,[RIDER CATEGORY]
VW_IDAS_RLS_AMFS_KPI_ADD_RTU_DAILY_LP_MASTERPROD,MASTERPRODUCT_SYARIAH,IDAS_RLS_AMFS_KPI_ADD_RTU_MONTH,[SYARIAH]
VW_IDAS_RLS_AMFS_KPI_ADD_RTU_DAILY_LP_MASTERPROD,MASTERPRODUCT_PRODUCT_NAME_ACTUARY,IDAS_RLS_AMFS_KPI_ADD_RTU_MONTH,[PRODUCT NAME (ACTUARY)]
VW_IDAS_RLS_AMFS_KPI_ADD_RTU_DAILY_LP_MASTERPROD,MASTERPRODUCT_PRODUCT_NAME_MARKETING,IDAS_RLS_AMFS_KPI_ADD_RTU_MONTH,[PRODUCT NAME MARKETING]
VW_IDAS_RLS_AMFS_KPI_ADD_RTU_DAILY_LP_MASTERPROD,MASTERPRODUCT_PRODUCT_NAME_FINANCE,IDAS_RLS_AMFS_KPI_ADD_RTU_MONTH,[PRODUCT NAME FINANCE]
VW_IDAS_RLS_AMFS_KPI_ADD_RTU_DAILY_LP_MASTERPROD,MASTERPRODUCT_PRODUCT_NAME_PEOPLESOFT,IDAS_RLS_AMFS_KPI_ADD_RTU_MONTH,[PRODUCT NAME PEOPLESOFT]
VW_IDAS_RLS_AMFS_KPI_ADD_RTU_DAILY_LP_MASTERPROD,MASTERPRODUCT_PRODUCT_SUMM_NAME,IDAS_RLS_AMFS_KPI_ADD_RTU_MONTH,[PRODUCT_SUMM_NAME]
VW_IDAS_RLS_AMFS_KPI_ADD_RTU_DAILY_LP_MASTERPROD,MASTERPRODUCT_ENTITY,IDAS_RLS_AMFS_KPI_ADD_RTU_MONTH,
VW_IDAS_RLS_AMFS_KPI_ADD_RTU_DAILY_LP_MASTERPROD,MASTERPRODUCT_SYSTEM,IDAS_RLS_AMFS_KPI_ADD_RTU_MONTH,
VW_IDAS_RLS_AMFS_KPI_ADD_RTU_DAILY_LP_MASTERPROD,MASTERPRODUCT_PRODUCT_CODE_PRODUCTID,IDAS_RLS_AMFS_KPI_ADD_RTU_MONTH,[PRODUCT CODE / PRODUCTID]
VW_IDAS_RLS_AMFS_KPI_ADD_RTU_DAILY_LP_MASTERPROD,MASTERPRODUCT_RIDER_CODE_PLANID,IDAS_RLS_AMFS_KPI_ADD_RTU_MONTH,[RIDER CODE / PLANID]
VW_IDAS_RLS_AMFS_KPI_ADD_RTU_DAILY_LP_MASTERPROD,MASTERPRODUCT_APE_MIX,IDAS_RLS_AMFS_KPI_ADD_RTU_MONTH,[APE MIX]
VW_IDAS_RLS_AMFS_KPI_ADD_RTU_DAILY_LP_MASTERPROD,MASTERPRODUCT_FUND_CODE,IDAS_RLS_AMFS_KPI_ADD_RTU_MONTH,[FUND CODE]
VW_IDAS_RLS_AMFS_KPI_ADD_RTU_DAILY_LP_MASTERPROD,MASTERPRODUCT_FA_CATEGORY,IDAS_RLS_AMFS_KPI_ADD_RTU_MONTH,[FA CATEGORY]
VW_IDAS_RLS_AMFS_KPI_ADD_RTU_DAILY_LP_MASTERPROD,MASTERPRODUCT_BAND,IDAS_RLS_AMFS_KPI_ADD_RTU_MONTH,[BAND]
VW_IDAS_RLS_AMFS_KPI_ADD_RTU_DAILY_LP_MASTERPROD,MASTERPRODUCT_CURRENCY,IDAS_RLS_AMFS_KPI_ADD_RTU_MONTH,CURRENCY
VW_IDAS_RLS_AMFS_KPI_ADD_RTU_DAILY_LP_MASTERPROD,CASECOUNT,IDAS_RLS_AMFS_KPI_ADD_RTU_MONTH,
VW_IDAS_RLS_AMFS_KPI_ADD_RTU_DAILY_LP_MASTERPROD,FLAG_SUBMIT,IDAS_RLS_AMFS_KPI_ADD_RTU_MONTH,FLAG_SUBMIT
VW_IDAS_RLS_AMFS_KPI_ADD_RTU_DAILY_LP_MASTERPROD,MASTERPRODUCT_PROD_DASHBOARD_CATEGORY,IDAS_RLS_AMFS_KPI_ADD_RTU_MONTH,PROD_DASHBOARD_CATEGORY
VW_IDAS_DMTM_AMFS_KPI_ISSUED_DAILY_WD_MASTERPROD_MMS,PERIODKEY,SYN__STG_FIN_FLAT__VW_IDAS_DMTM_AMFS_KPI_ISSUED_DAILY_MASTERPROD_MMS,
VW_IDAS_DMTM_AMFS_KPI_ISSUED_DAILY_WD_MASTERPROD_MMS,FACTPERIOD,SYN__STG_FIN_FLAT__VW_IDAS_DMTM_AMFS_KPI_ISSUED_DAILY_MASTERPROD_MMS,FACTPERIOD
VW_IDAS_DMTM_AMFS_KPI_ISSUED_DAILY_WD_MASTERPROD_MMS,POLICYNO,SYN__STG_FIN_FLAT__VW_IDAS_DMTM_AMFS_KPI_ISSUED_DAILY_MASTERPROD_MMS,POLICYNO
VW_IDAS_DMTM_AMFS_KPI_ISSUED_DAILY_WD_MASTERPROD_MMS,INSUREDID,SYN__STG_FIN_FLAT__VW_IDAS_DMTM_AMFS_KPI_ISSUED_DAILY_MASTERPROD_MMS,INSUREDID
VW_IDAS_DMTM_AMFS_KPI_ISSUED_DAILY_WD_MASTERPROD_MMS,INSUREDAMOUNT,SYN__STG_FIN_FLAT__VW_IDAS_DMTM_AMFS_KPI_ISSUED_DAILY_MASTERPROD_MMS,INSUREDAMOUNT
VW_IDAS_DMTM_AMFS_KPI_ISSUED_DAILY_WD_MASTERPROD_MMS,ETHNICITYID,SYN__STG_FIN_FLAT__VW_IDAS_DMTM_AMFS_KPI_ISSUED_DAILY_MASTERPROD_MMS,ETHNICITYID
VW_IDAS_DMTM_AMFS_KPI_ISSUED_DAILY_WD_MASTERPROD_MMS,FIRSTNAME,SYN__STG_FIN_FLAT__VW_IDAS_DMTM_AMFS_KPI_ISSUED_DAILY_MASTERPROD_MMS,FIRSTNAME
VW_IDAS_DMTM_AMFS_KPI_ISSUED_DAILY_WD_MASTERPROD_MMS,LASTNAME,SYN__STG_FIN_FLAT__VW_IDAS_DMTM_AMFS_KPI_ISSUED_DAILY_MASTERPROD_MMS,LASTNAME
VW_IDAS_DMTM_AMFS_KPI_ISSUED_DAILY_WD_MASTERPROD_MMS,IDENTITYNO,SYN__STG_FIN_FLAT__VW_IDAS_DMTM_AMFS_KPI_ISSUED_DAILY_MASTERPROD_MMS,IDENTITYNO
VW_IDAS_DMTM_AMFS_KPI_ISSUED_DAILY_WD_MASTERPROD_MMS,BIRTHPLACE,SYN__STG_FIN_FLAT__VW_IDAS_DMTM_AMFS_KPI_ISSUED_DAILY_MASTERPROD_MMS,BIRTHPLACE
VW_IDAS_DMTM_AMFS_KPI_ISSUED_DAILY_WD_MASTERPROD_MMS,BIRTHDATE,SYN__STG_FIN_FLAT__VW_IDAS_DMTM_AMFS_KPI_ISSUED_DAILY_MASTERPROD_MMS,BIRTHDATE
VW_IDAS_DMTM_AMFS_KPI_ISSUED_DAILY_WD_MASTERPROD_MMS,PLANID,SYN__STG_FIN_FLAT__VW_IDAS_DMTM_AMFS_KPI_ISSUED_DAILY_MASTERPROD_MMS,PLANID
VW_IDAS_DMTM_AMFS_KPI_ISSUED_DAILY_WD_MASTERPROD_MMS,HEIGHT,SYN__STG_FIN_FLAT__VW_IDAS_DMTM_AMFS_KPI_ISSUED_DAILY_MASTERPROD_MMS,HEIGHT
VW_IDAS_DMTM_AMFS_KPI_ISSUED_DAILY_WD_MASTERPROD_MMS,WEIGHT,SYN__STG_FIN_FLAT__VW_IDAS_DMTM_AMFS_KPI_ISSUED_DAILY_MASTERPROD_MMS,WEIGHT
VW_IDAS_DMTM_AMFS_KPI_ISSUED_DAILY_WD_MASTERPROD_MMS,PREMIUM,SYN__STG_FIN_FLAT__VW_IDAS_DMTM_AMFS_KPI_ISSUED_DAILY_MASTERPROD_MMS,PREMIUM
VW_IDAS_DMTM_AMFS_KPI_ISSUED_DAILY_WD_MASTERPROD_MMS,DISCOUNT,SYN__STG_FIN_FLAT__VW_IDAS_DMTM_AMFS_KPI_ISSUED_DAILY_MASTERPROD_MMS,DISCOUNT
VW_IDAS_DMTM_AMFS_KPI_ISSUED_DAILY_WD_MASTERPROD_MMS,ISSMOKER,SYN__STG_FIN_FLAT__VW_IDAS_DMTM_AMFS_KPI_ISSUED_DAILY_MASTERPROD_MMS,ISSMOKER
VW_IDAS_DMTM_AMFS_KPI_ISSUED_DAILY_WD_MASTERPROD_MMS,POSITION,SYN__STG_FIN_FLAT__VW_IDAS_DMTM_AMFS_KPI_ISSUED_DAILY_MASTERPROD_MMS,POSITION
VW_IDAS_DMTM_AMFS_KPI_ISSUED_DAILY_WD_MASTERPROD_MMS,OCCUPATIONID,SYN__STG_FIN_FLAT__VW_IDAS_DMTM_AMFS_KPI_ISSUED_DAILY_MASTERPROD_MMS,OCCUPATIONID
VW_IDAS_DMTM_AMFS_KPI_ISSUED_DAILY_WD_MASTERPROD_MMS,PREFIX,SYN__STG_FIN_FLAT__VW_IDAS_DMTM_AMFS_KPI_ISSUED_DAILY_MASTERPROD_MMS,PREFIX
VW_IDAS_DMTM_AMFS_KPI_ISSUED_DAILY_WD_MASTERPROD_MMS,SUFIX,SYN__STG_FIN_FLAT__VW_IDAS_DMTM_AMFS_KPI_ISSUED_DAILY_MASTERPROD_MMS,SUFIX
VW_IDAS_DMTM_AMFS_KPI_ISSUED_DAILY_WD_MASTERPROD_MMS,COUNTRYID,SYN__STG_FIN_FLAT__VW_IDAS_DMTM_AMFS_KPI_ISSUED_DAILY_MASTERPROD_MMS,COUNTRYID
VW_IDAS_DMTM_AMFS_KPI_ISSUED_DAILY_WD_MASTERPROD_MMS,REMARK,SYN__STG_FIN_FLAT__VW_IDAS_DMTM_AMFS_KPI_ISSUED_DAILY_MASTERPROD_MMS,REMARK
VW_IDAS_DMTM_AMFS_KPI_ISSUED_DAILY_WD_MASTERPROD_MMS,COVERAGEUNTIL,SYN__STG_FIN_FLAT__VW_IDAS_DMTM_AMFS_KPI_ISSUED_DAILY_MASTERPROD_MMS,COVERAGEUNTIL
VW_IDAS_DMTM_AMFS_KPI_ISSUED_DAILY_WD_MASTERPROD_MMS,TYPEID,SYN__STG_FIN_FLAT__VW_IDAS_DMTM_AMFS_KPI_ISSUED_DAILY_MASTERPROD_MMS,TYPEID
VW_IDAS_DMTM_AMFS_KPI_ISSUED_DAILY_WD_MASTERPROD_MMS,TITLEID,SYN__STG_FIN_FLAT__VW_IDAS_DMTM_AMFS_KPI_ISSUED_DAILY_MASTERPROD_MMS,TITLEID
VW_IDAS_DMTM_AMFS_KPI_ISSUED_DAILY_WD_MASTERPROD_MMS,SEXID,SYN__STG_FIN_FLAT__VW_IDAS_DMTM_AMFS_KPI_ISSUED_DAILY_MASTERPROD_MMS,SEXID
VW_IDAS_DMTM_AMFS_KPI_ISSUED_DAILY_WD_MASTERPROD_MMS,RELATIONSHIPID,SYN__STG_FIN_FLAT__VW_IDAS_DMTM_AMFS_KPI_ISSUED_DAILY_MASTERPROD_MMS,RELATIONSHIPID
VW_IDAS_DMTM_AMFS_KPI_ISSUED_DAILY_WD_MASTERPROD_MMS,PRODUCTID,SYN__STG_FIN_FLAT__VW_IDAS_DMTM_AMFS_KPI_ISSUED_DAILY_MASTERPROD_MMS,PRODUCTID
VW_IDAS_DMTM_AMFS_KPI_ISSUED_DAILY_WD_MASTERPROD_MMS,MARITALSTATUSID,SYN__STG_FIN_FLAT__VW_IDAS_DMTM_AMFS_KPI_ISSUED_DAILY_MASTERPROD_MMS,MARITALSTATUSID
VW_IDAS_DMTM_AMFS_KPI_ISSUED_DAILY_WD_MASTERPROD_MMS,STATUSID,SYN__STG_FIN_FLAT__VW_IDAS_DMTM_AMFS_KPI_ISSUED_DAILY_MASTERPROD_MMS,STATUSID
VW_IDAS_DMTM_AMFS_KPI_ISSUED_DAILY_WD_MASTERPROD_MMS,IDENTITYTYPEID,SYN__STG_FIN_FLAT__VW_IDAS_DMTM_AMFS_KPI_ISSUED_DAILY_MASTERPROD_MMS,IDENTITYTYPEID
VW_IDAS_DMTM_AMFS_KPI_ISSUED_DAILY_WD_MASTERPROD_MMS,CREATEBY,SYN__STG_FIN_FLAT__VW_IDAS_DMTM_AMFS_KPI_ISSUED_DAILY_MASTERPROD_MMS,CREATEBY
VW_IDAS_DMTM_AMFS_KPI_ISSUED_DAILY_WD_MASTERPROD_MMS,CREATEDATE,SYN__STG_FIN_FLAT__VW_IDAS_DMTM_AMFS_KPI_ISSUED_DAILY_MASTERPROD_MMS,CREATEDATE
VW_IDAS_DMTM_AMFS_KPI_ISSUED_DAILY_WD_MASTERPROD_MMS,MODIFYBY,SYN__STG_FIN_FLAT__VW_IDAS_DMTM_AMFS_KPI_ISSUED_DAILY_MASTERPROD_MMS,MODIFYBY
VW_IDAS_DMTM_AMFS_KPI_ISSUED_DAILY_WD_MASTERPROD_MMS,MODIFYDATE,SYN__STG_FIN_FLAT__VW_IDAS_DMTM_AMFS_KPI_ISSUED_DAILY_MASTERPROD_MMS,MODIFYDATE
VW_IDAS_DMTM_AMFS_KPI_ISSUED_DAILY_WD_MASTERPROD_MMS,RATINGFACTORID1,SYN__STG_FIN_FLAT__VW_IDAS_DMTM_AMFS_KPI_ISSUED_DAILY_MASTERPROD_MMS,RATINGFACTORID1
VW_IDAS_DMTM_AMFS_KPI_ISSUED_DAILY_WD_MASTERPROD_MMS,RATINGFACTORID2,SYN__STG_FIN_FLAT__VW_IDAS_DMTM_AMFS_KPI_ISSUED_DAILY_MASTERPROD_MMS,RATINGFACTORID2
VW_IDAS_DMTM_AMFS_KPI_ISSUED_DAILY_WD_MASTERPROD_MMS,BASICPREMIUM,SYN__STG_FIN_FLAT__VW_IDAS_DMTM_AMFS_KPI_ISSUED_DAILY_MASTERPROD_MMS,BASICPREMIUM
VW_IDAS_DMTM_AMFS_KPI_ISSUED_DAILY_WD_MASTERPROD_MMS,ADDRESSID,SYN__STG_FIN_FLAT__VW_IDAS_DMTM_AMFS_KPI_ISSUED_DAILY_MASTERPROD_MMS,ADDRESSID
VW_IDAS_DMTM_AMFS_KPI_ISSUED_DAILY_WD_MASTERPROD_MMS,LOGDATE,SYN__STG_FIN_FLAT__VW_IDAS_DMTM_AMFS_KPI_ISSUED_DAILY_MASTERPROD_MMS,LOGDATE
VW_IDAS_DMTM_AMFS_KPI_ISSUED_DAILY_WD_MASTERPROD_MMS,RIDERLOCATION,SYN__STG_FIN_FLAT__VW_IDAS_DMTM_AMFS_KPI_ISSUED_DAILY_MASTERPROD_MMS,RIDERLOCATION
VW_IDAS_DMTM_AMFS_KPI_ISSUED_DAILY_WD_MASTERPROD_MMS,RIDERPHONEPREFIX,SYN__STG_FIN_FLAT__VW_IDAS_DMTM_AMFS_KPI_ISSUED_DAILY_MASTERPROD_MMS,RIDERPHONEPREFIX
VW_IDAS_DMTM_AMFS_KPI_ISSUED_DAILY_WD_MASTERPROD_MMS,RIDERPHONENO,SYN__STG_FIN_FLAT__VW_IDAS_DMTM_AMFS_KPI_ISSUED_DAILY_MASTERPROD_MMS,RIDERPHONENO
VW_IDAS_DMTM_AMFS_KPI_ISSUED_DAILY_WD_MASTERPROD_MMS,RIDERZIPCODE,SYN__STG_FIN_FLAT__VW_IDAS_DMTM_AMFS_KPI_ISSUED_DAILY_MASTERPROD_MMS,RIDERZIPCODE
VW_IDAS_DMTM_AMFS_KPI_ISSUED_DAILY_WD_MASTERPROD_MMS,RIDERSTAYDURATION,SYN__STG_FIN_FLAT__VW_IDAS_DMTM_AMFS_KPI_ISSUED_DAILY_MASTERPROD_MMS,RIDERSTAYDURATION
VW_IDAS_DMTM_AMFS_KPI_ISSUED_DAILY_WD_MASTERPROD_MMS,OLDPREMIUM,SYN__STG_FIN_FLAT__VW_IDAS_DMTM_AMFS_KPI_ISSUED_DAILY_MASTERPROD_MMS,OLDPREMIUM
VW_IDAS_DMTM_AMFS_KPI_ISSUED_DAILY_WD_MASTERPROD_MMS,CURRENCYID,SYN__STG_FIN_FLAT__VW_IDAS_DMTM_AMFS_KPI_ISSUED_DAILY_MASTERPROD_MMS,CURRENCYID
VW_IDAS_DMTM_AMFS_KPI_ISSUED_DAILY_WD_MASTERPROD_MMS,PAYMENTMODEID,SYN__STG_FIN_FLAT__VW_IDAS_DMTM_AMFS_KPI_ISSUED_DAILY_MASTERPROD_MMS,PAYMENTMODEID
VW_IDAS_DMTM_AMFS_KPI_ISSUED_DAILY_WD_MASTERPROD_MMS,POLICY_STATUSID,SYN__STG_FIN_FLAT__VW_IDAS_DMTM_AMFS_KPI_ISSUED_DAILY_MASTERPROD_MMS,POLICY_STATUSID
VW_IDAS_DMTM_AMFS_KPI_ISSUED_DAILY_WD_MASTERPROD_MMS,EFFECTIVEDATE,SYN__STG_FIN_FLAT__VW_IDAS_DMTM_AMFS_KPI_ISSUED_DAILY_MASTERPROD_MMS,EFFECTIVEDATE
VW_IDAS_DMTM_AMFS_KPI_ISSUED_DAILY_WD_MASTERPROD_MMS,CANCELDATE,SYN__STG_FIN_FLAT__VW_IDAS_DMTM_AMFS_KPI_ISSUED_DAILY_MASTERPROD_MMS,CANCELDATE
VW_IDAS_DMTM_AMFS_KPI_ISSUED_DAILY_WD_MASTERPROD_MMS,MININSURED,SYN__STG_FIN_FLAT__VW_IDAS_DMTM_AMFS_KPI_ISSUED_DAILY_MASTERPROD_MMS,MININSURED
VW_IDAS_DMTM_AMFS_KPI_ISSUED_DAILY_WD_MASTERPROD_MMS,PRODUCTDISCOUNT_DISCOUNT,SYN__STG_FIN_FLAT__VW_IDAS_DMTM_AMFS_KPI_ISSUED_DAILY_MASTERPROD_MMS,PRODUCTDISCOUNT_DISCOUNT
VW_IDAS_DMTM_AMFS_KPI_ISSUED_DAILY_WD_MASTERPROD_MMS,SPONSORID,SYN__STG_FIN_FLAT__VW_IDAS_DMTM_AMFS_KPI_ISSUED_DAILY_MASTERPROD_MMS,SPONSORID
VW_IDAS_DMTM_AMFS_KPI_ISSUED_DAILY_WD_MASTERPROD_MMS,PROCESS_TYPE,SYN__STG_FIN_FLAT__VW_IDAS_DMTM_AMFS_KPI_ISSUED_DAILY_MASTERPROD_MMS,PROCESS_TYPE
VW_IDAS_DMTM_AMFS_KPI_ISSUED_DAILY_WD_MASTERPROD_MMS,APE_MIX,SYN__STG_FIN_FLAT__VW_IDAS_DMTM_AMFS_KPI_ISSUED_DAILY_MASTERPROD_MMS,APE_MIX
VW_IDAS_DMTM_AMFS_KPI_ISSUED_DAILY_WD_MASTERPROD_MMS,BAND,SYN__STG_FIN_FLAT__VW_IDAS_DMTM_AMFS_KPI_ISSUED_DAILY_MASTERPROD_MMS,BAND
VW_IDAS_DMTM_AMFS_KPI_ISSUED_DAILY_WD_MASTERPROD_MMS,COUNT_INSURED,SYN__STG_FIN_FLAT__VW_IDAS_DMTM_AMFS_KPI_ISSUED_DAILY_MASTERPROD_MMS,COUNT_INSURED
VW_IDAS_DMTM_AMFS_KPI_ISSUED_DAILY_WD_MASTERPROD_MMS,APE_MMS,SYN__STG_FIN_FLAT__VW_IDAS_DMTM_AMFS_KPI_ISSUED_DAILY_MASTERPROD_MMS,APE_MMS
VW_IDAS_DMTM_AMFS_KPI_ISSUED_DAILY_WD_MASTERPROD_MMS,FLAG_ISSUE,SYN__STG_FIN_FLAT__VW_IDAS_DMTM_AMFS_KPI_ISSUED_DAILY_MASTERPROD_MMS,FLAG_ISSUE
VW_IDAS_DMTM_AMFS_KPI_ISSUED_DAILY_WD_MASTERPROD_MMS,MASTERPRODUCT_SYSTEM_CODE_ACTUARY,SYN__STG_FIN_FLAT__VW_IDAS_DMTM_AMFS_KPI_ISSUED_DAILY_MASTERPROD_MMS,MASTERPRODUCT_SYSTEM_CODE_ACTUARY
VW_IDAS_DMTM_AMFS_KPI_ISSUED_DAILY_WD_MASTERPROD_MMS,MASTERPRODUCT_PRODUCT_ID_PEOPLESOFT,SYN__STG_FIN_FLAT__VW_IDAS_DMTM_AMFS_KPI_ISSUED_DAILY_MASTERPROD_MMS,MASTERPRODUCT_PRODUCT_ID_PEOPLESOFT
VW_IDAS_DMTM_AMFS_KPI_ISSUED_DAILY_WD_MASTERPROD_MMS,MASTERPRODUCT_SP_RP,SYN__STG_FIN_FLAT__VW_IDAS_DMTM_AMFS_KPI_ISSUED_DAILY_MASTERPROD_MMS,MASTERPRODUCT_SP_RP
VW_IDAS_DMTM_AMFS_KPI_ISSUED_DAILY_WD_MASTERPROD_MMS,MASTERPRODUCT_AMBITION_ID,SYN__STG_FIN_FLAT__VW_IDAS_DMTM_AMFS_KPI_ISSUED_DAILY_MASTERPROD_MMS,MASTERPRODUCT_AMBITION_ID
VW_IDAS_DMTM_AMFS_KPI_ISSUED_DAILY_WD_MASTERPROD_MMS,MASTERPRODUCT_GMD_ID,SYN__STG_FIN_FLAT__VW_IDAS_DMTM_AMFS_KPI_ISSUED_DAILY_MASTERPROD_MMS,MASTERPRODUCT_GMD_ID
VW_IDAS_DMTM_AMFS_KPI_ISSUED_DAILY_WD_MASTERPROD_MMS,MASTERPRODUCT_CHANNEL,SYN__STG_FIN_FLAT__VW_IDAS_DMTM_AMFS_KPI_ISSUED_DAILY_MASTERPROD_MMS,MASTERPRODUCT_CHANNEL
VW_IDAS_DMTM_AMFS_KPI_ISSUED_DAILY_WD_MASTERPROD_MMS,MASTERPRODUCT_PRODUCT_GROUP,SYN__STG_FIN_FLAT__VW_IDAS_DMTM_AMFS_KPI_ISSUED_DAILY_MASTERPROD_MMS,MASTERPRODUCT_PRODUCT_GROUP
VW_IDAS_DMTM_AMFS_KPI_ISSUED_DAILY_WD_MASTERPROD_MMS,MASTERPRODUCT_PRODUCT_CATEGORY,SYN__STG_FIN_FLAT__VW_IDAS_DMTM_AMFS_KPI_ISSUED_DAILY_MASTERPROD_MMS,MASTERPRODUCT_PRODUCT_CATEGORY
VW_IDAS_DMTM_AMFS_KPI_ISSUED_DAILY_WD_MASTERPROD_MMS,MASTERPRODUCT_PRODUCT_SUB_CATEGORY,SYN__STG_FIN_FLAT__VW_IDAS_DMTM_AMFS_KPI_ISSUED_DAILY_MASTERPROD_MMS,MASTERPRODUCT_PRODUCT_SUB_CATEGORY
VW_IDAS_DMTM_AMFS_KPI_ISSUED_DAILY_WD_MASTERPROD_MMS,MASTERPRODUCT_GMD_CATEGORY,SYN__STG_FIN_FLAT__VW_IDAS_DMTM_AMFS_KPI_ISSUED_DAILY_MASTERPROD_MMS,MASTERPRODUCT_GMD_CATEGORY
VW_IDAS_DMTM_AMFS_KPI_ISSUED_DAILY_WD_MASTERPROD_MMS,MASTERPRODUCT_RIDER_CATEGORY,SYN__STG_FIN_FLAT__VW_IDAS_DMTM_AMFS_KPI_ISSUED_DAILY_MASTERPROD_MMS,MASTERPRODUCT_RIDER_CATEGORY
VW_IDAS_DMTM_AMFS_KPI_ISSUED_DAILY_WD_MASTERPROD_MMS,MASTERPRODUCT_SYARIAH,SYN__STG_FIN_FLAT__VW_IDAS_DMTM_AMFS_KPI_ISSUED_DAILY_MASTERPROD_MMS,MASTERPRODUCT_SYARIAH
VW_IDAS_DMTM_AMFS_KPI_ISSUED_DAILY_WD_MASTERPROD_MMS,MASTERPRODUCT_PRODUCT_NAME_ACTUARY,SYN__STG_FIN_FLAT__VW_IDAS_DMTM_AMFS_KPI_ISSUED_DAILY_MASTERPROD_MMS,MASTERPRODUCT_PRODUCT_NAME_ACTUARY
VW_IDAS_DMTM_AMFS_KPI_ISSUED_DAILY_WD_MASTERPROD_MMS,MASTERPRODUCT_PRODUCT_NAME_MARKETING,SYN__STG_FIN_FLAT__VW_IDAS_DMTM_AMFS_KPI_ISSUED_DAILY_MASTERPROD_MMS,MASTERPRODUCT_PRODUCT_NAME_MARKETING
VW_IDAS_DMTM_AMFS_KPI_ISSUED_DAILY_WD_MASTERPROD_MMS,MASTERPRODUCT_PRODUCT_NAME_FINANCE,SYN__STG_FIN_FLAT__VW_IDAS_DMTM_AMFS_KPI_ISSUED_DAILY_MASTERPROD_MMS,MASTERPRODUCT_PRODUCT_NAME_FINANCE
VW_IDAS_DMTM_AMFS_KPI_ISSUED_DAILY_WD_MASTERPROD_MMS,MASTERPRODUCT_PRODUCT_NAME_PEOPLESOFT,SYN__STG_FIN_FLAT__VW_IDAS_DMTM_AMFS_KPI_ISSUED_DAILY_MASTERPROD_MMS,MASTERPRODUCT_PRODUCT_NAME_PEOPLESOFT
VW_IDAS_DMTM_AMFS_KPI_ISSUED_DAILY_WD_MASTERPROD_MMS,MASTERPRODUCT_PRODUCT_SUMM_NAME,SYN__STG_FIN_FLAT__VW_IDAS_DMTM_AMFS_KPI_ISSUED_DAILY_MASTERPROD_MMS,MASTERPRODUCT_PRODUCT_SUMM_NAME
VW_IDAS_DMTM_AMFS_KPI_ISSUED_DAILY_WD_MASTERPROD_MMS,MASTERPRODUCT_ENTITY,SYN__STG_FIN_FLAT__VW_IDAS_DMTM_AMFS_KPI_ISSUED_DAILY_MASTERPROD_MMS,MASTERPRODUCT_ENTITY
VW_IDAS_DMTM_AMFS_KPI_ISSUED_DAILY_WD_MASTERPROD_MMS,MASTERPRODUCT_SYSTEM,SYN__STG_FIN_FLAT__VW_IDAS_DMTM_AMFS_KPI_ISSUED_DAILY_MASTERPROD_MMS,MASTERPRODUCT_SYSTEM
VW_IDAS_DMTM_AMFS_KPI_ISSUED_DAILY_WD_MASTERPROD_MMS,MASTERPRODUCT_PRODUCT_CODE_PRODUCTID,SYN__STG_FIN_FLAT__VW_IDAS_DMTM_AMFS_KPI_ISSUED_DAILY_MASTERPROD_MMS,MASTERPRODUCT_PRODUCT_CODE_PRODUCTID
VW_IDAS_DMTM_AMFS_KPI_ISSUED_DAILY_WD_MASTERPROD_MMS,MASTERPRODUCT_RIDER_CODE_PLANID,SYN__STG_FIN_FLAT__VW_IDAS_DMTM_AMFS_KPI_ISSUED_DAILY_MASTERPROD_MMS,MASTERPRODUCT_RIDER_CODE_PLANID
VW_IDAS_DMTM_AMFS_KPI_ISSUED_DAILY_WD_MASTERPROD_MMS,MASTERPRODUCT_APE_MIX,SYN__STG_FIN_FLAT__VW_IDAS_DMTM_AMFS_KPI_ISSUED_DAILY_MASTERPROD_MMS,MASTERPRODUCT_APE_MIX
VW_IDAS_DMTM_AMFS_KPI_ISSUED_DAILY_WD_MASTERPROD_MMS,MASTERPRODUCT_FUND_CODE,SYN__STG_FIN_FLAT__VW_IDAS_DMTM_AMFS_KPI_ISSUED_DAILY_MASTERPROD_MMS,MASTERPRODUCT_FUND_CODE
VW_IDAS_DMTM_AMFS_KPI_ISSUED_DAILY_WD_MASTERPROD_MMS,MASTERPRODUCT_FA_CATEGORY,SYN__STG_FIN_FLAT__VW_IDAS_DMTM_AMFS_KPI_ISSUED_DAILY_MASTERPROD_MMS,MASTERPRODUCT_FA_CATEGORY
VW_IDAS_DMTM_AMFS_KPI_ISSUED_DAILY_WD_MASTERPROD_MMS,MASTERPRODUCT_BAND,SYN__STG_FIN_FLAT__VW_IDAS_DMTM_AMFS_KPI_ISSUED_DAILY_MASTERPROD_MMS,MASTERPRODUCT_BAND
VW_IDAS_DMTM_AMFS_KPI_ISSUED_DAILY_WD_MASTERPROD_MMS,MASTERPRODUCT_CURRENCY,SYN__STG_FIN_FLAT__VW_IDAS_DMTM_AMFS_KPI_ISSUED_DAILY_MASTERPROD_MMS,MASTERPRODUCT_CURRENCY
VW_IDAS_DMTM_AMFS_KPI_ISSUED_DAILY_WD_MASTERPROD_MMS,CASECOUNT_MMS,SYN__STG_FIN_FLAT__VW_IDAS_DMTM_AMFS_KPI_ISSUED_DAILY_MASTERPROD_MMS,CASECOUNT_MMS
VW_IDAS_DMTM_AMFS_KPI_ISSUED_DAILY_WD_MASTERPROD_MMS,POLICY_MODIFYDATE,SYN__STG_FIN_FLAT__VW_IDAS_DMTM_AMFS_KPI_ISSUED_DAILY_MASTERPROD_MMS,POLICY_MODIFYDATE
DimCollAgingPembayaran,CollAgingPembayaranKey,,
DimCollAgingPembayaran,AgingPembayaran (Days),IDAS_COLLECTION_MONTHLY,[AGING PEMBAYARAN (DAYS)]
DimCollAgingPembayaran,RangeAgingPembayaran,IDAS_COLLECTION_MONTHLY,[RANGE AGING PEMBAYARAN]
DimCollAgingPembayaran,AgingPembayaran (Days),IDAS_COLLECTION_DEBIT_MONTHLY,[AGING PEMBAYARAN (DAYS)]
DimCollAgingPembayaran,RangeAgingPembayaran,IDAS_COLLECTION_DEBIT_MONTHLY,[RANGE AGING PEMBAYARAN]
DimCollAgingPembayaran,Insertdate,,
DimCollAgingPembayaran,LastModifydate,,
DimCollAgingPembayaran,Logdate,,
DimCollAgingPolicy,CollAgingPolicyKey,,
DimCollAgingPolicy,AgeOfPolicy (Year),IDAS_COLLECTION_MONTHLY,[AGE OF POLICY (YEAR)]
DimCollAgingPolicy,RangeAgeOfPolicy1,IDAS_COLLECTION_MONTHLY,[RANGE AGE OF POLICY 1]
DimCollAgingPolicy,RangeAgeOfPolicy2,IDAS_COLLECTION_MONTHLY,[RANGE AGE OF POLICY 2]
DimCollAgingPolicy,AgeOfPolicy (Year),IDAS_COLLECTION_DEBIT_MONTHLY,[AGE OF POLICY (YEAR)]
DimCollAgingPolicy,RangeAgeOfPolicy1,IDAS_COLLECTION_DEBIT_MONTHLY,[RANGE AGE OF POLICY 1]
DimCollAgingPolicy,RangeAgeOfPolicy2,IDAS_COLLECTION_DEBIT_MONTHLY,[RANGE AGE OF POLICY 2]
DimCollAgingPolicy,Insertdate,,
DimCollAgingPolicy,LastModifydate,,
DimCollAgingPolicy,Logdate,,
DimCollChannel,CollChannelKey,,
DimCollChannel,Channel,IDAS_COLLECTION_MONTHLY,CHANNEL
DimCollChannel,Channel,IDAS_COLLECTION_DEBIT_MONTHLY,CHANNEL
DimCollChannel,Insertdate,,
DimCollChannel,LastModifydate,,
DimCollChannel,Logdate,,
DimCollChannelDebit,CollChannelDebitKey,,
DimCollChannelDebit,ChannelDebit,IDAS_COLLECTION_MONTHLY,[CHANNEL DEBIT]
DimCollChannelDebit,ChannelDebit,IDAS_COLLECTION_DEBIT_MONTHLY,[CHANNEL DEBIT]
DimCollChannelDebit,Insertdate,,
DimCollChannelDebit,LastModifydate,,
DimCollChannelDebit,Logdate,,
DimCollCurrency,CollCurrencyKey,,
DimCollCurrency,Currency,IDAS_COLLECTION_MONTHLY,CURRENCY
DimCollCurrency,Currency,IDAS_COLLECTION_DEBIT_MONTHLY,CURRENCY
DimCollCurrency,Insertdate,,
DimCollCurrency,LastModifydate,,
DimCollCurrency,Logdate,,
DimCollFARegion,CollFARegionKey,,
DimCollFARegion,FACode,IDAS_COLLECTION_MONTHLY,[FA CODE]
DimCollFARegion,Region,IDAS_COLLECTION_MONTHLY,REGION
DimCollFARegion,FACode,IDAS_COLLECTION_DEBIT_MONTHLY,[FA CODE]
DimCollFARegion,Region,IDAS_COLLECTION_DEBIT_MONTHLY,REGION
DimCollFARegion,Insertdate,,
DimCollFARegion,LastModifydate,,
DimCollFARegion,Logdate,,
DimCollFARegion,LabelRegionKey,DimCollLabelRegion,LabelRegionKey
DimCollNBRenewal,CollNBRenewalKey,,
DimCollNBRenewal,NBRenewal,IDAS_COLLECTION_MONTHLY,[NB RENEWAL]
DimCollNBRenewal,NBRenewal,IDAS_COLLECTION_DEBIT_MONTHLY,[NB RENEWAL]
DimCollNBRenewal,Insertdate,,
DimCollNBRenewal,LastModifydate,,
DimCollNBRenewal,Logdate,,
DimCollPayMode,CollPayModeKey,,
DimCollPayMode,PaymentMode,IDAS_COLLECTION_MONTHLY,[PAYMENT MODE]
DimCollPayMode,PaymentModeDescription,IDAS_COLLECTION_MONTHLY,[PAYMENT MODE DESCRIPTION]
DimCollPayMode,PaymentMode,IDAS_COLLECTION_DEBIT_MONTHLY,[PAYMENT MODE]
DimCollPayMode,PaymentModeDescription,IDAS_COLLECTION_DEBIT_MONTHLY,[PAYMENT MODE DESCRIPTION]
DimCollPayMode,Insertdate,,
DimCollPayMode,LastModifydate,,
DimCollPayMode,Logdate,,
DimCollPayMode,PaymentModeLabel,,
DimCollPolicy,CollPolicyKey,,
DimCollPolicy,PolicyNo,IDAS_COLLECTION_MONTHLY,[POLICY NO]
DimCollPolicy,TanggalPembayaran,IDAS_COLLECTION_MONTHLY,[TANGGAL PEMBAYARAN]
DimCollPolicy,TanggalJatuhTempo,IDAS_COLLECTION_MONTHLY,[TANGGAL JATUH TEMPO]
DimCollPolicy,PolicyNo,IDAS_COLLECTION_DEBIT_MONTHLY,[POLICY NO]
DimCollPolicy,TanggalPembayaran,IDAS_COLLECTION_DEBIT_MONTHLY,[TANGGAL PEMBAYARAN]
DimCollPolicy,TanggalJatuhTempo,IDAS_COLLECTION_DEBIT_MONTHLY,[TANGGAL JATUH TEMPO]
DimCollPolicy,Insertdate,,
DimCollPolicy,LastModifydate,,
DimCollPolicy,Logdate,,
DimCollProduct,CollProductKey,,
DimCollProduct,ProductCode,IDAS_COLLECTION_MONTHLY,[PRODUCT CODE]
DimCollProduct,ProductDescription,IDAS_COLLECTION_MONTHLY,[PRODUCT DESCRIPTION]
DimCollProduct,ProductGroup,IDAS_COLLECTION_MONTHLY,[PRODUCT GROUP]
DimCollProduct,ProductCode,IDAS_COLLECTION_DEBIT_MONTHLY,[PRODUCT CODE]
DimCollProduct,ProductDescription,IDAS_COLLECTION_DEBIT_MONTHLY,[PRODUCT DESCRIPTION]
DimCollProduct,ProductGroup,IDAS_COLLECTION_DEBIT_MONTHLY,[PRODUCT GROUP]
DimCollProduct,Insertdate,,
DimCollProduct,LastModifydate,,
DimCollProduct,Logdate,,
DimCollRangePremi,CollRangePremiKey,,
DimCollRangePremi,RangePremi,IDAS_COLLECTION_MONTHLY,[RANGE PREMI]
DimCollRangePremi,RangePremi2,IDAS_COLLECTION_MONTHLY,[RANGE PREMI 2]
DimCollRangePremi,RangePremi,IDAS_COLLECTION_DEBIT_MONTHLY,[RANGE PREMI]
DimCollRangePremi,RangePremi2,IDAS_COLLECTION_DEBIT_MONTHLY,[RANGE PREMI 2]
DimCollRangePremi,Insertdate,,
DimCollRangePremi,LastModifydate,,
DimCollRangePremi,Logdate,,
DimCollRangeJatuhTempo,CollRangeTanggalJatuhTempoKey,,
DimCollRangeJatuhTempo,RangeTanggalJatuhTempo,IDAS_COLLECTION_MONTHLY,[RANGE TANGGAL JATUH TEMPO]
DimCollRangeJatuhTempo,RangeTanggalJatuhTempo,IDAS_COLLECTION_DEBIT_MONTHLY,[RANGE TANGGAL JATUH TEMPO]
DimCollRangeJatuhTempo,Insertdate,,
DimCollRangeJatuhTempo,LastModifydate,,
DimCollRangeJatuhTempo,Logdate,,
DimCollDebitStatus,CollDebitStatusKey,,
DimCollDebitStatus,DebitStatus,IDAS_COLLECTION_MONTHLY,
DimCollDebitStatus,Insertdate,,
DimCollDebitStatus,LastModifydate,,
DimCollDebitStatus,Logdate,,
DimCollSource,CollSourceKey,,
DimCollSource,Source,IDAS_COLLECTION_MONTHLY,[SOURCE]
DimCollSource,Source,IDAS_COLLECTION_DEBIT_MONTHLY,[SOURCE]
DimCollSource,Insertdate,,
DimCollSource,LastModifydate,,
DimCollSource,Logdate,,
FactCollectionMonthly,PeriodKey,IDAS_COLLECTION_MONTHLY,[TANGGAL PEMBAYARAN]
FactCollectionMonthly,PaidToDate,IDAS_COLLECTION_MONTHLY,[TANGGAL JATUH TEMPO]
FactCollectionMonthly,CollPolicyKey,,
FactCollectionMonthly,CollRangeTanggalJatuhTempoKey,,
FactCollectionMonthly,CollAgingPembayaranKey,,
FactCollectionMonthly,CollPayModeKey,,
FactCollectionMonthly,CollChannelDebitKey,,
FactCollectionMonthly,CollProductKey,,
FactCollectionMonthly,CollAgingPolicyKey,,
FactCollectionMonthly,CollCurrencyKey,,
FactCollectionMonthly,CollRangePremiKey,,
FactCollectionMonthly,CollFARegionKey,,
FactCollectionMonthly,Amount,IDAS_COLLECTION_MONTHLY,AMOUNT
FactCollectionMonthly,Amount_USD,IDAS_COLLECTION_MONTHLY,[AMOUNT USD]
FactCollectionMonthly,CollSourceKey,,
FactCollectionMonthly,CollDebitStatusKey,,
FactCollectionMonthly,CollChannelKey,,
FactCollectionMonthly,CollNBRenewalKey,,
FactCollectionMonthly,LogDate,,
IB_POLICY,POLICY_NO,LFPPMHB,PNO
IB_POLICY,CHANNEL,LFPPMHB,
IB_POLICY,POLICY_STATUS,LFPPMHB,PSTU
IB_POLICY,STATUS_CODE,LFPPMHB,PSTU
IB_POLICY,SUBMIT_DT,LFPPMHB,PDOS
IB_POLICY,POLICY_DT,LFPPMHB,PEFF
IB_POLICY,ISSUED_DT,LFPPMHB,PDOI
IB_POLICY,MAINT_EFFECTIVE_DT,LFPPMHB,PTEFF
IB_POLICY,LAST_MAINT_DT,LFPPMHB,PDOT
IB_POLICY,MAINT_CODE,LFPPMHB,PTC
IB_POLICY,REINSTATE_TRANS_DT,LFPPMHB,PRDT
IB_POLICY,REINSTATE_EFF_DT,LFPPMHB,PREFF
IB_POLICY,EXPIRY_DT,LFPPMHB,PEXP
IB_POLICY,TERMINATION_DT,LFPPMHB,PTERM
IB_POLICY,PAID_TO_DT,LFPPMHB,PPTD
IB_POLICY,LAST_PAY_DT,LFPPMHB,PPAYDT
IB_POLICY,FIRST_PAY_DT,LFPPMHB,PPAYD1
IB_POLICY,LAST_RENEW_DT /*ERROR*/,LFPPMHB,PLRNDT
IB_POLICY,PH_FROM_DT,LFPPMHB,
IB_POLICY,PH_TO_DT,LFPPMHB,
IB_POLICY,PRODUCT_CODE,LFPPMHB,HPLAN
IB_POLICY,CURRENCY,LFPPMHB,PCCY
IB_POLICY,PAY_MODE,LFPPMHB,PMODE
IB_POLICY,PAY_METHOD,LFPPMHB,PMTHOD
IB_POLICY,MODAL_REG_PREM,LFPPMHB,PMPREM
IB_POLICY,TOPUP_REG_PREM,LFPPMHB,
IB_POLICY,INIT_LUMPSUM_PREM,LFPPMHB,
IB_POLICY,LUMPSUM_PREM,LFPPMHB,
IB_POLICY,APE_RESTATE_NORATE,LFPPMHB,
IB_POLICY,APE_PERSISTENCY_NORATE,LFPPMHB,
IB_POLICY,MODAL_REG_COMM,LFPPMHB,PMCOMM
IB_POLICY,TOPUP_REG_COMM,,
IB_POLICY,INIT_LUMPSUM_COMM_PCT,,
IB_POLICY,LUMPSUM_COMM_PCT,,
IB_POLICY,LIFE_SUM_INSURED,,
IB_POLICY,TOTAL_SUM_INSURED,,
IB_POLICY,NEXT_LYT_BONUS_DT,LFPPMHB,LSCHDT
IB_POLICY,LAST_LYT_BONUS_DT,,
IB_POLICY,RECEIVE_SMS_FLAG,LFPPMHB,PSMS
IB_POLICY,FAMILY_DISCOUNT,LFPPMHB,HFMDIS
IB_POLICY,AGENT_CODE,LFPPMHB,PAGT1
IB_POLICY,PROD_AGENT_CODE,LFPPMHB,PPAGT1
IB_POLICY,FA_NAME,IDAS_MANPOWER_FULL,[Nama FA]
IB_POLICY,ASM_CODE,IDAS_MANPOWER_FULL,[Kode ASM]
IB_POLICY,AGASM_CODE,IDAS_MANPOWER_FULL,[KODE AGASM]
IB_POLICY,ASM_NAME,IDAS_MANPOWER_FULL,[Nama ASM]
IB_POLICY,RSM_NAME,IDAS_MANPOWER_FULL,[Nama RSM]
IB_POLICY,REGION,,
IB_POLICY,BRANCH_CODE,IDAS_MANPOWER_FULL,[BRANCH CODE]
IB_POLICY,BRANCH_NAME,IDAS_MANPOWER_MANUAL_UPLOAD,[BRANCH NAME1]
IB_POLICY,AREA_CODE,IDAS_MANPOWER_FULL,[Area Code]
IB_POLICY,AREA_NAME,IDAS_MANPOWER_FULL,[Area Code]
IB_POLICY,BRANCH_CODE_SPAJ,,
IB_POLICY,AREA_CODE_SPAJ,,
IB_POLICY,KANWIL,,
IB_POLICY,LG_CODE,,
IB_POLICY,LG_NAME,,
IB_POLICY,PRIORITY_CODE,,
IB_POLICY,PRIORITY_OUTLET,,
IB_POLICY,MEDICAL_CODE,LFPPMHB,PMED
IB_POLICY,SYS_UPD_DT,,
IB_POLICY,POLICY_NO,LFPPMLB,PNO
IB_POLICY,CHANNEL,LFPPMLB,
IB_POLICY,POLICY_STATUS,LFPPMLB,PSTU
IB_POLICY,STATUS_CODE,LFPPMLB,PSTU
IB_POLICY,SUBMIT_DT,LFPPMLB,PDOS
IB_POLICY,POLICY_DT,LFPPMLB,PEFF
IB_POLICY,ISSUED_DT,LFPPMLB,PDOI
IB_POLICY,MAINT_EFFECTIVE_DT,LFPPMLB,PTEFF
IB_POLICY,LAST_MAINT_DT,LFPPMLB,PDOT
IB_POLICY,MAINT_CODE,LFPPMLB,PTC
IB_POLICY,REINSTATE_TRANS_DT,LFPPMLB,PRDT
IB_POLICY,REINSTATE_EFF_DT,LFPPMLB,PREFF
IB_POLICY,EXPIRY_DT,LFPPMLB,PEXP
IB_POLICY,TERMINATION_DT,LFPPMLB,PTERM
IB_POLICY,PAID_TO_DT,LFPPMLB,PPTD
IB_POLICY,LAST_PAY_DT,LFPPMLB,PPAYDT
IB_POLICY,FIRST_PAY_DT,LFPPMLB,PPAYD1
IB_POLICY,LAST_RENEW_DT,LFPPMLB,PLRNDT
IB_POLICY,PH_FROM_DT,LFPPMLB,LPHOFD
IB_POLICY,PH_TO_DT,LFPPMLB,LPHOTD
IB_POLICY,PRODUCT_CODE,LFPPMLB,LPLAN
IB_POLICY,CURRENCY,LFPPMLB,PCCY
IB_POLICY,PAY_MODE,LFPPMLB,PMODE
IB_POLICY,PAY_METHOD,LFPPMLB,PMTHOD
IB_POLICY,MODAL_REG_PREM,LFPPMLB,PMPREM
IB_POLICY,TOPUP_REG_PREM,LFPPMLB,LTRMP
IB_POLICY,INIT_LUMPSUM_PREM,LFPPMLB,LIILP
IB_POLICY,LUMPSUM_PREM,LFPPMLB,LILSP
IB_POLICY,APE_RESTATE_NORATE,LFPPMLB,
IB_POLICY,APE_PERSISTENCY_NORATE,LFPPMLB,
IB_POLICY,MODAL_REG_COMM,LFPPMLB,PMCOMM
IB_POLICY,TOPUP_REG_COMM,LFPPMLB,LTRMC
IB_POLICY,INIT_LUMPSUM_COMM_PCT,LFPPMLB,LILCP
IB_POLICY,LUMPSUM_COMM_PCT,LFPPMLB,LTLCP
IB_POLICY,LIFE_SUM_INSURED,LFPPMLB,LSA
IB_POLICY,TOTAL_SUM_INSURED,LFPPMLB,LTSI
IB_POLICY,NEXT_LYT_BONUS_DT,LFPPMLB,LNLBDT
IB_POLICY,LAST_LYT_BONUS_DT,LFPPMLB,LLLBDT
IB_POLICY,RECEIVE_SMS_FLAG,LFPPMLB,PSMS
IB_POLICY,FAMILY_DISCOUNT,,
IB_POLICY,AGENT_CODE,LFPPMLB,PAGT1
IB_POLICY,PROD_AGENT_CODE,LFPPMLB,PPAGT1
IB_POLICY,FA_NAME,IDAS_MANPOWER_FULL,[Nama FA]
IB_POLICY,ASM_CODE,IDAS_MANPOWER_FULL,[Kode ASM]
IB_POLICY,AGASM_CODE,IDAS_MANPOWER_FULL,[KODE AGASM]
IB_POLICY,ASM_NAME,IDAS_MANPOWER_FULL,[Nama ASM]
IB_POLICY,RSM_NAME,IDAS_MANPOWER_FULL,[Nama RSM]
IB_POLICY,REGION,,
IB_POLICY,BRANCH_CODE,IDAS_MANPOWER_FULL,[BRANCH CODE]
IB_POLICY,BRANCH_NAME,IDAS_MANPOWER_MANUAL_UPLOAD,[BRANCH NAME1]
IB_POLICY,AREA_CODE,IDAS_MANPOWER_FULL,[Area Code]
IB_POLICY,AREA_NAME,IDAS_MANPOWER_FULL,[Area Code]
IB_POLICY,BRANCH_CODE_SPAJ,,
IB_POLICY,AREA_CODE_SPAJ,,
IB_POLICY,KANWIL,,
IB_POLICY,LG_CODE,,
IB_POLICY,LG_NAME,,
IB_POLICY,PRIORITY_CODE,,
IB_POLICY,PRIORITY_OUTLET,,
IB_POLICY,MEDICAL_CODE,LFPPMLB,PMED
IB_POLICY,SYS_UPD_DT,,
V_CCY_RATE,CCY_CODE,IBEXRATEH,ERCCY
V_CCY_RATE,CCY_MONTH,IBEXRATEH,EREFF
V_CCY_RATE,CCY_EFF_DT,IBEXRATEH,EREFF
V_CCY_RATE,CCY_SELL,IBEXRATEH,ERSELL
V_CCY_RATE,CCY_BUY,IBEXRATEH,ERBUY
V_CCY_RATE,CCY_BOOK,IBEXRATEH,ERBOOK
IB_AGENT_STRUCTURE,AG_CODE,AGPCONXB,AGAGC
IB_AGENT_STRUCTURE,AG_TYPE,AGPCONXB,AGTYP
IB_AGENT_STRUCTURE,AG_LEVEL,AGPCONXB,AGLVL
IB_AGENT_STRUCTURE,AG_POSITION,AGPCONXB,AGPOS
IB_AGENT_STRUCTURE,AG_UNIT,AGPCONXB,AGUNT
IB_AGENT_STRUCTURE,AG_AGN,AGPCONXB,AGAGN
IB_AGENT_STRUCTURE,AG_C_O_UNIT,AGPCONXB,AGORC
IB_AGENT_STRUCTURE,AGS_MAINT_CODE,AGPCONXB,AGMCD
IB_AGENT_STRUCTURE,AGS_MAINT_DT,AGPCONXB,AGMDT
IB_AGENT_STRUCTURE,AGS_MAINT_EFF_DT,AGPCONXB,AGMEFF
IB_AGENT_STRUCTURE,AGS_CONTRACT_EFF_DT,AGPCONXB,AGCEFF
IB_AGENT_STRUCTURE,AG_TERMINATE_CODE,AGPCONXB,AGTRMC
IB_AGENT_STRUCTURE,AG_TERMINATE_DT,AGPCONXB,AGTRMD
IB_AGENT_STRUCTURE,AG_FINANCE_CODE,AGPCONXB,AGFC
IB_AGENT_STRUCTURE,AG_ME_CODE,AGPCONXB,AGMECD
IB_AGENT_STRUCTURE,SYS_UPD_DT,AGPCONXB,
IB_AGENT,AG_CODE,AGPAGMSTXB,AGAGC
IB_AGENT,AG_NAME,AGPAGMSTXB,AGNAME
IB_AGENT,AG_MAINT_CODE,AGPAGMSTXB,AGMCD
IB_AGENT,AG_MAINT_DT,AGPAGMSTXB,AGMDT
IB_AGENT,AG_GENDER,AGPAGMSTXB,AGSEX
IB_AGENT,AG_BIRTH_PLACE,AGPAGMSTXB,AGPOB
IB_AGENT,AG_BIRTH_DT,AGPAGMSTXB,AGDOB
IB_AGENT,AG_MARITAL,AGPAGMSTXB,AGMS
IB_AGENT,AG_PHONE,AGPAGMSTXB,AGTEL3
IB_AGENT,AG_EMAIL,AGPAGMSTXB,AGEMIL
IB_AGENT,AG_ADDR,AGPAGMSTXB,
IB_AGENT,AG_ADDR_CITY,AGPAGMSTXB,AGADD4
IB_AGENT,AG_ENTRY_NONMED_DT,AGPAGMSTXB,AGMC1
IB_AGENT,AG_REG_EFF_DT,AGPAGMSTXB,AGREF
IB_AGENT,AG_REG_RENEWAL_DT,AGPAGMSTXB,AGRREF
IB_AGENT,SYS_UPD_DT,AGPAGMSTXB,
IB_AGENT,[AG_IDENTITY_NO],AGPAGMSTXB,AGID
IB_ACCOUNT,POLICY_NO,RFPACCNOB,PNO
IB_ACCOUNT,ACCOUNT_NAME,RFPACCNOB,ANAME
IB_ACCOUNT,ACCOUNT_NO,RFPACCNOB,AAC
IB_ACCOUNT,PROCESS_DATE,RFPACCNOB,ADATE
IB_ACCOUNT,REJECTION_CD,RFPACCNOB,ARCODE
IB_ACCOUNT,REJECTION_DT,RFPACCNOB,ARDATE
IB_ACCOUNT,POLICY_NO,RFPDAFB1,PNO
IB_ACCOUNT,ACCOUNT_NAME,RFPDAFB1,ANAME
IB_ACCOUNT,ACCOUNT_NO,RFPDAFB1,AAC
IB_ACCOUNT,PROCESS_DATE,RFPDAFB1,ADATE
IB_ACCOUNT,REJECTION_CD,RFPDAFB1,ARCODE
IB_ACCOUNT,REJECTION_DT,RFPDAFB1,ARDATE
IB_ACCOUNT,SYS_UPD_DT,RFPDAFB1,
IB_BRANCH,CHANNEL_CODE,AGPBABRHX,BBCHAN
IB_BRANCH,BANK_CODE,AGPBABRHX,BBBANK
IB_BRANCH,REGION_CODE,AGPBABRHX,BBREG
IB_BRANCH,AREA_CODE,AGPBABRHX,BBAREA
IB_BRANCH,BRANCH_CODE,AGPBABRHX,BBBRH
IB_BRANCH,BANK_BRANCH_TYPE,AGPBABRHX,BBBRTYP
IB_BRANCH,BANK_BRANCH_NAME,AGPBABRHX,BBNAME
IB_BRANCH,BRANCH_EFFECTIVE_dATE,AGPBABRHX,BBEFFD
IB_BRANCH,ACCOUNT_NAME,AGPBABRHX,BBACNM
IB_BRANCH,BANK_ACCOUNT_NO,AGPBABRHX,BBACCN
IB_BRANCH,TAX_IDENTIFICATION_NUMBER,AGPBABRHX,BBTIN
IB_BRANCH,ADDRESS_1,AGPBABRHX,BBADD1
IB_BRANCH,ADDRESS_2,AGPBABRHX,BBADD2
IB_BRANCH,ZIP_CODE,AGPBABRHX,BBZIPC
IB_BRANCH,TERMINATION_DATE,AGPBABRHX,BBTRMD
IB_BRANCH,LAST_UPDATED_DATE,AGPBABRHX,BBMDT
ALL_PRODUCT,PRODUCT_CODE,IBTABPLAN,[PLAN]
ALL_PRODUCT,PRODUCT_NAME,IBTABPLAN,PLAND
ALL_PRODUCT,PRODUCT_GROUP,VW_IDAS_MASTERPRODUCT_UNIQUE,[PRODUCT_CATEGORY]
ALL_PRODUCT,PRODUCT_ACRONYM,VW_IDAS_MASTERPRODUCT_UNIQUE,[PRODUCT NAME (ACTUARY)]
ALL_PRODUCT,PRODUCT_CHANNEL,,
ALL_PRODUCT,INDODAILY_CHANNEL,INDODAILY_ALL_PRODUCT,INDODAILY_CHANNEL
ALL_PRODUCT,INDODAILY_SUBCHANNEL,INDODAILY_ALL_PRODUCT,INDODAILY_SUBCHANNEL
ALL_PRODUCT,PRODUCT_CODE,DMTM_PRODUCT,PRODUCTID
ALL_PRODUCT,PRODUCT_NAME,DMTM_PRODUCT,NAME
ALL_PRODUCT,PRODUCT_GROUP,VW_IDAS_MASTERPRODUCT_UNIQUE,[PRODUCT_CATEGORY]
ALL_PRODUCT,PRODUCT_ACRONYM,VW_IDAS_MASTERPRODUCT_UNIQUE,[PRODUCT NAME (ACTUARY)]
ALL_PRODUCT,PRODUCT_CHANNEL,AMFS_STG_FLAT,IDAS_ALTERNATE_PRODUCT_GROUP
ALL_PRODUCT,INDODAILY_CHANNEL,INDODAILY_ALL_PRODUCT,INDODAILY_CHANNEL
ALL_PRODUCT,INDODAILY_SUBCHANNEL,INDODAILY_ALL_PRODUCT,INDODAILY_SUBCHANNEL
ALL_PRODUCT,SYS_UPD_DT,,
IB_PREM_HOLIDAY,POLICY_NO,RFPPHOLH,[O3PNO]
IB_PREM_HOLIDAY,PH_LOC,RFPPHOLH,[O3CSCD]
IB_PREM_HOLIDAY,PH_START_DT,RFPPHOLH,O3HLSD
IB_PREM_HOLIDAY,PH_END_DT,RFPPHOLH,O3HLED
IB_PREM_HOLIDAY,PH_SYS_START_DT,RFPPHOLH,O3DPHS
IB_PREM_HOLIDAY,PH_SYS_END_DT,RFPPHOLH,O3TDAT
IB_PREM_HOLIDAY,PH_ACTUAL_END_DT,RFPPHOLH,O3HLAE
IB_PREM_HOLIDAY,PH_PASSIVE,RFPPHOLH,O3AUTOPH
IB_PREM_HOLIDAY,SYS_UPD_DT,RFPPHOLH,
IB_PAYMENT_DCR,POLICY_NO,RFPDCRDI_DI,DCPNO
IB_PAYMENT_DCR,PDC_PAY_DT,RFPDCRDI_DI,DCRDOT
IB_PAYMENT_DCR,PDC_DUE_DT,RFPDCRDI_DI,DCDUE
IB_PAYMENT_DCR,PDC_TYPE,RFPDCRDI_DI,DCRTYP
IB_PAYMENT_DCR,Type_Payment,RFPDCRDI_DI,DCRECP
IB_PAYMENT_DCR,Month_Covered,RFPDCRDI_DI,DCMTH
IB_PAYMENT_DCR,PDC_CURRENCY,RFPDCRDI_DI,DCPCCY
IB_PAYMENT_DCR,PDC_PAY_MODE,RFPDCRDI_DI,DCMODE
IB_PAYMENT_DCR,PDC_BASIC_PREMIUM,RFPDCRDI_DI,DCPREM
IB_PAYMENT_DCR,PDC_PRODUCT_CODE,RFPDCRDI_DI,DCPLAN
IB_PAYMENT_DCR,PDC_TOPUP_PREMIUM,RFPDCRDI_DI,DCTRMP
IB_PAYMENT_DCR,SYS_UPD_DT,,
IB_OWNER,[POLICY_NO],LFPPMHB,PNO
IB_OWNER,[CHANNEL],LFPPMHB,
IB_OWNER,[OWN_BANK_FLAG],LFPPMHB,PSOUR
IB_OWNER,[ISSUED_DT],LFPPMHB,PDOI
IB_OWNER,[OWN_NAME],LFPPMHB,
IB_OWNER,[OWN_KTP_ID],LFPPMHB,
IB_OWNER,[OWN_GENDER],LFPPMHB,
IB_OWNER,[OWN_MARITAL],LFPPMHB,PMRSTU
IB_OWNER,[OWN_BIRTH_DT],LFPPMHB,
IB_OWNER,[OWN_EMAIL],LFPPMHB,
IB_OWNER,[OWN_MOBILE_PH],LFPPMHB,
IB_OWNER,[OWN_HOME_PH],LFPPMHB,PTEL1
IB_OWNER,[OWN_OFFICE_PH],LFPPMHB,PTEL2
IB_OWNER,[OWN_ADDRESS_1],LFPPMHB,PADR1
IB_OWNER,[OWN_ADDRESS_2],LFPPMHB,PADR2
IB_OWNER,[OWN_ADDRESS_3],LFPPMHB,PADR3
IB_OWNER,[OWN_ADDRESS_4],LFPPMHB,PADR4
IB_OWNER,[OWN_CITY],LFPPMHB,PCTY
IB_OWNER,[POLICY_NO],LFPPMLB,PNO
IB_OWNER,[CHANNEL],LFPPMLB,
IB_OWNER,[OWN_BANK_FLAG],LFPPMLB,PSOUR
IB_OWNER,[ISSUED_DT],LFPPMLB,PDOI
IB_OWNER,[OWN_NAME],LFPPMLB,
IB_OWNER,[OWN_KTP_ID],LFPPMLB,
IB_OWNER,[OWN_GENDER],LFPPMLB,
IB_OWNER,[OWN_MARITAL],LFPPMLB,PMRSTU
IB_OWNER,[OWN_BIRTH_DT],LFPPMLB,
IB_OWNER,[OWN_EMAIL],LFPPMLB,
IB_OWNER,[OWN_MOBILE_PH],LFPPMLB,
IB_OWNER,[OWN_HOME_PH],LFPPMLB,PTEL1
IB_OWNER,[OWN_OFFICE_PH],LFPPMLB,PTEL2
IB_OWNER,[OWN_ADDRESS_1],LFPPMLB,PADR1
IB_OWNER,[OWN_ADDRESS_2],LFPPMLB,PADR2
IB_OWNER,[OWN_ADDRESS_3],LFPPMLB,PADR3
IB_OWNER,[OWN_ADDRESS_4],LFPPMLB,PADR4
IB_OWNER,[OWN_CITY],LFPPMLB,PCTY
IB_OWNER,[OWN_OCCUP_IND_CD],CIPCUSPFB,A0OCIC
IB_OWNER,[OWN_OCCUP_POS_CD],CIPCUSPFB,A0OCPC
IB_OWNER,[OWN_RELIGION_CD],CIPCUSPFB,A0RLGC
IB_OWNER,[OWN_INCOME],CIPCUSPFB,A0INCL
IB_OWNER,[OWN_CITIZEN_CD],CIPCUSPFB,A0CTZC
IB_OWNER,[OWN_TAX_RESIDENCE],LFPCRSM,C2TXRS
IB_OWNER,[OWN_TAX_NUMBER],LFPCRSM,C2TIN
IB_OWNER,[MDM_ID],C_B_PARTY,MDM_ID
IB_OWNER,[SYS_UPD_DT],,
IB_INSURED,POLICY_NO ,LFPPMLB,PNO
IB_INSURED,CHANNEL,LFPPMLB,
IB_INSURED,ISSUED_DT,LFPPMLB,PDOI
IB_INSURED,INS_NAME,LFPPMLB,PNAME
IB_INSURED,INS_KTP_ID,LFPPMLB,PID
IB_INSURED,INS_GENDER,LFPPMLB,PSEX
IB_INSURED,INS_BIRTH_DT,LFPPMLB,PDOB
IB_INSURED,INS_EMAIL,LFPPMLB,PIEMAIL
IB_INSURED,INS_MOBILE_PH ,LFPPMLB,PLMBNO
IB_INSURED,POLICY_NO ,LFPPMHB,PNO
IB_INSURED,CHANNEL,LFPPMHB,
IB_INSURED,ISSUED_DT,LFPPMHB,PDOI
IB_INSURED,INS_NAME,LFPPMHB,PNAME
IB_INSURED,INS_KTP_ID,LFPPMHB,PID
IB_INSURED,INS_GENDER,LFPPMHB,PSEX
IB_INSURED,INS_BIRTH_DT,LFPPMHB,PDOB
IB_INSURED,INS_EMAIL,LFPPMHB,PIEMAIL
IB_INSURED,INS_MOBILE_PH ,LFPPMHB,PLMBNO
IB_INSURED,INS_OCCUP_IND_CD,CIPCUSPFB,A0OCIC
IB_INSURED,INS_OCCUP_POS_CD,CIPCUSPFB,A0OCPC
IB_INSURED,INS_RELIGION_CD,CIPCUSPFB,A0RLGC
IB_INSURED,INS_INCOME,CIPCUSPFB,A0INCL
IB_INSURED,INS_CITIZEN_CD,CIPCUSPFB,A0CTZC
IB_INSURED,MDM_ID,C_B_PARTY,MDM_ID
IB_INSURED,SYS_UPD_DT,,
IB_FUND_BALANCE,FUN_CALC_DT,DRLSUNITFB,UTODAY
IB_FUND_BALANCE,FUN_CALC_MONTH,DRLSUNITFB,UTODAY
IB_FUND_BALANCE,POLICY_NO,DRLSUNITFB,UPNO
IB_FUND_BALANCE,FUN_CURRENCY,DRLSUNITFB,UPCCY
IB_FUND_BALANCE,FUN_NAV_DT,DRLSUNITFB,UNAVDT
IB_FUND_BALANCE,FUN_NAME1,DRLSUNITFB,UFCOD1
IB_FUND_BALANCE,FUN_UNIT1,DRLSUNITFB,UFUNT1
IB_FUND_BALANCE,FUN_PRICE1,DRLSUNITFB,UFPRC1
IB_FUND_BALANCE,FUN_AMOUNT1,DRLSUNITFB,
IB_FUND_BALANCE,FUN_ALOCATION1,DRLSUNITFB,UFALC1
IB_FUND_BALANCE,FUN_NAME2,DRLSUNITFB,UFCOD2
IB_FUND_BALANCE,FUN_UNIT2,DRLSUNITFB,UFUNT2
IB_FUND_BALANCE,FUN_PRICE2,DRLSUNITFB,UFPRC2
IB_FUND_BALANCE,FUN_AMOUNT2,DRLSUNITFB,
IB_FUND_BALANCE,FUN_ALOCATION2,DRLSUNITFB,UFALC2
IB_FUND_BALANCE,FUN_NAME3,DRLSUNITFB,UFCOD3
IB_FUND_BALANCE,FUN_UNIT3,DRLSUNITFB,UFUNT3
IB_FUND_BALANCE,FUN_PRICE3,DRLSUNITFB,UFPRC3
IB_FUND_BALANCE,FUN_AMOUNT3,DRLSUNITFB,
IB_FUND_BALANCE,FUN_ALOCATION3,DRLSUNITFB,UFALC3
IB_FUND_BALANCE,FUN_NAME4,DRLSUNITFB,UFCOD4
IB_FUND_BALANCE,FUN_UNIT4,DRLSUNITFB,UFUNT4
IB_FUND_BALANCE,FUN_PRICE4,DRLSUNITFB,UFPRC4
IB_FUND_BALANCE,FUN_AMOUNT4,DRLSUNITFB,
IB_FUND_BALANCE,FUN_ALOCATION4,DRLSUNITFB,UFALC4
IB_FUND_BALANCE,FUN_NAME5,DRLSUNITFB,UFCOD5
IB_FUND_BALANCE,FUN_UNIT5,DRLSUNITFB,UFUNT5
IB_FUND_BALANCE,FUN_PRICE5,DRLSUNITFB,UFPRC5
IB_FUND_BALANCE,FUN_AMOUNT5,DRLSUNITFB,
IB_FUND_BALANCE,FUN_ALOCATION5,DRLSUNITFB,UFALC5
IB_FUND_BALANCE,FUN_NAME6,DRLSUNITFB,UFCOD6
IB_FUND_BALANCE,FUN_UNIT6,DRLSUNITFB,UFUNT6
IB_FUND_BALANCE,FUN_PRICE6,DRLSUNITFB,UFPRC6
IB_FUND_BALANCE,FUN_AMOUNT6,DRLSUNITFB,
IB_FUND_BALANCE,UFALC6,DRLSUNITFB,UFALC6
IB_FUND_BALANCE,FUN_TOTAL_AMOUNT,DRLSUNITFB,
IB_FUND_BALANCE,FUN_TOTAL_AMOUNT_MEAN,DRLSUNITFB,
IB_FUND_BALANCE,FUN_TOTAL_AMOUNT_MIN,DRLSUNITFB,
IB_FUND_BALANCE,FUN_TOTAL_AMOUNT_MAX,DRLSUNITFB,
IB_FUND_BALANCE,FUN_TOTAL_AMOUNT_STD,DRLSUNITFB,
IB_FUND_BALANCE,SYS_UPD_DT,DRLSUNITFB,
IB_TRANSACTION_SUMMARY,POLICY_NO,LFPUFTDH_DI,M2PNO
IB_TRANSACTION_SUMMARY,TRAN_CODE,LFPUFTDH_DI,M2TCOD
IB_TRANSACTION_SUMMARY,TRAN_SUM_MONTH,PERIOD,YEARMONTH
IB_TRANSACTION_SUMMARY,TRAN_CURRENCY,LFPUFTDH_DI,M2FCCY
IB_TRANSACTION_SUMMARY,TRAN_AMOUNT,LFPUFTDH_DI,M2AMTF
IB_TRANSACTION_SUMMARY,TRAN_POL_AMOUNT,LFPUFTDH_DI,M2AMTP
IB_TRANSACTION_SUMMARY,TRAN_LATEST_DT,LFPUFTDH_DI,M2TDAT_DT
IB_TRANSACTION_SUMMARY,SYS_UPD_DT,,
IB_CLAIM_HEALTH,CLH_NO,LFPCLMHB,HCLMNO
IB_CLAIM_HEALTH,POLICY_NO,LFPCLMHB,PNO
IB_CLAIM_HEALTH,CLH_TYPE,LFPCLMHB,HCTYPE
IB_CLAIM_HEALTH,CLH_STATUS,LFPCLMHB,HCSTU
IB_CLAIM_HEALTH,RDR_PLAN,LFPCLMHB,HCPLAN
IB_CLAIM_HEALTH,CLH_REASON,LFPCLMHB,HCLTER
IB_CLAIM_HEALTH,CLH_ADMISSION_DT,LFPCLMHB,HCDOAD
IB_CLAIM_HEALTH,CLH_DISCHARGE_DT,LFPCLMHB,HCDODS
IB_CLAIM_HEALTH,CLH_SUBMIT_DT,LFPCLMHB,HCDOS
IB_CLAIM_HEALTH,CLH_DECISION_DT,LFPCLMHB,HCDOT
IB_CLAIM_HEALTH,CLH_DIAGNOSIS,LFPCLMHB,HCDIA
IB_CLAIM_HEALTH,CLH_HOSPITAL,LFPCLMHB,HCHOSP
IB_CLAIM_HEALTH,CLH_INP_DAY_CLAIMED,LFPCLMHB,HCHIDC
IB_CLAIM_HEALTH,CLH_INP_DAY_PAID,LFPCLMHB,HCHIDP
IB_CLAIM_HEALTH,CLH_ICU_DAY_CLAIMED,LFPCLMHB,HCHCDC
IB_CLAIM_HEALTH,CLH_ICU_DAY_PAID,LFPCLMHB,HCHCDP
IB_CLAIM_HEALTH,CLH_AMT_CLAIMED,LFPCLMHB,
IB_CLAIM_HEALTH,CLH_AMT_PAID,LFPCLMHB,
IB_CLAIM_HEALTH,CLH_USER,LFPCLMHB,HCCUSR
IB_CLAIM_HEALTH,CLH_ACCESSOR,LFPCLMHB,HCASOR
IB_CLAIM_HEALTH,CLH_CURRENCY,LFPCLMHB,HCCCY
IB_CLAIM_HEALTH,CLH_INPATIENT,LFPCLMHB,HCHIP
IB_CLAIM_HEALTH,CLH_ICU,LFPCLMHB,HCHCP
IB_CLAIM_HEALTH,CLH_SURGERY,LFPCLMHB,HCSGP
IB_CLAIM_HEALTH,CLH_TRANSPORTATION,LFPCLMHB,HCAMSP
IB_CLAIM_HEALTH,SYS_UPD_DT,LFPCLMHB,
IB_BENEFICIARY,POLICY_NO,LFPBNFYB,BNPNO
IB_BENEFICIARY,BNF_NAME,LFPBNFYB,BNBNFY
IB_BENEFICIARY,BNF_RELATION,LFPBNFYB,BNRELATN
IB_BENEFICIARY,BNF_GENDER,LFPBNFYB,BNBNFGEN
IB_BENEFICIARY,BNF_BIRTH_DT,LFPBNFYB,BNBTDB
IB_BENEFICIARY,BNF_PERCENT,LFPBNFYB,BNBNFPC
IB_BENEFICIARY,LAST_UPD_DT,LFPBNFYB,BNUPD
IB_BENEFICIARY,MDM_ID,,
IB_BENEFICIARY,SYS_UPD_DT,,
IB_RIDER,POLICY_NO,RFPRIDR,PNO
IB_RIDER,EFFECTIVE_DT,RFPRIDR,REFF
IB_RIDER,EXPIRED_DT,RFPRIDR,REXP
IB_RIDER,MAINT_EFFECTIVE_DT,RFPRIDR,RTEFF
IB_RIDER,LAST_MAINTENANCE_DT,RFPRIDR,RDOT
IB_RIDER,RDR_MAINT_CODE,RFPRIDR,RTC
IB_RIDER,RDR_PLAN,RFPRIDR,RPLAN
IB_RIDER,RDR_STATUS,RFPRIDR,RSTU
IB_RIDER,ATTACH_TO,RFPRIDR,RTO
IB_RIDER,PACKAGED_TO,RFPRIDR,RPKGT
IB_RIDER,AMOUNT,RFPRIDR,RSA
IB_RIDER,TOTAL_SUM_INSURED,RFPRIDR,RTSA
IB_RIDER,SYS_UPD_DT,RFPRIDR,
IB_PAYMENT_OTHERS,POLICY_NO,LFPPREMH,DCPNO
IB_PAYMENT_OTHERS,POT_PAY_DT,LFPPREMH,DCDOT
IB_PAYMENT_OTHERS,POT_DUE_DT,LFPPREMH,DCDUE
IB_PAYMENT_OTHERS,POT_TYPE,LFPPREMH,DCACT
IB_PAYMENT_OTHERS,TYPE_PAYMENT,LFPPREMH,
IB_PAYMENT_OTHERS,MONTH_COVERED,LFPPREMH,DCMTH
IB_PAYMENT_OTHERS,POT_CURRENCY,LFPPREMH,DCPCCY
IB_PAYMENT_OTHERS,POT_PAY_MODE,LFPPREMH,DCMODE
IB_PAYMENT_OTHERS,POT_BASIC_PREMIUM,LFPPREMH,DCPREM
IB_PAYMENT_OTHERS,POT_PRODUCT_CODE,LFPPREMH,DCPLAN
IB_PAYMENT_OTHERS,POT_TOPUP_PREMIUM,LFPPREMH,DCTRMP
IB_PAYMENT_OTHERS,SYS_UPD_DT,LFPPREMH,
IB_PAYMENT_DCR,POLICY_NO,RFPDCRDI_DI,DCPNO
IB_PAYMENT_DCR,PDC_PAY_DT,RFPDCRDI_DI,DCRDOT
IB_PAYMENT_DCR,PDC_DUE_DT,RFPDCRDI_DI,DCDUE
IB_PAYMENT_DCR,PDC_TYPE,RFPDCRDI_DI,DCRTYP
IB_PAYMENT_DCR,Type_Payment,RFPDCRDI_DI,DCRECP
IB_PAYMENT_DCR,Month_Covered,RFPDCRDI_DI,DCMTH
IB_PAYMENT_DCR,PDC_CURRENCY,RFPDCRDI_DI,DCPCCY
IB_PAYMENT_DCR,PDC_PAY_MODE,RFPDCRDI_DI,DCMODE
IB_PAYMENT_DCR,PDC_BASIC_PREMIUM,RFPDCRDI_DI,DCPREM
IB_PAYMENT_DCR,PDC_PRODUCT_CODE,RFPDCRDI_DI,DCPLAN
IB_PAYMENT_DCR,PDC_TOPUP_PREMIUM,RFPDCRDI_DI,DCTRMP
IB_PAYMENT_DCR,SYS_UPD_DT,RFPDCRDI_DI,
MDM_POLICY,MDM_ID,C_B_PARTY,MDM_ID
MDM_POLICY,MDM_CUST_ROLE,C_B_PARTY_ROLE_POLICY,PARTY_ROLE_CD
MDM_POLICY,MDM_CHANNEL,C_B_POLICY,ENTITY_CD
MDM_POLICY,MDM_POL_TYPE,,
MDM_POLICY,POLICY_NO,C_B_POLICY,POLICY_NO
MDM_POLICY,LAST_UPDATE_DATE,C_B_POLICY,LAST_UPDATE_DATE
MDM_POLICY,CREATE_DATE_T1,C_B_POLICY,CREATE_DATE
MDM_POLICY,CREATE_DATE_T3,C_B_PARTY,CREATE_DATE
MDM_POLICY,LAST_UPDATE_DATE_T3,C_B_PARTY,LAST_UPDATE_DATE
MDM_POLICY,MDM_ID,C_B_PARTY,MDM_ID
MDM_POLICY,MDM_CUST_ROLE,C_B_PARTY_ROLE_APPL,PARTY_ROLE_CD
MDM_POLICY,MDM_CHANNEL,C_B_APPLICATION,ENTITY_CD
MDM_POLICY,MDM_POL_TYPE,,
MDM_POLICY,POLICY_NO,C_B_APPLICATION,APPL_NO
MDM_POLICY,LAST_UPDATE_DATE,C_B_APPLICATION,LAST_UPDATE_DATE
MDM_POLICY,CREATE_DATE_T1,C_B_APPLICATION,CREATE_DATE
MDM_POLICY,CREATE_DATE_T3,C_B_PARTY,CREATE_DATE
MDM_POLICY,LAST_UPDATE_DATE_T3,C_B_PARTY,LAST_UPDATE_DATE
MDM_POLICY,SYS_UPD_DT,,
CALL_WELCOME,POLICY_NO,IDAS_SFDC_call_line__C,
CALL_WELCOME,CWL_GROUP,IDAS_SFDC_call_line__C,
CALL_WELCOME,CWL_CALL_DT,IDAS_SFDC_call_line__C,
CALL_WELCOME,CWL_CALL_STATUS,IDAS_SFDC_call_line__C,
CALL_WELCOME,CWL_SCORE,IDAS_SFDC_call_line__C,
PR_ACTIVATION_STATUS,POLICY_NO,CUSTOMER,
PR_ACTIVATION_STATUS,ACTIVATION_DATE,CUSTOMER,
PR_ACTIVATION_STATUS,EMMA_ACTIVATION_FLAG,CUSTOMER,
PR_ACTIVATION_STATUS,IS_APE,CUSTOMER,
RegionAreaBranch,PolNum,IDAS_AMFS_DETAIL_ISSUED_NET_FINAL,PolNum
RegionAreaBranch,REGION,IDAS_AMFS_DETAIL_ISSUED_NET_FINAL,Region
RegionAreaBranch,Pkanwil,IDAS_AMFS_DETAIL_ISSUED_NET_FINAL,Pkanwil
RegionAreaBranch,Pbranch,IDAS_AMFS_DETAIL_ISSUED_NET_FINAL,Pbranch
RegionAreaBranch,Parea,IDAS_AMFS_DETAIL_ISSUED_NET_FINAL,Parea
RegionAreaBranch,[Bank Branch Name],AGPBABRHX,
RegionAreaBranch,[Bank Area Name],AGPBABRHX,
RegionAreaBranch,[channel],IDAS_AMFS_DETAIL_ISSUED_NET_FINAL,Polnum
inbranch_life_policy_temp,policy_no,LFPPMLB,PNO
inbranch_life_policy_temp,death_benefit_option,LFPPMLB,LDTHBO
inbranch_life_policy_temp,LOGDATE_IDAS,LFPPMLB,LOGDATE
inbranch_life_policy_temp,INSERT_DT,LFPPMLB,
DimCLPCLGDaily,CLGKey,IDAS_CLP_CLG_SNAP_DAILY,(identity)
DimCLPCLGDaily,FactPeriod,IDAS_CLP_CLG_SNAP_DAILY,IDAS_CLP_CLG_SNAP_DAILY.FactPeriod
DimCLPCLGDaily,Participant No.,IDAS_CLP_CLG_SNAP_DAILY,IDAS_CLP_CLG_SNAP_DAILY.[Participant No.]
DimCLPCLGDaily,Application Status,IDAS_CLP_CLG_SNAP_DAILY,IDAS_CLP_CLG_SNAP_DAILY.[Application Status]
DimCLPCLGDaily,Policy Status,IDAS_CLP_CLG_SNAP_DAILY,IDAS_CLP_CLG_SNAP_DAILY.[Policy Status]
DimCLPCLGDaily,Participant Name,IDAS_CLP_CLG_SNAP_DAILY,IDAS_CLP_CLG_SNAP_DAILY.[Participant Name]
DimCLPCLGDaily,Date of Birth,IDAS_CLP_CLG_SNAP_DAILY,IDAS_CLP_CLG_SNAP_DAILY.[Date of Birth]
DimCLPCLGDaily,Age,IDAS_CLP_CLG_SNAP_DAILY,IDAS_CLP_CLG_SNAP_DAILY.[Age]
DimCLPCLGDaily,Begin Period,IDAS_CLP_CLG_SNAP_DAILY,IDAS_CLP_CLG_SNAP_DAILY.[Begin Period]
DimCLPCLGDaily,Term (Year),IDAS_CLP_CLG_SNAP_DAILY,IDAS_CLP_CLG_SNAP_DAILY.[Term (Year)]
DimCLPCLGDaily,Term (Month),IDAS_CLP_CLG_SNAP_DAILY,IDAS_CLP_CLG_SNAP_DAILY.[Term (Month)]
DimCLPCLGDaily,End Period,IDAS_CLP_CLG_SNAP_DAILY,IDAS_CLP_CLG_SNAP_DAILY.[End Period]
DimCLPCLGDaily,Medical,IDAS_CLP_CLG_SNAP_DAILY,IDAS_CLP_CLG_SNAP_DAILY.[Medical]
DimCLPCLGDaily,Medical Type,IDAS_CLP_CLG_SNAP_DAILY,IDAS_CLP_CLG_SNAP_DAILY.[Medical Type]
DimCLPCLGDaily,Class,IDAS_CLP_CLG_SNAP_DAILY,IDAS_CLP_CLG_SNAP_DAILY.[Class]
DimCLPCLGDaily,Loan Type,IDAS_CLP_CLG_SNAP_DAILY,IDAS_CLP_CLG_SNAP_DAILY.[Loan Type]
DimCLPCLGDaily,Notes,IDAS_CLP_CLG_SNAP_DAILY,IDAS_CLP_CLG_SNAP_DAILY.[Notes]
DimCLPCLGDaily,Region/Branch,IDAS_CLP_CLG_SNAP_DAILY,IDAS_CLP_CLG_SNAP_DAILY.[Region/Branch]
DimCLPCLGDaily,Region Name,IDAS_CLP_CLG_SNAP_DAILY,IDAS_CLP_CLG_SNAP_DAILY.[Region Name]
DimCLPCLGDaily,FLAG_RECEIVED,IDAS_CLP_CLG_SNAP_DAILY,IDAS_CLP_CLG_SNAP_DAILY.[FLAG_RECEIVED]
DimCLPCLGDaily,FLAG_DECIDE,IDAS_CLP_CLG_SNAP_DAILY,IDAS_CLP_CLG_SNAP_DAILY.[FLAG_DECIDE]
DimCLPCLGDaily,FLAG_PENDING,IDAS_CLP_CLG_SNAP_DAILY,IDAS_CLP_CLG_SNAP_DAILY.[FLAG_PENDING]
DimCLPCLGDaily,FLAG_PROCESS,IDAS_CLP_CLG_SNAP_DAILY,IDAS_CLP_CLG_SNAP_DAILY.[FLAG_PROCESS]
DimCLPCLGDaily,InsertDate,IDAS_CLP_CLG_SNAP_DAILY,(system)
DimCLPCLGDaily,LastModifiedDate,IDAS_CLP_CLG_SNAP_DAILY,(system / SCD2)
DimCLPCLGDaily,LogDate,IDAS_CLP_CLG_SNAP_DAILY,(system)
DimCLGBranch,CLGBranchKey,IDAS_CLP_CLG_SNAP_DAILY,(identity)
DimCLGBranch,BranchId,IDAS_CLP_CLG_SNAP_DAILY,IDAS_CLP_CLG_SNAP_DAILY.BranchID
DimCLGBranch,BranchName,IDAS_CLP_CLG_SNAP_DAILY,IDAS_CLP_CLG_SNAP_DAILY.BranchName
DimCLGBranch,InsertDate,IDAS_CLP_CLG_SNAP_DAILY,(system)
DimCLGBranch,LastModifiedDate,IDAS_CLP_CLG_SNAP_DAILY,(hardcoded)
DimCLGBranch,LogDate,IDAS_CLP_CLG_SNAP_DAILY,(system)
DimCLGRegion,CLGRegionKey,IDAS_CLP_CLG_SNAP_DAILY,(identity)
DimCLGRegion,Region,IDAS_CLP_CLG_SNAP_DAILY,IDAS_CLP_CLG_SNAP_DAILY.Region
DimCLGRegion,InsertDate,IDAS_CLP_CLG_SNAP_DAILY,(system)
DimCLGRegion,LastModifiedDate,IDAS_CLP_CLG_SNAP_DAILY,(hardcoded)
DimCLGRegion,LogDate,IDAS_CLP_CLG_SNAP_DAILY,(system)
DimCLGRefferenceNo,CLGRefferenceNoKey,IDAS_CLP_CLG_SNAP_DAILY,(identity)
DimCLGRefferenceNo,RefferenceNo,IDAS_CLP_CLG_SNAP_DAILY,IDAS_CLP_CLG_SNAP_DAILY.RefferenceNo
DimCLGRefferenceNo,InsertDate,IDAS_CLP_CLG_SNAP_DAILY,(system)
DimCLGRefferenceNo,LastModifiedDate,IDAS_CLP_CLG_SNAP_DAILY,(hardcoded)
DimCLGRefferenceNo,LogDate,IDAS_CLP_CLG_SNAP_DAILY,(system)
FactCLPCLGDaily,PeriodKey,IDAS_CLP_CLG_SNAP_DAILY,IDAS_CLP_CLG_SNAP_DAILY.factperiod
FactCLPCLGDaily,EntityKey,IDAS_CLP_CLG_SNAP_DAILY,Dim_Entity.EntityKey
FactCLPCLGDaily,ChannelKey,IDAS_CLP_CLG_SNAP_DAILY,Dim_Channel.ChannelKey
FactCLPCLGDaily,SubchannelKey,IDAS_CLP_CLG_SNAP_DAILY,Dim_Subchannel.SubchannelKey
FactCLPCLGDaily,CLGKey,IDAS_CLP_CLG_SNAP_DAILY,DimCLPCLGDaily.CLGKey
FactCLPCLGDaily,ProductKey,IDAS_CLP_CLG_SNAP_DAILY,Dim_ProdName_Finance.ProductKey
FactCLPCLGDaily,CLGBranchKey,IDAS_CLP_CLG_SNAP_DAILY,DimCLGBranch.CLGBranchKey
FactCLPCLGDaily,CLGRegionKey,IDAS_CLP_CLG_SNAP_DAILY,DimCLGRegion.CLGRegionKey
FactCLPCLGDaily,CLGRefferenceNoKey,IDAS_CLP_CLG_SNAP_DAILY,DimCLGRefferenceNo.CLGRefferenceNoKey
FactCLPCLGDaily,FLAG_RECEIVED,IDAS_CLP_CLG_SNAP_DAILY,IDAS_CLP_CLG_SNAP_DAILY.FLAG_RECEIVED
FactCLPCLGDaily,FLAG_DECIDE,IDAS_CLP_CLG_SNAP_DAILY,IDAS_CLP_CLG_SNAP_DAILY.FLAG_DECIDE
FactCLPCLGDaily,FLAG_PENDING,IDAS_CLP_CLG_SNAP_DAILY,IDAS_CLP_CLG_SNAP_DAILY.FLAG_PENDING
FactCLPCLGDaily,FLAG_PROCESS,IDAS_CLP_CLG_SNAP_DAILY,IDAS_CLP_CLG_SNAP_DAILY.FLAG_PROCESS
FactCLPCLGDaily,SubmitDate,IDAS_CLP_CLG_SNAP_DAILY,IDAS_CLP_CLG_SNAP_DAILY.[Submit Date]
FactCLPCLGDaily,IssueDate,IDAS_CLP_CLG_SNAP_DAILY,IDAS_CLP_CLG_SNAP_DAILY.[Issue Date]
FactCLPCLGDaily,Sum Insured,IDAS_CLP_CLG_SNAP_DAILY,IDAS_CLP_CLG_SNAP_DAILY.[Sum Insured]
FactCLPCLGDaily,Basic Premium,IDAS_CLP_CLG_SNAP_DAILY,IDAS_CLP_CLG_SNAP_DAILY.[Basic Premium ]
FactCLPCLGDaily,Rate,IDAS_CLP_CLG_SNAP_DAILY,IDAS_CLP_CLG_SNAP_DAILY.[Rate]
FactCLPCLGDaily,Disc Bsc Premi,IDAS_CLP_CLG_SNAP_DAILY,IDAS_CLP_CLG_SNAP_DAILY.[Disc Bsc Premi]
FactCLPCLGDaily,Extra Premium,IDAS_CLP_CLG_SNAP_DAILY,IDAS_CLP_CLG_SNAP_DAILY.[Extra Premium]
FactCLPCLGDaily,Premium Total,IDAS_CLP_CLG_SNAP_DAILY,IDAS_CLP_CLG_SNAP_DAILY.[Premium Total ]
FactCLPCLGDaily,Commission Rate,IDAS_CLP_CLG_SNAP_DAILY,IDAS_CLP_CLG_SNAP_DAILY.[Commission Rate]
FactCLPCLGDaily,Commission Amount,IDAS_CLP_CLG_SNAP_DAILY,IDAS_CLP_CLG_SNAP_DAILY.[Commission Amount]
FactCLPCLGDaily,Premium Netto,IDAS_CLP_CLG_SNAP_DAILY,IDAS_CLP_CLG_SNAP_DAILY.[Premium Netto]
DIM_PERIOD,[PeriodKey],,
DIM_PERIOD,[FullDateAlternateKey],,
DIM_PERIOD,[DayNumberOfWeek],,
DIM_PERIOD,[DayNameOfWeek],,
DIM_PERIOD,[DayNumberOfMonth],,
DIM_PERIOD,[DayNumberOfYear],,
DIM_PERIOD,[MonthName],,
DIM_PERIOD,[MonthNumberOfYear],,
DIM_PERIOD,[CalendarQuarter],,
DIM_PERIOD,[CalendarSemester],,
DIM_PERIOD,[CalendarYear],,
DIM_PERIOD,[IsWorkingDay],,
DIM_PERIOD,[IsWeekDay],,
DIM_PERIOD,[MonthKey],DIM_PERIOD,PERIODKEY
DIM_PERIOD,[MonthKey_prev],DIM_PERIOD,PERIODKEY
DIM_PERIOD,[WORKING_DAY_ALL],,
DIM_PERIOD,[WORKING_DAY_NUMBER_OF_MONTH],,
DIM_PERIOD,[WORKING_DAY_NUMBER_OF_MONTH_PREV_DAY],,
DIM_PERIOD,[WORKING_DAY_NUMBER_OF_MONTH_PREV_MONTH],,
DIM_PERIOD,[PERIODKEY_PREV_DAY],,
DIM_PERIOD,[PERIODKEY_PREV_MONTH],,
DIM_PERIOD,[WEEK_WD_KEY],DIM_PERIOD,WORKING_DAY_NUMBER_OF_MONTH
DIM_PERIOD,[WEEK_WD_SALES],DIM_PERIOD,WORKING_DAY_NUMBER_OF_MONTH
DIM_PERIOD,[sortmonthname],,
DIM_PERIOD,[DEFAULT_PARAMETER],,
DIM_PERIOD,[WD No of Month Day],,
VW_IDAS_PROCESSTYPE_GROSS,ENTITY,IDAS_PROCESSTYPE_GROSS,ENTITY
VW_IDAS_PROCESSTYPE_GROSS,SYSTEM,IDAS_PROCESSTYPE_GROSS,SYSTEM
VW_IDAS_PROCESSTYPE_GROSS,PROCESS_TYPE,IDAS_PROCESSTYPE_GROSS,PROCESS_TYPE
VW_IDAS_PROCESSTYPE_GROSS,FLAG_GROSS,IDAS_PROCESSTYPE_GROSS,FLAG_GROSS
VW_FACT_APE_ACTUARY_MONTHLY,FACTPERIOD,VW_FACT_APE_ACTUARY_DAILY,FACTPERIOD
VW_FACT_APE_ACTUARY_MONTHLY,PERIODKEY,VW_FACT_APE_ACTUARY_DAILY,PERIODKEY
VW_FACT_APE_ACTUARY_MONTHLY,APE_EOM,VW_FACT_APE_ACTUARY_DAILY,APE
VW_FACT_APE_ACTUARY_MONTHLY,APE_SAME_DAY,VW_FACT_APE_ACTUARY_DAILY,APE
VW_FACT_APE_ACTUARY_MONTHLY,APE_YOY,VW_FACT_APE_ACTUARY_DAILY,APE
VW_FACT_APE_ACTUARY_MONTHLY,MASTERPRODUCT_AMBITION_ID,VW_FACT_APE_ACTUARY_DAILY,MASTERPRODUCT_AMBITION_ID
VW_FACT_APE_ACTUARY_MONTHLY,MASTERPRODUCT_ENTITY,VW_FACT_APE_ACTUARY_DAILY,MASTERPRODUCT_ENTITY
VW_FACT_APE_ACTUARY_MONTHLY,MASTERPRODUCT_SYSTEM_CODE_ACTUARY,VW_FACT_APE_ACTUARY_DAILY,MASTERPRODUCT_SYSTEM_CODE_ACTUARY
VW_FACT_APE_ACTUARY_MONTHLY,MASTERPRODUCT_PRODUCT_ID_PEOPLESOFT,VW_FACT_APE_ACTUARY_DAILY,MASTERPRODUCT_PRODUCT_ID_PEOPLESOFT
VW_FACT_APE_ACTUARY_MONTHLY,MASTERPRODUCT_SP_RP,VW_FACT_APE_ACTUARY_DAILY,MASTERPRODUCT_SP_RP
VW_FACT_APE_ACTUARY_MONTHLY,MASTERPRODUCT_GMD_ID,VW_FACT_APE_ACTUARY_DAILY,MASTERPRODUCT_GMD_ID
VW_FACT_APE_ACTUARY_MONTHLY,MASTERPRODUCT_CHANNEL,VW_FACT_APE_ACTUARY_DAILY,MASTERPRODUCT_CHANNEL
VW_FACT_APE_ACTUARY_MONTHLY,MASTERPRODUCT_SUBCHANNEL,VW_FACT_APE_ACTUARY_DAILY,MASTERPRODUCT_SUBCHANNEL
VW_FACT_APE_ACTUARY_MONTHLY,MASTERPRODUCT_PRODUCT_GROUP,VW_FACT_APE_ACTUARY_DAILY,MASTERPRODUCT_PRODUCT_GROUP
VW_FACT_APE_ACTUARY_MONTHLY,MASTERPRODUCT_PRODUCT_CATEGORY,VW_FACT_APE_ACTUARY_DAILY,MASTERPRODUCT_PRODUCT_CATEGORY
VW_FACT_APE_ACTUARY_MONTHLY,MASTERPRODUCT_PRODUCT_SUB_CATEGORY,VW_FACT_APE_ACTUARY_DAILY,MASTERPRODUCT_PRODUCT_SUB_CATEGORY
VW_FACT_APE_ACTUARY_MONTHLY,MASTERPRODUCT_GMD_CATEGORY,VW_FACT_APE_ACTUARY_DAILY,MASTERPRODUCT_GMD_CATEGORY
VW_FACT_APE_ACTUARY_MONTHLY,MASTERPRODUCT_RIDER_CATEGORY,VW_FACT_APE_ACTUARY_DAILY,MASTERPRODUCT_RIDER_CATEGORY
VW_FACT_APE_ACTUARY_MONTHLY,MASTERPRODUCT_SYARIAH,VW_FACT_APE_ACTUARY_DAILY,MASTERPRODUCT_SYARIAH
VW_FACT_APE_ACTUARY_MONTHLY,MASTERPRODUCT_PRODUCT_NAME_ACTUARY,VW_FACT_APE_ACTUARY_DAILY,MASTERPRODUCT_PRODUCT_NAME_ACTUARY
VW_FACT_APE_ACTUARY_MONTHLY,MASTERPRODUCT_PRODUCT_NAME_MARKETING,VW_FACT_APE_ACTUARY_DAILY,MASTERPRODUCT_PRODUCT_NAME_MARKETING
VW_FACT_APE_ACTUARY_MONTHLY,MASTERPRODUCT_PRODUCT_NAME_FINANCE,VW_FACT_APE_ACTUARY_DAILY,MASTERPRODUCT_PRODUCT_NAME_FINANCE
VW_FACT_APE_ACTUARY_MONTHLY,MASTERPRODUCT_PRODUCT_NAME_PEOPLESOFT,VW_FACT_APE_ACTUARY_DAILY,MASTERPRODUCT_PRODUCT_NAME_PEOPLESOFT
VW_FACT_APE_ACTUARY_MONTHLY,MASTERPRODUCT_PRODUCT_SUMM_NAME,VW_FACT_APE_ACTUARY_DAILY,MASTERPRODUCT_PRODUCT_SUMM_NAME
VW_FACT_APE_ACTUARY_MONTHLY,MASTERPRODUCT_SYSTEM,VW_FACT_APE_ACTUARY_DAILY,MASTERPRODUCT_SYSTEM
VW_FACT_APE_ACTUARY_MONTHLY,MASTERPRODUCT_APE_MIX,VW_FACT_APE_ACTUARY_DAILY,MASTERPRODUCT_APE_MIX
VW_FACT_APE_ACTUARY_MONTHLY,MASTERPRODUCT_PROD_DASHBOARD_CATEGORY,VW_FACT_APE_ACTUARY_DAILY,MASTERPRODUCT_PROD_DASHBOARD_CATEGORY
VW_FACT_APE_ACTUARY_MONTHLY,APE_SOURCE,VW_FACT_APE_ACTUARY_DAILY,APE_SOURCE
VW_FACT_APE_ACTUARY_MONTHLY,PROCESS_TYPE,VW_FACT_APE_ACTUARY_DAILY,PROCESS_TYPE
VW_FACT_APE_ACTUARY_MONTHLY,CASECOUNT,VW_FACT_APE_ACTUARY_DAILY,CASECOUNT
VW_FACT_APE_ACTUARY_DAILY,FACTPERIOD,IDAS_NBVAMBITION,
VW_FACT_APE_ACTUARY_DAILY,PERIODKEY,IDAS_NBVAMBITION,
VW_FACT_APE_ACTUARY_DAILY,PERIODKEY_SYSTEM,VW_FACT_APE_SYSTEM_DAILY,PERIODKEY
VW_FACT_APE_ACTUARY_DAILY,APE,IDAS_NBVAMBITION,[APE AMBITION]
VW_FACT_APE_ACTUARY_DAILY,CASECOUNT,IDAS_NBVAMBITION,[CASE COUNT]
VW_FACT_APE_ACTUARY_DAILY,MASTERPRODUCT_AMBITION_ID,IDAS_NBVAMBITION,AMBITION_ID
VW_FACT_APE_ACTUARY_DAILY,MASTERPRODUCT_ENTITY,IDAS_NBVAMBITION,ENTITY
VW_FACT_APE_ACTUARY_DAILY,MASTERPRODUCT_SYSTEM_CODE_ACTUARY,VW_IDAS_MASTERPRODUCT,[SYSTEM CODE (ACTUARY)]
VW_FACT_APE_ACTUARY_DAILY,MASTERPRODUCT_SUBCHANNEL,VW_IDAS_MASTERPRODUCT,
VW_FACT_APE_ACTUARY_DAILY,MASTERPRODUCT_PRODUCT_ID_PEOPLESOFT,VW_IDAS_MASTERPRODUCT,[PRODUCT ID PEOPLESOFT]
VW_FACT_APE_ACTUARY_DAILY,MASTERPRODUCT_SP_RP,VW_IDAS_MASTERPRODUCT,[SP/RP]
VW_FACT_APE_ACTUARY_DAILY,MASTERPRODUCT_GMD_ID,VW_IDAS_MASTERPRODUCT,[GMD ID]
VW_FACT_APE_ACTUARY_DAILY,MASTERPRODUCT_CHANNEL,VW_IDAS_MASTERPRODUCT,
VW_FACT_APE_ACTUARY_DAILY,MASTERPRODUCT_PRODUCT_GROUP,VW_IDAS_MASTERPRODUCT,[PRODUCT GROUP]
VW_FACT_APE_ACTUARY_DAILY,MASTERPRODUCT_PRODUCT_CATEGORY,VW_IDAS_MASTERPRODUCT,[PRODUCT CATEGORY]
VW_FACT_APE_ACTUARY_DAILY,MASTERPRODUCT_PRODUCT_SUB_CATEGORY,VW_IDAS_MASTERPRODUCT,[PRODUCT SUB CATEGORY]
VW_FACT_APE_ACTUARY_DAILY,MASTERPRODUCT_GMD_CATEGORY,VW_IDAS_MASTERPRODUCT,[GMD CATEGORY]
VW_FACT_APE_ACTUARY_DAILY,MASTERPRODUCT_RIDER_CATEGORY,VW_IDAS_MASTERPRODUCT,[RIDER CATEGORY]
VW_FACT_APE_ACTUARY_DAILY,MASTERPRODUCT_SYARIAH,VW_IDAS_MASTERPRODUCT,SYARIAH
VW_FACT_APE_ACTUARY_DAILY,MASTERPRODUCT_PRODUCT_NAME_ACTUARY,VW_IDAS_MASTERPRODUCT,[PRODUCT NAME (ACTUARY)]
VW_FACT_APE_ACTUARY_DAILY,MASTERPRODUCT_PRODUCT_NAME_MARKETING,VW_IDAS_MASTERPRODUCT,[PRODUCT NAME MARKETING]
VW_FACT_APE_ACTUARY_DAILY,MASTERPRODUCT_PRODUCT_NAME_FINANCE,VW_IDAS_MASTERPRODUCT,[PRODUCT NAME FINANCE]
VW_FACT_APE_ACTUARY_DAILY,MASTERPRODUCT_PRODUCT_NAME_PEOPLESOFT,VW_IDAS_MASTERPRODUCT,[PRODUCT NAME PEOPLESOFT]
VW_FACT_APE_ACTUARY_DAILY,MASTERPRODUCT_PRODUCT_SUMM_NAME,VW_IDAS_MASTERPRODUCT,PRODUCT_SUMM_NAME
VW_FACT_APE_ACTUARY_DAILY,MASTERPRODUCT_SYSTEM,VW_IDAS_MASTERPRODUCT,SYSTEM
VW_FACT_APE_ACTUARY_DAILY,MASTERPRODUCT_APE_MIX,VW_IDAS_MASTERPRODUCT,[APE  MIX]
VW_FACT_APE_ACTUARY_DAILY,MASTERPRODUCT_PROD_DASHBOARD_CATEGORY,VW_IDAS_MASTERPRODUCT,PROD_DASHBOARD_CATEGORY
VW_FACT_APE_ACTUARY_DAILY,APE_SOURCE,,
VW_FACT_APE_ACTUARY_DAILY,PROCESS_TYPE,,
VW_FACT_APE_SYSTEM_DAILY,PERIODKEY,FACT_DMTM_AMFS_APE_ISSUED,PERIODKEY
VW_FACT_APE_SYSTEM_DAILY,FACTPERIOD,FACT_DMTM_AMFS_APE_ISSUED,FACTPERIOD
VW_FACT_APE_SYSTEM_DAILY,APE_SOURCE,FACT_DMTM_AMFS_APE_ISSUED,APE_SOURCE
VW_FACT_APE_SYSTEM_DAILY,APE_MIX,FACT_DMTM_AMFS_APE_ISSUED,APE_MIX
VW_FACT_APE_SYSTEM_DAILY,PROCESS_TYPE,FACT_DMTM_AMFS_APE_ISSUED,PROCESS_TYPE
VW_FACT_APE_SYSTEM_DAILY,APE,FACT_DMTM_AMFS_APE_ISSUED,APE
VW_FACT_APE_SYSTEM_DAILY,CASECOUNT,FACT_DMTM_AMFS_APE_ISSUED,CASECOUNT
VW_FACT_APE_SYSTEM_DAILY,MASTERPRODUCT_ENTITY,,
VW_FACT_APE_SYSTEM_DAILY,MASTERPRODUCT_SYSTEM,,
VW_FACT_APE_SYSTEM_DAILY,MASTERPRODUCT_SYSTEM_CODE_ACTUARY,,
VW_FACT_APE_SYSTEM_DAILY,MASTERPRODUCT_PRODUCT_ID_PEOPLESOFT,,
VW_FACT_APE_SYSTEM_DAILY,MASTERPRODUCT_SP_RP,,
VW_FACT_APE_SYSTEM_DAILY,MASTERPRODUCT_AMBITION_ID,,
VW_FACT_APE_SYSTEM_DAILY,MASTERPRODUCT_GMD_ID,,
VW_FACT_APE_SYSTEM_DAILY,MASTERPRODUCT_CHANNEL,,
VW_FACT_APE_SYSTEM_DAILY,MASTERPRODUCT_PRODUCT_GROUP,,
VW_FACT_APE_SYSTEM_DAILY,MASTERPRODUCT_PRODUCT_CATEGORY,,
VW_FACT_APE_SYSTEM_DAILY,MASTERPRODUCT_PRODUCT_SUB_CATEGORY,,
VW_FACT_APE_SYSTEM_DAILY,MASTERPRODUCT_GMD_CATEGORY,,
VW_FACT_APE_SYSTEM_DAILY,MASTERPRODUCT_RIDER_CATEGORY,,
VW_FACT_APE_SYSTEM_DAILY,MASTERPRODUCT_SYARIAH,,
VW_FACT_APE_SYSTEM_DAILY,MASTERPRODUCT_PRODUCT_NAME_ACTUARY,,
VW_FACT_APE_SYSTEM_DAILY,MASTERPRODUCT_PRODUCT_NAME_MARKETING,,
VW_FACT_APE_SYSTEM_DAILY,MASTERPRODUCT_PRODUCT_NAME_FINANCE,,
VW_FACT_APE_SYSTEM_DAILY,MASTERPRODUCT_PRODUCT_NAME_PEOPLESOFT,,
VW_FACT_APE_SYSTEM_DAILY,MASTERPRODUCT_PRODUCT_SUMM_NAME,,
VW_FACT_APE_SYSTEM_DAILY,MASTERPRODUCT_PROD_DASHBOARD_CATEGORY,,
VW_FACT_APE_SYSTEM_DAILY,PERIODKEY_ORIG,FACT_DMTM_AMFS_APE_ISSUED,PERIODKEY_AS_OF
VW_FACT_APE_SYSTEM_DAILY,APE_GROSS,,
VW_FACT_APE_SYSTEM_DAILY,CASECOUNT_GROSS,,
VW_FACT_APE_SYSTEM_DAILY,SRC_TBL,,
VW_FACT_APE_SYSTEM_DAILY,PERIODKEY,FACT_RLS_AMFS_APE_ADD_LSTU,PERIODKEY
VW_FACT_APE_SYSTEM_DAILY,FACTPERIOD,FACT_RLS_AMFS_APE_ADD_LSTU,FACTPERIOD
VW_FACT_APE_SYSTEM_DAILY,APE_SOURCE,FACT_RLS_AMFS_APE_ADD_LSTU,APE_SOURCE
VW_FACT_APE_SYSTEM_DAILY,APE_MIX,FACT_RLS_AMFS_APE_ADD_LSTU,APE_MIX
VW_FACT_APE_SYSTEM_DAILY,PROCESS_TYPE,FACT_RLS_AMFS_APE_ADD_LSTU,PROCESS_TYPE
VW_FACT_APE_SYSTEM_DAILY,APE,FACT_RLS_AMFS_APE_ADD_LSTU,APE
VW_FACT_APE_SYSTEM_DAILY,CASECOUNT,FACT_RLS_AMFS_APE_ADD_LSTU,CASECOUNT
VW_FACT_APE_SYSTEM_DAILY,MASTERPRODUCT_ENTITY,,
VW_FACT_APE_SYSTEM_DAILY,MASTERPRODUCT_SYSTEM,,
VW_FACT_APE_SYSTEM_DAILY,MASTERPRODUCT_SYSTEM_CODE_ACTUARY,,
VW_FACT_APE_SYSTEM_DAILY,MASTERPRODUCT_PRODUCT_ID_PEOPLESOFT,,
VW_FACT_APE_SYSTEM_DAILY,MASTERPRODUCT_SP_RP,,
VW_FACT_APE_SYSTEM_DAILY,MASTERPRODUCT_AMBITION_ID,,
VW_FACT_APE_SYSTEM_DAILY,MASTERPRODUCT_GMD_ID,,
VW_FACT_APE_SYSTEM_DAILY,MASTERPRODUCT_CHANNEL,,
VW_FACT_APE_SYSTEM_DAILY,MASTERPRODUCT_PRODUCT_GROUP,,
VW_FACT_APE_SYSTEM_DAILY,MASTERPRODUCT_PRODUCT_CATEGORY,,
VW_FACT_APE_SYSTEM_DAILY,MASTERPRODUCT_PRODUCT_SUB_CATEGORY,,
VW_FACT_APE_SYSTEM_DAILY,MASTERPRODUCT_GMD_CATEGORY,,
VW_FACT_APE_SYSTEM_DAILY,MASTERPRODUCT_RIDER_CATEGORY,,
VW_FACT_APE_SYSTEM_DAILY,MASTERPRODUCT_SYARIAH,,
VW_FACT_APE_SYSTEM_DAILY,MASTERPRODUCT_PRODUCT_NAME_ACTUARY,,
VW_FACT_APE_SYSTEM_DAILY,MASTERPRODUCT_PRODUCT_NAME_MARKETING,,
VW_FACT_APE_SYSTEM_DAILY,MASTERPRODUCT_PRODUCT_NAME_FINANCE,,
VW_FACT_APE_SYSTEM_DAILY,MASTERPRODUCT_PRODUCT_NAME_PEOPLESOFT,,
VW_FACT_APE_SYSTEM_DAILY,MASTERPRODUCT_PRODUCT_SUMM_NAME,,
VW_FACT_APE_SYSTEM_DAILY,MASTERPRODUCT_PROD_DASHBOARD_CATEGORY,,
VW_FACT_APE_SYSTEM_DAILY,PERIODKEY_ORIG,FACT_RLS_AMFS_APE_ADD_LSTU,PERIODKEY_AS_OF
VW_FACT_APE_SYSTEM_DAILY,APE_GROSS,,
VW_FACT_APE_SYSTEM_DAILY,CASECOUNT_GROSS,,
VW_FACT_APE_SYSTEM_DAILY,SRC_TBL,,
VW_FACT_APE_SYSTEM_DAILY,PERIODKEY,FACT_RLS_AMFS_APE_ADD_RTU,PERIODKEY
VW_FACT_APE_SYSTEM_DAILY,FACTPERIOD,FACT_RLS_AMFS_APE_ADD_RTU,FACTPERIOD
VW_FACT_APE_SYSTEM_DAILY,APE_SOURCE,FACT_RLS_AMFS_APE_ADD_RTU,APE_SOURCE
VW_FACT_APE_SYSTEM_DAILY,APE_MIX,FACT_RLS_AMFS_APE_ADD_RTU,APE_MIX
VW_FACT_APE_SYSTEM_DAILY,PROCESS_TYPE,FACT_RLS_AMFS_APE_ADD_RTU,PROCESS_TYPE
VW_FACT_APE_SYSTEM_DAILY,APE,FACT_RLS_AMFS_APE_ADD_RTU,APE
VW_FACT_APE_SYSTEM_DAILY,CASECOUNT,FACT_RLS_AMFS_APE_ADD_RTU,CASECOUNT
VW_FACT_APE_SYSTEM_DAILY,MASTERPRODUCT_ENTITY,,
VW_FACT_APE_SYSTEM_DAILY,MASTERPRODUCT_SYSTEM,,
VW_FACT_APE_SYSTEM_DAILY,MASTERPRODUCT_SYSTEM_CODE_ACTUARY,,
VW_FACT_APE_SYSTEM_DAILY,MASTERPRODUCT_PRODUCT_ID_PEOPLESOFT,,
VW_FACT_APE_SYSTEM_DAILY,MASTERPRODUCT_SP_RP,,
VW_FACT_APE_SYSTEM_DAILY,MASTERPRODUCT_AMBITION_ID,,
VW_FACT_APE_SYSTEM_DAILY,MASTERPRODUCT_GMD_ID,,
VW_FACT_APE_SYSTEM_DAILY,MASTERPRODUCT_CHANNEL,,
VW_FACT_APE_SYSTEM_DAILY,MASTERPRODUCT_PRODUCT_GROUP,,
VW_FACT_APE_SYSTEM_DAILY,MASTERPRODUCT_PRODUCT_CATEGORY,,
VW_FACT_APE_SYSTEM_DAILY,MASTERPRODUCT_PRODUCT_SUB_CATEGORY,,
VW_FACT_APE_SYSTEM_DAILY,MASTERPRODUCT_GMD_CATEGORY,,
VW_FACT_APE_SYSTEM_DAILY,MASTERPRODUCT_RIDER_CATEGORY,,
VW_FACT_APE_SYSTEM_DAILY,MASTERPRODUCT_SYARIAH,,
VW_FACT_APE_SYSTEM_DAILY,MASTERPRODUCT_PRODUCT_NAME_ACTUARY,,
VW_FACT_APE_SYSTEM_DAILY,MASTERPRODUCT_PRODUCT_NAME_MARKETING,,
VW_FACT_APE_SYSTEM_DAILY,MASTERPRODUCT_PRODUCT_NAME_FINANCE,,
VW_FACT_APE_SYSTEM_DAILY,MASTERPRODUCT_PRODUCT_NAME_PEOPLESOFT,,
VW_FACT_APE_SYSTEM_DAILY,MASTERPRODUCT_PRODUCT_SUMM_NAME,,
VW_FACT_APE_SYSTEM_DAILY,MASTERPRODUCT_PROD_DASHBOARD_CATEGORY,,
VW_FACT_APE_SYSTEM_DAILY,PERIODKEY_ORIG,FACT_RLS_AMFS_APE_ADD_RTU,PERIODKEY_AS_OF
VW_FACT_APE_SYSTEM_DAILY,APE_GROSS,,
VW_FACT_APE_SYSTEM_DAILY,CASECOUNT_GROSS,,
VW_FACT_APE_SYSTEM_DAILY,SRC_TBL,,
VW_FACT_APE_SYSTEM_DAILY,PERIODKEY,FACT_RLS_AMFS_APE_CHANGE_PREM,PERIODKEY
VW_FACT_APE_SYSTEM_DAILY,FACTPERIOD,FACT_RLS_AMFS_APE_CHANGE_PREM,FACTPERIOD
VW_FACT_APE_SYSTEM_DAILY,APE_SOURCE,FACT_RLS_AMFS_APE_CHANGE_PREM,APE_SOURCE
VW_FACT_APE_SYSTEM_DAILY,APE_MIX,FACT_RLS_AMFS_APE_CHANGE_PREM,APE_MIX
VW_FACT_APE_SYSTEM_DAILY,PROCESS_TYPE,FACT_RLS_AMFS_APE_CHANGE_PREM,PROCESS_TYPE
VW_FACT_APE_SYSTEM_DAILY,APE,FACT_RLS_AMFS_APE_CHANGE_PREM,APE
VW_FACT_APE_SYSTEM_DAILY,CASECOUNT,FACT_RLS_AMFS_APE_CHANGE_PREM,CASECOUNT
VW_FACT_APE_SYSTEM_DAILY,MASTERPRODUCT_ENTITY,,
VW_FACT_APE_SYSTEM_DAILY,MASTERPRODUCT_SYSTEM,,
VW_FACT_APE_SYSTEM_DAILY,MASTERPRODUCT_SYSTEM_CODE_ACTUARY,,
VW_FACT_APE_SYSTEM_DAILY,MASTERPRODUCT_PRODUCT_ID_PEOPLESOFT,,
VW_FACT_APE_SYSTEM_DAILY,MASTERPRODUCT_SP_RP,,
VW_FACT_APE_SYSTEM_DAILY,MASTERPRODUCT_AMBITION_ID,,
VW_FACT_APE_SYSTEM_DAILY,MASTERPRODUCT_GMD_ID,,
VW_FACT_APE_SYSTEM_DAILY,MASTERPRODUCT_CHANNEL,,
VW_FACT_APE_SYSTEM_DAILY,MASTERPRODUCT_PRODUCT_GROUP,,
VW_FACT_APE_SYSTEM_DAILY,MASTERPRODUCT_PRODUCT_CATEGORY,,
VW_FACT_APE_SYSTEM_DAILY,MASTERPRODUCT_PRODUCT_SUB_CATEGORY,,
VW_FACT_APE_SYSTEM_DAILY,MASTERPRODUCT_GMD_CATEGORY,,
VW_FACT_APE_SYSTEM_DAILY,MASTERPRODUCT_RIDER_CATEGORY,,
VW_FACT_APE_SYSTEM_DAILY,MASTERPRODUCT_SYARIAH,,
VW_FACT_APE_SYSTEM_DAILY,MASTERPRODUCT_PRODUCT_NAME_ACTUARY,,
VW_FACT_APE_SYSTEM_DAILY,MASTERPRODUCT_PRODUCT_NAME_MARKETING,,
VW_FACT_APE_SYSTEM_DAILY,MASTERPRODUCT_PRODUCT_NAME_FINANCE,,
VW_FACT_APE_SYSTEM_DAILY,MASTERPRODUCT_PRODUCT_NAME_PEOPLESOFT,,
VW_FACT_APE_SYSTEM_DAILY,MASTERPRODUCT_PRODUCT_SUMM_NAME,,
VW_FACT_APE_SYSTEM_DAILY,MASTERPRODUCT_PROD_DASHBOARD_CATEGORY,,
VW_FACT_APE_SYSTEM_DAILY,PERIODKEY_ORIG,FACT_RLS_AMFS_APE_CHANGE_PREM,PERIODKEY_AS_OF
VW_FACT_APE_SYSTEM_DAILY,APE_GROSS,,
VW_FACT_APE_SYSTEM_DAILY,CASECOUNT_GROSS,,
VW_FACT_APE_SYSTEM_DAILY,SRC_TBL,,
VW_FACT_APE_SYSTEM_DAILY,PERIODKEY,FACT_RLS_AMFS_APE_ISSUED,PERIODKEY
VW_FACT_APE_SYSTEM_DAILY,FACTPERIOD,FACT_RLS_AMFS_APE_ISSUED,FACTPERIOD
VW_FACT_APE_SYSTEM_DAILY,APE_SOURCE,FACT_RLS_AMFS_APE_ISSUED,APE_SOURCE
VW_FACT_APE_SYSTEM_DAILY,APE_MIX,FACT_RLS_AMFS_APE_ISSUED,APE_MIX
VW_FACT_APE_SYSTEM_DAILY,PROCESS_TYPE,FACT_RLS_AMFS_APE_ISSUED,PROCESS_TYPE
VW_FACT_APE_SYSTEM_DAILY,APE,FACT_RLS_AMFS_APE_ISSUED,APE
VW_FACT_APE_SYSTEM_DAILY,CASECOUNT,FACT_RLS_AMFS_APE_ISSUED,CASECOUNT
VW_FACT_APE_SYSTEM_DAILY,MASTERPRODUCT_ENTITY,,
VW_FACT_APE_SYSTEM_DAILY,MASTERPRODUCT_SYSTEM,,
VW_FACT_APE_SYSTEM_DAILY,MASTERPRODUCT_SYSTEM_CODE_ACTUARY,,
VW_FACT_APE_SYSTEM_DAILY,MASTERPRODUCT_PRODUCT_ID_PEOPLESOFT,,
VW_FACT_APE_SYSTEM_DAILY,MASTERPRODUCT_SP_RP,,
VW_FACT_APE_SYSTEM_DAILY,MASTERPRODUCT_AMBITION_ID,,
VW_FACT_APE_SYSTEM_DAILY,MASTERPRODUCT_GMD_ID,,
VW_FACT_APE_SYSTEM_DAILY,MASTERPRODUCT_CHANNEL,,
VW_FACT_APE_SYSTEM_DAILY,MASTERPRODUCT_PRODUCT_GROUP,,
VW_FACT_APE_SYSTEM_DAILY,MASTERPRODUCT_PRODUCT_CATEGORY,,
VW_FACT_APE_SYSTEM_DAILY,MASTERPRODUCT_PRODUCT_SUB_CATEGORY,,
VW_FACT_APE_SYSTEM_DAILY,MASTERPRODUCT_GMD_CATEGORY,,
VW_FACT_APE_SYSTEM_DAILY,MASTERPRODUCT_RIDER_CATEGORY,,
VW_FACT_APE_SYSTEM_DAILY,MASTERPRODUCT_SYARIAH,,
VW_FACT_APE_SYSTEM_DAILY,MASTERPRODUCT_PRODUCT_NAME_ACTUARY,,
VW_FACT_APE_SYSTEM_DAILY,MASTERPRODUCT_PRODUCT_NAME_MARKETING,,
VW_FACT_APE_SYSTEM_DAILY,MASTERPRODUCT_PRODUCT_NAME_FINANCE,,
VW_FACT_APE_SYSTEM_DAILY,MASTERPRODUCT_PRODUCT_NAME_PEOPLESOFT,,
VW_FACT_APE_SYSTEM_DAILY,MASTERPRODUCT_PRODUCT_SUMM_NAME,,
VW_FACT_APE_SYSTEM_DAILY,MASTERPRODUCT_PROD_DASHBOARD_CATEGORY,,
VW_FACT_APE_SYSTEM_DAILY,PERIODKEY_ORIG,FACT_RLS_AMFS_APE_ISSUED,PERIODKEY_AS_OF
VW_FACT_APE_SYSTEM_DAILY,APE_GROSS,,
VW_FACT_APE_SYSTEM_DAILY,CASECOUNT_GROSS,,
VW_FACT_APE_SYSTEM_DAILY,SRC_TBL,,
FACT_DMTM_AMFS_APE_ISSUED,APE,VW_IDAS_DMTM_AMFS_KPI_ISSUED_MONTH_MASTERPROD,APE
FACT_DMTM_AMFS_APE_ISSUED,CASECOUNT,VW_IDAS_DMTM_AMFS_KPI_ISSUED_MONTH_MASTERPROD,CASECOUNT
FACT_DMTM_AMFS_APE_ISSUED,APE_SOURCE,,
FACT_DMTM_AMFS_APE_ISSUED,FACTPERIOD,VW_IDAS_DMTM_AMFS_KPI_ISSUED_MONTH_MASTERPROD,FACTPERIOD
FACT_DMTM_AMFS_APE_ISSUED,PERIODKEY,VW_IDAS_DMTM_AMFS_KPI_ISSUED_MONTH_MASTERPROD,LOGDATE
FACT_DMTM_AMFS_APE_ISSUED,PNO,,POLICYNO
FACT_DMTM_AMFS_APE_ISSUED,APE_MIX,,APE_MIX
FACT_DMTM_AMFS_APE_ISSUED,PROCESS_TYPE,,PROCESS_TYPE
FACT_DMTM_AMFS_APE_ISSUED,PRODUCTID,,PRODUCTID
FACT_DMTM_AMFS_APE_ISSUED,PLANID,,PLANID
FACT_DMTM_AMFS_APE_ISSUED,PCCY,,CURRENCYID
FACT_DMTM_AMFS_APE_ISSUED,BAND,,BAND
FACT_DMTM_AMFS_APE_ISSUED,UFCOD1,,
FACT_DMTM_AMFS_APE_ISSUED,UFCOD2,,
FACT_DMTM_AMFS_APE_ISSUED,UFCOD3,,
FACT_DMTM_AMFS_APE_ISSUED,UFCOD4,,
FACT_DMTM_AMFS_APE_ISSUED,UFCOD5,,
FACT_DMTM_AMFS_APE_ISSUED,UFCOD6,,
FACT_DMTM_AMFS_APE_ISSUED,FA_CATEGORY,,
FACT_DMTM_AMFS_APE_ISSUED,FLAG_UPDATED,,
FACT_DMTM_AMFS_APE_ISSUED,STG_LOGDATE,VW_IDAS_DMTM_AMFS_KPI_ISSUED_MONTH_MASTERPROD,LOGDATE
FACT_DMTM_AMFS_APE_ISSUED,DWH_LOGDATE,,
FACT_DMTM_AMFS_APE_ISSUED,PERIODKEY_AS_OF,VW_IDAS_DMTM_AMFS_KPI_ISSUED_MONTH_MASTERPROD,PERIODKEY_AS_OF
FACT_DMTM_AMFS_APE_ISSUED,ENTITY,,
FACT_DMTM_AMFS_APE_ISSUED,SYSTEM,,
FACT_RLS_AMFS_APE_ADD_LSTU,APE,VW_IDAS_RLS_AMFS_KPI_ADD_LSTU_MONTH_MASTERPROD,APE
FACT_RLS_AMFS_APE_ADD_LSTU,CASECOUNT,VW_IDAS_RLS_AMFS_KPI_ADD_LSTU_MONTH_MASTERPROD,CASECOUNT
FACT_RLS_AMFS_APE_ADD_LSTU,APE_SOURCE,,
FACT_RLS_AMFS_APE_ADD_LSTU,FACTPERIOD,VW_IDAS_RLS_AMFS_KPI_ADD_LSTU_MONTH_MASTERPROD,FACTPERIOD
FACT_RLS_AMFS_APE_ADD_LSTU,PERIODKEY,MIGRATION_STATUS,OFDATE
FACT_RLS_AMFS_APE_ADD_LSTU,PNO,VW_IDAS_RLS_AMFS_KPI_ADD_LSTU_MONTH_MASTERPROD,A1PNO
FACT_RLS_AMFS_APE_ADD_LSTU,APE_MIX,VW_IDAS_RLS_AMFS_KPI_ADD_LSTU_MONTH_MASTERPROD,APE_MIX
FACT_RLS_AMFS_APE_ADD_LSTU,PROCESS_TYPE,VW_IDAS_RLS_AMFS_KPI_ADD_LSTU_MONTH_MASTERPROD,PROCESS_TYPE
FACT_RLS_AMFS_APE_ADD_LSTU,PRODUCTID,VW_IDAS_RLS_AMFS_KPI_ADD_LSTU_MONTH_MASTERPROD,PRODUCTID
FACT_RLS_AMFS_APE_ADD_LSTU,PLANID,VW_IDAS_RLS_AMFS_KPI_ADD_LSTU_MONTH_MASTERPROD,PLANID
FACT_RLS_AMFS_APE_ADD_LSTU,PCCY,VW_IDAS_RLS_AMFS_KPI_ADD_LSTU_MONTH_MASTERPROD,
FACT_RLS_AMFS_APE_ADD_LSTU,BAND,VW_IDAS_RLS_AMFS_KPI_ADD_LSTU_MONTH_MASTERPROD,BAND
FACT_RLS_AMFS_APE_ADD_LSTU,UFCOD1,VW_IDAS_RLS_AMFS_KPI_ADD_LSTU_MONTH_MASTERPROD,UFCOD1
FACT_RLS_AMFS_APE_ADD_LSTU,UFCOD2,VW_IDAS_RLS_AMFS_KPI_ADD_LSTU_MONTH_MASTERPROD,UFCOD2
FACT_RLS_AMFS_APE_ADD_LSTU,UFCOD3,VW_IDAS_RLS_AMFS_KPI_ADD_LSTU_MONTH_MASTERPROD,UFCOD3
FACT_RLS_AMFS_APE_ADD_LSTU,UFCOD4,VW_IDAS_RLS_AMFS_KPI_ADD_LSTU_MONTH_MASTERPROD,UFCOD4
FACT_RLS_AMFS_APE_ADD_LSTU,UFCOD5,VW_IDAS_RLS_AMFS_KPI_ADD_LSTU_MONTH_MASTERPROD,UFCOD5
FACT_RLS_AMFS_APE_ADD_LSTU,UFCOD6,VW_IDAS_RLS_AMFS_KPI_ADD_LSTU_MONTH_MASTERPROD,UFCOD6
FACT_RLS_AMFS_APE_ADD_LSTU,FA_CATEGORY,VW_IDAS_RLS_AMFS_KPI_ADD_LSTU_MONTH_MASTERPROD,FA_CATEGORY
FACT_RLS_AMFS_APE_ADD_LSTU,FLAG_UPDATED,,
FACT_RLS_AMFS_APE_ADD_LSTU,STG_LOGDATE,VW_IDAS_RLS_AMFS_KPI_ADD_LSTU_MONTH_MASTERPROD,LOGDATE
FACT_RLS_AMFS_APE_ADD_LSTU,DWH_LOGDATE,,
FACT_RLS_AMFS_APE_ADD_LSTU,PERIODKEY_AS_OF,,
FACT_RLS_AMFS_APE_ADD_LSTU,ENTITY,,
FACT_RLS_AMFS_APE_ADD_LSTU,SYSTEM,,
FACT_RLS_AMFS_APE_ADD_RTU,APE,VW_IDAS_RLS_AMFS_KPI_ADD_RTU_MONTH_MASTERPROD,APE
FACT_RLS_AMFS_APE_ADD_RTU,CASECOUNT,VW_IDAS_RLS_AMFS_KPI_ADD_RTU_MONTH_MASTERPROD,CASECOUNT
FACT_RLS_AMFS_APE_ADD_RTU,APE_SOURCE,,
FACT_RLS_AMFS_APE_ADD_RTU,FACTPERIOD,VW_IDAS_RLS_AMFS_KPI_ADD_RTU_MONTH_MASTERPROD,FACTPERIOD
FACT_RLS_AMFS_APE_ADD_RTU,PERIODKEY,MIGRATION_STATUS,OFDATE
FACT_RLS_AMFS_APE_ADD_RTU,PNO,VW_IDAS_RLS_AMFS_KPI_ADD_RTU_MONTH_MASTERPROD,A1PNO
FACT_RLS_AMFS_APE_ADD_RTU,APE_MIX,VW_IDAS_RLS_AMFS_KPI_ADD_RTU_MONTH_MASTERPROD,APE_MIX
FACT_RLS_AMFS_APE_ADD_RTU,PROCESS_TYPE,VW_IDAS_RLS_AMFS_KPI_ADD_RTU_MONTH_MASTERPROD,PROCESS_TYPE
FACT_RLS_AMFS_APE_ADD_RTU,PRODUCTID,VW_IDAS_RLS_AMFS_KPI_ADD_RTU_MONTH_MASTERPROD,PRODUCTID
FACT_RLS_AMFS_APE_ADD_RTU,PLANID,VW_IDAS_RLS_AMFS_KPI_ADD_RTU_MONTH_MASTERPROD,PLANID
FACT_RLS_AMFS_APE_ADD_RTU,PCCY,VW_IDAS_RLS_AMFS_KPI_ADD_RTU_MONTH_MASTERPROD,
FACT_RLS_AMFS_APE_ADD_RTU,BAND,VW_IDAS_RLS_AMFS_KPI_ADD_RTU_MONTH_MASTERPROD,BAND
FACT_RLS_AMFS_APE_ADD_RTU,UFCOD1,VW_IDAS_RLS_AMFS_KPI_ADD_RTU_MONTH_MASTERPROD,UFCOD1
FACT_RLS_AMFS_APE_ADD_RTU,UFCOD2,VW_IDAS_RLS_AMFS_KPI_ADD_RTU_MONTH_MASTERPROD,UFCOD2
FACT_RLS_AMFS_APE_ADD_RTU,UFCOD3,VW_IDAS_RLS_AMFS_KPI_ADD_RTU_MONTH_MASTERPROD,UFCOD3
FACT_RLS_AMFS_APE_ADD_RTU,UFCOD4,VW_IDAS_RLS_AMFS_KPI_ADD_RTU_MONTH_MASTERPROD,UFCOD4
FACT_RLS_AMFS_APE_ADD_RTU,UFCOD5,VW_IDAS_RLS_AMFS_KPI_ADD_RTU_MONTH_MASTERPROD,UFCOD5
FACT_RLS_AMFS_APE_ADD_RTU,UFCOD6,VW_IDAS_RLS_AMFS_KPI_ADD_RTU_MONTH_MASTERPROD,UFCOD6
FACT_RLS_AMFS_APE_ADD_RTU,FA_CATEGORY,VW_IDAS_RLS_AMFS_KPI_ADD_RTU_MONTH_MASTERPROD,FA_CATEGORY
FACT_RLS_AMFS_APE_ADD_RTU,FLAG_UPDATED,,
FACT_RLS_AMFS_APE_ADD_RTU,STG_LOGDATE,VW_IDAS_RLS_AMFS_KPI_ADD_RTU_MONTH_MASTERPROD,LOGDATE
FACT_RLS_AMFS_APE_ADD_RTU,DWH_LOGDATE,,
FACT_RLS_AMFS_APE_ADD_RTU,PERIODKEY_AS_OF,,
FACT_RLS_AMFS_APE_ADD_RTU,ENTITY,,
FACT_RLS_AMFS_APE_ADD_RTU,SYSTEM,,
FACT_RLS_AMFS_APE_CHANGE_PREM,APE,VW_IDAS_RLS_AMFS_KPI_CHG_BASIC_RIDER_MONTH_MASTERPROD,APE
FACT_RLS_AMFS_APE_CHANGE_PREM,CASECOUNT,,
FACT_RLS_AMFS_APE_CHANGE_PREM,APE_SOURCE,,
FACT_RLS_AMFS_APE_CHANGE_PREM,FACTPERIOD,VW_IDAS_RLS_AMFS_KPI_CHG_BASIC_RIDER_MONTH_MASTERPROD,FACTPERIOD
FACT_RLS_AMFS_APE_CHANGE_PREM,PERIODKEY,MIGRATION_STATUS,OFDATE
FACT_RLS_AMFS_APE_CHANGE_PREM,PNO,VW_IDAS_RLS_AMFS_KPI_CHG_BASIC_RIDER_MONTH_MASTERPROD,TRPNO
FACT_RLS_AMFS_APE_CHANGE_PREM,APE_MIX,VW_IDAS_RLS_AMFS_KPI_CHG_BASIC_RIDER_MONTH_MASTERPROD,APE_MIX
FACT_RLS_AMFS_APE_CHANGE_PREM,PROCESS_TYPE,VW_IDAS_RLS_AMFS_KPI_CHG_BASIC_RIDER_MONTH_MASTERPROD,PROCESS_TYPE
FACT_RLS_AMFS_APE_CHANGE_PREM,PRODUCTID,VW_IDAS_RLS_AMFS_KPI_CHG_BASIC_RIDER_MONTH_MASTERPROD,PRODUCTID
FACT_RLS_AMFS_APE_CHANGE_PREM,PLANID,VW_IDAS_RLS_AMFS_KPI_CHG_BASIC_RIDER_MONTH_MASTERPROD,PLANID
FACT_RLS_AMFS_APE_CHANGE_PREM,PCCY,VW_IDAS_RLS_AMFS_KPI_CHG_BASIC_RIDER_MONTH_MASTERPROD,TACCY
FACT_RLS_AMFS_APE_CHANGE_PREM,BAND,VW_IDAS_RLS_AMFS_KPI_CHG_BASIC_RIDER_MONTH_MASTERPROD,BAND
FACT_RLS_AMFS_APE_CHANGE_PREM,UFCOD1,VW_IDAS_RLS_AMFS_KPI_CHG_BASIC_RIDER_MONTH_MASTERPROD,UFCOD1
FACT_RLS_AMFS_APE_CHANGE_PREM,UFCOD2,VW_IDAS_RLS_AMFS_KPI_CHG_BASIC_RIDER_MONTH_MASTERPROD,UFCOD2
FACT_RLS_AMFS_APE_CHANGE_PREM,UFCOD3,VW_IDAS_RLS_AMFS_KPI_CHG_BASIC_RIDER_MONTH_MASTERPROD,UFCOD3
FACT_RLS_AMFS_APE_CHANGE_PREM,UFCOD4,VW_IDAS_RLS_AMFS_KPI_CHG_BASIC_RIDER_MONTH_MASTERPROD,UFCOD4
FACT_RLS_AMFS_APE_CHANGE_PREM,UFCOD5,VW_IDAS_RLS_AMFS_KPI_CHG_BASIC_RIDER_MONTH_MASTERPROD,UFCOD5
FACT_RLS_AMFS_APE_CHANGE_PREM,UFCOD6,VW_IDAS_RLS_AMFS_KPI_CHG_BASIC_RIDER_MONTH_MASTERPROD,UFCOD6
FACT_RLS_AMFS_APE_CHANGE_PREM,FA_CATEGORY,VW_IDAS_RLS_AMFS_KPI_CHG_BASIC_RIDER_MONTH_MASTERPROD,FA_CATEGORY
FACT_RLS_AMFS_APE_CHANGE_PREM,FLAG_UPDATED,,
FACT_RLS_AMFS_APE_CHANGE_PREM,STG_LOGDATE,VW_IDAS_RLS_AMFS_KPI_CHG_BASIC_RIDER_MONTH_MASTERPROD,LOGDATE
FACT_RLS_AMFS_APE_CHANGE_PREM,DWH_LOGDATE,,
FACT_RLS_AMFS_APE_CHANGE_PREM,PERIODKEY_AS_OF,,
FACT_RLS_AMFS_APE_CHANGE_PREM,ENTITY,,
FACT_RLS_AMFS_APE_CHANGE_PREM,SYSTEM,,
FACT_RLS_AMFS_APE_ISSUED,APE,VW_IDAS_RLS_AMFS_KPI_ISSUED_MONTH_MASTERPROD,APE
FACT_RLS_AMFS_APE_ISSUED,CASECOUNT,VW_IDAS_RLS_AMFS_KPI_ISSUED_MONTH_MASTERPROD,CASECOUNT
FACT_RLS_AMFS_APE_ISSUED,APE_SOURCE,,
FACT_RLS_AMFS_APE_ISSUED,FACTPERIOD,VW_IDAS_RLS_AMFS_KPI_ISSUED_MONTH_MASTERPROD,FACTPERIOD
FACT_RLS_AMFS_APE_ISSUED,PERIODKEY,MIGRATION_STATUS,OFDATE
FACT_RLS_AMFS_APE_ISSUED,PNO,VW_IDAS_RLS_AMFS_KPI_ISSUED_MONTH_MASTERPROD,PNO
FACT_RLS_AMFS_APE_ISSUED,APE_MIX,VW_IDAS_RLS_AMFS_KPI_ISSUED_MONTH_MASTERPROD,APE_MIX
FACT_RLS_AMFS_APE_ISSUED,PROCESS_TYPE,VW_IDAS_RLS_AMFS_KPI_ISSUED_MONTH_MASTERPROD,PROCESS_TYPE
FACT_RLS_AMFS_APE_ISSUED,PRODUCTID,VW_IDAS_RLS_AMFS_KPI_ISSUED_MONTH_MASTERPROD,PRODUCTID
FACT_RLS_AMFS_APE_ISSUED,PLANID,VW_IDAS_RLS_AMFS_KPI_ISSUED_MONTH_MASTERPROD,PLANID
FACT_RLS_AMFS_APE_ISSUED,PCCY,VW_IDAS_RLS_AMFS_KPI_ISSUED_MONTH_MASTERPROD,TACCY
FACT_RLS_AMFS_APE_ISSUED,BAND,VW_IDAS_RLS_AMFS_KPI_ISSUED_MONTH_MASTERPROD,BAND
FACT_RLS_AMFS_APE_ISSUED,UFCOD1,VW_IDAS_RLS_AMFS_KPI_ISSUED_MONTH_MASTERPROD,UFCOD1
FACT_RLS_AMFS_APE_ISSUED,UFCOD2,VW_IDAS_RLS_AMFS_KPI_ISSUED_MONTH_MASTERPROD,UFCOD2
FACT_RLS_AMFS_APE_ISSUED,UFCOD3,VW_IDAS_RLS_AMFS_KPI_ISSUED_MONTH_MASTERPROD,UFCOD3
FACT_RLS_AMFS_APE_ISSUED,UFCOD4,VW_IDAS_RLS_AMFS_KPI_ISSUED_MONTH_MASTERPROD,UFCOD4
FACT_RLS_AMFS_APE_ISSUED,UFCOD5,VW_IDAS_RLS_AMFS_KPI_ISSUED_MONTH_MASTERPROD,UFCOD5
FACT_RLS_AMFS_APE_ISSUED,UFCOD6,VW_IDAS_RLS_AMFS_KPI_ISSUED_MONTH_MASTERPROD,UFCOD6
FACT_RLS_AMFS_APE_ISSUED,FA_CATEGORY,VW_IDAS_RLS_AMFS_KPI_ISSUED_MONTH_MASTERPROD,FA_CATEGORY
FACT_RLS_AMFS_APE_ISSUED,FLAG_UPDATED,,
FACT_RLS_AMFS_APE_ISSUED,STG_LOGDATE,VW_IDAS_RLS_AMFS_KPI_ISSUED_MONTH_MASTERPROD,LOGDATE
FACT_RLS_AMFS_APE_ISSUED,DWH_LOGDATE,,
FACT_RLS_AMFS_APE_ISSUED,PERIODKEY_AS_OF,,
FACT_RLS_AMFS_APE_ISSUED,ENTITY,,
FACT_RLS_AMFS_APE_ISSUED,SYSTEM,,
FACT_RLS_AMFS_APE_ISSUED,AUSYSDT,VW_IDAS_RLS_AMFS_KPI_ISSUED_MONTH_MASTERPROD,AUSYSDT
VW_FACT_APE_BUDGET_WD,PERIODKEY,VW_IDAS_INDO_DAILY_BUDGET,DATE
VW_FACT_APE_BUDGET_WD,FACTPERIOD,VW_IDAS_INDO_DAILY_BUDGET,DATE
VW_FACT_APE_BUDGET_WD,ENTITY,VW_IDAS_INDO_DAILY_BUDGET,ENTITY
VW_FACT_APE_BUDGET_WD,CHANNEL,VW_IDAS_INDO_DAILY_BUDGET,CHANNEL
VW_FACT_APE_BUDGET_WD,[DAILY TARGET],VW_IDAS_INDO_DAILY_BUDGET,TARGET
VW_FACT_APE_BUDGET_WD,[WORKING DAY],VW_IDAS_INDO_DAILY_BUDGET,[WORKING DAY]
VW_FACT_APE_PENDING_MONTHLY,FACTPERIOD,IDAS_RLS_AMFS_KPI_PENDING_MONTH,FACTPERIOD
VW_FACT_APE_PENDING_MONTHLY,PERIODKEY,IDAS_RLS_AMFS_KPI_PENDING_MONTH,PERIODKEY
VW_FACT_APE_PENDING_MONTHLY,ENTITY,,
VW_FACT_APE_PENDING_MONTHLY,SYSTEM,,
VW_FACT_APE_PENDING_MONTHLY,CHANNEL,,
VW_FACT_APE_PENDING_MONTHLY,MASTERPRODUCT_SUBCHANNEL,,
VW_FACT_APE_PENDING_MONTHLY,PRODUCT_GROUP,,
VW_FACT_APE_PENDING_MONTHLY,APE_SOURCE,,
VW_FACT_APE_PENDING_MONTHLY,APE,IDAS_RLS_AMFS_KPI_PENDING_MONTH,APE
VW_FACT_APE_PENDING_MONTHLY,CASECOUNT,,
VW_FACT_APE_PENDING_MONTHLY,PNO,IDAS_RLS_AMFS_KPI_PENDING_MONTH,APNO
VW_FACT_APE_PENDING_MONTHLY,FACTPERIOD,IDAS_RLS_AMFS_KPI_PENDING_MONTH,FACTPERIOD
VW_FACT_APE_PENDING_MONTHLY,PERIODKEY,IDAS_RLS_AMFS_KPI_PENDING_MONTH,PERIODKEY
VW_FACT_APE_PENDING_MONTHLY,ENTITY,,
VW_FACT_APE_PENDING_MONTHLY,SYSTEM,,
VW_FACT_APE_PENDING_MONTHLY,CHANNEL,,
VW_FACT_APE_PENDING_MONTHLY,MASTERPRODUCT_SUBCHANNEL,,
VW_FACT_APE_PENDING_MONTHLY,PRODUCT_GROUP,,
VW_FACT_APE_PENDING_MONTHLY,APE_SOURCE,,
VW_FACT_APE_PENDING_MONTHLY,APE,IDAS_RLS_AMFS_KPI_PENDING_MONTH,APE
VW_FACT_APE_PENDING_MONTHLY,CASECOUNT,,
VW_FACT_APE_PENDING_MONTHLY,PNO,IDAS_RLS_AMFS_KPI_PENDING_MONTH,APNO
VW_FACT_APE_PENDING_MONTHLY,FACTPERIOD,VW_IDAS_DMTM_KPI_POLICY_MONTHLY,FACTPERIOD
VW_FACT_APE_PENDING_MONTHLY,PERIODKEY,VW_IDAS_DMTM_KPI_POLICY_MONTHLY,PERIODKEY
VW_FACT_APE_PENDING_MONTHLY,ENTITY,,
VW_FACT_APE_PENDING_MONTHLY,SYSTEM,,
VW_FACT_APE_PENDING_MONTHLY,CHANNEL,,
VW_FACT_APE_PENDING_MONTHLY,MASTERPRODUCT_SUBCHANNEL,,
VW_FACT_APE_PENDING_MONTHLY,PRODUCT_GROUP,,
VW_FACT_APE_PENDING_MONTHLY,APE_SOURCE,,
VW_FACT_APE_PENDING_MONTHLY,APE,VW_IDAS_DMTM_KPI_POLICY_MONTHLY,APE_PENDING_NOSPILL
VW_FACT_APE_PENDING_MONTHLY,CASECOUNT,VW_IDAS_DMTM_KPI_POLICY_MONTHLY,CASE_PENDING_NOSPILL
VW_FACT_APE_PENDING_MONTHLY,PNO,VW_IDAS_DMTM_KPI_POLICY_MONTHLY,POLICYNO
VW_FACT_APE_PENDING_MONTHLY,FACTPERIOD,VW_IDAS_DMTM_KPI_POLICY_MONTHLY_MMS,FACTPERIOD
VW_FACT_APE_PENDING_MONTHLY,PERIODKEY,VW_IDAS_DMTM_KPI_POLICY_MONTHLY_MMS,PERIODKEY
VW_FACT_APE_PENDING_MONTHLY,ENTITY,VW_IDAS_DMTM_KPI_POLICY_MONTHLY_MMS,
VW_FACT_APE_PENDING_MONTHLY,SYSTEM,VW_IDAS_DMTM_KPI_POLICY_MONTHLY_MMS,
VW_FACT_APE_PENDING_MONTHLY,CHANNEL,VW_IDAS_DMTM_KPI_POLICY_MONTHLY_MMS,
VW_FACT_APE_PENDING_MONTHLY,MASTERPRODUCT_SUBCHANNEL,VW_IDAS_DMTM_KPI_POLICY_MONTHLY_MMS,
VW_FACT_APE_PENDING_MONTHLY,PRODUCT_GROUP,VW_IDAS_DMTM_KPI_POLICY_MONTHLY_MMS,
VW_FACT_APE_PENDING_MONTHLY,APE_SOURCE,VW_IDAS_DMTM_KPI_POLICY_MONTHLY_MMS,
VW_FACT_APE_PENDING_MONTHLY,APE,VW_IDAS_DMTM_KPI_POLICY_MONTHLY_MMS,APE_PENDING_NOSPILL
VW_FACT_APE_PENDING_MONTHLY,CASECOUNT,VW_IDAS_DMTM_KPI_POLICY_MONTHLY_MMS,CASE_PENDING_NOSPILL
VW_FACT_APE_PENDING_MONTHLY,PNO,VW_IDAS_DMTM_KPI_POLICY_MONTHLY_MMS,POLICYNO
VW_FACT_APE_PENDING_MONTHLY,FACTPERIOD,VW_IDAS_DMTM_KPI_POLICY_MONTHLY_FA,FACTPERIOD
VW_FACT_APE_PENDING_MONTHLY,PERIODKEY,VW_IDAS_DMTM_KPI_POLICY_MONTHLY_FA,PERIODKEY
VW_FACT_APE_PENDING_MONTHLY,ENTITY,VW_IDAS_DMTM_KPI_POLICY_MONTHLY_FA,
VW_FACT_APE_PENDING_MONTHLY,SYSTEM,VW_IDAS_DMTM_KPI_POLICY_MONTHLY_FA,
VW_FACT_APE_PENDING_MONTHLY,CHANNEL,VW_IDAS_DMTM_KPI_POLICY_MONTHLY_FA,
VW_FACT_APE_PENDING_MONTHLY,MASTERPRODUCT_SUBCHANNEL,VW_IDAS_DMTM_KPI_POLICY_MONTHLY_FA,
VW_FACT_APE_PENDING_MONTHLY,PRODUCT_GROUP,VW_IDAS_DMTM_KPI_POLICY_MONTHLY_FA,
VW_FACT_APE_PENDING_MONTHLY,APE_SOURCE,VW_IDAS_DMTM_KPI_POLICY_MONTHLY_FA,
VW_FACT_APE_PENDING_MONTHLY,APE,VW_IDAS_DMTM_KPI_POLICY_MONTHLY_FA,APE_PENDING_NOSPILL
VW_FACT_APE_PENDING_MONTHLY,CASECOUNT,VW_IDAS_DMTM_KPI_POLICY_MONTHLY_FA,CASE_PENDING_NOSPILL
VW_FACT_APE_PENDING_MONTHLY,PNO,VW_IDAS_DMTM_KPI_POLICY_MONTHLY_FA,POLICYNO
VW_FACT_APE_PENDING_MONTHLY,FACTPERIOD,VW_IDAS_DMTM_KPI_POLICY_MONTHLY_LP,FACTPERIOD
VW_FACT_APE_PENDING_MONTHLY,PERIODKEY,VW_IDAS_DMTM_KPI_POLICY_MONTHLY_LP,PERIODKEY
VW_FACT_APE_PENDING_MONTHLY,ENTITY,VW_IDAS_DMTM_KPI_POLICY_MONTHLY_LP,
VW_FACT_APE_PENDING_MONTHLY,SYSTEM,VW_IDAS_DMTM_KPI_POLICY_MONTHLY_LP,
VW_FACT_APE_PENDING_MONTHLY,CHANNEL,VW_IDAS_DMTM_KPI_POLICY_MONTHLY_LP,
VW_FACT_APE_PENDING_MONTHLY,MASTERPRODUCT_SUBCHANNEL,VW_IDAS_DMTM_KPI_POLICY_MONTHLY_LP,
VW_FACT_APE_PENDING_MONTHLY,PRODUCT_GROUP,VW_IDAS_DMTM_KPI_POLICY_MONTHLY_LP,
VW_FACT_APE_PENDING_MONTHLY,APE_SOURCE,VW_IDAS_DMTM_KPI_POLICY_MONTHLY_LP,
VW_FACT_APE_PENDING_MONTHLY,APE,VW_IDAS_DMTM_KPI_POLICY_MONTHLY_LP,APE_PENDING_NOSPILL
VW_FACT_APE_PENDING_MONTHLY,CASECOUNT,VW_IDAS_DMTM_KPI_POLICY_MONTHLY_LP,CASE_PENDING_NOSPILL
VW_FACT_APE_PENDING_MONTHLY,PNO,VW_IDAS_DMTM_KPI_POLICY_MONTHLY_LP,POLICYNO
VW_FACT_APE_NBV_BUDGET,FACTPERIOD,VW_IDAS_FIN_KPI_APE_NBV_BUDGET,FACTPERIOD
VW_FACT_APE_NBV_BUDGET,PERIODKEY,VW_IDAS_FIN_KPI_APE_NBV_BUDGET,PERIODKEY
VW_FACT_APE_NBV_BUDGET,APE,VW_IDAS_FIN_KPI_APE_NBV_BUDGET,APE
VW_FACT_APE_NBV_BUDGET,NBV,VW_IDAS_FIN_KPI_APE_NBV_BUDGET,NBV
VW_FACT_APE_NBV_BUDGET,MASTERPRODUCT_SYSTEM_CODE_ACTUARY,VW_IDAS_FIN_KPI_APE_NBV_BUDGET,MASTERPRODUCT_SYSTEM_CODE_ACTUARY
VW_FACT_APE_NBV_BUDGET,MASTERPRODUCT_PRODUCT_ID_PEOPLESOFT,VW_IDAS_FIN_KPI_APE_NBV_BUDGET,MASTERPRODUCT_PRODUCT_ID_PEOPLESOFT
VW_FACT_APE_NBV_BUDGET,MASTERPRODUCT_SP_RP,VW_IDAS_FIN_KPI_APE_NBV_BUDGET,MASTERPRODUCT_SP_RP
VW_FACT_APE_NBV_BUDGET,MASTERPRODUCT_AMBITION_ID,VW_IDAS_FIN_KPI_APE_NBV_BUDGET,MASTERPRODUCT_AMBITION_ID
VW_FACT_APE_NBV_BUDGET,MASTERPRODUCT_GMD_ID,VW_IDAS_FIN_KPI_APE_NBV_BUDGET,MASTERPRODUCT_GMD_ID
VW_FACT_APE_NBV_BUDGET,MASTERPRODUCT_CHANNEL,VW_IDAS_FIN_KPI_APE_NBV_BUDGET,MASTERPRODUCT_CHANNEL
VW_FACT_APE_NBV_BUDGET,MASTERPRODUCT_SUBCHANNEL,VW_IDAS_FIN_KPI_APE_NBV_BUDGET,MASTERPRODUCT_SUBCHANNEL
VW_FACT_APE_NBV_BUDGET,MASTERPRODUCT_PRODUCT_GROUP,VW_IDAS_FIN_KPI_APE_NBV_BUDGET,MASTERPRODUCT_PRODUCT_GROUP
VW_FACT_APE_NBV_BUDGET,MASTERPRODUCT_PRODUCT_CATEGORY,VW_IDAS_FIN_KPI_APE_NBV_BUDGET,MASTERPRODUCT_PRODUCT_CATEGORY
VW_FACT_APE_NBV_BUDGET,MASTERPRODUCT_PRODUCT_SUB_CATEGORY,VW_IDAS_FIN_KPI_APE_NBV_BUDGET,MASTERPRODUCT_PRODUCT_SUB_CATEGORY
VW_FACT_APE_NBV_BUDGET,MASTERPRODUCT_GMD_CATEGORY,VW_IDAS_FIN_KPI_APE_NBV_BUDGET,MASTERPRODUCT_GMD_CATEGORY
VW_FACT_APE_NBV_BUDGET,MASTERPRODUCT_RIDER_CATEGORY,VW_IDAS_FIN_KPI_APE_NBV_BUDGET,MASTERPRODUCT_RIDER_CATEGORY
VW_FACT_APE_NBV_BUDGET,MASTERPRODUCT_SYARIAH,VW_IDAS_FIN_KPI_APE_NBV_BUDGET,MASTERPRODUCT_SYARIAH
VW_FACT_APE_NBV_BUDGET,MASTERPRODUCT_PRODUCT_NAME_ACTUARY,VW_IDAS_FIN_KPI_APE_NBV_BUDGET,MASTERPRODUCT_PRODUCT_NAME_ACTUARY
VW_FACT_APE_NBV_BUDGET,MASTERPRODUCT_PRODUCT_NAME_MARKETING,VW_IDAS_FIN_KPI_APE_NBV_BUDGET,MASTERPRODUCT_PRODUCT_NAME_MARKETING
VW_FACT_APE_NBV_BUDGET,MASTERPRODUCT_PRODUCT_NAME_FINANCE,VW_IDAS_FIN_KPI_APE_NBV_BUDGET,MASTERPRODUCT_PRODUCT_NAME_FINANCE
VW_FACT_APE_NBV_BUDGET,MASTERPRODUCT_PRODUCT_NAME_PEOPLESOFT,VW_IDAS_FIN_KPI_APE_NBV_BUDGET,MASTERPRODUCT_PRODUCT_NAME_PEOPLESOFT
VW_FACT_APE_NBV_BUDGET,MASTERPRODUCT_PRODUCT_SUMM_NAME,VW_IDAS_FIN_KPI_APE_NBV_BUDGET,MASTERPRODUCT_PRODUCT_SUMM_NAME
VW_FACT_APE_NBV_BUDGET,MASTERPRODUCT_ENTITY,VW_IDAS_FIN_KPI_APE_NBV_BUDGET,MASTERPRODUCT_ENTITY
VW_FACT_APE_NBV_BUDGET,MASTERPRODUCT_SYSTEM,VW_IDAS_FIN_KPI_APE_NBV_BUDGET,MASTERPRODUCT_SYSTEM
VW_FACT_APE_NBV_BUDGET,APE_SOURCE,,
VW_FACT_APE_NBV_BUDGET,APE_MIX,,
VW_FACT_APE_NBV_BUDGET,PROCESS_TYPE,,
VW_FACT_APE_NBV_BUDGET,MASTERPRODUCT_PROD_DASHBOARD_CATEGORY,VW_IDAS_FIN_KPI_APE_NBV_BUDGET,MASTERPRODUCT_PROD_DASHBOARD_CATEGORY
VW_FACT_APE_MANUAL_UPLOAD_MONTHLY,PERIODKEY,VW_FACT_APE_MANUAL_UPLOAD_DAILY,PERIODKEY
VW_FACT_APE_MANUAL_UPLOAD_MONTHLY,MASTERPRODUCT_ENTITY,VW_FACT_APE_MANUAL_UPLOAD_DAILY,MASTERPRODUCT_ENTITY
VW_FACT_APE_MANUAL_UPLOAD_MONTHLY,MASTERPRODUCT_SYSTEM,VW_FACT_APE_MANUAL_UPLOAD_DAILY,MASTERPRODUCT_SYSTEM
VW_FACT_APE_MANUAL_UPLOAD_MONTHLY,MASTERPRODUCT_CHANNEL,VW_FACT_APE_MANUAL_UPLOAD_DAILY,MASTERPRODUCT_CHANNEL
VW_FACT_APE_MANUAL_UPLOAD_MONTHLY,MASTERPRODUCT_SUBCHANNEL,VW_FACT_APE_MANUAL_UPLOAD_DAILY,MASTERPRODUCT_SUBCHANNEL
VW_FACT_APE_MANUAL_UPLOAD_MONTHLY,MASTERPRODUCT_PRODUCT_GROUP,VW_FACT_APE_MANUAL_UPLOAD_DAILY,MASTERPRODUCT_PRODUCT_GROUP
VW_FACT_APE_MANUAL_UPLOAD_MONTHLY,APE_EOM,,
VW_FACT_APE_MANUAL_UPLOAD_MONTHLY,CASECOUNT_EOM,,
VW_FACT_APE_MANUAL_UPLOAD_MONTHLY,APE_SAME_DAY,,
VW_FACT_APE_MANUAL_UPLOAD_MONTHLY,CASECOUNT_SAME_DAY,,
VW_FACT_APE_MANUAL_UPLOAD_MONTHLY,APE_YOY,,
VW_FACT_APE_MANUAL_UPLOAD_MONTHLY,CASECOUNT_YOY,,
VW_FACT_APE_MANUAL_UPLOAD_MONTHLY,APE_PENDING_EOM,,
VW_FACT_APE_MANUAL_UPLOAD_MONTHLY,CASE_PENDING_EOM,,
VW_FACT_APE_MANUAL_UPLOAD_MONTHLY,APE_ISSUED_TARGET,,
VW_FACT_APE_MANUAL_UPLOAD_MONTHLY,LOGDATE  ,VW_FACT_APE_MANUAL_UPLOAD_DAILY,LOGDATE  
VW_FACT_APE_MANUAL_UPLOAD_MONTHLY,APE_SOURCE  ,VW_FACT_APE_MANUAL_UPLOAD_DAILY,APE_SOURCE  
VW_FACT_APE_MANUAL_UPLOAD_MONTHLY,APE_MIX  ,VW_FACT_APE_MANUAL_UPLOAD_DAILY,APE_MIX  
VW_FACT_APE_MANUAL_UPLOAD_MONTHLY,PROCESS_TYPE  ,VW_FACT_APE_MANUAL_UPLOAD_DAILY,PROCESS_TYPE  
VW_FACT_APE_MANUAL_UPLOAD_MONTHLY,MASTERPRODUCT_SYSTEM_CODE_ACTUARY  ,VW_FACT_APE_MANUAL_UPLOAD_DAILY,MASTERPRODUCT_SYSTEM_CODE_ACTUARY  
VW_FACT_APE_MANUAL_UPLOAD_MONTHLY,MASTERPRODUCT_PRODUCT_ID_PEOPLESOFT  ,VW_FACT_APE_MANUAL_UPLOAD_DAILY,MASTERPRODUCT_PRODUCT_ID_PEOPLESOFT  
VW_FACT_APE_MANUAL_UPLOAD_MONTHLY,MASTERPRODUCT_SP_RP  ,VW_FACT_APE_MANUAL_UPLOAD_DAILY,MASTERPRODUCT_SP_RP  
VW_FACT_APE_MANUAL_UPLOAD_MONTHLY,MASTERPRODUCT_AMBITION_ID  ,VW_FACT_APE_MANUAL_UPLOAD_DAILY,MASTERPRODUCT_AMBITION_ID  
VW_FACT_APE_MANUAL_UPLOAD_MONTHLY,MASTERPRODUCT_GMD_ID  ,VW_FACT_APE_MANUAL_UPLOAD_DAILY,MASTERPRODUCT_GMD_ID  
VW_FACT_APE_MANUAL_UPLOAD_MONTHLY,MASTERPRODUCT_PRODUCT_CATEGORY  ,VW_FACT_APE_MANUAL_UPLOAD_DAILY,MASTERPRODUCT_PRODUCT_CATEGORY  
VW_FACT_APE_MANUAL_UPLOAD_MONTHLY,MASTERPRODUCT_PRODUCT_SUB_CATEGORY  ,VW_FACT_APE_MANUAL_UPLOAD_DAILY,MASTERPRODUCT_PRODUCT_SUB_CATEGORY  
VW_FACT_APE_MANUAL_UPLOAD_MONTHLY,MASTERPRODUCT_GMD_CATEGORY  ,VW_FACT_APE_MANUAL_UPLOAD_DAILY,MASTERPRODUCT_GMD_CATEGORY  
VW_FACT_APE_MANUAL_UPLOAD_MONTHLY,MASTERPRODUCT_RIDER_CATEGORY  ,VW_FACT_APE_MANUAL_UPLOAD_DAILY,MASTERPRODUCT_RIDER_CATEGORY  
VW_FACT_APE_MANUAL_UPLOAD_MONTHLY,MASTERPRODUCT_SYARIAH  ,VW_FACT_APE_MANUAL_UPLOAD_DAILY,MASTERPRODUCT_SYARIAH  
VW_FACT_APE_MANUAL_UPLOAD_MONTHLY,MASTERPRODUCT_PRODUCT_NAME_ACTUARY  ,VW_FACT_APE_MANUAL_UPLOAD_DAILY,MASTERPRODUCT_PRODUCT_NAME_ACTUARY  
VW_FACT_APE_MANUAL_UPLOAD_MONTHLY,MASTERPRODUCT_PRODUCT_NAME_MARKETING  ,VW_FACT_APE_MANUAL_UPLOAD_DAILY,MASTERPRODUCT_PRODUCT_NAME_MARKETING  
VW_FACT_APE_MANUAL_UPLOAD_MONTHLY,MASTERPRODUCT_PRODUCT_NAME_FINANCE  ,VW_FACT_APE_MANUAL_UPLOAD_DAILY,MASTERPRODUCT_PRODUCT_NAME_FINANCE  
VW_FACT_APE_MANUAL_UPLOAD_MONTHLY,MASTERPRODUCT_PRODUCT_NAME_PEOPLESOFT  ,VW_FACT_APE_MANUAL_UPLOAD_DAILY,MASTERPRODUCT_PRODUCT_NAME_PEOPLESOFT  
VW_FACT_APE_MANUAL_UPLOAD_MONTHLY,MASTERPRODUCT_PRODUCT_SUMM_NAME  ,VW_FACT_APE_MANUAL_UPLOAD_DAILY,MASTERPRODUCT_PRODUCT_SUMM_NAME  
VW_FACT_APE_MANUAL_UPLOAD_MONTHLY,MASTERPRODUCT_PROD_DASHBOARD_CATEGORY,VW_FACT_APE_MANUAL_UPLOAD_DAILY,MASTERPRODUCT_PROD_DASHBOARD_CATEGORY
VW_FACT_APE_MANUAL_UPLOAD_DAILY,PERIODKEY,,PERIODKEY
VW_FACT_APE_MANUAL_UPLOAD_DAILY,MASTERPRODUCT_ENTITY,VW_IDAS_INDO_dAILY,MASTERPRODUCT_ENTITY
VW_FACT_APE_MANUAL_UPLOAD_DAILY,MASTERPRODUCT_SYSTEM,VW_IDAS_INDO_dAILY,MASTERPRODUCT_SYSTEM
VW_FACT_APE_MANUAL_UPLOAD_DAILY,MASTERPRODUCT_CHANNEL,VW_IDAS_INDO_dAILY,MASTERPRODUCT_CHANNEL
VW_FACT_APE_MANUAL_UPLOAD_DAILY,MASTERPRODUCT_SUBCHANNEL,VW_IDAS_INDO_dAILY,MASTERPRODUCT_SUBCHANNEL
VW_FACT_APE_MANUAL_UPLOAD_DAILY,MASTERPRODUCT_PRODUCT_GROUP,VW_IDAS_INDO_dAILY,MASTERPRODUCT_PRODUCT_GROUP
VW_FACT_APE_MANUAL_UPLOAD_DAILY,APE_ISSUE,VW_IDAS_INDO_dAILY,APE_ISSUE
VW_FACT_APE_MANUAL_UPLOAD_DAILY,CASE_ISSUED,VW_IDAS_INDO_dAILY,CASE_ISSUED
VW_FACT_APE_MANUAL_UPLOAD_DAILY,APE_ISSUED_TARGET,VW_IDAS_INDO_dAILY,APE_ISSUED_TARGET
VW_FACT_APE_MANUAL_UPLOAD_DAILY,APE_PENDING,VW_IDAS_INDO_dAILY,APE_PENDING
VW_FACT_APE_MANUAL_UPLOAD_DAILY,CASE_PENDING,VW_IDAS_INDO_dAILY,CASE_PENDING
VW_FACT_APE_MANUAL_UPLOAD_DAILY,LOGDATE,VW_IDAS_INDO_dAILY,LOGDATE
VW_FACT_APE_MANUAL_UPLOAD_DAILY,APE_SOURCE,,
VW_FACT_APE_MANUAL_UPLOAD_DAILY,APE_MIX,,
VW_FACT_APE_MANUAL_UPLOAD_DAILY,PROCESS_TYPE,,
VW_FACT_APE_MANUAL_UPLOAD_DAILY,MASTERPRODUCT_SYSTEM_CODE_ACTUARY,,
VW_FACT_APE_MANUAL_UPLOAD_DAILY,MASTERPRODUCT_PRODUCT_ID_PEOPLESOFT,,
VW_FACT_APE_MANUAL_UPLOAD_DAILY,MASTERPRODUCT_SP_RP,,
VW_FACT_APE_MANUAL_UPLOAD_DAILY,MASTERPRODUCT_AMBITION_ID,,
VW_FACT_APE_MANUAL_UPLOAD_DAILY,MASTERPRODUCT_GMD_ID,,
VW_FACT_APE_MANUAL_UPLOAD_DAILY,MASTERPRODUCT_PRODUCT_CATEGORY,,
VW_FACT_APE_MANUAL_UPLOAD_DAILY,MASTERPRODUCT_PRODUCT_SUB_CATEGORY,,
VW_FACT_APE_MANUAL_UPLOAD_DAILY,MASTERPRODUCT_GMD_CATEGORY,,
VW_FACT_APE_MANUAL_UPLOAD_DAILY,MASTERPRODUCT_RIDER_CATEGORY,,
VW_FACT_APE_MANUAL_UPLOAD_DAILY,MASTERPRODUCT_SYARIAH,VW_IDAS_INDO_dAILY,
VW_FACT_APE_MANUAL_UPLOAD_DAILY,MASTERPRODUCT_PRODUCT_NAME_ACTUARY,,
VW_FACT_APE_MANUAL_UPLOAD_DAILY,MASTERPRODUCT_PRODUCT_NAME_MARKETING,,
VW_FACT_APE_MANUAL_UPLOAD_DAILY,MASTERPRODUCT_PRODUCT_NAME_FINANCE,,
VW_FACT_APE_MANUAL_UPLOAD_DAILY,MASTERPRODUCT_PRODUCT_NAME_PEOPLESOFT,,
VW_FACT_APE_MANUAL_UPLOAD_DAILY,MASTERPRODUCT_PRODUCT_SUMM_NAME,,
VW_FACT_APE_MANUAL_UPLOAD_DAILY,MASTERPRODUCT_PROD_DASHBOARD_CATEGORY,,
VW_FACT_APE_ACTUAL_CLP_OThers_MONTHLY_ALL,PERIODKEY,VW_IDAS_INDO_DAILY,PERIODKEY
VW_FACT_APE_ACTUAL_CLP_OThers_MONTHLY_ALL,FACTPERIOD,VW_IDAS_INDO_DAILY,PERIODKEY
VW_FACT_APE_ACTUAL_CLP_OThers_MONTHLY_ALL,MASTERPRODUCT_ENTITY,VW_IDAS_INDO_DAILY,MASTERPRODUCT_ENTITY
VW_FACT_APE_ACTUAL_CLP_OThers_MONTHLY_ALL,MASTERPRODUCT_SYSTEM,VW_IDAS_INDO_DAILY,MASTERPRODUCT_SYSTEM
VW_FACT_APE_ACTUAL_CLP_OThers_MONTHLY_ALL,MASTERPRODUCT_CHANNEL,VW_IDAS_INDO_DAILY,MASTERPRODUCT_CHANNEL
VW_FACT_APE_ACTUAL_CLP_OThers_MONTHLY_ALL,MASTERPRODUCT_SUBCHANNEL,VW_IDAS_INDO_DAILY,MASTERPRODUCT_SUBCHANNEL
VW_FACT_APE_ACTUAL_CLP_OThers_MONTHLY_ALL,PRODUCT_GROUP,,
VW_FACT_APE_ACTUAL_CLP_OThers_MONTHLY_ALL,SYARIAH,,
VW_FACT_APE_ACTUAL_CLP_OThers_MONTHLY_ALL,APE_ISSUE,,
VW_FACT_APE_ACTUAL_CLP_OThers_MONTHLY_ALL,APE_ISSUED_TARGET,,
VW_FACT_APE_ACTUAL_CLP_OThers_MONTHLY_ALL,CASE_ISSUED,,
VW_FACT_APE_ACTUAL_CLP_OThers_MONTHLY_ALL,APE_PENDING,,
VW_FACT_APE_ACTUAL_CLP_OThers_MONTHLY_ALL,CASE_PENDING,,
VW_FACT_APE_ACTUAL_CLP_OThers_MONTHLY_ALL,LOGDATE,VW_IDAS_INDO_DAILY,LOGDATE
VW_FACT_APE_ACTUAL_CLP_OThers_MONTHLY_ALL,PERIODKEY,OPS_CLP_TTRNTLP_AMFS_MONTHLY,FACTPERIOD
VW_FACT_APE_ACTUAL_CLP_OThers_MONTHLY_ALL,FACTPERIOD,OPS_CLP_TTRNTLP_AMFS_MONTHLY,FACTPERIOD
VW_FACT_APE_ACTUAL_CLP_OThers_MONTHLY_ALL,MASTERPRODUCT_ENTITY,OPS_CLP_TTRNTLP_AMFS_MONTHLY,ENTITY
VW_FACT_APE_ACTUAL_CLP_OThers_MONTHLY_ALL,MASTERPRODUCT_SYSTEM,OPS_CLP_TTRNTLP_AMFS_MONTHLY,
VW_FACT_APE_ACTUAL_CLP_OThers_MONTHLY_ALL,MASTERPRODUCT_CHANNEL,OPS_CLP_TTRNTLP_AMFS_MONTHLY,
VW_FACT_APE_ACTUAL_CLP_OThers_MONTHLY_ALL,MASTERPRODUCT_SUBCHANNEL,OPS_CLP_TTRNTLP_AMFS_MONTHLY,
VW_FACT_APE_ACTUAL_CLP_OThers_MONTHLY_ALL,PRODUCT_GROUP,OPS_CLP_TTRNTLP_AMFS_MONTHLY,
VW_FACT_APE_ACTUAL_CLP_OThers_MONTHLY_ALL,SYARIAH,OPS_CLP_TTRNTLP_AMFS_MONTHLY,
VW_FACT_APE_ACTUAL_CLP_OThers_MONTHLY_ALL,APE_ISSUE,OPS_CLP_TTRNTLP_AMFS_MONTHLY,
VW_FACT_APE_ACTUAL_CLP_OThers_MONTHLY_ALL,APE_ISSUED_TARGET,OPS_CLP_TTRNTLP_AMFS_MONTHLY,
VW_FACT_APE_ACTUAL_CLP_OThers_MONTHLY_ALL,CASE_ISSUED,OPS_CLP_TTRNTLP_AMFS_MONTHLY,
VW_FACT_APE_ACTUAL_CLP_OThers_MONTHLY_ALL,APE_PENDING,OPS_CLP_TTRNTLP_AMFS_MONTHLY,
VW_FACT_APE_ACTUAL_CLP_OThers_MONTHLY_ALL,CASE_PENDING,OPS_CLP_TTRNTLP_AMFS_MONTHLY,
VW_FACT_APE_ACTUAL_CLP_OThers_MONTHLY_ALL,LOGDATE,OPS_CLP_TTRNTLP_AMFS_MONTHLY,LOGDATE
VW_FACT_APE_ACTUAL_CLP_OThers_MONTHLY,PERIODKEY,OPS_CLP_TTRNTLP_AMFS_MONTHLY,FACTPERIOD
VW_FACT_APE_ACTUAL_CLP_OThers_MONTHLY,FACTPERIOD,OPS_CLP_TTRNTLP_AMFS_MONTHLY,FACTPERIOD
VW_FACT_APE_ACTUAL_CLP_OThers_MONTHLY,MASTERPRODUCT_ENTITY,OPS_CLP_TTRNTLP_AMFS_MONTHLY,ENTITY
VW_FACT_APE_ACTUAL_CLP_OThers_MONTHLY,MASTERPRODUCT_SYSTEM,OPS_CLP_TTRNTLP_AMFS_MONTHLY,
VW_FACT_APE_ACTUAL_CLP_OThers_MONTHLY,MASTERPRODUCT_CHANNEL,OPS_CLP_TTRNTLP_AMFS_MONTHLY,
VW_FACT_APE_ACTUAL_CLP_OThers_MONTHLY,MASTERPRODUCT_SUBCHANNEL,OPS_CLP_TTRNTLP_AMFS_MONTHLY,
VW_FACT_APE_ACTUAL_CLP_OThers_MONTHLY,PRODUCT_GROUP,OPS_CLP_TTRNTLP_AMFS_MONTHLY,
VW_FACT_APE_ACTUAL_CLP_OThers_MONTHLY,SYARIAH,OPS_CLP_TTRNTLP_AMFS_MONTHLY,
VW_FACT_APE_ACTUAL_CLP_OThers_MONTHLY,APE_ISSUE,OPS_CLP_TTRNTLP_AMFS_MONTHLY,
VW_FACT_APE_ACTUAL_CLP_OThers_MONTHLY,APE_ISSUED_TARGET,OPS_CLP_TTRNTLP_AMFS_MONTHLY,
VW_FACT_APE_ACTUAL_CLP_OThers_MONTHLY,CASE_ISSUED,OPS_CLP_TTRNTLP_AMFS_MONTHLY,
VW_FACT_APE_ACTUAL_CLP_OThers_MONTHLY,APE_PENDING,OPS_CLP_TTRNTLP_AMFS_MONTHLY,
VW_FACT_APE_ACTUAL_CLP_OThers_MONTHLY,CASE_PENDING,OPS_CLP_TTRNTLP_AMFS_MONTHLY,
VW_FACT_APE_ACTUAL_CLP_OThers_MONTHLY,LOGDATE,OPS_CLP_TTRNTLP_AMFS_MONTHLY,LOGDATE
VW_FACT_NBV,FACTPERIOD,VW_IDAS_FIN_KPI_APE_NBV_MANUAL,FACTPERIOD
VW_FACT_NBV,PERIODKEY,VW_IDAS_FIN_KPI_APE_NBV_MANUAL,PERIODKEY
VW_FACT_NBV,NBV,VW_IDAS_FIN_KPI_APE_NBV_MANUAL,NBV
VW_FACT_NBV,APE,VW_IDAS_FIN_KPI_APE_NBV_MANUAL,APE
VW_FACT_NBV,MASTERPRODUCT_SYSTEM_CODE_ACTUARY,VW_IDAS_FIN_KPI_APE_NBV_MANUAL,MASTERPRODUCT_SYSTEM_CODE_ACTUARY
VW_FACT_NBV,MASTERPRODUCT_PRODUCT_ID_PEOPLESOFT,VW_IDAS_FIN_KPI_APE_NBV_MANUAL,MASTERPRODUCT_PRODUCT_ID_PEOPLESOFT
VW_FACT_NBV,MASTERPRODUCT_SP_RP,VW_IDAS_FIN_KPI_APE_NBV_MANUAL,MASTERPRODUCT_SP_RP
VW_FACT_NBV,MASTERPRODUCT_AMBITION_ID,VW_IDAS_FIN_KPI_APE_NBV_MANUAL,MASTERPRODUCT_AMBITION_ID
VW_FACT_NBV,MASTERPRODUCT_GMD_ID,VW_IDAS_FIN_KPI_APE_NBV_MANUAL,MASTERPRODUCT_GMD_ID
VW_FACT_NBV,MASTERPRODUCT_CHANNEL,VW_IDAS_FIN_KPI_APE_NBV_MANUAL,MASTERPRODUCT_CHANNEL
VW_FACT_NBV,MASTERPRODUCT_SUBCHANNEL,VW_IDAS_FIN_KPI_APE_NBV_MANUAL,MASTERPRODUCT_SUBCHANNEL
VW_FACT_NBV,MASTERPRODUCT_PRODUCT_GROUP,VW_IDAS_FIN_KPI_APE_NBV_MANUAL,MASTERPRODUCT_PRODUCT_GROUP
VW_FACT_NBV,MASTERPRODUCT_PRODUCT_CATEGORY,VW_IDAS_FIN_KPI_APE_NBV_MANUAL,MASTERPRODUCT_PRODUCT_CATEGORY
VW_FACT_NBV,MASTERPRODUCT_PRODUCT_SUB_CATEGORY,VW_IDAS_FIN_KPI_APE_NBV_MANUAL,MASTERPRODUCT_PRODUCT_SUB_CATEGORY
VW_FACT_NBV,MASTERPRODUCT_GMD_CATEGORY,VW_IDAS_FIN_KPI_APE_NBV_MANUAL,MASTERPRODUCT_GMD_CATEGORY
VW_FACT_NBV,MASTERPRODUCT_RIDER_CATEGORY,VW_IDAS_FIN_KPI_APE_NBV_MANUAL,MASTERPRODUCT_RIDER_CATEGORY
VW_FACT_NBV,MASTERPRODUCT_SYARIAH,VW_IDAS_FIN_KPI_APE_NBV_MANUAL,MASTERPRODUCT_SYARIAH
VW_FACT_NBV,MASTERPRODUCT_PRODUCT_NAME_ACTUARY,VW_IDAS_FIN_KPI_APE_NBV_MANUAL,MASTERPRODUCT_PRODUCT_NAME_ACTUARY
VW_FACT_NBV,MASTERPRODUCT_PRODUCT_NAME_MARKETING,VW_IDAS_FIN_KPI_APE_NBV_MANUAL,MASTERPRODUCT_PRODUCT_NAME_MARKETING
VW_FACT_NBV,MASTERPRODUCT_PRODUCT_NAME_FINANCE,VW_IDAS_FIN_KPI_APE_NBV_MANUAL,MASTERPRODUCT_PRODUCT_NAME_FINANCE
VW_FACT_NBV,MASTERPRODUCT_PRODUCT_NAME_PEOPLESOFT,VW_IDAS_FIN_KPI_APE_NBV_MANUAL,MASTERPRODUCT_PRODUCT_NAME_PEOPLESOFT
VW_FACT_NBV,MASTERPRODUCT_PRODUCT_SUMM_NAME,VW_IDAS_FIN_KPI_APE_NBV_MANUAL,MASTERPRODUCT_PRODUCT_SUMM_NAME
VW_FACT_NBV,MASTERPRODUCT_ENTITY,VW_IDAS_FIN_KPI_APE_NBV_MANUAL,MASTERPRODUCT_ENTITY
VW_FACT_NBV,MASTERPRODUCT_SYSTEM,VW_IDAS_FIN_KPI_APE_NBV_MANUAL,MASTERPRODUCT_SYSTEM
VW_FACT_NBV,FACTPERIOD,VW_IDAS_FIN_KPI_APE_NBV_MANUAL,FACTPERIOD
VW_FACT_NBV,PERIODKEY,VW_IDAS_FIN_KPI_APE_NBV_MANUAL,FACTPERIOD
VW_FACT_NBV,NBV,VW_IDAS_FIN_KPI_APE_NBV_MANUAL,NBV
VW_FACT_NBV,APE,VW_IDAS_FIN_KPI_APE_NBV_MANUAL,APE
VW_FACT_NBV,MASTERPRODUCT_SYSTEM_CODE_ACTUARY,VW_IDAS_FIN_KPI_APE_NBV_MANUAL,MASTERPRODUCT_SYSTEM_CODE_ACTUARY
VW_FACT_NBV,MASTERPRODUCT_PRODUCT_ID_PEOPLESOFT,VW_IDAS_FIN_KPI_APE_NBV_MANUAL,MASTERPRODUCT_PRODUCT_ID_PEOPLESOFT
VW_FACT_NBV,MASTERPRODUCT_SP_RP,VW_IDAS_FIN_KPI_APE_NBV_MANUAL,MASTERPRODUCT_SP_RP
VW_FACT_NBV,MASTERPRODUCT_AMBITION_ID,VW_IDAS_FIN_KPI_APE_NBV_MANUAL,MASTERPRODUCT_AMBITION_ID
VW_FACT_NBV,MASTERPRODUCT_GMD_ID,VW_IDAS_FIN_KPI_APE_NBV_MANUAL,MASTERPRODUCT_GMD_ID
VW_FACT_NBV,MASTERPRODUCT_CHANNEL,VW_IDAS_FIN_KPI_APE_NBV_MANUAL,MASTERPRODUCT_CHANNEL
VW_FACT_NBV,MASTERPRODUCT_SUBCHANNEL,VW_IDAS_FIN_KPI_APE_NBV_MANUAL,MASTERPRODUCT_SUBCHANNEL
VW_FACT_NBV,MASTERPRODUCT_PRODUCT_GROUP,VW_IDAS_FIN_KPI_APE_NBV_MANUAL,MASTERPRODUCT_PRODUCT_GROUP
VW_FACT_NBV,MASTERPRODUCT_PRODUCT_CATEGORY,VW_IDAS_FIN_KPI_APE_NBV_MANUAL,MASTERPRODUCT_PRODUCT_CATEGORY
VW_FACT_NBV,MASTERPRODUCT_PRODUCT_SUB_CATEGORY,VW_IDAS_FIN_KPI_APE_NBV_MANUAL,MASTERPRODUCT_PRODUCT_SUB_CATEGORY
VW_FACT_NBV,MASTERPRODUCT_GMD_CATEGORY,VW_IDAS_FIN_KPI_APE_NBV_MANUAL,MASTERPRODUCT_GMD_CATEGORY
VW_FACT_NBV,MASTERPRODUCT_RIDER_CATEGORY,VW_IDAS_FIN_KPI_APE_NBV_MANUAL,MASTERPRODUCT_RIDER_CATEGORY
VW_FACT_NBV,MASTERPRODUCT_SYARIAH,VW_IDAS_FIN_KPI_APE_NBV_MANUAL,MASTERPRODUCT_SYARIAH
VW_FACT_NBV,MASTERPRODUCT_PRODUCT_NAME_ACTUARY,VW_IDAS_FIN_KPI_APE_NBV_MANUAL,MASTERPRODUCT_PRODUCT_NAME_ACTUARY
VW_FACT_NBV,MASTERPRODUCT_PRODUCT_NAME_MARKETING,VW_IDAS_FIN_KPI_APE_NBV_MANUAL,MASTERPRODUCT_PRODUCT_NAME_MARKETING
VW_FACT_NBV,MASTERPRODUCT_PRODUCT_NAME_FINANCE,VW_IDAS_FIN_KPI_APE_NBV_MANUAL,MASTERPRODUCT_PRODUCT_NAME_FINANCE
VW_FACT_NBV,MASTERPRODUCT_PRODUCT_NAME_PEOPLESOFT,VW_IDAS_FIN_KPI_APE_NBV_MANUAL,MASTERPRODUCT_PRODUCT_NAME_PEOPLESOFT
VW_FACT_NBV,MASTERPRODUCT_PRODUCT_SUMM_NAME,VW_IDAS_FIN_KPI_APE_NBV_MANUAL,MASTERPRODUCT_PRODUCT_SUMM_NAME
VW_FACT_NBV,MASTERPRODUCT_ENTITY,VW_IDAS_FIN_KPI_APE_NBV_MANUAL,MASTERPRODUCT_ENTITY
VW_FACT_NBV,MASTERPRODUCT_SYSTEM,VW_IDAS_FIN_KPI_APE_NBV_MANUAL,MASTERPRODUCT_SYSTEM
VW_FACT_APE_NBV_BUDGET_BY_SUBCHANNEL,ENTITY,IDAS_FIN_KPI_APE_NBV_BUDGET_BY_SUBCHANNEL,ENTITY
VW_FACT_APE_NBV_BUDGET_BY_SUBCHANNEL,SUBCHANNEL,IDAS_FIN_KPI_APE_NBV_BUDGET_BY_SUBCHANNEL,SUBCHANNEL
VW_FACT_APE_NBV_BUDGET_BY_SUBCHANNEL,PERIODKEY,DIM_PERIOD,PERIODKEY
VW_FACT_APE_NBV_BUDGET_BY_SUBCHANNEL,WORKING_DAY_NUMBER_OF_MONTH,DIM_PERIOD,WORKING_DAY_NUMBER_OF_MONTH
VW_FACT_APE_NBV_BUDGET_BY_SUBCHANNEL,BUDGET_DAILY_WD,IDAS_FIN_KPI_APE_NBV_BUDGET_BY_SUBCHANNEL,BUDGET_DAILY_WD
VW_FACT_APE_NBV_BUDGET_BY_SUBCHANNEL,APE_BUDGET,IDAS_FIN_KPI_APE_NBV_BUDGET_BY_SUBCHANNEL,APE_BUDGET
VW_FACT_MANUAL_APE_BANK,PERIODKEY,"SYN__DWH_OPS__VW_FACT_ALTERNATE_MONTHLY,SYN__STG_OPS_FLAT__OPS_INDODAILY,SYN__STG_OPS_FLAT__OPS_INDODAILY_TM",PERIODKEY
VW_FACT_MANUAL_APE_BANK,SUBCHANNEL_ACT,SYN__DWH_OPS__VW_FACT_ALTERNATE_MONTHLY,"MASTERPRODUCT_AMBITION_ID,MASTERPRODUCT_SUBCHANNEL"
VW_FACT_MANUAL_APE_BANK,APE_EOM_ACT,SYN__DWH_OPS__VW_FACT_ALTERNATE_MONTHLY,APE_EOM
VW_FACT_MANUAL_APE_BANK,CASECOUNT_EOM_ACT,[SYN__DWH_OPS__VW_FACT_ALTERNATE_MONTHLY],CASECOUNT
VW_FACT_MANUAL_APE_BANK,CASECOUNT_EOM_ACT,[SYN__DWH_OPS__VW_FACT_ALTERNATE_DAILY_CASECOUNT],CASECOUNT
VW_FACT_MANUAL_APE_BANK,PERIOD,SYN__DWH_OPS__VW_FACT_ALTERNATE_MONTHLY,PERIODKEY
VW_FACT_MANUAL_APE_BANK,SOURCE_DATABASE,N/A,hardcode 'NON TSO'
VW_FACT_MANUAL_APE_BANK,SUBCHANNEL,"SYN__DWH_OPS__VW_FACT_ALTERNATE_MONTHLY,SYN__STG_OPS_FLAT__OPS_INDODAILY,SYN__STG_OPS_FLAT__OPS_INDODAILY_TM","MASTERPRODUCT_AMBITION_ID,MASTERPRODUCT_SUBCHANNEL,SUBCHANNEL"
VW_FACT_MANUAL_APE_BANK,APE_BANK_MTD_MAN,"SYN__STG_OPS_FLAT__OPS_INDODAILY,SYN__STG_OPS_FLAT__OPS_INDODAILY_TM",APE ISSUE
VW_FACT_MANUAL_APE_BANK,CASECOUNT_BANK_MTD,"SYN__STG_OPS_FLAT__OPS_INDODAILY,SYN__STG_OPS_FLAT__OPS_INDODAILY_TM",CASE ISSUED
VW_FACT_MANUAL_APE_BANK,APE_BANK_MTD,"SYN__DWH_OPS__VW_FACT_ALTERNATE_MONTHLY,SYN__STG_OPS_FLAT__OPS_INDODAILY,SYN__STG_OPS_FLAT__OPS_INDODAILY_TM","APE_EOM,APE ISSUE"
VW_FACT_MANUAL_APE_BANK,MASTERPRODUCT_SYARIAH,SYN__DWH_OPS__VW_FACT_ALTERNATE_MONTHLY,MASTERPRODUCT_SYARIAH
 , , , 
VW_DIM_PERIOD,PeriodKey,DIM_PERIOD_WD,"PeriodKey,CalendarYear"
VW_DIM_PERIOD,FullDateAlternateKey,DIM_PERIOD_WD,"FullDateAlternateKey,PeriodKey,CalendarYear"
VW_DIM_PERIOD,DayNumberOfWeek,DIM_PERIOD_WD,"DayNumberOfWeek,PeriodKey,CalendarYear"
VW_DIM_PERIOD,DayNameOfWeek,DIM_PERIOD_WD,"DayNameOfWeek,PeriodKey,CalendarYear"
VW_DIM_PERIOD,DayNumberOfMonth,DIM_PERIOD_WD,"DayNumberOfMonth,PeriodKey,CalendarYear"
VW_DIM_PERIOD,DayNumberOfYear,DIM_PERIOD_WD,"DayNumberOfYear,PeriodKey,CalendarYear"
VW_DIM_PERIOD,MonthName,DIM_PERIOD_WD,"MonthName,PeriodKey,CalendarYear"
VW_DIM_PERIOD,MonthNumberOfYear,DIM_PERIOD_WD,"MonthNumberOfYear,PeriodKey,CalendarYear"
VW_DIM_PERIOD,CalendarQuarter,DIM_PERIOD_WD,"CalendarQuarter,PeriodKey,CalendarYear"
VW_DIM_PERIOD,CalendarSemester,DIM_PERIOD_WD,"CalendarSemester,PeriodKey,CalendarYear"
VW_DIM_PERIOD,CalendarYear,DIM_PERIOD_WD,"CalendarYear,PeriodKey"
VW_DIM_PERIOD,IsWorkingDay,DIM_PERIOD_WD,"IsWorkingDay,PeriodKey,CalendarYear"
VW_DIM_PERIOD,IsWeekDay,DIM_PERIOD_WD,"IsWeekDay,PeriodKey,CalendarYear"
VW_DIM_PERIOD,MonthKey,DIM_PERIOD_WD,"MonthKey,PeriodKey,CalendarYear"
VW_DIM_PERIOD,MonthKey_prev,DIM_PERIOD_WD,"MonthKey_prev,PeriodKey,CalendarYear"
VW_DIM_PERIOD,WORKING_DAY_ALL,DIM_PERIOD_WD,"WORKING_DAY_ALL,PeriodKey,CalendarYear"
VW_DIM_PERIOD,WORKING_DAY_NUMBER_OF_MONTH,DIM_PERIOD_WD,"WORKING_DAY_NUMBER_OF_MONTH,PeriodKey,CalendarYear"
VW_DIM_PERIOD,WORKING_DAY_NUMBER_OF_MONTH_PREV_DAY,DIM_PERIOD_WD,"WORKING_DAY_NUMBER_OF_MONTH_PREV_DAY,PeriodKey,CalendarYear"
VW_DIM_PERIOD,WORKING_DAY_NUMBER_OF_MONTH_PREV_MONTH,DIM_PERIOD_WD,"WORKING_DAY_NUMBER_OF_MONTH_PREV_MONTH,PeriodKey,CalendarYear"
VW_DIM_PERIOD,PERIODKEY_PREV_DAY,DIM_PERIOD_WD,"PERIODKEY_PREV_DAY,PeriodKey,CalendarYear"
VW_DIM_PERIOD,PERIODKEY_PREV_MONTH,DIM_PERIOD_WD,"PERIODKEY_PREV_MONTH,PeriodKey,CalendarYear"
 , , , 
VW_DIM_CHANNEL,ENTITY,DIM_CHANNEL,ENTITY
VW_DIM_CHANNEL,SUBCHANNEL,DIM_CHANNEL,SUBCHANNEL
VW_DIM_CHANNEL,EXECUTE,DIM_CHANNEL,EXECUTE
VW_DIM_CHANNEL,POSITION,DIM_CHANNEL,POSITION
VW_DIM_CHANNEL,SUBCHANNEL_GROUP,DIM_CHANNEL,SUBCHANNEL_GROUP
VW_DIM_CHANNEL,CHANNEL,DIM_CHANNEL,CHANNEL
 , , , 
VW_FACT_SYSTEM_APE_BANK,PERIODKEY,AMFS_DWH_OPS.dbo.fact_dmtm_amfs_ape_issued_daily,"PERIODKEY,PRODUCTID"
VW_FACT_SYSTEM_APE_BANK,PNO,AMFS_DWH_OPS.dbo.fact_dmtm_amfs_ape_issued_daily,"PNO,PRODUCTID"
VW_FACT_SYSTEM_APE_BANK,MASTERPRODUCT_CHANNEL,AMFS_DWH_OPS.dbo.fact_dmtm_amfs_ape_issued_daily,"MASTERPRODUCT_CHANNEL,PRODUCTID"
VW_FACT_SYSTEM_APE_BANK,MASTERPRODUCT_ENTITY,AMFS_DWH_OPS.dbo.fact_dmtm_amfs_ape_issued_daily,"MASTERPRODUCT_ENTITY,PRODUCTID"
VW_FACT_SYSTEM_APE_BANK,MASTERPRODUCT_SYSTEM,AMFS_DWH_OPS.dbo.fact_dmtm_amfs_ape_issued_daily,"MASTERPRODUCT_SYSTEM,PRODUCTID"
VW_FACT_SYSTEM_APE_BANK,PROCESS_TYPE,AMFS_DWH_OPS.dbo.fact_dmtm_amfs_ape_issued_daily,"PROCESS_TYPE,PRODUCTID"
VW_FACT_SYSTEM_APE_BANK,APE_SYSTEM,AMFS_DWH_OPS.dbo.fact_dmtm_amfs_ape_issued_daily,"APE,PRODUCTID"
VW_FACT_SYSTEM_APE_BANK,CASE_SYSTEM,AMFS_DWH_OPS.dbo.fact_dmtm_amfs_ape_issued_daily,"CASECOUNT,PRODUCTID"
VW_FACT_SYSTEM_APE_BANK,MASTERPRODUCT_SYARIAH,AMFS_DWH_OPS.dbo.fact_dmtm_amfs_ape_issued_daily,"MASTERPRODUCT_SYARIAH,PRODUCTID"
 , , , 
VW_FACT_SYSTEM_TARGET_APE_BY_SUBSCHANNEL,periodkey,Budget_AMFS_By_SubChannel,"Year,Month"
VW_FACT_SYSTEM_TARGET_APE_BY_SUBSCHANNEL,factperiod,Budget_AMFS_By_SubChannel,"Year,Month"
VW_FACT_SYSTEM_TARGET_APE_BY_SUBSCHANNEL,SubChannel,Budget_AMFS_By_SubChannel,SubChannel
VW_FACT_SYSTEM_TARGET_APE_BY_SUBSCHANNEL,APE_PLAN,Budget_AMFS_By_SubChannel,APE Budget
VW_FACT_SYSTEM_TARGET_APE_BY_SUBSCHANNEL,APE_PLAN_YTD,Budget_AMFS_By_SubChannel,"APE Budget,entity,SubChannel,Year,Month"
VW_FACT_SYSTEM_TARGET_APE_BY_SUBSCHANNEL,MASTERPRODUCT_SYARIAH,Budget_AMFS_By_SubChannel,N/A
 , , , 
VW_FACT_POLICY,POLICYNO,"DWH_AMFS_TM.DBO.SYN__STG_AMFS_FLAT__VW_IDAS_DMTM_KPI_POLICY_MONTHLY_TM_AMFS, DWH_AMFS_TM.UNKNOWN.VW_DIM_PERIOD",POLICYNO
VW_FACT_POLICY,periodkey,"DWH_AMFS_TM.DBO.SYN__STG_AMFS_FLAT__VW_IDAS_DMTM_KPI_POLICY_MONTHLY_TM_AMFS, DWH_AMFS_TM.UNKNOWN.VW_DIM_PERIOD","periodkey, working_day_number_of_month, daynumberofmonth, monthkey"
VW_FACT_POLICY,PRODUCTID,"DWH_AMFS_TM.DBO.SYN__STG_AMFS_FLAT__VW_IDAS_DMTM_KPI_POLICY_MONTHLY_TM_AMFS, DWH_AMFS_TM.UNKNOWN.VW_DIM_PERIOD",PRODUCTID
VW_FACT_POLICY,SOURCE_DATABASE,"DWH_AMFS_TM.DBO.SYN__STG_AMFS_FLAT__VW_IDAS_DMTM_KPI_POLICY_MONTHLY_TM_AMFS, DWH_AMFS_TM.UNKNOWN.VW_DIM_PERIOD",SOURCE_DATABASE
VW_FACT_POLICY,CASE_SUBMIT,"DWH_AMFS_TM.DBO.SYN__STG_AMFS_FLAT__VW_IDAS_DMTM_KPI_POLICY_MONTHLY_TM_AMFS, DWH_AMFS_TM.UNKNOWN.VW_DIM_PERIOD",CASE_SUBMIT
VW_FACT_POLICY,CASE_PENDING,"DWH_AMFS_TM.DBO.SYN__STG_AMFS_FLAT__VW_IDAS_DMTM_KPI_POLICY_MONTHLY_TM_AMFS, DWH_AMFS_TM.UNKNOWN.VW_DIM_PERIOD",CASE_PENDING
VW_FACT_POLICY,CASE_PENDING_NOSPILL,"DWH_AMFS_TM.DBO.SYN__STG_AMFS_FLAT__VW_IDAS_DMTM_KPI_POLICY_MONTHLY_TM_AMFS, DWH_AMFS_TM.UNKNOWN.VW_DIM_PERIOD",CASE_PENDING_NOSPILL
VW_FACT_POLICY,CASE_ISSUE,"DWH_AMFS_TM.DBO.SYN__STG_AMFS_FLAT__VW_IDAS_DMTM_KPI_POLICY_MONTHLY_TM_AMFS, DWH_AMFS_TM.UNKNOWN.VW_DIM_PERIOD",CASE_ISSUE
VW_FACT_POLICY,CASE_ISSUE_NOSPILL,"DWH_AMFS_TM.DBO.SYN__STG_AMFS_FLAT__VW_IDAS_DMTM_KPI_POLICY_MONTHLY_TM_AMFS, DWH_AMFS_TM.UNKNOWN.VW_DIM_PERIOD",CASE_ISSUE_NOSPILL
VW_FACT_POLICY,CASE_COOLOFF,"DWH_AMFS_TM.DBO.SYN__STG_AMFS_FLAT__VW_IDAS_DMTM_KPI_POLICY_MONTHLY_TM_AMFS, DWH_AMFS_TM.UNKNOWN.VW_DIM_PERIOD",CASE_COOLOFF
VW_FACT_POLICY,CASE_COOLOFF_ADMIN,"DWH_AMFS_TM.DBO.SYN__STG_AMFS_FLAT__VW_IDAS_DMTM_KPI_POLICY_MONTHLY_TM_AMFS, DWH_AMFS_TM.UNKNOWN.VW_DIM_PERIOD",CASE_COOLOFF_ADMIN
VW_FACT_POLICY,CASE_CANCEL,"DWH_AMFS_TM.DBO.SYN__STG_AMFS_FLAT__VW_IDAS_DMTM_KPI_POLICY_MONTHLY_TM_AMFS, DWH_AMFS_TM.UNKNOWN.VW_DIM_PERIOD",CASE_CANCEL
VW_FACT_POLICY,APE_SUBMIT,"DWH_AMFS_TM.DBO.SYN__STG_AMFS_FLAT__VW_IDAS_DMTM_KPI_POLICY_MONTHLY_TM_AMFS, DWH_AMFS_TM.UNKNOWN.VW_DIM_PERIOD",APE_SUBMIT
VW_FACT_POLICY,APE_PENDING,"DWH_AMFS_TM.DBO.SYN__STG_AMFS_FLAT__VW_IDAS_DMTM_KPI_POLICY_MONTHLY_TM_AMFS, DWH_AMFS_TM.UNKNOWN.VW_DIM_PERIOD",APE_PENDING
VW_FACT_POLICY,APE_PENDING_NOSPILL,"DWH_AMFS_TM.DBO.SYN__STG_AMFS_FLAT__VW_IDAS_DMTM_KPI_POLICY_MONTHLY_TM_AMFS, DWH_AMFS_TM.UNKNOWN.VW_DIM_PERIOD",APE_PENDING_NOSPILL
VW_FACT_POLICY,APE_ISSUE,"DWH_AMFS_TM.DBO.SYN__STG_AMFS_FLAT__VW_IDAS_DMTM_KPI_POLICY_MONTHLY_TM_AMFS, DWH_AMFS_TM.UNKNOWN.VW_DIM_PERIOD",APE_ISSUE
VW_FACT_POLICY,APE_ISSUE_NOSPILL,"DWH_AMFS_TM.DBO.SYN__STG_AMFS_FLAT__VW_IDAS_DMTM_KPI_POLICY_MONTHLY_TM_AMFS, DWH_AMFS_TM.UNKNOWN.VW_DIM_PERIOD",APE_ISSUE_NOSPILL
VW_FACT_POLICY,APE_COOLOFF,"DWH_AMFS_TM.DBO.SYN__STG_AMFS_FLAT__VW_IDAS_DMTM_KPI_POLICY_MONTHLY_TM_AMFS, DWH_AMFS_TM.UNKNOWN.VW_DIM_PERIOD",APE_COOLOFF
VW_FACT_POLICY,APE_COOLOFF_ADMIN,"DWH_AMFS_TM.DBO.SYN__STG_AMFS_FLAT__VW_IDAS_DMTM_KPI_POLICY_MONTHLY_TM_AMFS, DWH_AMFS_TM.UNKNOWN.VW_DIM_PERIOD",APE_COOLOFF_ADMIN
VW_FACT_POLICY,APE_CANCEL,"DWH_AMFS_TM.DBO.SYN__STG_AMFS_FLAT__VW_IDAS_DMTM_KPI_POLICY_MONTHLY_TM_AMFS, DWH_AMFS_TM.UNKNOWN.VW_DIM_PERIOD",APE_CANCEL
VW_FACT_POLICY,SUBCHANNEL,"DWH_AMFS_TM.DBO.SYN__STG_AMFS_FLAT__VW_IDAS_DMTM_KPI_POLICY_MONTHLY_TM_AMFS, DWH_AMFS_TM.UNKNOWN.VW_DIM_PERIOD",N/A
VW_FACT_POLICY,NAME,"DWH_AMFS_TM.DBO.SYN__STG_AMFS_FLAT__VW_IDAS_DMTM_KPI_POLICY_MONTHLY_TM_AMFS, DWH_AMFS_TM.UNKNOWN.VW_DIM_PERIOD",NAME
VW_FACT_POLICY,SOURCEID,"DWH_AMFS_TM.DBO.SYN__STG_AMFS_FLAT__VW_IDAS_DMTM_KPI_POLICY_MONTHLY_TM_AMFS, DWH_AMFS_TM.UNKNOWN.VW_DIM_PERIOD",SOURCEID
VW_FACT_POLICY,MODIFYBY,"DWH_AMFS_TM.DBO.SYN__STG_AMFS_FLAT__VW_IDAS_DMTM_KPI_POLICY_MONTHLY_TM_AMFS, DWH_AMFS_TM.UNKNOWN.VW_DIM_PERIOD",MODIFYBY
VW_FACT_POLICY,TYPEID,"DWH_AMFS_TM.DBO.SYN__STG_AMFS_FLAT__VW_IDAS_DMTM_KPI_POLICY_MONTHLY_TM_AMFS, DWH_AMFS_TM.UNKNOWN.VW_DIM_PERIOD",TYPEID
VW_FACT_POLICY,EFFECTIVEDATE,"DWH_AMFS_TM.DBO.SYN__STG_AMFS_FLAT__VW_IDAS_DMTM_KPI_POLICY_MONTHLY_TM_AMFS, DWH_AMFS_TM.UNKNOWN.VW_DIM_PERIOD","EFFECTIVEDATE, working_day_number_of_month, daynumberofmonth, monthkey"
VW_FACT_POLICY,CANCELDATE,"DWH_AMFS_TM.DBO.SYN__STG_AMFS_FLAT__VW_IDAS_DMTM_KPI_POLICY_MONTHLY_TM_AMFS, DWH_AMFS_TM.UNKNOWN.VW_DIM_PERIOD",CANCELDATE
VW_FACT_POLICY,SUBMITDATE,"DWH_AMFS_TM.DBO.SYN__STG_AMFS_FLAT__VW_IDAS_DMTM_KPI_POLICY_MONTHLY_TM_AMFS, DWH_AMFS_TM.UNKNOWN.VW_DIM_PERIOD","SUBMITDATE, working_day_number_of_month, daynumberofmonth, monthkey"
VW_FACT_POLICY,MODIFYDATE,"DWH_AMFS_TM.DBO.SYN__STG_AMFS_FLAT__VW_IDAS_DMTM_KPI_POLICY_MONTHLY_TM_AMFS, DWH_AMFS_TM.UNKNOWN.VW_DIM_PERIOD",MODIFYDATE
 , , , 
VW_FACT_INITIAL,PERIODKEY,SYN__STG_AMFS_FLAT__TM_SUM_KPI_INITIAL,FACTPERIOD
VW_FACT_INITIAL,SOURCE_DATABASE,SYN__STG_AMFS_FLAT__TM_SUM_KPI_INITIAL,SOURCE_DATABASE
VW_FACT_INITIAL,CASE_SUBMIT,SYN__STG_AMFS_FLAT__TM_SUM_KPI_INITIAL,CASE_SUBMIT
VW_FACT_INITIAL,CASE_PENDING,SYN__STG_AMFS_FLAT__TM_SUM_KPI_INITIAL,CASE_PENDING
VW_FACT_INITIAL,CASE_PENDING_NOSPILL,SYN__STG_AMFS_FLAT__TM_SUM_KPI_INITIAL,CASE_PENDING
VW_FACT_INITIAL,CASE_ISSUE,SYN__STG_AMFS_FLAT__TM_SUM_KPI_INITIAL,CASE_ISSUE
VW_FACT_INITIAL,CASE_ISSUE_NOSPILL,SYN__STG_AMFS_FLAT__TM_SUM_KPI_INITIAL,CASE_ISSUE_NOSPILL
VW_FACT_INITIAL,CASE_COOLOFF,SYN__STG_AMFS_FLAT__TM_SUM_KPI_INITIAL,CASE_COOLOFF
VW_FACT_INITIAL,APE_SUBMIT,SYN__STG_AMFS_FLAT__TM_SUM_KPI_INITIAL,APE_SUBMIT
VW_FACT_INITIAL,APE_PENDING,SYN__STG_AMFS_FLAT__TM_SUM_KPI_INITIAL,APE_PENDING
VW_FACT_INITIAL,APE_PENDING_NOSPILL,SYN__STG_AMFS_FLAT__TM_SUM_KPI_INITIAL,APE_PENDING
VW_FACT_INITIAL,APE_ISSUE,SYN__STG_AMFS_FLAT__TM_SUM_KPI_INITIAL,APE_ISSUE
VW_FACT_INITIAL,APE_ISSUE_NOSPILL,SYN__STG_AMFS_FLAT__TM_SUM_KPI_INITIAL,APE_ISSUE_NOSPILL
VW_FACT_INITIAL,APE_COOLOFF,SYN__STG_AMFS_FLAT__TM_SUM_KPI_INITIAL,APE_COOLOFF
VW_FACT_INITIAL,LEAD_ALL,SYN__STG_AMFS_FLAT__TM_SUM_KPI_INITIAL,N/A
VW_FACT_INITIAL,LEAD_CONTACTED,SYN__STG_AMFS_FLAT__TM_SUM_KPI_INITIAL,N/A
VW_FACT_INITIAL,CALL_ATTEMPT,SYN__STG_AMFS_FLAT__TM_SUM_KPI_INITIAL,N/A
VW_FACT_INITIAL,CALL_CONTACTED,SYN__STG_AMFS_FLAT__TM_SUM_KPI_INITIAL,N/A
VW_FACT_ALTERNATE_MONTHLY,FACTPERIOD,"VW_FACT_ALTERNATE_DAILY, VW_FACT_APE_ACTUARY_DAILY, VW_FACT_APE_SYSTEM_DAILY",FACTPERIOD
VW_FACT_ALTERNATE_MONTHLY,PERIODKEY,"VW_FACT_ALTERNATE_DAILY, VW_FACT_APE_ACTUARY_DAILY, VW_FACT_APE_SYSTEM_DAILY",PERIODKEY
VW_FACT_ALTERNATE_MONTHLY,APE_EOM,"VW_FACT_ALTERNATE_DAILY, VW_FACT_APE_ACTUARY_DAILY, VW_FACT_APE_SYSTEM_DAILY","APE, PERIODKEY"
VW_FACT_ALTERNATE_MONTHLY,APE_SAME_DAY,"VW_FACT_ALTERNATE_DAILY, VW_FACT_APE_ACTUARY_DAILY, VW_FACT_APE_SYSTEM_DAILY","APE, PERIODKEY"
VW_FACT_ALTERNATE_MONTHLY,APE_YOY,"VW_FACT_ALTERNATE_DAILY, VW_FACT_APE_ACTUARY_DAILY, VW_FACT_APE_SYSTEM_DAILY","APE, PERIODKEY"
VW_FACT_ALTERNATE_MONTHLY,CASECOUNT,"VW_FACT_ALTERNATE_DAILY, VW_FACT_APE_ACTUARY_DAILY, VW_FACT_APE_SYSTEM_DAILY","CASECOUNT, PERIODKEY"
VW_FACT_ALTERNATE_MONTHLY,MASTERPRODUCT_AMBITION_ID,"VW_FACT_ALTERNATE_DAILY, VW_FACT_APE_ACTUARY_DAILY, VW_FACT_APE_SYSTEM_DAILY",MASTERPRODUCT_AMBITION_ID
VW_FACT_ALTERNATE_MONTHLY,MASTERPRODUCT_ENTITY,"VW_FACT_ALTERNATE_DAILY, VW_FACT_APE_ACTUARY_DAILY, VW_FACT_APE_SYSTEM_DAILY",MASTERPRODUCT_ENTITY
VW_FACT_ALTERNATE_MONTHLY,MASTERPRODUCT_SYSTEM_CODE_ACTUARY,"VW_FACT_ALTERNATE_DAILY, VW_FACT_APE_ACTUARY_DAILY, VW_FACT_APE_SYSTEM_DAILY",MASTERPRODUCT_SYSTEM_CODE_ACTUARY
VW_FACT_ALTERNATE_MONTHLY,MASTERPRODUCT_PRODUCT_ID_PEOPLESOFT,"VW_FACT_ALTERNATE_DAILY, VW_FACT_APE_ACTUARY_DAILY, VW_FACT_APE_SYSTEM_DAILY",MASTERPRODUCT_PRODUCT_ID_PEOPLESOFT
VW_FACT_ALTERNATE_MONTHLY,MASTERPRODUCT_SP_RP,"VW_FACT_ALTERNATE_DAILY, VW_FACT_APE_ACTUARY_DAILY, VW_FACT_APE_SYSTEM_DAILY",MASTERPRODUCT_SP_RP
VW_FACT_ALTERNATE_MONTHLY,MASTERPRODUCT_GMD_ID,"VW_FACT_ALTERNATE_DAILY, VW_FACT_APE_ACTUARY_DAILY, VW_FACT_APE_SYSTEM_DAILY",MASTERPRODUCT_GMD_ID
VW_FACT_ALTERNATE_MONTHLY,MASTERPRODUCT_CHANNEL,"VW_FACT_ALTERNATE_DAILY, VW_FACT_APE_ACTUARY_DAILY, VW_FACT_APE_SYSTEM_DAILY",MASTERPRODUCT_CHANNEL
VW_FACT_ALTERNATE_MONTHLY,MASTERPRODUCT_SUBCHANNEL,"VW_FACT_ALTERNATE_DAILY, VW_FACT_APE_ACTUARY_DAILY, VW_FACT_APE_SYSTEM_DAILY",MASTERPRODUCT_SUBCHANNEL
VW_FACT_ALTERNATE_MONTHLY,MASTERPRODUCT_PRODUCT_GROUP,"VW_FACT_ALTERNATE_DAILY, VW_FACT_APE_ACTUARY_DAILY, VW_FACT_APE_SYSTEM_DAILY",MASTERPRODUCT_PRODUCT_GROUP
VW_FACT_ALTERNATE_MONTHLY,MASTERPRODUCT_PRODUCT_CATEGORY,"VW_FACT_ALTERNATE_DAILY, VW_FACT_APE_ACTUARY_DAILY, VW_FACT_APE_SYSTEM_DAILY",MASTERPRODUCT_PRODUCT_CATEGORY
VW_FACT_ALTERNATE_MONTHLY,MASTERPRODUCT_PRODUCT_SUB_CATEGORY,"VW_FACT_ALTERNATE_DAILY, VW_FACT_APE_ACTUARY_DAILY, VW_FACT_APE_SYSTEM_DAILY",MASTERPRODUCT_PRODUCT_SUB_CATEGORY
VW_FACT_ALTERNATE_MONTHLY,MASTERPRODUCT_GMD_CATEGORY,"VW_FACT_ALTERNATE_DAILY, VW_FACT_APE_ACTUARY_DAILY, VW_FACT_APE_SYSTEM_DAILY",MASTERPRODUCT_GMD_CATEGORY
VW_FACT_ALTERNATE_MONTHLY,MASTERPRODUCT_RIDER_CATEGORY,"VW_FACT_ALTERNATE_DAILY, VW_FACT_APE_ACTUARY_DAILY, VW_FACT_APE_SYSTEM_DAILY",MASTERPRODUCT_RIDER_CATEGORY
VW_FACT_ALTERNATE_MONTHLY,MASTERPRODUCT_SYARIAH,"VW_FACT_ALTERNATE_DAILY, VW_FACT_APE_ACTUARY_DAILY, VW_FACT_APE_SYSTEM_DAILY",MASTERPRODUCT_SYARIAH
VW_FACT_ALTERNATE_MONTHLY,MASTERPRODUCT_PRODUCT_NAME_ACTUARY,"VW_FACT_ALTERNATE_DAILY, VW_FACT_APE_ACTUARY_DAILY, VW_FACT_APE_SYSTEM_DAILY",MASTERPRODUCT_PRODUCT_NAME_ACTUARY
VW_FACT_ALTERNATE_MONTHLY,MASTERPRODUCT_PRODUCT_NAME_MARKETING,"VW_FACT_ALTERNATE_DAILY, VW_FACT_APE_ACTUARY_DAILY, VW_FACT_APE_SYSTEM_DAILY",MASTERPRODUCT_PRODUCT_NAME_MARKETING
VW_FACT_ALTERNATE_MONTHLY,MASTERPRODUCT_PRODUCT_NAME_FINANCE,"VW_FACT_ALTERNATE_DAILY, VW_FACT_APE_ACTUARY_DAILY, VW_FACT_APE_SYSTEM_DAILY",MASTERPRODUCT_PRODUCT_NAME_FINANCE
VW_FACT_ALTERNATE_MONTHLY,MASTERPRODUCT_PRODUCT_NAME_PEOPLESOFT,"VW_FACT_ALTERNATE_DAILY, VW_FACT_APE_ACTUARY_DAILY, VW_FACT_APE_SYSTEM_DAILY",MASTERPRODUCT_PRODUCT_NAME_PEOPLESOFT
VW_FACT_ALTERNATE_MONTHLY,MASTERPRODUCT_PRODUCT_SUMM_NAME,"VW_FACT_ALTERNATE_DAILY, VW_FACT_APE_ACTUARY_DAILY, VW_FACT_APE_SYSTEM_DAILY",MASTERPRODUCT_PRODUCT_SUMM_NAME
VW_FACT_ALTERNATE_MONTHLY,MASTERPRODUCT_SYSTEM,"VW_FACT_ALTERNATE_DAILY, VW_FACT_APE_ACTUARY_DAILY, VW_FACT_APE_SYSTEM_DAILY",MASTERPRODUCT_SYSTEM
VW_FACT_ALTERNATE_MONTHLY,MASTERPRODUCT_APE_MIX,"VW_FACT_ALTERNATE_DAILY, VW_FACT_APE_ACTUARY_DAILY, VW_FACT_APE_SYSTEM_DAILY",MASTERPRODUCT_APE_MIX
VW_FACT_ALTERNATE_MONTHLY,MASTERPRODUCT_PROD_DASHBOARD_CATEGORY,"VW_FACT_ALTERNATE_DAILY, VW_FACT_APE_ACTUARY_DAILY, VW_FACT_APE_SYSTEM_DAILY",MASTERPRODUCT_PROD_DASHBOARD_CATEGORY
VW_FACT_ALTERNATE_MONTHLY,APE_SOURCE,"VW_FACT_ALTERNATE_DAILY, VW_FACT_APE_ACTUARY_DAILY, VW_FACT_APE_SYSTEM_DAILY",APE_SOURCE
VW_FACT_ALTERNATE_MONTHLY,PROCESS_TYPE,"VW_FACT_ALTERNATE_DAILY, VW_FACT_APE_ACTUARY_DAILY, VW_FACT_APE_SYSTEM_DAILY",PROCESS_TYPE
VW_FACT_ALTERNATE_DAILY,FACTPERIOD,"SYN__STG_FIN_FLAT__IDAS_NBVAMBITION,VW_IDAS_MASTERPRODUCT,SYN__STG_AMFS__MIGRATION_STATUS,VW_DIM_PERIOD,VW_FACT_APE_SYSTEM_DAILY","ENTITY,AMBITION ID,APE AMBITION,CASE COUNT,LOGDATE,PERIODKEY,Syariah,MASTERPRODUCT_ENTITY,SYSTEM CODE (ACTUARY),CHANNEL,PRODUCT ID PEOPLESOFT,SP/RP,GMD ID,PRODUCT GROUP,PRODUCT CATEGORY,PRODUCT SUB CATEGORY,GMD CATEGORY,RIDER CATEGORY,PRODUCT NAME (ACTUARY),PRODUCT NAME MARKETING,PRODUCT NAME FINANCE,PRODUCT NAME PEOPLESOFT,PRODUCT_SUMM_NAME,SYSTEM,APE  MIX,PROD_DASHBOARD_CATEGORY,OFDATE,OFPROC,MONTH,YEAR"
VW_FACT_ALTERNATE_DAILY,PERIODKEY,"SYN__STG_FIN_FLAT__IDAS_NBVAMBITION,VW_IDAS_MASTERPRODUCT,SYN__STG_AMFS__MIGRATION_STATUS,VW_DIM_PERIOD,VW_FACT_APE_SYSTEM_DAILY","PERIODKEY,OFDATE,OFPROC,MONTH,YEAR"
VW_FACT_ALTERNATE_DAILY,APE,"SYN__STG_FIN_FLAT__IDAS_NBVAMBITION,VW_IDAS_MASTERPRODUCT,SYN__STG_AMFS__MIGRATION_STATUS,VW_DIM_PERIOD,VW_FACT_APE_SYSTEM_DAILY",APE AMBITION
VW_FACT_ALTERNATE_DAILY,CASECOUNT,"SYN__STG_FIN_FLAT__IDAS_NBVAMBITION,VW_IDAS_MASTERPRODUCT,SYN__STG_AMFS__MIGRATION_STATUS,VW_DIM_PERIOD,VW_FACT_APE_SYSTEM_DAILY","ENTITY,AMBITION ID,CASE COUNT,SYSTEM CODE (ACTUARY),CHANNEL"
VW_FACT_ALTERNATE_DAILY,MASTERPRODUCT_AMBITION_ID,"SYN__STG_FIN_FLAT__IDAS_NBVAMBITION,VW_IDAS_MASTERPRODUCT,SYN__STG_AMFS__MIGRATION_STATUS,VW_DIM_PERIOD,VW_FACT_APE_SYSTEM_DAILY",AMBITION ID
VW_FACT_ALTERNATE_DAILY,MASTERPRODUCT_ENTITY,"SYN__STG_FIN_FLAT__IDAS_NBVAMBITION,VW_IDAS_MASTERPRODUCT,SYN__STG_AMFS__MIGRATION_STATUS,VW_DIM_PERIOD,VW_FACT_APE_SYSTEM_DAILY",ENTITY
VW_FACT_ALTERNATE_DAILY,MASTERPRODUCT_SYSTEM_CODE_ACTUARY,"SYN__STG_FIN_FLAT__IDAS_NBVAMBITION,VW_IDAS_MASTERPRODUCT,SYN__STG_AMFS__MIGRATION_STATUS,VW_DIM_PERIOD,VW_FACT_APE_SYSTEM_DAILY",SYSTEM CODE (ACTUARY)
VW_FACT_ALTERNATE_DAILY,MASTERPRODUCT_SUBCHANNEL,"SYN__STG_FIN_FLAT__IDAS_NBVAMBITION,VW_IDAS_MASTERPRODUCT,SYN__STG_AMFS__MIGRATION_STATUS,VW_DIM_PERIOD,VW_FACT_APE_SYSTEM_DAILY","ENTITY,AMBITION ID,SYSTEM CODE (ACTUARY),CHANNEL"
VW_FACT_ALTERNATE_DAILY,MASTERPRODUCT_PRODUCT_ID_PEOPLESOFT,"SYN__STG_FIN_FLAT__IDAS_NBVAMBITION,VW_IDAS_MASTERPRODUCT,SYN__STG_AMFS__MIGRATION_STATUS,VW_DIM_PERIOD,VW_FACT_APE_SYSTEM_DAILY",PRODUCT ID PEOPLESOFT
VW_FACT_ALTERNATE_DAILY,MASTERPRODUCT_SP_RP,"SYN__STG_FIN_FLAT__IDAS_NBVAMBITION,VW_IDAS_MASTERPRODUCT,SYN__STG_AMFS__MIGRATION_STATUS,VW_DIM_PERIOD,VW_FACT_APE_SYSTEM_DAILY",SP/RP
VW_FACT_ALTERNATE_DAILY,MASTERPRODUCT_GMD_ID,"SYN__STG_FIN_FLAT__IDAS_NBVAMBITION,VW_IDAS_MASTERPRODUCT,SYN__STG_AMFS__MIGRATION_STATUS,VW_DIM_PERIOD,VW_FACT_APE_SYSTEM_DAILY",GMD ID
VW_FACT_ALTERNATE_DAILY,MASTERPRODUCT_CHANNEL,"SYN__STG_FIN_FLAT__IDAS_NBVAMBITION,VW_IDAS_MASTERPRODUCT,SYN__STG_AMFS__MIGRATION_STATUS,VW_DIM_PERIOD,VW_FACT_APE_SYSTEM_DAILY","ENTITY,AMBITION ID,CHANNEL"
VW_FACT_ALTERNATE_DAILY,MASTERPRODUCT_PRODUCT_GROUP,"SYN__STG_FIN_FLAT__IDAS_NBVAMBITION,VW_IDAS_MASTERPRODUCT,SYN__STG_AMFS__MIGRATION_STATUS,VW_DIM_PERIOD,VW_FACT_APE_SYSTEM_DAILY",PRODUCT GROUP
VW_FACT_ALTERNATE_DAILY,MASTERPRODUCT_PRODUCT_CATEGORY,"SYN__STG_FIN_FLAT__IDAS_NBVAMBITION,VW_IDAS_MASTERPRODUCT,SYN__STG_AMFS__MIGRATION_STATUS,VW_DIM_PERIOD,VW_FACT_APE_SYSTEM_DAILY",PRODUCT CATEGORY
VW_FACT_ALTERNATE_DAILY,MASTERPRODUCT_PRODUCT_SUB_CATEGORY,"SYN__STG_FIN_FLAT__IDAS_NBVAMBITION,VW_IDAS_MASTERPRODUCT,SYN__STG_AMFS__MIGRATION_STATUS,VW_DIM_PERIOD,VW_FACT_APE_SYSTEM_DAILY",PRODUCT SUB CATEGORY
VW_FACT_ALTERNATE_DAILY,MASTERPRODUCT_GMD_CATEGORY,"SYN__STG_FIN_FLAT__IDAS_NBVAMBITION,VW_IDAS_MASTERPRODUCT,SYN__STG_AMFS__MIGRATION_STATUS,VW_DIM_PERIOD,VW_FACT_APE_SYSTEM_DAILY",GMD CATEGORY
VW_FACT_ALTERNATE_DAILY,MASTERPRODUCT_RIDER_CATEGORY,"SYN__STG_FIN_FLAT__IDAS_NBVAMBITION,VW_IDAS_MASTERPRODUCT,SYN__STG_AMFS__MIGRATION_STATUS,VW_DIM_PERIOD,VW_FACT_APE_SYSTEM_DAILY",RIDER CATEGORY
VW_FACT_ALTERNATE_DAILY,MASTERPRODUCT_SYARIAH,"SYN__STG_FIN_FLAT__IDAS_NBVAMBITION,VW_IDAS_MASTERPRODUCT,SYN__STG_AMFS__MIGRATION_STATUS,VW_DIM_PERIOD,VW_FACT_APE_SYSTEM_DAILY",Syariah
VW_FACT_ALTERNATE_DAILY,MASTERPRODUCT_PRODUCT_NAME_ACTUARY,"SYN__STG_FIN_FLAT__IDAS_NBVAMBITION,VW_IDAS_MASTERPRODUCT,SYN__STG_AMFS__MIGRATION_STATUS,VW_DIM_PERIOD,VW_FACT_APE_SYSTEM_DAILY",PRODUCT NAME (ACTUARY)
VW_FACT_ALTERNATE_DAILY,MASTERPRODUCT_PRODUCT_NAME_MARKETING,"SYN__STG_FIN_FLAT__IDAS_NBVAMBITION,VW_IDAS_MASTERPRODUCT,SYN__STG_AMFS__MIGRATION_STATUS,VW_DIM_PERIOD,VW_FACT_APE_SYSTEM_DAILY",PRODUCT NAME MARKETING
VW_FACT_ALTERNATE_DAILY,MASTERPRODUCT_PRODUCT_NAME_FINANCE,"SYN__STG_FIN_FLAT__IDAS_NBVAMBITION,VW_IDAS_MASTERPRODUCT,SYN__STG_AMFS__MIGRATION_STATUS,VW_DIM_PERIOD,VW_FACT_APE_SYSTEM_DAILY",PRODUCT NAME FINANCE
VW_FACT_ALTERNATE_DAILY,MASTERPRODUCT_PRODUCT_NAME_PEOPLESOFT,"SYN__STG_FIN_FLAT__IDAS_NBVAMBITION,VW_IDAS_MASTERPRODUCT,SYN__STG_AMFS__MIGRATION_STATUS,VW_DIM_PERIOD,VW_FACT_APE_SYSTEM_DAILY",PRODUCT NAME PEOPLESOFT
VW_FACT_ALTERNATE_DAILY,MASTERPRODUCT_PRODUCT_SUMM_NAME,"SYN__STG_FIN_FLAT__IDAS_NBVAMBITION,VW_IDAS_MASTERPRODUCT,SYN__STG_AMFS__MIGRATION_STATUS,VW_DIM_PERIOD,VW_FACT_APE_SYSTEM_DAILY",PRODUCT_SUMM_NAME
VW_FACT_ALTERNATE_DAILY,MASTERPRODUCT_SYSTEM,"SYN__STG_FIN_FLAT__IDAS_NBVAMBITION,VW_IDAS_MASTERPRODUCT,SYN__STG_AMFS__MIGRATION_STATUS,VW_DIM_PERIOD,VW_FACT_APE_SYSTEM_DAILY",SYSTEM
VW_FACT_ALTERNATE_DAILY,MASTERPRODUCT_APE_MIX,"SYN__STG_FIN_FLAT__IDAS_NBVAMBITION,VW_IDAS_MASTERPRODUCT,SYN__STG_AMFS__MIGRATION_STATUS,VW_DIM_PERIOD,VW_FACT_APE_SYSTEM_DAILY",APE  MIX
VW_FACT_ALTERNATE_DAILY,MASTERPRODUCT_PROD_DASHBOARD_CATEGORY,"SYN__STG_FIN_FLAT__IDAS_NBVAMBITION,VW_IDAS_MASTERPRODUCT,SYN__STG_AMFS__MIGRATION_STATUS,VW_DIM_PERIOD,VW_FACT_APE_SYSTEM_DAILY",PROD_DASHBOARD_CATEGORY
VW_FACT_ALTERNATE_DAILY,APE_SOURCE,"SYN__STG_FIN_FLAT__IDAS_NBVAMBITION,VW_IDAS_MASTERPRODUCT,SYN__STG_AMFS__MIGRATION_STATUS,VW_DIM_PERIOD,VW_FACT_APE_SYSTEM_DAILY",N/A
VW_FACT_ALTERNATE_DAILY,PROCESS_TYPE,"SYN__STG_FIN_FLAT__IDAS_NBVAMBITION,VW_IDAS_MASTERPRODUCT,SYN__STG_AMFS__MIGRATION_STATUS,VW_DIM_PERIOD,VW_FACT_APE_SYSTEM_DAILY",N/A
VW_FACT_APE_ACTUARY_DAILY,FACTPERIOD,SYN__STG_FIN_FLAT__IDAS_NBVAMBITION,"YEAR,MONTH"
VW_FACT_APE_ACTUARY_DAILY,PERIODKEY,".VW_DIM_PERIOD, SYN__STG_FIN_FLAT__IDAS_NBVAMBITION","PERIODKEY,YEAR,MONTH"
VW_FACT_APE_ACTUARY_DAILY,PERIODKEY_SYSTEM,VW_FACT_APE_SYSTEM_DAILY,PERIODKEY
VW_FACT_APE_ACTUARY_DAILY,APE,SYN__STG_FIN_FLAT__IDAS_NBVAMBITION,APE AMBITION
VW_FACT_APE_ACTUARY_DAILY,CASECOUNT,SYN__STG_FIN_FLAT__IDAS_NBVAMBITION,CASE COUNT
VW_FACT_APE_ACTUARY_DAILY,MASTERPRODUCT_AMBITION_ID,DWH_OPS.DBO.SYN__STG_FIN_FLAT__IDAS_NBVAMBITION,AMBITION ID
VW_FACT_APE_ACTUARY_DAILY,MASTERPRODUCT_ENTITY,DWH_OPS.DBO.SYN__STG_FIN_FLAT__IDAS_NBVAMBITION,ENTITY
VW_FACT_APE_ACTUARY_DAILY,MASTERPRODUCT_SYSTEM_CODE_ACTUARY,VW_IDAS_MASTERPRODUCT,SYSTEM CODE (ACTUARY)
VW_FACT_APE_ACTUARY_DAILY,MASTERPRODUCT_SUBCHANNEL,VW_IDAS_MASTERPRODUCT,"SYSTEM CODE (ACTUARY),CHANNEL,ENTITY,AMBITION ID"
VW_FACT_APE_ACTUARY_DAILY,MASTERPRODUCT_PRODUCT_ID_PEOPLESOFT,VW_IDAS_MASTERPRODUCT,PRODUCT ID PEOPLESOFT
VW_FACT_APE_ACTUARY_DAILY,MASTERPRODUCT_SP_RP,VW_IDAS_MASTERPRODUCT,SP/RP
VW_FACT_APE_ACTUARY_DAILY,MASTERPRODUCT_GMD_ID,VW_IDAS_MASTERPRODUCT,GMD ID
VW_FACT_APE_ACTUARY_DAILY,MASTERPRODUCT_CHANNEL,VW_IDAS_MASTERPRODUCT,"ENTITY,CHANNEL,AMBITION ID"
VW_FACT_APE_ACTUARY_DAILY,MASTERPRODUCT_PRODUCT_GROUP,VW_IDAS_MASTERPRODUCT,PRODUCT GROUP
VW_FACT_APE_ACTUARY_DAILY,MASTERPRODUCT_PRODUCT_CATEGORY,VW_IDAS_MASTERPRODUCT,PRODUCT CATEGORY
VW_FACT_APE_ACTUARY_DAILY,MASTERPRODUCT_PRODUCT_SUB_CATEGORY,VW_IDAS_MASTERPRODUCT,PRODUCT SUB CATEGORY
VW_FACT_APE_ACTUARY_DAILY,MASTERPRODUCT_GMD_CATEGORY,VW_IDAS_MASTERPRODUCT,GMD CATEGORY
VW_FACT_APE_ACTUARY_DAILY,MASTERPRODUCT_RIDER_CATEGORY,VW_IDAS_MASTERPRODUCT,RIDER CATEGORY
VW_FACT_APE_ACTUARY_DAILY,MASTERPRODUCT_SYARIAH,VW_IDAS_MASTERPRODUCT,SYARIAH
VW_FACT_APE_ACTUARY_DAILY,MASTERPRODUCT_PRODUCT_NAME_ACTUARY,VW_IDAS_MASTERPRODUCT,PRODUCT NAME (ACTUARY)
VW_FACT_APE_ACTUARY_DAILY,MASTERPRODUCT_PRODUCT_NAME_MARKETING,VW_IDAS_MASTERPRODUCT,PRODUCT NAME MARKETING
VW_FACT_APE_ACTUARY_DAILY,MASTERPRODUCT_PRODUCT_NAME_FINANCE,VW_IDAS_MASTERPRODUCT,PRODUCT NAME FINANCE
VW_FACT_APE_ACTUARY_DAILY,MASTERPRODUCT_PRODUCT_NAME_PEOPLESOFT,VW_IDAS_MASTERPRODUCT,PRODUCT NAME PEOPLESOFT
VW_FACT_APE_ACTUARY_DAILY,MASTERPRODUCT_PRODUCT_SUMM_NAME,VW_IDAS_MASTERPRODUCT,PRODUCT_SUMM_NAME
VW_FACT_APE_ACTUARY_DAILY,MASTERPRODUCT_SYSTEM,VW_IDAS_MASTERPRODUCT,SYSTEM
VW_FACT_APE_ACTUARY_DAILY,MASTERPRODUCT_APE_MIX,VW_IDAS_MASTERPRODUCT,APE  MIX
VW_FACT_APE_ACTUARY_DAILY,MASTERPRODUCT_PROD_DASHBOARD_CATEGORY,VW_IDAS_MASTERPRODUCT,PROD_DASHBOARD_CATEGORY
VW_FACT_APE_ACTUARY_DAILY,APE_SOURCE,,
VW_FACT_APE_ACTUARY_DAILY,PROCESS_TYPE,,
VW_DIM_PERIOD,PERIODKEY,DIM_PERIOD,PERIODKEY
VW_DIM_PERIOD,FULLDATEALTERNATEKEY,DIM_PERIOD,FULLDATEALTERNATEKEY
VW_DIM_PERIOD,DAYNUMBEROFWEEK,DIM_PERIOD,DAYNUMBEROFWEEK
VW_DIM_PERIOD,DAYNAMEOFWEEK,DIM_PERIOD,DAYNAMEOFWEEK
VW_DIM_PERIOD,DAYNUMBEROFMONTH,DIM_PERIOD,DAYNUMBEROFMONTH
VW_DIM_PERIOD,DAYNUMBEROFYEAR,DIM_PERIOD,DAYNUMBEROFYEAR
VW_DIM_PERIOD,MONTHNAME,DIM_PERIOD,MONTHNAME
VW_DIM_PERIOD,MONTHNUMBEROFYEAR,DIM_PERIOD,MONTHNUMBEROFYEAR
VW_DIM_PERIOD,CALENDARQUARTER,DIM_PERIOD,CALENDARQUARTER
VW_DIM_PERIOD,CALENDARSEMESTER,DIM_PERIOD,CALENDARSEMESTER
VW_DIM_PERIOD,CALENDARYEAR,DIM_PERIOD,CALENDARYEAR
VW_DIM_PERIOD,ISWORKINGDAY,DIM_PERIOD,ISWORKINGDAY
VW_DIM_PERIOD,ISWEEKDAY,DIM_PERIOD,ISWEEKDAY
VW_DIM_PERIOD,MONTHKEY,DIM_PERIOD,MONTHKEY
VW_DIM_PERIOD,MONTHKEY_PREV,DIM_PERIOD,MONTHKEY_PREV
VW_DIM_PERIOD,WORKING_DAY_ALL,DIM_PERIOD,WORKING_DAY_ALL
VW_DIM_PERIOD,WORKING_DAY_NUMBER_OF_MONTH,DIM_PERIOD,WORKING_DAY_NUMBER_OF_MONTH
VW_DIM_PERIOD,WORKING_DAY_NUMBER_OF_MONTH_PREV_DAY,DIM_PERIOD,WORKING_DAY_NUMBER_OF_MONTH_PREV_DAY
VW_DIM_PERIOD,WORKING_DAY_NUMBER_OF_MONTH_PREV_MONTH,DIM_PERIOD,WORKING_DAY_NUMBER_OF_MONTH_PREV_MONTH
VW_DIM_PERIOD,PERIODKEY_PREV_DAY,DIM_PERIOD,PERIODKEY_PREV_DAY
VW_DIM_PERIOD,PERIODKEY_PREV_MONTH,DIM_PERIOD,PERIODKEY_PREV_MONTH
FactTMAdminSnapMonthly,PeriodKey,IDAS_TM_POLICY_ADMIN_SNAP_MONTHLY,EffectiveDate2
FactTMAdminSnapMonthly,FactPeriod,IDAS_TM_POLICY_ADMIN_SNAP_MONTHLY,FactPeriod
FactTMAdminSnapMonthly,EffectiveDate,IDAS_TM_POLICY_ADMIN_SNAP_MONTHLY,EffectiveDate2
FactTMAdminSnapMonthly,TMProductKey,DimTMProduct,TMProductKey
FactTMAdminSnapMonthly,TMPolicyKey,DimTMPolicy,TMPolicyKey
FactTMAdminSnapMonthly,TMUserKey,DimTMUser,TMUserKey
FactTMAdminSnapMonthly,TMPaymentModeKey,DimTMPaymentMode ,TMPaymentModeKey
FactTMAdminSnapMonthly,TMPlanKey,DimTMPlan ,TMPlanKey
FactTMAdminSnapMonthly,TMPolicyStatusKey,DimTMPolicyStatus ,TMPolicyStatusKey
FactTMAdminSnapMonthly,TMAgentKey,DimTMAgent ,TMAgentKey
FactTMAdminSnapMonthly,TMModifyByKey,DimTMModifyBy ,TMModifyByKey
FactTMAdminSnapMonthly,TMCreatedByKey,DimTMCreatedBy ,TMCreatedByKey
FactTMAdminSnapMonthly,TMRequestByKey,DimTMRequestBy ,TMRequestByKey
FactTMAdminSnapMonthly,TMSourceTableKey,DimTMSourceTable ,TMSourceTableKey
FactTMAdminSnapMonthly,InputDate,IDAS_TM_POLICY_ADMIN_SNAP_MONTHLY,InputDate
FactTMAdminSnapMonthly,Premium,IDAS_TM_POLICY_ADMIN_SNAP_MONTHLY,Premium
FactTMAdminSnapMonthly,NBI,IDAS_TM_POLICY_ADMIN_SNAP_MONTHLY,NBI
FactTMAdminSnapMonthly,EffectiveDate2,IDAS_TM_POLICY_ADMIN_SNAP_MONTHLY,EffectiveDate2
FactTMAdminSnapMonthly,CancelationDate,IDAS_TM_POLICY_ADMIN_SNAP_MONTHLY,CancelationDate
FactTMAdminSnapMonthly,ApplicationDate,IDAS_TM_POLICY_ADMIN_SNAP_MONTHLY,ApplicationDate
FactTMAdminSnapMonthly,LogDate,,
DimTMProduct ,Product ID,IDAS_TM_POLICY_ADMIN_SNAP_MONTHLY,Product ID
DimTMProduct ,Product Group,IDAS_TM_POLICY_ADMIN_SNAP_MONTHLY,Product Group
DimTMProduct ,Product ID Compare,IDAS_TM_POLICY_ADMIN_SNAP_MONTHLY,Product ID
DimTMProduct ,Product Group Compare,IDAS_TM_POLICY_ADMIN_SNAP_MONTHLY,Product Group
DimTMProduct ,InsertDate,,GETDATE()
DimTMProduct ,LastModifiedDate,,NULL
DimTMProduct ,LogDate,,GETDATE()
DimTMPolicy,TMPolicyKey,IDAS_TM_POLICY_ADMIN_SNAP_MONTHLY,TMPolicyKey
DimTMPolicy,PolicyNo,IDAS_TM_POLICY_ADMIN_SNAP_MONTHLY,Policy No
DimTMPolicy,RefferenceNo,IDAS_TM_POLICY_ADMIN_SNAP_MONTHLY,Refference No
DimTMPolicy,EffectiveDate,IDAS_TM_POLICY_ADMIN_SNAP_MONTHLY,Effective Date
DimTMPolicy,EffectiveDate2,IDAS_TM_POLICY_ADMIN_SNAP_MONTHLY,Effective Date2
DimTMPolicy,InputDate,IDAS_TM_POLICY_ADMIN_SNAP_MONTHLY,Input Date
DimTMPolicy,CIFNo,IDAS_TM_POLICY_ADMIN_SNAP_MONTHLY,CIF No
DimTMPolicy,HolderName,IDAS_TM_POLICY_ADMIN_SNAP_MONTHLY,Holder Name
DimTMPolicy,HolderDOB,IDAS_TM_POLICY_ADMIN_SNAP_MONTHLY,Holder DOB
DimTMPolicy,TMID,IDAS_TM_POLICY_ADMIN_SNAP_MONTHLY,TM ID
DimTMPolicy,BirthDate2,IDAS_TM_POLICY_ADMIN_SNAP_MONTHLY,Birth Date2
DimTMPolicy,CancelationDate,IDAS_TM_POLICY_ADMIN_SNAP_MONTHLY,Cancelation Date
DimTMPolicy,InsertDate,,GETDATE()
DimTMPolicy,LastModifiedDate,,NULL
DimTMPolicy,LogDate,,GETDATE()
DimTMPolicy,Policy No Compare,IDAS_TM_POLICY_ADMIN_SNAP_MONTHLY,Policy No
DimTMPolicy,RefferenceNo Compare,IDAS_TM_POLICY_ADMIN_SNAP_MONTHLY,Refference No
DimTMPolicy,Effective Date Compare,IDAS_TM_POLICY_ADMIN_SNAP_MONTHLY,Effective Date
DimTMPolicy,Effective Date2 Compare,IDAS_TM_POLICY_ADMIN_SNAP_MONTHLY,Effective Date2
DimTMPolicy,Input Date Compare,IDAS_TM_POLICY_ADMIN_SNAP_MONTHLY,Input Date
DimTMPolicy,CIF No Compare,IDAS_TM_POLICY_ADMIN_SNAP_MONTHLY,CIF No
DimTMPolicy,Holder Name Compare,IDAS_TM_POLICY_ADMIN_SNAP_MONTHLY,Holder Name
DimTMPolicy,Holder DOB Compare,IDAS_TM_POLICY_ADMIN_SNAP_MONTHLY,Holder DOB
DimTMPolicy,TM ID Compare,IDAS_TM_POLICY_ADMIN_SNAP_MONTHLY,TM ID
DimTMPolicy,Birth Date2 Compare,IDAS_TM_POLICY_ADMIN_SNAP_MONTHLY,Birth Date2
DimTMPolicy,Cancelation Date Compare,IDAS_TM_POLICY_ADMIN_SNAP_MONTHLY,Cancelation Date
DimTMUser,User Compare,IDAS_TM_POLICY_ADMIN_SNAP_MONTHLY,User
DimTMUser,InsertDate,,GETDATE()
DimTMUser,LastModifiedDate,,NULL
DimTMUser,LogDate,,GETDATE()
DimTMPaymentMode,Payment Mode,IDAS_TM_POLICY_ADMIN_SNAP_MONTHLY,Payment Mode
DimTMPaymentMode,Payment Mode Compare,IDAS_TM_POLICY_ADMIN_SNAP_MONTHLY,Payment Mode
DimTMPaymentMode,InsertDate,,GETDATE()
DimTMPaymentMode,LastModifiedDate,,NULL
DimTMPaymentMode,LogDate,,GETDATE()
DimTMPlan,Plan,IDAS_TM_POLICY_ADMIN_SNAP_MONTHLY,Plan
DimTMPlan,Plan Compare,IDAS_TM_POLICY_ADMIN_SNAP_MONTHLY,Plan
DimTMPlan,InsertDate,,GETDATE()
DimTMPlan,LastModifiedDate,,NULL
DimTMPlan,LogDate,,GETDATE()
DimTMPolicyStatus,Policy Status,IDAS_TM_POLICY_ADMIN_SNAP_MONTHLY,
DimTMPolicyStatus,Policy Status Compare,IDAS_TM_POLICY_ADMIN_SNAP_MONTHLY,
DimTMPolicyStatus,InsertDate,,GETDATE()
DimTMPolicyStatus,LastModifiedDate,,NULL
DimTMPolicyStatus,LogDate,,GETDATE()
DimTMAgent,SPVID,IDAS_TM_POLICY_ADMIN_SNAP_MONTHLY,SPVID
DimTMAgent,ATMID,IDAS_TM_POLICY_ADMIN_SNAP_MONTHLY,ATMID
DimTMAgent,TSMID,IDAS_TM_POLICY_ADMIN_SNAP_MONTHLY,TSMID
DimTMAgent,AgentCode,IDAS_TM_POLICY_ADMIN_SNAP_MONTHLY,AgentCode
DimTMAgent,SPVID Compare,IDAS_TM_POLICY_ADMIN_SNAP_MONTHLY,SPVID
DimTMAgent,ATMID Compare,IDAS_TM_POLICY_ADMIN_SNAP_MONTHLY,ATMID
DimTMAgent,TSMID Compare,IDAS_TM_POLICY_ADMIN_SNAP_MONTHLY,TSMID
DimTMAgent,AgentCode Compare,IDAS_TM_POLICY_ADMIN_SNAP_MONTHLY,AgentCode
DimTMAgent,InsertDate,,GETDATE()
DimTMAgent,LastModifiedDate,,NULL
DimTMAgent,LogDate,,GETDATE()
DimTMModifyBy,ModifyBy,IDAS_TM_POLICY_ADMIN_SNAP_MONTHLY,ModifyBy
DimTMModifyBy,ModifyBy Compare,IDAS_TM_POLICY_ADMIN_SNAP_MONTHLY,ModifyBy
DimTMModifyBy,InsertDate,,GETDATE()
DimTMModifyBy,LastModifiedDate,,NULL
DimTMModifyBy,LogDate,,GETDATE()
DimTMCreatedBy,CreatedBy,IDAS_TM_POLICY_ADMIN_SNAP_MONTHLY,CreatedBy
DimTMCreatedBy,CreatedBy Compare,IDAS_TM_POLICY_ADMIN_SNAP_MONTHLY,CreatedBy
DimTMCreatedBy,InsertDate,,GETDATE()
DimTMCreatedBy,LastModifiedDate,,NULL
DimTMCreatedBy,LogDate,,GETDATE()
DimTMRequestBy,RequestBy,IDAS_TM_POLICY_ADMIN_SNAP_MONTHLY,RequestBy
DimTMRequestBy,RequestBy Compare,IDAS_TM_POLICY_ADMIN_SNAP_MONTHLY,RequestBy
DimTMRequestBy,InsertDate,,GETDATE()
DimTMRequestBy,LastModifiedDate,,NULL
DimTMRequestBy,LogDate,,GETDATE()
DimTMSourceTable,Source_Table,IDAS_TM_POLICY_ADMIN_SNAP_MONTHLY,Source_Table
DimTMSourceTable,Source_Table Compare,IDAS_TM_POLICY_ADMIN_SNAP_MONTHLY,Source_Table Compare
DimTMSourceTable,InsertDate,,GETDATE()
DimTMSourceTable,LastModifiedDate,,NULL
DimTMSourceTable,LogDate,,GETDATE()
FactTMAdminTargetMonthly,PeriodKey,IDAS_TM_POLICY_ADMIN_TARGET_MONTHLY,PeriodKey
FactTMAdminTargetMonthly,TMTargetSourceDatabaseKey,DimTMTargetSourceDatabase,TMTargetSourceDatabaseKey
FactTMAdminTargetMonthly,TMTargetSubChannelKey,DimTMTargetSubChannel,TMTargetSubChannelKey
FactTMAdminTargetMonthly,TMTargetMasterProductSyariahKey,DimTMTargetMasterProductSyariah,TMTargetMasterProductSyariahKey
FactTMAdminTargetMonthly,APEBankMTD,IDAS_TM_POLICY_ADMIN_TARGET_MONTHLY,APEBankMTD
FactTMAdminTargetMonthly,CaseBankMTD,IDAS_TM_POLICY_ADMIN_TARGET_MONTHLY,CaseBankMTD
FactTMAdminTargetMonthly,LogDate,,
DimTMTargetSourceDatabase,SourceDatabase,IDAS_TM_POLICY_ADMIN_TARGET_MONTHLY,SourceDatabase
DimTMTargetSourceDatabase,SourceDatabase Compare,IDAS_TM_POLICY_ADMIN_TARGET_MONTHLY,SourceDatabase
DimTMTargetSourceDatabase,InsertDate,,GETDATE()
DimTMTargetSourceDatabase,LastModifiedDate,,NULL
DimTMTargetSourceDatabase,LogDate,,GETDATE()
DimTMTargetSubChannel,SubChannel,IDAS_TM_POLICY_ADMIN_TARGET_MONTHLY,SubChannel
DimTMTargetSubChannel,SubChannel Compare,IDAS_TM_POLICY_ADMIN_TARGET_MONTHLY,SubChannel
DimTMTargetSubChannel,InsertDate,,GETDATE()
DimTMTargetSubChannel,LastModifiedDate,,NULL
DimTMTargetSubChannel,LogDate,,GETDATE()
DimTMTargetMasterProductSyariah,MasterProductSyariah,IDAS_TM_POLICY_ADMIN_TARGET_MONTHLY,MasterProductSyariah
DimTMTargetMasterProductSyariah,MasterProductSyariah Compare,IDAS_TM_POLICY_ADMIN_TARGET_MONTHLY,MasterProductSyariah
DimTMTargetMasterProductSyariah,InsertDate,,GETDATE()
DimTMTargetMasterProductSyariah,LastModifiedDate,,NULL
DimTMTargetMasterProductSyariah,LogDate,,GETDATE()
VW_FACT_ALTERNATE_MONTHLY,FACTPERIOD,"DWH_OPS.DBO.VW_FACT_ALTERNATE_DAILY, DWH_OPS.DBO.VW_FACT_APE_ACTUARY_DAILY, DWH_OPS.DBO.VW_FACT_APE_SYSTEM_DAILY",FACTPERIOD
VW_FACT_ALTERNATE_MONTHLY,PERIODKEY,"DWH_OPS.DBO.VW_FACT_ALTERNATE_DAILY, DWH_OPS.DBO.VW_FACT_APE_ACTUARY_DAILY, DWH_OPS.DBO.VW_FACT_APE_SYSTEM_DAILY",PERIODKEY
VW_FACT_ALTERNATE_MONTHLY,APE_EOM,"DWH_OPS.DBO.VW_FACT_ALTERNATE_DAILY, DWH_OPS.DBO.VW_FACT_APE_ACTUARY_DAILY, DWH_OPS.DBO.VW_FACT_APE_SYSTEM_DAILY","APE, PERIODKEY"
VW_FACT_ALTERNATE_MONTHLY,APE_SAME_DAY,"DWH_OPS.DBO.VW_FACT_ALTERNATE_DAILY, DWH_OPS.DBO.VW_FACT_APE_ACTUARY_DAILY, DWH_OPS.DBO.VW_FACT_APE_SYSTEM_DAILY","APE, PERIODKEY"
VW_FACT_ALTERNATE_MONTHLY,APE_YOY,"DWH_OPS.DBO.VW_FACT_ALTERNATE_DAILY, DWH_OPS.DBO.VW_FACT_APE_ACTUARY_DAILY, DWH_OPS.DBO.VW_FACT_APE_SYSTEM_DAILY","APE, PERIODKEY"
VW_FACT_ALTERNATE_MONTHLY,CASECOUNT,"DWH_OPS.DBO.VW_FACT_ALTERNATE_DAILY, DWH_OPS.DBO.VW_FACT_APE_ACTUARY_DAILY, DWH_OPS.DBO.VW_FACT_APE_SYSTEM_DAILY","CASECOUNT, PERIODKEY"
VW_FACT_ALTERNATE_MONTHLY,MASTERPRODUCT_AMBITION_ID,"DWH_OPS.DBO.VW_FACT_ALTERNATE_DAILY, DWH_OPS.DBO.VW_FACT_APE_ACTUARY_DAILY, DWH_OPS.DBO.VW_FACT_APE_SYSTEM_DAILY",MASTERPRODUCT_AMBITION_ID
VW_FACT_ALTERNATE_MONTHLY,MASTERPRODUCT_ENTITY,"DWH_OPS.DBO.VW_FACT_ALTERNATE_DAILY, DWH_OPS.DBO.VW_FACT_APE_ACTUARY_DAILY, DWH_OPS.DBO.VW_FACT_APE_SYSTEM_DAILY",MASTERPRODUCT_ENTITY
VW_FACT_ALTERNATE_MONTHLY,MASTERPRODUCT_SYSTEM_CODE_ACTUARY,"DWH_OPS.DBO.VW_FACT_ALTERNATE_DAILY, DWH_OPS.DBO.VW_FACT_APE_ACTUARY_DAILY, DWH_OPS.DBO.VW_FACT_APE_SYSTEM_DAILY",MASTERPRODUCT_SYSTEM_CODE_ACTUARY
VW_FACT_ALTERNATE_MONTHLY,MASTERPRODUCT_PRODUCT_ID_PEOPLESOFT,"DWH_OPS.DBO.VW_FACT_ALTERNATE_DAILY, DWH_OPS.DBO.VW_FACT_APE_ACTUARY_DAILY, DWH_OPS.DBO.VW_FACT_APE_SYSTEM_DAILY",MASTERPRODUCT_PRODUCT_ID_PEOPLESOFT
VW_FACT_ALTERNATE_MONTHLY,MASTERPRODUCT_SP_RP,"DWH_OPS.DBO.VW_FACT_ALTERNATE_DAILY, DWH_OPS.DBO.VW_FACT_APE_ACTUARY_DAILY, DWH_OPS.DBO.VW_FACT_APE_SYSTEM_DAILY",MASTERPRODUCT_SP_RP
VW_FACT_ALTERNATE_MONTHLY,MASTERPRODUCT_GMD_ID,"DWH_OPS.DBO.VW_FACT_ALTERNATE_DAILY, DWH_OPS.DBO.VW_FACT_APE_ACTUARY_DAILY, DWH_OPS.DBO.VW_FACT_APE_SYSTEM_DAILY",MASTERPRODUCT_GMD_ID
VW_FACT_ALTERNATE_MONTHLY,MASTERPRODUCT_CHANNEL,"DWH_OPS.DBO.VW_FACT_ALTERNATE_DAILY, DWH_OPS.DBO.VW_FACT_APE_ACTUARY_DAILY, DWH_OPS.DBO.VW_FACT_APE_SYSTEM_DAILY",MASTERPRODUCT_CHANNEL
VW_FACT_ALTERNATE_MONTHLY,MASTERPRODUCT_SUBCHANNEL,"DWH_OPS.DBO.VW_FACT_ALTERNATE_DAILY, DWH_OPS.DBO.VW_FACT_APE_ACTUARY_DAILY, DWH_OPS.DBO.VW_FACT_APE_SYSTEM_DAILY",MASTERPRODUCT_SUBCHANNEL
VW_FACT_ALTERNATE_MONTHLY,MASTERPRODUCT_PRODUCT_GROUP,"DWH_OPS.DBO.VW_FACT_ALTERNATE_DAILY, DWH_OPS.DBO.VW_FACT_APE_ACTUARY_DAILY, DWH_OPS.DBO.VW_FACT_APE_SYSTEM_DAILY",MASTERPRODUCT_PRODUCT_GROUP
VW_FACT_ALTERNATE_MONTHLY,MASTERPRODUCT_PRODUCT_CATEGORY,"DWH_OPS.DBO.VW_FACT_ALTERNATE_DAILY, DWH_OPS.DBO.VW_FACT_APE_ACTUARY_DAILY, DWH_OPS.DBO.VW_FACT_APE_SYSTEM_DAILY",MASTERPRODUCT_PRODUCT_CATEGORY
VW_FACT_ALTERNATE_MONTHLY,MASTERPRODUCT_PRODUCT_SUB_CATEGORY,"DWH_OPS.DBO.VW_FACT_ALTERNATE_DAILY, DWH_OPS.DBO.VW_FACT_APE_ACTUARY_DAILY, DWH_OPS.DBO.VW_FACT_APE_SYSTEM_DAILY",MASTERPRODUCT_PRODUCT_SUB_CATEGORY
VW_FACT_ALTERNATE_MONTHLY,MASTERPRODUCT_GMD_CATEGORY,"DWH_OPS.DBO.VW_FACT_ALTERNATE_DAILY, DWH_OPS.DBO.VW_FACT_APE_ACTUARY_DAILY, DWH_OPS.DBO.VW_FACT_APE_SYSTEM_DAILY",MASTERPRODUCT_GMD_CATEGORY
VW_FACT_ALTERNATE_MONTHLY,MASTERPRODUCT_RIDER_CATEGORY,"DWH_OPS.DBO.VW_FACT_ALTERNATE_DAILY, DWH_OPS.DBO.VW_FACT_APE_ACTUARY_DAILY, DWH_OPS.DBO.VW_FACT_APE_SYSTEM_DAILY",MASTERPRODUCT_RIDER_CATEGORY
VW_FACT_ALTERNATE_MONTHLY,MASTERPRODUCT_SYARIAH,"DWH_OPS.DBO.VW_FACT_ALTERNATE_DAILY, DWH_OPS.DBO.VW_FACT_APE_ACTUARY_DAILY, DWH_OPS.DBO.VW_FACT_APE_SYSTEM_DAILY",MASTERPRODUCT_SYARIAH
VW_FACT_ALTERNATE_MONTHLY,MASTERPRODUCT_PRODUCT_NAME_ACTUARY,"DWH_OPS.DBO.VW_FACT_ALTERNATE_DAILY, DWH_OPS.DBO.VW_FACT_APE_ACTUARY_DAILY, DWH_OPS.DBO.VW_FACT_APE_SYSTEM_DAILY",MASTERPRODUCT_PRODUCT_NAME_ACTUARY
VW_FACT_ALTERNATE_MONTHLY,MASTERPRODUCT_PRODUCT_NAME_MARKETING,"DWH_OPS.DBO.VW_FACT_ALTERNATE_DAILY, DWH_OPS.DBO.VW_FACT_APE_ACTUARY_DAILY, DWH_OPS.DBO.VW_FACT_APE_SYSTEM_DAILY",MASTERPRODUCT_PRODUCT_NAME_MARKETING
VW_FACT_ALTERNATE_MONTHLY,MASTERPRODUCT_PRODUCT_NAME_FINANCE,"DWH_OPS.DBO.VW_FACT_ALTERNATE_DAILY, DWH_OPS.DBO.VW_FACT_APE_ACTUARY_DAILY, DWH_OPS.DBO.VW_FACT_APE_SYSTEM_DAILY",MASTERPRODUCT_PRODUCT_NAME_FINANCE
VW_FACT_ALTERNATE_MONTHLY,MASTERPRODUCT_PRODUCT_NAME_PEOPLESOFT,"DWH_OPS.DBO.VW_FACT_ALTERNATE_DAILY, DWH_OPS.DBO.VW_FACT_APE_ACTUARY_DAILY, DWH_OPS.DBO.VW_FACT_APE_SYSTEM_DAILY",MASTERPRODUCT_PRODUCT_NAME_PEOPLESOFT
VW_FACT_ALTERNATE_MONTHLY,MASTERPRODUCT_PRODUCT_SUMM_NAME,"DWH_OPS.DBO.VW_FACT_ALTERNATE_DAILY, DWH_OPS.DBO.VW_FACT_APE_ACTUARY_DAILY, DWH_OPS.DBO.VW_FACT_APE_SYSTEM_DAILY",MASTERPRODUCT_PRODUCT_SUMM_NAME
VW_FACT_ALTERNATE_MONTHLY,MASTERPRODUCT_SYSTEM,"DWH_OPS.DBO.VW_FACT_ALTERNATE_DAILY, DWH_OPS.DBO.VW_FACT_APE_ACTUARY_DAILY, DWH_OPS.DBO.VW_FACT_APE_SYSTEM_DAILY",MASTERPRODUCT_SYSTEM
VW_FACT_ALTERNATE_MONTHLY,MASTERPRODUCT_APE_MIX,"DWH_OPS.DBO.VW_FACT_ALTERNATE_DAILY, DWH_OPS.DBO.VW_FACT_APE_ACTUARY_DAILY, DWH_OPS.DBO.VW_FACT_APE_SYSTEM_DAILY",MASTERPRODUCT_APE_MIX
VW_FACT_ALTERNATE_MONTHLY,MASTERPRODUCT_PROD_DASHBOARD_CATEGORY,"DWH_OPS.DBO.VW_FACT_ALTERNATE_DAILY, DWH_OPS.DBO.VW_FACT_APE_ACTUARY_DAILY, DWH_OPS.DBO.VW_FACT_APE_SYSTEM_DAILY",MASTERPRODUCT_PROD_DASHBOARD_CATEGORY
VW_FACT_ALTERNATE_MONTHLY,APE_SOURCE,"DWH_OPS.DBO.VW_FACT_ALTERNATE_DAILY, DWH_OPS.DBO.VW_FACT_APE_ACTUARY_DAILY, DWH_OPS.DBO.VW_FACT_APE_SYSTEM_DAILY",APE_SOURCE
VW_FACT_ALTERNATE_MONTHLY,PROCESS_TYPE,"DWH_OPS.DBO.VW_FACT_ALTERNATE_DAILY, DWH_OPS.DBO.VW_FACT_APE_ACTUARY_DAILY, DWH_OPS.DBO.VW_FACT_APE_SYSTEM_DAILY",PROCESS_TYPE
VW_FACT_ALTERNATE_DAILY,FACTPERIOD,"SYN__STG_FIN_FLAT__IDAS_NBVAMBITION,VW_IDAS_MASTERPRODUCT,SYN__STG_AMFS__MIGRATION_STATUS,VW_DIM_PERIOD,VW_FACT_APE_SYSTEM_DAILY","ENTITY,AMBITION ID,APE AMBITION,CASE COUNT,LOGDATE,PERIODKEY,Syariah,MASTERPRODUCT_ENTITY,SYSTEM CODE (ACTUARY),CHANNEL,PRODUCT ID PEOPLESOFT,SP/RP,GMD ID,PRODUCT GROUP,PRODUCT CATEGORY,PRODUCT SUB CATEGORY,GMD CATEGORY,RIDER CATEGORY,PRODUCT NAME (ACTUARY),PRODUCT NAME MARKETING,PRODUCT NAME FINANCE,PRODUCT NAME PEOPLESOFT,PRODUCT_SUMM_NAME,SYSTEM,APE  MIX,PROD_DASHBOARD_CATEGORY,OFDATE,OFPROC,MONTH,YEAR"
VW_FACT_ALTERNATE_DAILY,PERIODKEY,"SYN__STG_FIN_FLAT__IDAS_NBVAMBITION,VW_IDAS_MASTERPRODUCT,SYN__STG_AMFS__MIGRATION_STATUS,VW_DIM_PERIOD,VW_FACT_APE_SYSTEM_DAILY","PERIODKEY,OFDATE,OFPROC,MONTH,YEAR"
VW_FACT_ALTERNATE_DAILY,APE,"SYN__STG_FIN_FLAT__IDAS_NBVAMBITION,VW_IDAS_MASTERPRODUCT,SYN__STG_AMFS__MIGRATION_STATUS,VW_DIM_PERIOD,VW_FACT_APE_SYSTEM_DAILY",APE AMBITION
VW_FACT_ALTERNATE_DAILY,CASECOUNT,"SYN__STG_FIN_FLAT__IDAS_NBVAMBITION,VW_IDAS_MASTERPRODUCT,SYN__STG_AMFS__MIGRATION_STATUS,VW_DIM_PERIOD,VW_FACT_APE_SYSTEM_DAILY","ENTITY,AMBITION ID,CASE COUNT,SYSTEM CODE (ACTUARY),CHANNEL"
VW_FACT_ALTERNATE_DAILY,MASTERPRODUCT_AMBITION_ID,"SYN__STG_FIN_FLAT__IDAS_NBVAMBITION,VW_IDAS_MASTERPRODUCT,SYN__STG_AMFS__MIGRATION_STATUS,VW_DIM_PERIOD,VW_FACT_APE_SYSTEM_DAILY",AMBITION ID
VW_FACT_ALTERNATE_DAILY,MASTERPRODUCT_ENTITY,"SYN__STG_FIN_FLAT__IDAS_NBVAMBITION,VW_IDAS_MASTERPRODUCT,SYN__STG_AMFS__MIGRATION_STATUS,VW_DIM_PERIOD,VW_FACT_APE_SYSTEM_DAILY",ENTITY
VW_FACT_ALTERNATE_DAILY,MASTERPRODUCT_SYSTEM_CODE_ACTUARY,"SYN__STG_FIN_FLAT__IDAS_NBVAMBITION,VW_IDAS_MASTERPRODUCT,SYN__STG_AMFS__MIGRATION_STATUS,VW_DIM_PERIOD,VW_FACT_APE_SYSTEM_DAILY",SYSTEM CODE (ACTUARY)
VW_FACT_ALTERNATE_DAILY,MASTERPRODUCT_SUBCHANNEL,"SYN__STG_FIN_FLAT__IDAS_NBVAMBITION,VW_IDAS_MASTERPRODUCT,SYN__STG_AMFS__MIGRATION_STATUS,VW_DIM_PERIOD,VW_FACT_APE_SYSTEM_DAILY","ENTITY,AMBITION ID,SYSTEM CODE (ACTUARY),CHANNEL"
VW_FACT_ALTERNATE_DAILY,MASTERPRODUCT_PRODUCT_ID_PEOPLESOFT,"SYN__STG_FIN_FLAT__IDAS_NBVAMBITION,VW_IDAS_MASTERPRODUCT,SYN__STG_AMFS__MIGRATION_STATUS,VW_DIM_PERIOD,VW_FACT_APE_SYSTEM_DAILY",PRODUCT ID PEOPLESOFT
VW_FACT_ALTERNATE_DAILY,MASTERPRODUCT_SP_RP,"SYN__STG_FIN_FLAT__IDAS_NBVAMBITION,VW_IDAS_MASTERPRODUCT,SYN__STG_AMFS__MIGRATION_STATUS,VW_DIM_PERIOD,VW_FACT_APE_SYSTEM_DAILY",SP/RP
VW_FACT_ALTERNATE_DAILY,MASTERPRODUCT_GMD_ID,"SYN__STG_FIN_FLAT__IDAS_NBVAMBITION,VW_IDAS_MASTERPRODUCT,SYN__STG_AMFS__MIGRATION_STATUS,VW_DIM_PERIOD,VW_FACT_APE_SYSTEM_DAILY",GMD ID
VW_FACT_ALTERNATE_DAILY,MASTERPRODUCT_CHANNEL,"SYN__STG_FIN_FLAT__IDAS_NBVAMBITION,VW_IDAS_MASTERPRODUCT,SYN__STG_AMFS__MIGRATION_STATUS,VW_DIM_PERIOD,VW_FACT_APE_SYSTEM_DAILY","ENTITY,AMBITION ID,CHANNEL"
VW_FACT_ALTERNATE_DAILY,MASTERPRODUCT_PRODUCT_GROUP,"SYN__STG_FIN_FLAT__IDAS_NBVAMBITION,VW_IDAS_MASTERPRODUCT,SYN__STG_AMFS__MIGRATION_STATUS,VW_DIM_PERIOD,VW_FACT_APE_SYSTEM_DAILY",PRODUCT GROUP
VW_FACT_ALTERNATE_DAILY,MASTERPRODUCT_PRODUCT_CATEGORY,"SYN__STG_FIN_FLAT__IDAS_NBVAMBITION,VW_IDAS_MASTERPRODUCT,SYN__STG_AMFS__MIGRATION_STATUS,VW_DIM_PERIOD,VW_FACT_APE_SYSTEM_DAILY",PRODUCT CATEGORY
VW_FACT_ALTERNATE_DAILY,MASTERPRODUCT_PRODUCT_SUB_CATEGORY,"SYN__STG_FIN_FLAT__IDAS_NBVAMBITION,VW_IDAS_MASTERPRODUCT,SYN__STG_AMFS__MIGRATION_STATUS,VW_DIM_PERIOD,VW_FACT_APE_SYSTEM_DAILY",PRODUCT SUB CATEGORY
VW_FACT_ALTERNATE_DAILY,MASTERPRODUCT_GMD_CATEGORY,"SYN__STG_FIN_FLAT__IDAS_NBVAMBITION,VW_IDAS_MASTERPRODUCT,SYN__STG_AMFS__MIGRATION_STATUS,VW_DIM_PERIOD,VW_FACT_APE_SYSTEM_DAILY",GMD CATEGORY
VW_FACT_ALTERNATE_DAILY,MASTERPRODUCT_RIDER_CATEGORY,"SYN__STG_FIN_FLAT__IDAS_NBVAMBITION,VW_IDAS_MASTERPRODUCT,SYN__STG_AMFS__MIGRATION_STATUS,VW_DIM_PERIOD,VW_FACT_APE_SYSTEM_DAILY",RIDER CATEGORY
VW_FACT_ALTERNATE_DAILY,MASTERPRODUCT_SYARIAH,"SYN__STG_FIN_FLAT__IDAS_NBVAMBITION,VW_IDAS_MASTERPRODUCT,SYN__STG_AMFS__MIGRATION_STATUS,VW_DIM_PERIOD,VW_FACT_APE_SYSTEM_DAILY",Syariah
VW_FACT_ALTERNATE_DAILY,MASTERPRODUCT_PRODUCT_NAME_ACTUARY,"SYN__STG_FIN_FLAT__IDAS_NBVAMBITION,VW_IDAS_MASTERPRODUCT,SYN__STG_AMFS__MIGRATION_STATUS,VW_DIM_PERIOD,VW_FACT_APE_SYSTEM_DAILY",PRODUCT NAME (ACTUARY)
VW_FACT_ALTERNATE_DAILY,MASTERPRODUCT_PRODUCT_NAME_MARKETING,"SYN__STG_FIN_FLAT__IDAS_NBVAMBITION,VW_IDAS_MASTERPRODUCT,SYN__STG_AMFS__MIGRATION_STATUS,VW_DIM_PERIOD,VW_FACT_APE_SYSTEM_DAILY",PRODUCT NAME MARKETING
VW_FACT_ALTERNATE_DAILY,MASTERPRODUCT_PRODUCT_NAME_FINANCE,"SYN__STG_FIN_FLAT__IDAS_NBVAMBITION,VW_IDAS_MASTERPRODUCT,SYN__STG_AMFS__MIGRATION_STATUS,VW_DIM_PERIOD,VW_FACT_APE_SYSTEM_DAILY",PRODUCT NAME FINANCE
VW_FACT_ALTERNATE_DAILY,MASTERPRODUCT_PRODUCT_NAME_PEOPLESOFT,"SYN__STG_FIN_FLAT__IDAS_NBVAMBITION,VW_IDAS_MASTERPRODUCT,SYN__STG_AMFS__MIGRATION_STATUS,VW_DIM_PERIOD,VW_FACT_APE_SYSTEM_DAILY",PRODUCT NAME PEOPLESOFT
VW_FACT_ALTERNATE_DAILY,MASTERPRODUCT_PRODUCT_SUMM_NAME,"SYN__STG_FIN_FLAT__IDAS_NBVAMBITION,VW_IDAS_MASTERPRODUCT,SYN__STG_AMFS__MIGRATION_STATUS,VW_DIM_PERIOD,VW_FACT_APE_SYSTEM_DAILY",PRODUCT_SUMM_NAME
VW_FACT_ALTERNATE_DAILY,MASTERPRODUCT_SYSTEM,"SYN__STG_FIN_FLAT__IDAS_NBVAMBITION,VW_IDAS_MASTERPRODUCT,SYN__STG_AMFS__MIGRATION_STATUS,VW_DIM_PERIOD,VW_FACT_APE_SYSTEM_DAILY",SYSTEM
VW_FACT_ALTERNATE_DAILY,MASTERPRODUCT_APE_MIX,"SYN__STG_FIN_FLAT__IDAS_NBVAMBITION,VW_IDAS_MASTERPRODUCT,SYN__STG_AMFS__MIGRATION_STATUS,VW_DIM_PERIOD,VW_FACT_APE_SYSTEM_DAILY",APE  MIX
VW_FACT_ALTERNATE_DAILY,MASTERPRODUCT_PROD_DASHBOARD_CATEGORY,"SYN__STG_FIN_FLAT__IDAS_NBVAMBITION,VW_IDAS_MASTERPRODUCT,SYN__STG_AMFS__MIGRATION_STATUS,VW_DIM_PERIOD,VW_FACT_APE_SYSTEM_DAILY",PROD_DASHBOARD_CATEGORY
VW_FACT_ALTERNATE_DAILY,APE_SOURCE,"SYN__STG_FIN_FLAT__IDAS_NBVAMBITION,VW_IDAS_MASTERPRODUCT,SYN__STG_AMFS__MIGRATION_STATUS,VW_DIM_PERIOD,VW_FACT_APE_SYSTEM_DAILY",N/A
VW_FACT_ALTERNATE_DAILY,PROCESS_TYPE,"SYN__STG_FIN_FLAT__IDAS_NBVAMBITION,VW_IDAS_MASTERPRODUCT,SYN__STG_AMFS__MIGRATION_STATUS,VW_DIM_PERIOD,VW_FACT_APE_SYSTEM_DAILY",N/A
VW_FACT_APE_ACTUARY_DAILY,FACTPERIOD,DWH_OPS.DBO.SYN__STG_FIN_FLAT__IDAS_NBVAMBITION,"YEAR,MONTH"
VW_FACT_APE_ACTUARY_DAILY,PERIODKEY,"DWH_OPS.DBO.VW_DIM_PERIOD,DWH_OPS.DBO.SYN__STG_FIN_FLAT__IDAS_NBVAMBITION","PERIODKEY,YEAR,MONTH"
VW_FACT_APE_ACTUARY_DAILY,PERIODKEY_SYSTEM,DWH_OPS.DBO.VW_FACT_APE_SYSTEM_DAILY,PERIODKEY
VW_FACT_APE_ACTUARY_DAILY,APE,DWH_OPS.DBO.SYN__STG_FIN_FLAT__IDAS_NBVAMBITION,APE AMBITION
VW_FACT_APE_ACTUARY_DAILY,CASECOUNT,DWH_OPS.DBO.SYN__STG_FIN_FLAT__IDAS_NBVAMBITION,CASE COUNT
VW_FACT_APE_ACTUARY_DAILY,MASTERPRODUCT_AMBITION_ID,DWH_OPS.DBO.SYN__STG_FIN_FLAT__IDAS_NBVAMBITION,AMBITION ID
VW_FACT_APE_ACTUARY_DAILY,MASTERPRODUCT_ENTITY,DWH_OPS.DBO.SYN__STG_FIN_FLAT__IDAS_NBVAMBITION,ENTITY
VW_FACT_APE_ACTUARY_DAILY,MASTERPRODUCT_SYSTEM_CODE_ACTUARY,WRBAPP01\SQLSERVER.STG_FIN_FLAT.DBO.VW_IDAS_MASTERPRODUCT,SYSTEM CODE (ACTUARY)
VW_FACT_APE_ACTUARY_DAILY,MASTERPRODUCT_SUBCHANNEL,WRBAPP01\SQLSERVER.STG_FIN_FLAT.DBO.VW_IDAS_MASTERPRODUCT,"SYSTEM CODE (ACTUARY),CHANNEL,ENTITY,AMBITION ID"
VW_FACT_APE_ACTUARY_DAILY,MASTERPRODUCT_PRODUCT_ID_PEOPLESOFT,WRBAPP01\SQLSERVER.STG_FIN_FLAT.DBO.VW_IDAS_MASTERPRODUCT,PRODUCT ID PEOPLESOFT
VW_FACT_APE_ACTUARY_DAILY,MASTERPRODUCT_SP_RP,WRBAPP01\SQLSERVER.STG_FIN_FLAT.DBO.VW_IDAS_MASTERPRODUCT,SP/RP
VW_FACT_APE_ACTUARY_DAILY,MASTERPRODUCT_GMD_ID,WRBAPP01\SQLSERVER.STG_FIN_FLAT.DBO.VW_IDAS_MASTERPRODUCT,GMD ID
VW_FACT_APE_ACTUARY_DAILY,MASTERPRODUCT_CHANNEL,WRBAPP01\SQLSERVER.STG_FIN_FLAT.DBO.VW_IDAS_MASTERPRODUCT,"ENTITY,CHANNEL,AMBITION ID"
VW_FACT_APE_ACTUARY_DAILY,MASTERPRODUCT_PRODUCT_GROUP,WRBAPP01\SQLSERVER.STG_FIN_FLAT.DBO.VW_IDAS_MASTERPRODUCT,PRODUCT GROUP
VW_FACT_APE_ACTUARY_DAILY,MASTERPRODUCT_PRODUCT_CATEGORY,WRBAPP01\SQLSERVER.STG_FIN_FLAT.DBO.VW_IDAS_MASTERPRODUCT,PRODUCT CATEGORY
VW_FACT_APE_ACTUARY_DAILY,MASTERPRODUCT_PRODUCT_SUB_CATEGORY,WRBAPP01\SQLSERVER.STG_FIN_FLAT.DBO.VW_IDAS_MASTERPRODUCT,PRODUCT SUB CATEGORY
VW_FACT_APE_ACTUARY_DAILY,MASTERPRODUCT_GMD_CATEGORY,WRBAPP01\SQLSERVER.STG_FIN_FLAT.DBO.VW_IDAS_MASTERPRODUCT,GMD CATEGORY
VW_FACT_APE_ACTUARY_DAILY,MASTERPRODUCT_RIDER_CATEGORY,WRBAPP01\SQLSERVER.STG_FIN_FLAT.DBO.VW_IDAS_MASTERPRODUCT,RIDER CATEGORY
VW_FACT_APE_ACTUARY_DAILY,MASTERPRODUCT_SYARIAH,WRBAPP01\SQLSERVER.STG_FIN_FLAT.DBO.VW_IDAS_MASTERPRODUCT,SYARIAH
VW_FACT_APE_ACTUARY_DAILY,MASTERPRODUCT_PRODUCT_NAME_ACTUARY,WRBAPP01\SQLSERVER.STG_FIN_FLAT.DBO.VW_IDAS_MASTERPRODUCT,PRODUCT NAME (ACTUARY)
VW_FACT_APE_ACTUARY_DAILY,MASTERPRODUCT_PRODUCT_NAME_MARKETING,WRBAPP01\SQLSERVER.STG_FIN_FLAT.DBO.VW_IDAS_MASTERPRODUCT,PRODUCT NAME MARKETING
VW_FACT_APE_ACTUARY_DAILY,MASTERPRODUCT_PRODUCT_NAME_FINANCE,WRBAPP01\SQLSERVER.STG_FIN_FLAT.DBO.VW_IDAS_MASTERPRODUCT,PRODUCT NAME FINANCE
VW_FACT_APE_ACTUARY_DAILY,MASTERPRODUCT_PRODUCT_NAME_PEOPLESOFT,WRBAPP01\SQLSERVER.STG_FIN_FLAT.DBO.VW_IDAS_MASTERPRODUCT,PRODUCT NAME PEOPLESOFT
VW_FACT_APE_ACTUARY_DAILY,MASTERPRODUCT_PRODUCT_SUMM_NAME,WRBAPP01\SQLSERVER.STG_FIN_FLAT.DBO.VW_IDAS_MASTERPRODUCT,PRODUCT_SUMM_NAME
VW_FACT_APE_ACTUARY_DAILY,MASTERPRODUCT_SYSTEM,WRBAPP01\SQLSERVER.STG_FIN_FLAT.DBO.VW_IDAS_MASTERPRODUCT,SYSTEM
VW_FACT_APE_ACTUARY_DAILY,MASTERPRODUCT_APE_MIX,WRBAPP01\SQLSERVER.STG_FIN_FLAT.DBO.VW_IDAS_MASTERPRODUCT,APE  MIX
VW_FACT_APE_ACTUARY_DAILY,MASTERPRODUCT_PROD_DASHBOARD_CATEGORY,WRBAPP01\SQLSERVER.STG_FIN_FLAT.DBO.VW_IDAS_MASTERPRODUCT,PROD_DASHBOARD_CATEGORY
VW_FACT_APE_ACTUARY_DAILY,APE_SOURCE,,
VW_FACT_APE_ACTUARY_DAILY,PROCESS_TYPE,,
VW_DIM_PERIOD,PERIODKEY,DIM_PERIOD,PERIODKEY
VW_DIM_PERIOD,FULLDATEALTERNATEKEY,DIM_PERIOD,FULLDATEALTERNATEKEY
VW_DIM_PERIOD,DAYNUMBEROFWEEK,DIM_PERIOD,DAYNUMBEROFWEEK
VW_DIM_PERIOD,DAYNAMEOFWEEK,DIM_PERIOD,DAYNAMEOFWEEK
VW_DIM_PERIOD,DAYNUMBEROFMONTH,DIM_PERIOD,DAYNUMBEROFMONTH
VW_DIM_PERIOD,DAYNUMBEROFYEAR,DIM_PERIOD,DAYNUMBEROFYEAR
VW_DIM_PERIOD,MONTHNAME,DIM_PERIOD,MONTHNAME
VW_DIM_PERIOD,MONTHNUMBEROFYEAR,DIM_PERIOD,MONTHNUMBEROFYEAR
VW_DIM_PERIOD,CALENDARQUARTER,DIM_PERIOD,CALENDARQUARTER
VW_DIM_PERIOD,CALENDARSEMESTER,DIM_PERIOD,CALENDARSEMESTER
VW_DIM_PERIOD,CALENDARYEAR,DIM_PERIOD,CALENDARYEAR
VW_DIM_PERIOD,ISWORKINGDAY,DIM_PERIOD,ISWORKINGDAY
VW_DIM_PERIOD,ISWEEKDAY,DIM_PERIOD,ISWEEKDAY
VW_DIM_PERIOD,MONTHKEY,DIM_PERIOD,MONTHKEY
VW_DIM_PERIOD,MONTHKEY_PREV,DIM_PERIOD,MONTHKEY_PREV
VW_DIM_PERIOD,WORKING_DAY_ALL,DIM_PERIOD,WORKING_DAY_ALL
VW_DIM_PERIOD,WORKING_DAY_NUMBER_OF_MONTH,DIM_PERIOD,WORKING_DAY_NUMBER_OF_MONTH
VW_DIM_PERIOD,WORKING_DAY_NUMBER_OF_MONTH_PREV_DAY,DIM_PERIOD,WORKING_DAY_NUMBER_OF_MONTH_PREV_DAY
VW_DIM_PERIOD,WORKING_DAY_NUMBER_OF_MONTH_PREV_MONTH,DIM_PERIOD,WORKING_DAY_NUMBER_OF_MONTH_PREV_MONTH
VW_DIM_PERIOD,PERIODKEY_PREV_DAY,DIM_PERIOD,PERIODKEY_PREV_DAY
VW_DIM_PERIOD,PERIODKEY_PREV_MONTH,DIM_PERIOD,PERIODKEY_PREV_MONTH
VW_FACT_POLICY,POLICYNO,SYN__STG_AMFS_FLAT__VW_IDAS_DMTM_KPI_POLICY_MONTHLY_TM_AMFS,POLICYNO
VW_FACT_POLICY,PERIODKEY,SYN__STG_AMFS_FLAT__VW_IDAS_DMTM_KPI_POLICY_MONTHLY_TM_AMFS,
VW_FACT_POLICY,PRODUCTID,SYN__STG_AMFS_FLAT__VW_IDAS_DMTM_KPI_POLICY_MONTHLY_TM_AMFS,PRODUCTID
VW_FACT_POLICY,SOURCE_DATABASE,SYN__STG_AMFS_FLAT__VW_IDAS_DMTM_KPI_POLICY_MONTHLY_TM_AMFS,SOURCE_DATABASE
VW_FACT_POLICY,CASE_SUBMIT,SYN__STG_AMFS_FLAT__VW_IDAS_DMTM_KPI_POLICY_MONTHLY_TM_AMFS,CASE_SUBMIT
VW_FACT_POLICY,CASE_PENDING,SYN__STG_AMFS_FLAT__VW_IDAS_DMTM_KPI_POLICY_MONTHLY_TM_AMFS,CASE_PENDING
VW_FACT_POLICY,CASE_PENDING_NOSPILL,SYN__STG_AMFS_FLAT__VW_IDAS_DMTM_KPI_POLICY_MONTHLY_TM_AMFS,CASE_PENDING_NOSPILL
VW_FACT_POLICY,CASE_ISSUE,SYN__STG_AMFS_FLAT__VW_IDAS_DMTM_KPI_POLICY_MONTHLY_TM_AMFS,CASE_ISSUE
VW_FACT_POLICY,CASE_ISSUE_NOSPILL,SYN__STG_AMFS_FLAT__VW_IDAS_DMTM_KPI_POLICY_MONTHLY_TM_AMFS,CASE_ISSUE_NOSPILL
VW_FACT_POLICY,CASE_COOLOFF,SYN__STG_AMFS_FLAT__VW_IDAS_DMTM_KPI_POLICY_MONTHLY_TM_AMFS,CASE_COOLOFF
VW_FACT_POLICY,CASE_COOLOFF_ADMIN,SYN__STG_AMFS_FLAT__VW_IDAS_DMTM_KPI_POLICY_MONTHLY_TM_AMFS,CASE_COOLOFF_ADMIN
VW_FACT_POLICY,CASE_CANCEL,SYN__STG_AMFS_FLAT__VW_IDAS_DMTM_KPI_POLICY_MONTHLY_TM_AMFS,CASE_CANCEL
VW_FACT_POLICY,APE_SUBMIT,SYN__STG_AMFS_FLAT__VW_IDAS_DMTM_KPI_POLICY_MONTHLY_TM_AMFS,APE_SUBMIT
VW_FACT_POLICY,APE_PENDING,SYN__STG_AMFS_FLAT__VW_IDAS_DMTM_KPI_POLICY_MONTHLY_TM_AMFS,APE_PENDING
VW_FACT_POLICY,APE_PENDING_NOSPILL,SYN__STG_AMFS_FLAT__VW_IDAS_DMTM_KPI_POLICY_MONTHLY_TM_AMFS,APE_PENDING_NOSPILL
VW_FACT_POLICY,APE_ISSUE,SYN__STG_AMFS_FLAT__VW_IDAS_DMTM_KPI_POLICY_MONTHLY_TM_AMFS,APE_ISSUE
VW_FACT_POLICY,APE_ISSUE_NOSPILL,SYN__STG_AMFS_FLAT__VW_IDAS_DMTM_KPI_POLICY_MONTHLY_TM_AMFS,APE_ISSUE_NOSPILL
VW_FACT_POLICY,APE_COOLOFF,SYN__STG_AMFS_FLAT__VW_IDAS_DMTM_KPI_POLICY_MONTHLY_TM_AMFS,APE_COOLOFF
VW_FACT_POLICY,APE_COOLOFF_ADMIN,SYN__STG_AMFS_FLAT__VW_IDAS_DMTM_KPI_POLICY_MONTHLY_TM_AMFS,APE_COOLOFF_ADMIN
VW_FACT_POLICY,APE_CANCEL,SYN__STG_AMFS_FLAT__VW_IDAS_DMTM_KPI_POLICY_MONTHLY_TM_AMFS,APE_CANCEL
VW_FACT_POLICY,SUBCHANNEL,SYN__STG_AMFS_FLAT__VW_IDAS_DMTM_KPI_POLICY_MONTHLY_TM_AMFS,
VW_FACT_POLICY,NAME,SYN__STG_AMFS_FLAT__VW_IDAS_DMTM_KPI_POLICY_MONTHLY_TM_AMFS,NAME
VW_FACT_POLICY,SOURCEID,SYN__STG_AMFS_FLAT__VW_IDAS_DMTM_KPI_POLICY_MONTHLY_TM_AMFS,SOURCEID
VW_FACT_POLICY,MODIFYBY,SYN__STG_AMFS_FLAT__VW_IDAS_DMTM_KPI_POLICY_MONTHLY_TM_AMFS,MODIFYBY
VW_FACT_POLICY,TYPEID,SYN__STG_AMFS_FLAT__VW_IDAS_DMTM_KPI_POLICY_MONTHLY_TM_AMFS,TYPEID
VW_FACT_POLICY,EFFECTIVEDATE,SYN__STG_AMFS_FLAT__VW_IDAS_DMTM_KPI_POLICY_MONTHLY_TM_AMFS,
VW_FACT_POLICY,CANCELDATE,SYN__STG_AMFS_FLAT__VW_IDAS_DMTM_KPI_POLICY_MONTHLY_TM_AMFS,CANCELDATE
VW_FACT_POLICY,SUBMITDATE,SYN__STG_AMFS_FLAT__VW_IDAS_DMTM_KPI_POLICY_MONTHLY_TM_AMFS,
VW_FACT_POLICY,MODIFYDATE,SYN__STG_AMFS_FLAT__VW_IDAS_DMTM_KPI_POLICY_MONTHLY_TM_AMFS,MODIFYDATE
SYN__STG_AMFS_FLAT__VW_IDAS_DMTM_KPI_POLICY_MONTHLY_TM_AMFS,POLICYNO,VW_IDAS_DMTM_KPI_POLICY_MONTHLY_TM_AMFS,POLICYNO
SYN__STG_AMFS_FLAT__VW_IDAS_DMTM_KPI_POLICY_MONTHLY_TM_AMFS,FACTPERIOD,VW_IDAS_DMTM_KPI_POLICY_MONTHLY_TM_AMFS,FACTPERIOD
SYN__STG_AMFS_FLAT__VW_IDAS_DMTM_KPI_POLICY_MONTHLY_TM_AMFS,PRODUCTID,VW_IDAS_DMTM_KPI_POLICY_MONTHLY_TM_AMFS,PRODUCTID
SYN__STG_AMFS_FLAT__VW_IDAS_DMTM_KPI_POLICY_MONTHLY_TM_AMFS,PERIODKEY,VW_IDAS_DMTM_KPI_POLICY_MONTHLY_TM_AMFS,PERIODKEY
SYN__STG_AMFS_FLAT__VW_IDAS_DMTM_KPI_POLICY_MONTHLY_TM_AMFS,CASE_SUBMIT,VW_IDAS_DMTM_KPI_POLICY_MONTHLY_TM_AMFS,CASE_SUBMIT
SYN__STG_AMFS_FLAT__VW_IDAS_DMTM_KPI_POLICY_MONTHLY_TM_AMFS,CASE_PENDING,VW_IDAS_DMTM_KPI_POLICY_MONTHLY_TM_AMFS,CASE_PENDING
SYN__STG_AMFS_FLAT__VW_IDAS_DMTM_KPI_POLICY_MONTHLY_TM_AMFS,CASE_PENDING_NOSPILL,VW_IDAS_DMTM_KPI_POLICY_MONTHLY_TM_AMFS,CASE_PENDING_NOSPILL
SYN__STG_AMFS_FLAT__VW_IDAS_DMTM_KPI_POLICY_MONTHLY_TM_AMFS,CASE_ISSUE,VW_IDAS_DMTM_KPI_POLICY_MONTHLY_TM_AMFS,CASE_ISSUE
SYN__STG_AMFS_FLAT__VW_IDAS_DMTM_KPI_POLICY_MONTHLY_TM_AMFS,CASE_ISSUE_NOSPILL,VW_IDAS_DMTM_KPI_POLICY_MONTHLY_TM_AMFS,CASE_ISSUE_NOSPILL
SYN__STG_AMFS_FLAT__VW_IDAS_DMTM_KPI_POLICY_MONTHLY_TM_AMFS,CASE_COOLOFF,VW_IDAS_DMTM_KPI_POLICY_MONTHLY_TM_AMFS,CASE_COOLOFF
SYN__STG_AMFS_FLAT__VW_IDAS_DMTM_KPI_POLICY_MONTHLY_TM_AMFS,CASE_COOLOFF_ADMIN,VW_IDAS_DMTM_KPI_POLICY_MONTHLY_TM_AMFS,CASE_COOLOFF_ADMIN
SYN__STG_AMFS_FLAT__VW_IDAS_DMTM_KPI_POLICY_MONTHLY_TM_AMFS,CASE_CANCEL,VW_IDAS_DMTM_KPI_POLICY_MONTHLY_TM_AMFS,CASE_CANCEL
SYN__STG_AMFS_FLAT__VW_IDAS_DMTM_KPI_POLICY_MONTHLY_TM_AMFS,APE_SUBMIT,VW_IDAS_DMTM_KPI_POLICY_MONTHLY_TM_AMFS,APE_SUBMIT
SYN__STG_AMFS_FLAT__VW_IDAS_DMTM_KPI_POLICY_MONTHLY_TM_AMFS,APE_PENDING,VW_IDAS_DMTM_KPI_POLICY_MONTHLY_TM_AMFS,APE_PENDING
SYN__STG_AMFS_FLAT__VW_IDAS_DMTM_KPI_POLICY_MONTHLY_TM_AMFS,APE_PENDING_NOSPILL,VW_IDAS_DMTM_KPI_POLICY_MONTHLY_TM_AMFS,APE_PENDING_NOSPILL
SYN__STG_AMFS_FLAT__VW_IDAS_DMTM_KPI_POLICY_MONTHLY_TM_AMFS,APE_ISSUE,VW_IDAS_DMTM_KPI_POLICY_MONTHLY_TM_AMFS,APE_ISSUE
SYN__STG_AMFS_FLAT__VW_IDAS_DMTM_KPI_POLICY_MONTHLY_TM_AMFS,APE_ISSUE_NOSPILL,VW_IDAS_DMTM_KPI_POLICY_MONTHLY_TM_AMFS,APE_ISSUE_NOSPILL
SYN__STG_AMFS_FLAT__VW_IDAS_DMTM_KPI_POLICY_MONTHLY_TM_AMFS,APE_COOLOFF,VW_IDAS_DMTM_KPI_POLICY_MONTHLY_TM_AMFS,APE_COOLOFF
SYN__STG_AMFS_FLAT__VW_IDAS_DMTM_KPI_POLICY_MONTHLY_TM_AMFS,APE_COOLOFF_ADMIN,VW_IDAS_DMTM_KPI_POLICY_MONTHLY_TM_AMFS,APE_COOLOFF_ADMIN
SYN__STG_AMFS_FLAT__VW_IDAS_DMTM_KPI_POLICY_MONTHLY_TM_AMFS,APE_CANCEL,VW_IDAS_DMTM_KPI_POLICY_MONTHLY_TM_AMFS,APE_CANCEL
SYN__STG_AMFS_FLAT__VW_IDAS_DMTM_KPI_POLICY_MONTHLY_TM_AMFS,SOURCE_DATABASE,VW_IDAS_DMTM_KPI_POLICY_MONTHLY_TM_AMFS,SOURCE_DATABASE
SYN__STG_AMFS_FLAT__VW_IDAS_DMTM_KPI_POLICY_MONTHLY_TM_AMFS,EFFECTIVEDATE,VW_IDAS_DMTM_KPI_POLICY_MONTHLY_TM_AMFS,EFFECTIVEDATE
SYN__STG_AMFS_FLAT__VW_IDAS_DMTM_KPI_POLICY_MONTHLY_TM_AMFS,CANCELDATE,VW_IDAS_DMTM_KPI_POLICY_MONTHLY_TM_AMFS,CANCELDATE
SYN__STG_AMFS_FLAT__VW_IDAS_DMTM_KPI_POLICY_MONTHLY_TM_AMFS,SUBMITDATE,VW_IDAS_DMTM_KPI_POLICY_MONTHLY_TM_AMFS,SUBMITDATE
SYN__STG_AMFS_FLAT__VW_IDAS_DMTM_KPI_POLICY_MONTHLY_TM_AMFS,MODIFYDATE,VW_IDAS_DMTM_KPI_POLICY_MONTHLY_TM_AMFS,MODIFYDATE
SYN__STG_AMFS_FLAT__VW_IDAS_DMTM_KPI_POLICY_MONTHLY_TM_AMFS,NAME,VW_IDAS_DMTM_KPI_POLICY_MONTHLY_TM_AMFS,
SYN__STG_AMFS_FLAT__VW_IDAS_DMTM_KPI_POLICY_MONTHLY_TM_AMFS,SOURCEID,VW_IDAS_DMTM_KPI_POLICY_MONTHLY_TM_AMFS,SOURCEID
SYN__STG_AMFS_FLAT__VW_IDAS_DMTM_KPI_POLICY_MONTHLY_TM_AMFS,MODIFYBY,VW_IDAS_DMTM_KPI_POLICY_MONTHLY_TM_AMFS,MODIFYBY
SYN__STG_AMFS_FLAT__VW_IDAS_DMTM_KPI_POLICY_MONTHLY_TM_AMFS,TYPEID,VW_IDAS_DMTM_KPI_POLICY_MONTHLY_TM_AMFS,TYPEID
VW_DIM_REASON_TYPE,TYPEID,SYN__STG_AMFS__DMTM_REASONTYPE,TYPEID
VW_DIM_REASON_TYPE,DESCRIPTION,SYN__STG_AMFS__DMTM_REASONTYPE,DESCRIPTION
VW_DIM_MEDIA,MEDIAID,SYN__STG_AMFS__DMTM_MEDIA,MEDIAID
VW_DIM_MEDIA,NAME,SYN__STG_AMFS__DMTM_MEDIA,NAME
SYN__STG_AMFS__DMTM_PRODUCT,PRODUCTID,DMTM_PRODUCT,PRODUCTID
SYN__STG_AMFS__DMTM_REASONTYPE,TYPEID,DMTM_REASONTYPE,TYPEID
SYN__STG_AMFS__DMTM_REASONTYPE,DESCRIPTION,DMTM_REASONTYPE,DESCRIPTION
SYN__STG_AMFS__DMTM_MEDIA,MEDIAID,DMTM_MEDIA,MEDIAID
SYN__STG_AMFS__DMTM_MEDIA,NAME,DMTM_MEDIA,NAME
FactPOSMonthly,Cases,N/A,N/A
FactPOSMonthly,CapturedDate,IDAS_OPS_POS_SNAP_MONTHLY,Captured Date
FactPOSMonthly,ApprovedDate,IDAS_OPS_POS_SNAP_MONTHLY,Approved Date
FactPOSMonthly,TransactionDate,IDAS_OPS_POS_SNAP_MONTHLY,Transaction Date
FactPOSMonthly,TAT(WorkingDays),IDAS_OPS_POS_SNAP_MONTHLY,TAT (Working Days)
FactPOSMonthly,Premi,IDAS_OPS_POS_SNAP_MONTHLY,Premi
FactPOSMonthly,Factperiod,IDAS_OPS_POS_SNAP_MONTHLY,Factperiod
FactPOSMonthly,Logdate,N/A,N/A
FactPOSMonthly,FlagbyCDOA,IDAS_OPS_POS_SNAP_MONTHLY,Approved Date
FactPOSMonthly,FlagbyCDOA,IDAS_OPS_POS_SNAP_MONTHLY,FactPeriod
FactPOSMonthly,FlagbyCDOC,IDAS_OPS_POS_SNAP_MONTHLY,Captured Date
FactPOSMonthly,FlagbyCDOC,IDAS_OPS_POS_SNAP_MONTHLY,FactPeriod
FactPOSMonthly,FlagbyCDOCandCDOA,IDAS_OPS_POS_SNAP_MONTHLY,Approved Date
FactPOSMonthly,FlagbyCDOCandCDOA,IDAS_OPS_POS_SNAP_MONTHLY,Captured Date
FactPOSMonthly,POSKey,DimPOS,POSKey
FactPOSMonthly,POSKey,DimPOS,NoReff
FactPOSMonthly,POSKey,DimPOS,PolicyNo
FactPOSMonthly,POSKey,DimPOS,TAT(WorkingDays)
FactPOSMonthly,POSKey,DimPOS,UserID1
FactPOSMonthly,POSKey,DimPOS,UserID2
FactPOSMonthly,POSKey,DimPOS,ApprovedDate
FactPOSMonthly,POSKey,DimPOS,CapturedDate
FactPOSMonthly,PolicyPOSKey,DimPOSPolicy,PolicyPOSKey
FactPOSMonthly,PolicyPOSKey,DimPOSPolicy,PolicyNo
FactPOSMonthly,PolicyPOSKey,DimPOSPolicy,PBC
FactPOSMonthly,StatusPOSKey,DimPOSStatus,StatusPOSKey
FactPOSMonthly,StatusPOSKey,DimPOSStatus,Status
FactPOSMonthly,StatusPOSKey,DimPOSStatus,StatusRemark
FactPOSMonthly,StatusPOSKey,DimPOSStatus,RemarkGroup
FactPOSMonthly,TransTypeKey,DimPOSTransType,TransTypeKey
FactPOSMonthly,TransTypeKey,DimPOSTransType,TransactionType
FactPOSMonthly,TransTypeKey,DimPOSTransType,TransactionRemark
FactPOSMonthly,TransTypeKey,DimPOSTransType,TransactionRemarkGroup
FactPOSMonthly,TransTypeKey,DimPOSTransType,TransactionRemarkGroupProductivity
FactPOSMonthly,CleanNonCleanPOSKey,DimPOSCleanNonClean,CleanNonCleanPOSKey
FactPOSMonthly,CleanNonCleanPOSKey,DimPOSCleanNonClean,CleanNonClean
FactPOSMonthly,SameDayKey,DimPOSSameDay,SameDayKey
FactPOSMonthly,SameDayKey,DimPOSSameDay,SameDay
FactPOSMonthly,AgreedTATKey,DimPOSAgreedTAT,AgreedTATKey
FactPOSMonthly,AgreedTATKey,DimPOSAgreedTAT,AgreedTAT
FactPOSMonthly,TransRemarkGroupKey,DimPOSTransRemarkGroup,TransRemarkGroupKey
FactPOSMonthly,TransRemarkGroupKey,DimPOSTransRemarkGroup,Transaction Remark Group
FactPOSMonthly,POSRangeTATKey,DimPOSRangeTATWorkingDay,POSRangeTATKey
FactPOSMonthly,POSRangeTATKey,DimPOSRangeTATWorkingDay,RangeTAT(Pending)Sort
FactPOSMonthly,POSRangeTATKey,DimPOSRangeTATWorkingDay,RangeTAT(Pending)
FactPOSMonthly,POSRangeTATKey,DimPOSRangeTATWorkingDay,RangeTAT(All)Sort
FactPOSMonthly,POSRangeTATKey,DimPOSRangeTATWorkingDay,RangeTAT(All)
FactPOSMonthly,POSRangeTATKey,DimPOSRangeTATWorkingDay,TAT(Working Days)
FactPOSMonthly,POSRangeTATRDAKey,DimPOSRangeTATWorkingDayRDA,POSRangeTATRDAKey
FactPOSMonthly,POSRangeTATRDAKey,DimPOSRangeTATWorkingDayRDA,RangeTAT(RDA)
FactPOSMonthly,POSProductKey,DimPOSProduct,POSProductKey
FactPOSMonthly,POSProductKey,DimPOSProduct,PlanCode
FactPOSMonthly,POSProductKey,DimPOSProduct,ProductName
FactPOSMonthly,POSPaymentModeKey,DimPOSPaymentMode,POSPaymentModeKey
FactPOSMonthly,POSPaymentModeKey,DimPOSPaymentMode,PaymentMode
FactPOSMonthly,POSPaymentModeKey,DimPOSPaymentMode,PaymentModeDesc
FactPOSMonthly,POSPolicyStatusKey,DimPOSPolicyStatus,POSPolicyStatusKey
FactPOSMonthly,POSPolicyStatusKey,DimPOSPolicyStatus,PolicyStatus
FactPOSMonthly,POSFAStructureKey,DimPOSFAStructure,POSFAStructureKey
FactPOSMonthly,POSFAStructureKey,DimPOSFAStructure,AgentCode
FactPOSMonthly,POSFAStructureKey,DimPOSFAStructure,FAName
FactPOSMonthly,POSFAStructureKey,DimPOSFAStructure,Region
FactPOSMonthly,POSFAStructureKey,DimPOSFAStructure,Type
FactPOSMonthly,POSFAStructureKey,DimPOSFAStructure,StatusFA
FactPOSMonthly,POSAsmDsmKey,DimPOSAsmDsm,POSAsmDsmKey
FactPOSMonthly,POSAsmDsmKey,DimPOSAsmDsm,AsmName
FactPOSMonthly,POSAsmDsmKey,DimPOSAsmDsm,ASMCode
FactPOSMonthly,POSTransDetailKey,DimPOSTransactionDetail,POSTransDetailKey
FactPOSMonthly,POSTransDetailKey,DimPOSTransactionDetail,DetailCode
FactPOSMonthly,POSTransDetailKey,DimPOSTransactionDetail,DetailTransaction
FactPOSMonthly,POSTransDetailKey,DimPOSTransactionDetail,DetailTransaction2
FactPOSMonthly,POSTransDetailKey,DimPOSTransactionDetail,DetailTransaction3
FactPOSMonthly,POSTransDetailKey,DimPOSTransactionDetail,DetailTransaction4
FactPOSMonthly,POSSourceSystemKey,DimPOSSourceSystem,POSSourceSystemKey
FactPOSMonthly,POSSourceSystemKey,DimPOSSourceSystem,SourceSystem
FactPOSMonthly,POSRanksKey,DimPOSRanks,POSRanksKey
FactPOSMonthly,POSRanksKey,DimPOSRanks,Ranks
FactPOSMonthly,POSFlagKey,DimPOSFlag,POSFlagKey
FactPOSMonthly,POSFlagKey,DimPOSFlag,Flag
FactPOSSLADaily,TransactionHierarchyKey,DimPOSTransactionSLAHierarchy,TransactionHierarchyKey
FactPOSSLADaily,TransactionHierarchyKey,DimPOSTransactionSLAHierarchy,Transaction
FactPOSSLADaily,TransactionHierarchyKey,DimPOSTransactionSLAHierarchy,TransactionType
FactPOSSLADaily,TransactionHierarchyKey,DimPOSTransactionSLAHierarchy,SLA
FactPOSSLADaily,UseridSLAKey,DIMPOSUserIdSLA,UseridSLAKey
FactPOSSLADaily,UseridSLAKey,DIMPOSUserIdSLA,Userid1
FactPOSSLADaily,UseridSLAKey,DIMPOSUserIdSLA,Userid2
FactPOSSLADaily,Casecount,IDAS_OPS_POS_SLA_SNAP_DAILY,CASECOUNT
FactPOSSLADaily,Approveddate,IDAS_OPS_POS_SLA_SNAP_DAILY,Approvedate
FactPOSSLADaily,Factperiod,IDAS_OPS_POS_SLA_SNAP_DAILY,factperiod
FactPOSSLADaily,Insertdate,N/A,N/A
FactPOSSLADaily,Logdate,N/A,N/A
FactPOSSLADaily,LastModifydate,N/A,N/A
FactPOSLapseDaily,POSTransLapseKey,DimPOSTransactionLapse,POSTransLapseKey
FactPOSLapseDaily,POSAgentLapseKey,DimPOSAgentLapse,POSAgentLapseKey
FactPOSLapseDaily,POSAgentLapseKey,DimPOSAgentLapse,AgentCode
FactPOSLapseDaily,POSAgentLapseKey,DimPOSAgentLapse,AgentName
FactPOSLapseDaily,POSPolicyLapseKey,DimPOSPolicyLapse,POSPolicyLapseKey
FactPOSLapseDaily,POSPolicyLapseKey,DimPOSPolicyLapse,Policyno
FactPOSLapseDaily,POSProductLapseKey,DimPOSProductLapse,POSProductLapseKey
FactPOSLapseDaily,POSProductLapseKey,DimPOSProductLapse,PlanCode
FactPOSLapseDaily,POSCurrencyLapseKey,DimPOSCurrencyLapse,POSCurrencyLapseKey
FactPOSLapseDaily,POSCurrencyLapseKey,DimPOSCurrencyLapse,Currency
FactPOSLapseDaily,POSStatusLapseKey,DimPOSStatusLapse,POSStatusLapseKey
FactPOSLapseDaily,POSStatusLapseKey,DimPOSStatusLapse,Status
FactPOSLapseDaily,Nextpremi,IDAS_OPS_POS_LAPSE_SNAP_DAILY,NEXT PREMI
FactPOSLapseDaily,Todaydate,IDAS_OPS_POS_LAPSE_SNAP_DAILY,Today Date
FactPOSLapseDaily,Effectivedate,IDAS_OPS_POS_LAPSE_SNAP_DAILY,Effective Date
FactPOSLapseDaily,Paidtodate,IDAS_OPS_POS_LAPSE_SNAP_DAILY,Paid To Date
FactPOSLapseDaily,Terminationdate,IDAS_OPS_POS_LAPSE_SNAP_DAILY,Termination Date
FactPOSLapseDaily,Issuedate,IDAS_OPS_POS_LAPSE_SNAP_DAILY,Issued Date
FactPOSLapseDaily,Factperiod,N/A,N/A
FactPOSLapseDaily,Periodkey,N/A,N/A
FactPOSLapseDaily,Logdate,N/A,N/A
FactPOSPendingDaily,POSKey,DimPOS,POSKey
FactPOSPendingDaily,POSKey,DimPOS,NoReff
FactPOSPendingDaily,POSKey,DimPOS,PolicyNo
FactPOSPendingDaily,POSKey,DimPOS,TAT(WorkingDays)
FactPOSPendingDaily,POSKey,DimPOS,UserID1
FactPOSPendingDaily,POSKey,DimPOS,UserID2
FactPOSPendingDaily,POSKey,DimPOS,ApprovedDate
FactPOSPendingDaily,POSKey,DimPOS,CapturedDate
FactPOSPendingDaily,PolicyPOSKey,DimPOSPolicy,PolicyPOSKey
FactPOSPendingDaily,PolicyPOSKey,DimPOSPolicy,PolicyNo
FactPOSPendingDaily,PolicyPOSKey,DimPOSPolicy,PBC
FactPOSPendingDaily,StatusPOSKey,DimPOSStatus,StatusPOSKey
FactPOSPendingDaily,StatusPOSKey,DimPOSStatus,Status
FactPOSPendingDaily,StatusPOSKey,DimPOSStatus,StatusRemark
FactPOSPendingDaily,StatusPOSKey,DimPOSStatus,RemarkGroup
FactPOSPendingDaily,TransTypeKey,DimPOSTransType,TransTypeKey
FactPOSPendingDaily,TransTypeKey,DimPOSTransType,TransactionType
FactPOSPendingDaily,TransTypeKey,DimPOSTransType,TransactionRemark
FactPOSPendingDaily,TransTypeKey,DimPOSTransType,TransactionRemarkGroup
FactPOSPendingDaily,CleanNonCleanPOSKey,DimPOSCleanNonClean,CleanNonCleanPOSKey
FactPOSPendingDaily,CleanNonCleanPOSKey,DimPOSCleanNonClean,CleanNonClean
FactPOSPendingDaily,SameDayKey,DimPOSSameDay,SameDayKey
FactPOSPendingDaily,SameDayKey,DimPOSSameDay,SameDay
FactPOSPendingDaily,AgreedTATKey,DimPOSAgreedTAT,AgreedTATKey
FactPOSPendingDaily,AgreedTATKey,DimPOSAgreedTAT,AgreedTAT
FactPOSPendingDaily,TransRemarkGroupKey,DimPOSTransRemarkGroup,TransRemarkGroupKey
FactPOSPendingDaily,TransRemarkGroupKey,DimPOSTransRemarkGroup,TransactionRemarkGroup
FactPOSPendingDaily,POSRangeTATKey,DimPOSRangeTATWorkingday,POSRangeTATKey
FactPOSPendingDaily,POSRangeTATKey,DimPOSRangeTATWorkingday,TAT(WorkingDays)
FactPOSPendingDaily,POSRangeTATKey,DimPOSRangeTATWorkingday,RangeTAT(Pending)
FactPOSPendingDaily,POSRangeTATKey,DimPOSRangeTATWorkingday,RangeTAT(Pending)Sort
FactPOSPendingDaily,POSRangeTATKey,DimPOSRangeTATWorkingday,RangeTAT(All)
FactPOSPendingDaily,POSRangeTATKey,DimPOSRangeTATWorkingday,RangeTAT(All)Sort
FactPOSPendingDaily,POSFAStructureKey,DimPOSFAStructure,POSFAStructureKey
FactPOSPendingDaily,POSFAStructureKey,DimPOSFAStructure,AgentCode
FactPOSPendingDaily,POSFAStructureKey,DimPOSFAStructure,FAName
FactPOSPendingDaily,POSFAStructureKey,DimPOSFAStructure,Region
FactPOSPendingDaily,POSFAStructureKey,DimPOSFAStructure,Type
FactPOSPendingDaily,POSFAStructureKey,DimPOSFAStructure,StatusFA
FactPOSPendingDaily,POSAsmDsmKey,DimPOSAsmDsm,POSAsmDsmKey
FactPOSPendingDaily,POSAsmDsmKey,DimPOSAsmDsm,AsmName
FactPOSPendingDaily,POSAsmDsmKey,DimPOSAsmDsm,AsmCode
FactPOSPendingDaily,POSAsmDsmKey,DimPOSAsmDsm,DSHName
FactPOSPendingDaily,POSSGKey,DimPOSSG,POSSGKey
FactPOSPendingDaily,POSSGKey,DimPOSSG,SG
FactPOSPendingDaily,POSRemarkKey,DimPOSRemark,POSRemarkKey
FactPOSPendingDaily,POSRemarkKey,DimPOSRemark,RemarkDetail
FactPOSPendingDaily,POSLPKey,DimPOSLifePlanner,POSLPKey
FactPOSPendingDaily,POSLPKey,DimPOSLifePlanner,TypeLP
FactPOSPendingDaily,POSRshKey,DimPOSRsh,POSRshKey
FactPOSPendingDaily,POSRshKey,DimPOSRsh,RshName
FactPOSPendingDaily,POSFlagPendingSGKey,DimPOSFlagPendingSG,POSFlagPendingSGKey
FactPOSPendingDaily,POSFlagPendingSGKey,DimPOSFlagPendingSG,FlagPendingSG
FactPOSPendingDaily,Cases,N/A,N/A
FactPOSPendingDaily,CapturedDate,IDAS_OPS_POS_PENDING_SNAP_DAILY,Captured Date
FactPOSPendingDaily,ApprovedDate,IDAS_OPS_POS_PENDING_SNAP_DAILY,Approved Date
FactPOSPendingDaily,Factperiod,IDAS_OPS_POS_PENDING_SNAP_DAILY,Factperiod
FactPOSPendingDaily,Logdate,N/A,N/A
FactPOSMOMonthly,ForeignCurrMOKey,DimPOSForeignCurrMO,ForeignCurrMOKey
FactPOSMOMonthly,ForeignCurrMOKey,DimPOSForeignCurrMO,ForeignCurr
FactPOSMOMonthly,FundMOKey,DimPOSFundMO,FundMOKey
FactPOSMOMonthly,FundMOKey,DimPOSFundMO,FundCode
FactPOSMOMonthly,FundMOKey,DimPOSFundMO,GroupingFund
FactPOSMOMonthly,HVCNonHVCMOKey,DimPOSHVCNonHVCMO,HVCNonHVCMOKey
FactPOSMOMonthly,HVCNonHVCMOKey,DimPOSHVCNonHVCMO,HVCNonHVC
FactPOSMOMonthly,GroupingMOKey,DimPOSKonvenSyariahMO,GroupingMOKey
FactPOSMOMonthly,GroupingMOKey,DimPOSKonvenSyariahMO,Grouping
FactPOSMOMonthly,NatureMOKey,DimPOSNatureMO,NatureMOKey
FactPOSMOMonthly,NatureMOKey,DimPOSNatureMO,Nature
FactPOSMOMonthly,PolicyMOKey,DimPOSPolicyMO,PolicyMOKey
FactPOSMOMonthly,PolicyMOKey,DimPOSPolicyMO,PolicyNo
FactPOSMOMonthly,ProductMOKey,DimPOSProductMO,ProductMOKey
FactPOSMOMonthly,ProductMOKey,DimPOSProductMO,PlanCode
FactPOSMOMonthly,ProductMOKey,DimPOSProductMO,PeopleSoftCode
FactPOSMOMonthly,ProductMOKey,DimPOSProductMO,PeopleSoftProductName
FactPOSMOMonthly,RangeAgeOfPolicyMOKey,DimPOSRangeAgeOfPolicyMO,RangeAgeOfPolicyMOKey
FactPOSMOMonthly,RangeAgeOfPolicyMOKey,DimPOSRangeAgeOfPolicyMO,RangeAgeOfPolicy
FactPOSMOMonthly,RangeAmountMOKey,DimPOSRangeAmountMO,RangeAmountMOKey
FactPOSMOMonthly,RangeAmountMOKey,DimPOSRangeAmountMO,RangeAmount
FactPOSMOMonthly,RangeAPEMOKey,DimPOSRangeAPEMO,RangeAPEMOKey
FactPOSMOMonthly,RangeAPEMOKey,DimPOSRangeAPEMO,RangeAPE
FactPOSMOMonthly,StatusMOKey,DimPOSStatusMO,StatusMOKey
FactPOSMOMonthly,StatusMOKey,DimPOSStatusMO,Status
FactPOSMOMonthly,StatusMOKey,DimPOSStatusMO,Status2
FactPOSMOMonthly,POSMOKey,DimPOSMO,POSMOKey
FactPOSMOMonthly,POSMOKey,DimPOSMO,PolicyNo
FactPOSMOMonthly,POSMOKey,DimPOSMO,AgeOfPolicy(Year)
FactPOSMOMonthly,POSMOKey,DimPOSMO,NAVDate
FactPOSMOMonthly,POSMOKey,DimPOSMO,IssuedDate
FactPOSMOMonthly,POSMOKey,DimPOSMO,RATE
FactPOSMOMonthly,FAKey,DimPOSFAMO,FAKey
FactPOSMOMonthly,FAKey,DimPOSFAMO,FACode
FactPOSMOMonthly,SURKey,DimPOSSURMO,SURKey
FactPOSMOMonthly,SURKey,DimPOSSURMO,SURCode
FactPOSMOMonthly,SURKey,DimPOSSURMO,SURCodeDescription
FactPOSMOMonthly,RegionKey,DimPOSRegionMO,RegionKey
FactPOSMOMonthly,RegionKey,DimPOSRegionMO,RegionSorting
FactPOSMOMonthly,RegionKey,DimPOSRegionMO,Region
FactPOSMOMonthly,TransDate,IDAS_OPS_POS_ACCOUNTING_MONEYOUT_SNAP_MONTHLY,TransDate
FactPOSMOMonthly,Unit,IDAS_OPS_POS_ACCOUNTING_MONEYOUT_SNAP_MONTHLY,Unit
FactPOSMOMonthly,BaseAmount,IDAS_OPS_POS_ACCOUNTING_MONEYOUT_SNAP_MONTHLY,BaseAmount
FactPOSMOMonthly,NAV,IDAS_OPS_POS_ACCOUNTING_MONEYOUT_SNAP_MONTHLY,NAV
FactPOSMOMonthly,AmountEQVIDR,IDAS_OPS_POS_ACCOUNTING_MONEYOUT_SNAP_MONTHLY,AmountEQVIDR
FactPOSMOMonthly,APE,IDAS_OPS_POS_ACCOUNTING_MONEYOUT_SNAP_MONTHLY,APE
FactPOSMOMonthly,Factperiod,IDAS_OPS_POS_ACCOUNTING_MONEYOUT_SNAP_MONTHLY,FACTPERIOD
FactPOSMOThresholdMonthly,PeriodKey,IDAS_OPS_POS_THRESHOLD_MONEYOUT_UPLOAD,PeriodKey
FactPOSMOThresholdMonthly,Threshold,IDAS_OPS_POS_THRESHOLD_MONEYOUT_UPLOAD,Threshold
FactPOSMOThresholdMonthly,Logdate,N/A,N/A
FactPOSProductivityAdmMonthly,ChannelPosAdmKey,DimPOSChannelAdm,ChannelPosAdmKey
FactPOSProductivityAdmMonthly,ChannelPosAdmKey,DimPOSChannelAdm,Channel
FactPOSProductivityAdmMonthly,CustomerPosAdmKey,DimPOSCustomerAdm,CustomerPosAdmKey
FactPOSProductivityAdmMonthly,CustomerPosAdmKey,DimPOSCustomerAdm,PolicyHolderName
FactPOSProductivityAdmMonthly,PolicyStatusAdmPosKey,DimPOSPolicyStatusAdm,PolicyStatusAdmPosKey
FactPOSProductivityAdmMonthly,PolicyStatusAdmPosKey,DimPOSPolicyStatusAdm,PolicyStatus
FactPOSProductivityAdmMonthly,TemplateNamePosAdmKey,DimPOSTemplateNameAdm,TemplateNamePosAdmKey
FactPOSProductivityAdmMonthly,TemplateNamePosAdmKey,DimPOSTemplateNameAdm,TemplateName
FactPOSProductivityAdmMonthly,MediaPosAdmKey,DimPOSMediaAdm,MediaPosAdmKey
FactPOSProductivityAdmMonthly,MediaPosAdmKey,DimPOSMediaAdm,Media
FactPOSProductivityAdmMonthly,RecipientPosAdmKey,DimPOSRecipientAdm,Recipient
FactPOSProductivityAdmMonthly,RecipientPosAdmKey,DimPOSRecipientAdm,RecipientPosAdmKey
FactPOSProductivityAdmMonthly,StatusPosAdmKey,DimPOSStatusProdAdm,StatusPosAdmKey
FactPOSProductivityAdmMonthly,StatusPosAdmKey,DimPOSStatusProdAdm,Status
FactPOSProductivityAdmMonthly,PolicyTransactionPosAdmKey,DimPOSTransactionAdm,PolicyTransactionPosAdmKey
FactPOSProductivityAdmMonthly,PolicyTransactionPosAdmKey,DimPOSTransactionAdm,PolicyNumber
FactPOSProductivityAdmMonthly,PolicyTransactionPosAdmKey,DimPOSTransactionAdm,SentDate
FactPOSProductivityAdmMonthly,PolicyTransactionPosAdmKey,DimPOSTransactionAdm,GeneratedDate
FactPOSProductivityAdmMonthly,PolicyTransactionPosAdmKey,DimPOSTransactionAdm,PaidToDate
FactPOSProductivityAdmMonthly,PolicyTransactionPosAdmKey,DimPOSTransactionAdm,Fact Period
FactPOSProductivityAdmMonthly,PolicyTransactionPosAdmKey,DimPOSTransactionAdm,Number
FactPOSProductivityAdmMonthly,Cases,N/A,N/A
FactPOSProductivityAdmMonthly,SentDate,IDAS_OPS_POS_ADMIN_PRODUCTIVITY_SNAP_MONTHLY,Sent Date
FactPOSProductivityAdmMonthly,GeneratedDate,IDAS_OPS_POS_ADMIN_PRODUCTIVITY_SNAP_MONTHLY,Generated Date
FactPOSProductivityAdmMonthly,PaidToDate,IDAS_OPS_POS_ADMIN_PRODUCTIVITY_SNAP_MONTHLY,Paid To Date
FactPOSProductivityAdmMonthly,FactPeriod,IDAS_OPS_POS_ADMIN_PRODUCTIVITY_SNAP_MONTHLY,Fact Period
FactPOSProductivityAdmMonthly,PeriodKey,IDAS_OPS_POS_ADMIN_PRODUCTIVITY_SNAP_MONTHLY,Fact Period
FactPOSProductivityAdmMonthly,Logdate,N/A,N/A
FACT_SFDC_CCC_INBOUND_DAILY_CUST,@FACTPERIOD,FACT_SFDC_CCC_INBOUND_DAILY_CUST,FACTPERIOD
FACT_SFDC_CCC_INBOUND_DAILY_CUST,Purecloud_Call_Service_Key,DimInboundCCCSLDailyCust,Purecloud_Call_Service_Key
FACT_SFDC_CCC_INBOUND_DAILY_CUST,EntityKey,Dim_Entity,EntityKey
FACT_SFDC_CCC_INBOUND_DAILY_CUST,Call_Offered__c,IDAS_SFDC_CCC_PURECLOUD_MONTHLY,Call_Offered__c
FACT_SFDC_CCC_INBOUND_DAILY_CUST,ACD_Count__c,IDAS_SFDC_CCC_PURECLOUD_MONTHLY,ACD_Count__c
FACT_SFDC_CCC_INBOUND_DAILY_CUST,ACD_Count_5_Secs__c,IDAS_SFDC_CCC_PURECLOUD_MONTHLY,ACD_Count_5_Secs__c
FACT_SFDC_CCC_INBOUND_DAILY_CUST,ACD_Count_20_Sec__c,IDAS_SFDC_CCC_PURECLOUD_MONTHLY,ACD_Count_20_Sec__c
FACT_SFDC_CCC_INBOUND_DAILY_CUST,ACD_Count_30_Sec__c,IDAS_SFDC_CCC_PURECLOUD_MONTHLY,ACD_Count_30_Sec__c
FACT_SFDC_CCC_INBOUND_DAILY_CUST,ACD_Count_20_Secs__c,IDAS_SFDC_CCC_PURECLOUD_MONTHLY,ACD_Count_20_Secs__c
FACT_SFDC_CCC_INBOUND_DAILY_CUST,Abandon_Count__c,IDAS_SFDC_CCC_PURECLOUD_MONTHLY,Abandon_Count__c
FACT_SFDC_CCC_INBOUND_DAILY_CUST,Abandon_Count_5_Sec__c,IDAS_SFDC_CCC_PURECLOUD_MONTHLY,Abandon_Count_5_Sec__c
FACT_SFDC_CCC_INBOUND_DAILY_CUST,Abandon_Count_20_Sec__c,IDAS_SFDC_CCC_PURECLOUD_MONTHLY,Abandon_Count_20_Sec__c
FACT_SFDC_CCC_INBOUND_DAILY_CUST,Balance__c,IDAS_SFDC_CCC_PURECLOUD_MONTHLY,Balance__c
FACT_SFDC_CCC_INBOUND_DAILY_CUST,FlowOut_Count__c,IDAS_SFDC_CCC_PURECLOUD_MONTHLY,FlowOut_Count__c
FACT_SFDC_CCC_INBOUND_DAILY_CUST,SL_80_20__c,IDAS_SFDC_CCC_PURECLOUD_MONTHLY,SL_80_20__c
FACT_SFDC_CCC_INBOUND_DAILY_CUST,SL_80_30__c,IDAS_SFDC_CCC_PURECLOUD_MONTHLY,SL_80_30__c
FACT_SFDC_CCC_INBOUND_DAILY_CUST,SL_90_20__c,IDAS_SFDC_CCC_PURECLOUD_MONTHLY,SL_90_20__c
FACT_SFDC_CCC_INBOUND_DAILY_CUST,Case,IDAS_SFDC_CCC_PURECLOUD_MONTHLY,Case
FACT_SFDC_CCC_INBOUND_DAILY_CUST,FACTPERIOD,IDAS_SFDC_CCC_PURECLOUD_MONTHLY,FACTPERIOD
FACT_SFDC_CCC_INBOUND_DAILY_CUST,PeriodKey,IDAS_SFDC_CCC_PURECLOUD_MONTHLY,PeriodKey
FACT_SFDC_CCC_INBOUND_DAILY_CUST,LOGDATE,IDAS_SFDC_CCC_PURECLOUD_MONTHLY,
VARIABLE,@FACTPERIOD,FACT_SFDC_CCC_FCR,FACTPERIOD
FACT_SFDC_CCC_FCR,ChannelKey,IDAS_SFDC_CCC_FCR_MONTHLY,Policy_Numbers__c
FACT_SFDC_CCC_FCR,Policy_Key,"IDAS_SFDC_CCC_FCR_MONTHLY, DimPolicy",Policy_Key
FACT_SFDC_CCC_FCR,Origin_Key,"IDAS_SFDC_CCC_FCR_MONTHLY, DimOrigin",Origin_Key
FACT_SFDC_CCC_FCR,FCR_Key,DimFCR,FCR_Key
FACT_SFDC_CCC_FCR,Case,IDAS_SFDC_CCC_FCR_MONTHLY,N/A
FACT_SFDC_CCC_FCR,CreatedDate,IDAS_SFDC_CCC_FCR_MONTHLY,CreatedDate
FACT_SFDC_CCC_FCR,FACTPERIOD,IDAS_SFDC_CCC_FCR_MONTHLY,FACTPERIOD
FACT_SFDC_CCC_FCR,PeriodKey,IDAS_SFDC_CCC_FCR_MONTHLY,PeriodKey
FACT_SFDC_CCC_FCR,LOGDATE,IDAS_SFDC_CCC_FCR_MONTHLY,N/A
VARIABLE,@FACTPERIOD,FACT_SFDC_CCC_FCRBYCASETYPE,FACTPERIOD
FACT_SFDC_CCC_FCRBYCASETYPE,ChannelKey,IDAS_SFDC_CCC_FCRBYCASETYPE_MONTHLY,Policy_Numbers__c
FACT_SFDC_CCC_FCRBYCASETYPE,Policy_Key,"IDAS_SFDC_CCC_FCRBYCASETYPE_MONTHLY, DimPolicy",Policy_Key
FACT_SFDC_CCC_FCRBYCASETYPE,Origin_Key,"IDAS_SFDC_CCC_FCRBYCASETYPE_MONTHLY, DimOrigin",Origin_Key
FACT_SFDC_CCC_FCRBYCASETYPE,FCR_Key,"IDAS_SFDC_CCC_FCRBYCASETYPE_MONTHLY, DimFCR",FCR_Key
FACT_SFDC_CCC_FCRBYCASETYPE,Case,IDAS_SFDC_CCC_FCRBYCASETYPE_MONTHLY,Case
FACT_SFDC_CCC_FCRBYCASETYPE,CreatedDate,IDAS_SFDC_CCC_FCRBYCASETYPE_MONTHLY,createddate
FACT_SFDC_CCC_FCRBYCASETYPE,FACTPERIOD,IDAS_SFDC_CCC_FCRBYCASETYPE_MONTHLY,factperiod
FACT_SFDC_CCC_FCRBYCASETYPE,PeriodKey,IDAS_SFDC_CCC_FCRBYCASETYPE_MONTHLY,periodkey
FACT_SFDC_CCC_FCRBYCASETYPE,LOGDATE,IDAS_SFDC_CCC_FCRBYCASETYPE_MONTHLY,
VARIABLE,@FACTPERIOD,FACT_SFDC_CCC_CASE,FACTPERIOD
FACT_SFDC_CCC_CASE,ChannelKey,"IDAS_SFDC_CCC_CASEPHONE_MONTHLY, IDAS_SFDC_CCC_CASEEMAIL_MONTHLY,IDAS_SFDC_CCC_CASEWEBCHAT_MONTHLY, IDAS_SFDC_CCC_CASEWHATSAPP_MONTHLY",Policy_Numbers__c
FACT_SFDC_CCC_CASE,Policy_Key,"IDAS_SFDC_CCC_CASEPHONE_MONTHLY,IDAS_SFDC_CCC_CASEEMAIL_MONTHLY,IDAS_SFDC_CCC_CASEWEBCHAT_MONTHLY,IDAS_SFDC_CCC_CASEWHATSAPP_MONTHLY, DimPolicy",Policy_Key
FACT_SFDC_CCC_CASE,CaseOwnerCCC_Key,"IDAS_SFDC_CCC_CASEPHONE_MONTHLY,IDAS_SFDC_CCC_CASEEMAIL_MONTHLY,IDAS_SFDC_CCC_CASEWEBCHAT_MONTHLY,IDAS_SFDC_CCC_CASEWHATSAPP_MONTHLY, DimCaseOwnerCCC ",CaseOwnerCCC_Key
FACT_SFDC_CCC_CASE,Origin_Key,"IDAS_SFDC_CCC_CASEPHONE_MONTHLY,IDAS_SFDC_CCC_CASEEMAIL_MONTHLY,IDAS_SFDC_CCC_CASEWEBCHAT_MONTHLY,IDAS_SFDC_CCC_CASEWHATSAPP_MONTHLY, DimOrigin",Origin_Key
FACT_SFDC_CCC_CASE,Type_Key,"IDAS_SFDC_CCC_CASEPHONE_MONTHLY,IDAS_SFDC_CCC_CASEEMAIL_MONTHLY,IDAS_SFDC_CCC_CASEWEBCHAT_MONTHLY,IDAS_SFDC_CCC_CASEWHATSAPP_MONTHLY, DimType",Type_Key
FACT_SFDC_CCC_CASE,CaseTypeConfig_Key,"IDAS_SFDC_CCC_CASEPHONE_MONTHLY,IDAS_SFDC_CCC_CASEEMAIL_MONTHLY,IDAS_SFDC_CCC_CASEWEBCHAT_MONTHLY,IDAS_SFDC_CCC_CASEWHATSAPP_MONTHLY, DimCaseTypeConfig",CaseTypeConfig_Key
FACT_SFDC_CCC_CASE,Request_date__c,"IDAS_SFDC_CCC_CASEPHONE_MONTHLY,IDAS_SFDC_CCC_CASEEMAIL_MONTHLY,IDAS_SFDC_CCC_CASEWEBCHAT_MONTHLY,IDAS_SFDC_CCC_CASEWHATSAPP_MONTHLY",request_date__c
FACT_SFDC_CCC_CASE,CaseNumber,"IDAS_SFDC_CCC_CASEPHONE_MONTHLY,IDAS_SFDC_CCC_CASEEMAIL_MONTHLY,IDAS_SFDC_CCC_CASEWEBCHAT_MONTHLY,IDAS_SFDC_CCC_CASEWHATSAPP_MONTHLY",CaseNumber
FACT_SFDC_CCC_CASE,First_Interaction__c,"IDAS_SFDC_CCC_CASEPHONE_MONTHLY,IDAS_SFDC_CCC_CASEEMAIL_MONTHLY,IDAS_SFDC_CCC_CASEWEBCHAT_MONTHLY,IDAS_SFDC_CCC_CASEWHATSAPP_MONTHLY",First_Interaction__c
FACT_SFDC_CCC_CASE,Repeat_Call__c,"IDAS_SFDC_CCC_CASEPHONE_MONTHLY,IDAS_SFDC_CCC_CASEEMAIL_MONTHLY,IDAS_SFDC_CCC_CASEWEBCHAT_MONTHLY,IDAS_SFDC_CCC_CASEWHATSAPP_MONTHLY",Repeat_Call__c
FACT_SFDC_CCC_CASE,FACTPERIOD,"IDAS_SFDC_CCC_CASEPHONE_MONTHLY,IDAS_SFDC_CCC_CASEEMAIL_MONTHLY,IDAS_SFDC_CCC_CASEWEBCHAT_MONTHLY,IDAS_SFDC_CCC_CASEWHATSAPP_MONTHLY",Factperiod
FACT_SFDC_CCC_CASE,PeriodKey,"IDAS_SFDC_CCC_CASEPHONE_MONTHLY,IDAS_SFDC_CCC_CASEEMAIL_MONTHLY,IDAS_SFDC_CCC_CASEWEBCHAT_MONTHLY,IDAS_SFDC_CCC_CASEWHATSAPP_MONTHLY,DimPolicy,DimCaseOwnerCCC ,DimOrigin,DimType,DimCaseTypeConfig",request_date__c
FACT_SFDC_CCC_CASE,LOGDATE,"IDAS_SFDC_CCC_CASEPHONE_MONTHLY,IDAS_SFDC_CCC_CASEEMAIL_MONTHLY,IDAS_SFDC_CCC_CASEWEBCHAT_MONTHLY,IDAS_SFDC_CCC_CASEWHATSAPP_MONTHLY",Logdate
VARIABLE,@FACTPERIOD,FACT_SFDC_CCC_EMAIL_SMS_LOG,FACTPERIOD
FACT_SFDC_CCC_EMAIL_SMS_LOG,Type_Key,"IDAS_SFDC_CCC_EMAIL_SMS_LOG_MONTHLY, DimType","Case_Type__c ,Type_Key"
FACT_SFDC_CCC_EMAIL_SMS_LOG,Method_Key,"IDAS_SFDC_CCC_EMAIL_SMS_LOG_MONTHLY, DimMethod","method__c ,Method_Key"
FACT_SFDC_CCC_EMAIL_SMS_LOG,EmailStatus_Key,"IDAS_SFDC_CCC_EMAIL_SMS_LOG_MONTHLY, DimEmailStatus","Status__c ,EmailStatus_Key"
FACT_SFDC_CCC_EMAIL_SMS_LOG,EntityKey,"IDAS_SFDC_CCC_EMAIL_SMS_LOG_MONTHLY, Dim_Entity","entity__c,EntityKey"
FACT_SFDC_CCC_EMAIL_SMS_LOG,Case,"IDAS_SFDC_CCC_EMAIL_SMS_LOG_MONTHLY, DimType, DimMethod, Dim_Entity, DimEmailStatus",
FACT_SFDC_CCC_EMAIL_SMS_LOG,FACTPERIOD,"IDAS_SFDC_CCC_EMAIL_SMS_LOG_MONTHLY, DimType, DimMethod, Dim_Entity, DimEmailStatus",FACTPERIOD
FACT_SFDC_CCC_EMAIL_SMS_LOG,PeriodKey,"IDAS_SFDC_CCC_EMAIL_SMS_LOG_MONTHLY, DimType, DimMethod, Dim_Entity, DimEmailStatus",PeriodKey
FACT_SFDC_CCC_EMAIL_SMS_LOG,Logdate,"IDAS_SFDC_CCC_EMAIL_SMS_LOG_MONTHLY, DimType, DimMethod, Dim_Entity, DimEmailStatus",
VARIABLE,@FACTPERIOD,FACT_SFDC_CCC_SURVEYRESPONSE,FACTPERIOD
FACT_SFDC_CCC_SURVEYRESPONSE,EntityKey,"IDAS_SFDC_CCC_SURVEYRESPONSE_MONTHLY, Dim_Entity","entity__c,b.EntityKey"
FACT_SFDC_CCC_SURVEYRESPONSE,ResponseTypeKey1,"IDAS_SFDC_CCC_SURVEYRESPONSE_MONTHLY, DimResponseType","Answer_1__c,f.ResponseType_Key"
FACT_SFDC_CCC_SURVEYRESPONSE,ResponseTypeKey3,"IDAS_SFDC_CCC_SURVEYRESPONSE_MONTHLY, DimResponseType","Answer_3__c,g.ResponseType_Key"
FACT_SFDC_CCC_SURVEYRESPONSE,Respon_Key,"IDAS_SFDC_CCC_SURVEYRESPONSE_MONTHLY, DimRespon","Negative_Result__c,c.Respon_Key"
FACT_SFDC_CCC_SURVEYRESPONSE,SurveyTakerMOT_Key,"IDAS_SFDC_CCC_SURVEYRESPONSE_MONTHLY, DimSurveyTakerMOT","SurveyTaker__r_MOT__c,d.SurveyTakerMOT_Key"
FACT_SFDC_CCC_SURVEYRESPONSE,SurveyTakerType_Key,"IDAS_SFDC_CCC_SURVEYRESPONSE_MONTHLY,DWH_OPS.dbo.DimSurveyTakerType","SurveyTaker__r_Type__c,e.SurveyTakerType_Key"
FACT_SFDC_CCC_SURVEYRESPONSE,Case,N/A,N/A
FACT_SFDC_CCC_SURVEYRESPONSE,CreatedDate,IDAS_SFDC_CCC_SURVEYRESPONSE_MONTHLY,CreatedDate
FACT_SFDC_CCC_SURVEYRESPONSE,FACTPERIOD,IDAS_SFDC_CCC_SURVEYRESPONSE_MONTHLY,Factperiod
FACT_SFDC_CCC_SURVEYRESPONSE,PeriodKey,IDAS_SFDC_CCC_SURVEYRESPONSE_MONTHLY,PeriodKey
FACT_SFDC_CCC_SURVEYRESPONSE,LOGDATE,IDAS_SFDC_CCC_SURVEYRESPONSE_MONTHLY,Logdate
VARIABLE,@FACTPERIOD,FACT_SFDC_CCC_LIVECHATTRANSCRIPT,FACTPERIOD
FACT_SFDC_CCC_LIVECHATTRANSCRIPT,PrimarySkill_Key,"IDAS_SFDC_CCC_LIVECHATTRANSCRIPT_MONTHLY, DimPrimarySkill","Skill_MasterLabel, PrimarySkill_Key"
FACT_SFDC_CCC_LIVECHATTRANSCRIPT,EntityKey,"IDAS_SFDC_CCC_LIVECHATTRANSCRIPT_MONTHLY, Dim_Entity","entity,EntityKey"
FACT_SFDC_CCC_LIVECHATTRANSCRIPT,CaseOwnerCCCKey,"IDAS_SFDC_CCC_LIVECHATTRANSCRIPT_MONTHLY, DimCaseOwnerCCC","CreatedBy_Name,CaseOwnerCCC_Key"
FACT_SFDC_CCC_LIVECHATTRANSCRIPT,OriginKey,"IDAS_SFDC_CCC_LIVECHATTRANSCRIPT_MONTHLY, DimOrigin","Origin,Origin_Key"
FACT_SFDC_CCC_LIVECHATTRANSCRIPT,WaitTime,IDAS_SFDC_CCC_LIVECHATTRANSCRIPT_MONTHLY,WaitTime
FACT_SFDC_CCC_LIVECHATTRANSCRIPT,AverageResponseTimeOperator,IDAS_SFDC_CCC_LIVECHATTRANSCRIPT_MONTHLY,AverageResponseTimeOperator
FACT_SFDC_CCC_LIVECHATTRANSCRIPT,ChatDuration,IDAS_SFDC_CCC_LIVECHATTRANSCRIPT_MONTHLY,ChatDuration
FACT_SFDC_CCC_LIVECHATTRANSCRIPT,FACTPERIOD,IDAS_SFDC_CCC_LIVECHATTRANSCRIPT_MONTHLY,FACTPERIOD
FACT_SFDC_CCC_LIVECHATTRANSCRIPT,PeriodKey,IDAS_SFDC_CCC_LIVECHATTRANSCRIPT_MONTHLY,PeriodKey
FACT_SFDC_CCC_LIVECHATTRANSCRIPT,LOGDATE,IDAS_SFDC_CCC_LIVECHATTRANSCRIPT_MONTHLY,Logdate
FactCMUSnap3Monthly,ComplaintSnap3Key,"IDAS_SFDC_CMU_SNAP_3MONTHLY, DimCMUComplaintSnap3",ComplaintSnap3Key
FactCMUSnap3Monthly,PeriodKey,"IDAS_SFDC_CMU_SNAP_3MONTHLY, DimCMUComplaintSnap3",PeriodKey
FactCMUSnap3Monthly,PeriodKeyEnd,"IDAS_SFDC_CMU_SNAP_3MONTHLY, DimCMUComplaintSnap3",PeriodKeyEnd
FactCMUSnap3Monthly,TimeSpent,"IDAS_SFDC_CMU_SNAP_3MONTHLY, DimCMUComplaintSnap3",TimeSpent
FactCMUSnap3Monthly,TimeSpentCalenderdays,"IDAS_SFDC_CMU_SNAP_3MONTHLY, DimCMUComplaintSnap3",TimeSpentCalenderdays
FactCMUSnap3Monthly,MonthActualStartDate,"IDAS_SFDC_CMU_SNAP_3MONTHLY, DimCMUComplaintSnap3",MonthActualStartDate
FactCMUSnap3Monthly,YearActualStartDate,"IDAS_SFDC_CMU_SNAP_3MONTHLY, DimCMUComplaintSnap3",YearActualStartDate
FactCMUSnap3Monthly,MonthActualEndDate,"IDAS_SFDC_CMU_SNAP_3MONTHLY, DimCMUComplaintSnap3",MonthActualEndDate
FactCMUSnap3Monthly,YearActualEndDate,"IDAS_SFDC_CMU_SNAP_3MONTHLY, DimCMUComplaintSnap3",YearActualEndDate
FactCMUSnap3Monthly,Insertdate,"IDAS_SFDC_CMU_SNAP_3MONTHLY, DimCMUComplaintSnap3",Insertdate
FactCMUSnap3Monthly,LastModifydate,"IDAS_SFDC_CMU_SNAP_3MONTHLY, DimCMUComplaintSnap3",LastModifydate
FactCMUSnap3Monthly,Logdate,"IDAS_SFDC_CMU_SNAP_3MONTHLY, DimCMUComplaintSnap3",Logdate
DimCMUComplaintSnap3,ComplaintSnap3Key,IDAS_SFDC_CMU_SNAP_3MONTHLY ,ComplaintSnap3Key
DimCMUComplaintSnap3,EOMPeriode,IDAS_SFDC_CMU_SNAP_3MONTHLY ,EOMPeriode
DimCMUComplaintSnap3,Pelaporan,IDAS_SFDC_CMU_SNAP_3MONTHLY ,Pelaporan
DimCMUComplaintSnap3,Request No,IDAS_SFDC_CMU_SNAP_3MONTHLY ,Request No
DimCMUComplaintSnap3,Aging,IDAS_SFDC_CMU_SNAP_3MONTHLY ,Aging
DimCMUComplaintSnap3,Aging Calender Days,IDAS_SFDC_CMU_SNAP_3MONTHLY ,Aging Calender Days
DimCMUComplaintSnap3,Courier Non Courier,IDAS_SFDC_CMU_SNAP_3MONTHLY ,Courier Non Courier
DimCMUComplaintSnap3,Formal Soft Appeal Courier,IDAS_SFDC_CMU_SNAP_3MONTHLY ,Formal Soft Appeal Courier
DimCMUComplaintSnap3,Open Closed,IDAS_SFDC_CMU_SNAP_3MONTHLY ,Open Closed
DimCMUComplaintSnap3,CarryOver,IDAS_SFDC_CMU_SNAP_3MONTHLY ,CarryOver
DimCMUComplaintSnap3,MeetSLA,IDAS_SFDC_CMU_SNAP_3MONTHLY ,MeetSLA
DimCMUComplaintSnap3,Insertdate,IDAS_SFDC_CMU_SNAP_3MONTHLY ,Insertdate
DimCMUComplaintSnap3,LastModifydate,IDAS_SFDC_CMU_SNAP_3MONTHLY ,LastModifydate
DimCMUComplaintSnap3,Logdate,IDAS_SFDC_CMU_SNAP_3MONTHLY ,Logdate
FactCMU,AgentKey,"IDAS_SFDC_CMU_MONTHLY, DimCMUAgent, DimCMUCategory, DimCMUChannel, DimCMUComplainant, DimCMUComplaint, DimCMUComplaintType, DimCMUCourierNonCourier, DimCMUCurrency, DimCMUNature, DimCMUPolicy, DimCMUProduct, DimCMURegion, DimCMUSource, DimCMUSource2, DimCMUSourceChannel, DimCMUStatus, DimCMUValidity, DimCMUCarryOver, DimCMUMeetSLA, DimCMUFlagOrphan, DimCMUPsour, DimCMUPaymentMode",AgentKey
FactCMU,CategoryKey,"IDAS_SFDC_CMU_MONTHLY, DimCMUAgent, DimCMUCategory, DimCMUChannel, DimCMUComplainant, DimCMUComplaint, DimCMUComplaintType, DimCMUCourierNonCourier, DimCMUCurrency, DimCMUNature, DimCMUPolicy, DimCMUProduct, DimCMURegion, DimCMUSource, DimCMUSource2, DimCMUSourceChannel, DimCMUStatus, DimCMUValidity, DimCMUCarryOver, DimCMUMeetSLA, DimCMUFlagOrphan, DimCMUPsour, DimCMUPaymentMode",CategoryKey
FactCMU,ChannelKey,"IDAS_SFDC_CMU_MONTHLY, DimCMUAgent, DimCMUCategory, DimCMUChannel, DimCMUComplainant, DimCMUComplaint, DimCMUComplaintType, DimCMUCourierNonCourier, DimCMUCurrency, DimCMUNature, DimCMUPolicy, DimCMUProduct, DimCMURegion, DimCMUSource, DimCMUSource2, DimCMUSourceChannel, DimCMUStatus, DimCMUValidity, DimCMUCarryOver, DimCMUMeetSLA, DimCMUFlagOrphan, DimCMUPsour, DimCMUPaymentMode",ChannelKey
FactCMU,ComplainantKey,"IDAS_SFDC_CMU_MONTHLY, DimCMUAgent, DimCMUCategory, DimCMUChannel, DimCMUComplainant, DimCMUComplaint, DimCMUComplaintType, DimCMUCourierNonCourier, DimCMUCurrency, DimCMUNature, DimCMUPolicy, DimCMUProduct, DimCMURegion, DimCMUSource, DimCMUSource2, DimCMUSourceChannel, DimCMUStatus, DimCMUValidity, DimCMUCarryOver, DimCMUMeetSLA, DimCMUFlagOrphan, DimCMUPsour, DimCMUPaymentMode",ComplainantKey
FactCMU,ComplaintKey,"IDAS_SFDC_CMU_MONTHLY, DimCMUAgent, DimCMUCategory, DimCMUChannel, DimCMUComplainant, DimCMUComplaint, DimCMUComplaintType, DimCMUCourierNonCourier, DimCMUCurrency, DimCMUNature, DimCMUPolicy, DimCMUProduct, DimCMURegion, DimCMUSource, DimCMUSource2, DimCMUSourceChannel, DimCMUStatus, DimCMUValidity, DimCMUCarryOver, DimCMUMeetSLA, DimCMUFlagOrphan, DimCMUPsour, DimCMUPaymentMode",ComplaintKey
FactCMU,ComplaintTypeKey,"IDAS_SFDC_CMU_MONTHLY, DimCMUAgent, DimCMUCategory, DimCMUChannel, DimCMUComplainant, DimCMUComplaint, DimCMUComplaintType, DimCMUCourierNonCourier, DimCMUCurrency, DimCMUNature, DimCMUPolicy, DimCMUProduct, DimCMURegion, DimCMUSource, DimCMUSource2, DimCMUSourceChannel, DimCMUStatus, DimCMUValidity, DimCMUCarryOver, DimCMUMeetSLA, DimCMUFlagOrphan, DimCMUPsour, DimCMUPaymentMode",ComplaintTypeKey
FactCMU,CourierNonCourierKey,"IDAS_SFDC_CMU_MONTHLY, DimCMUAgent, DimCMUCategory, DimCMUChannel, DimCMUComplainant, DimCMUComplaint, DimCMUComplaintType, DimCMUCourierNonCourier, DimCMUCurrency, DimCMUNature, DimCMUPolicy, DimCMUProduct, DimCMURegion, DimCMUSource, DimCMUSource2, DimCMUSourceChannel, DimCMUStatus, DimCMUValidity, DimCMUCarryOver, DimCMUMeetSLA, DimCMUFlagOrphan, DimCMUPsour, DimCMUPaymentMode",CourierNonCourierKey
FactCMU,CurrencyKey,"IDAS_SFDC_CMU_MONTHLY, DimCMUAgent, DimCMUCategory, DimCMUChannel, DimCMUComplainant, DimCMUComplaint, DimCMUComplaintType, DimCMUCourierNonCourier, DimCMUCurrency, DimCMUNature, DimCMUPolicy, DimCMUProduct, DimCMURegion, DimCMUSource, DimCMUSource2, DimCMUSourceChannel, DimCMUStatus, DimCMUValidity, DimCMUCarryOver, DimCMUMeetSLA, DimCMUFlagOrphan, DimCMUPsour, DimCMUPaymentMode",CurrencyKey
FactCMU,NatureKey,"IDAS_SFDC_CMU_MONTHLY, DimCMUAgent, DimCMUCategory, DimCMUChannel, DimCMUComplainant, DimCMUComplaint, DimCMUComplaintType, DimCMUCourierNonCourier, DimCMUCurrency, DimCMUNature, DimCMUPolicy, DimCMUProduct, DimCMURegion, DimCMUSource, DimCMUSource2, DimCMUSourceChannel, DimCMUStatus, DimCMUValidity, DimCMUCarryOver, DimCMUMeetSLA, DimCMUFlagOrphan, DimCMUPsour, DimCMUPaymentMode",NatureKey
FactCMU,PolicyKey,"IDAS_SFDC_CMU_MONTHLY, DimCMUAgent, DimCMUCategory, DimCMUChannel, DimCMUComplainant, DimCMUComplaint, DimCMUComplaintType, DimCMUCourierNonCourier, DimCMUCurrency, DimCMUNature, DimCMUPolicy, DimCMUProduct, DimCMURegion, DimCMUSource, DimCMUSource2, DimCMUSourceChannel, DimCMUStatus, DimCMUValidity, DimCMUCarryOver, DimCMUMeetSLA, DimCMUFlagOrphan, DimCMUPsour, DimCMUPaymentMode",PolicyKey
FactCMU,ProductKey,"IDAS_SFDC_CMU_MONTHLY, DimCMUAgent, DimCMUCategory, DimCMUChannel, DimCMUComplainant, DimCMUComplaint, DimCMUComplaintType, DimCMUCourierNonCourier, DimCMUCurrency, DimCMUNature, DimCMUPolicy, DimCMUProduct, DimCMURegion, DimCMUSource, DimCMUSource2, DimCMUSourceChannel, DimCMUStatus, DimCMUValidity, DimCMUCarryOver, DimCMUMeetSLA, DimCMUFlagOrphan, DimCMUPsour, DimCMUPaymentMode",ProductKey
FactCMU,RegionKey,"IDAS_SFDC_CMU_MONTHLY, DimCMUAgent, DimCMUCategory, DimCMUChannel, DimCMUComplainant, DimCMUComplaint, DimCMUComplaintType, DimCMUCourierNonCourier, DimCMUCurrency, DimCMUNature, DimCMUPolicy, DimCMUProduct, DimCMURegion, DimCMUSource, DimCMUSource2, DimCMUSourceChannel, DimCMUStatus, DimCMUValidity, DimCMUCarryOver, DimCMUMeetSLA, DimCMUFlagOrphan, DimCMUPsour, DimCMUPaymentMode",RegionKey
FactCMU,SourceKey,"IDAS_SFDC_CMU_MONTHLY, DimCMUAgent, DimCMUCategory, DimCMUChannel, DimCMUComplainant, DimCMUComplaint, DimCMUComplaintType, DimCMUCourierNonCourier, DimCMUCurrency, DimCMUNature, DimCMUPolicy, DimCMUProduct, DimCMURegion, DimCMUSource, DimCMUSource2, DimCMUSourceChannel, DimCMUStatus, DimCMUValidity, DimCMUCarryOver, DimCMUMeetSLA, DimCMUFlagOrphan, DimCMUPsour, DimCMUPaymentMode",SourceKey
FactCMU,Source2Key,"IDAS_SFDC_CMU_MONTHLY, DimCMUAgent, DimCMUCategory, DimCMUChannel, DimCMUComplainant, DimCMUComplaint, DimCMUComplaintType, DimCMUCourierNonCourier, DimCMUCurrency, DimCMUNature, DimCMUPolicy, DimCMUProduct, DimCMURegion, DimCMUSource, DimCMUSource2, DimCMUSourceChannel, DimCMUStatus, DimCMUValidity, DimCMUCarryOver, DimCMUMeetSLA, DimCMUFlagOrphan, DimCMUPsour, DimCMUPaymentMode",Source2Key
FactCMU,SourceChannelKey,"IDAS_SFDC_CMU_MONTHLY, DimCMUAgent, DimCMUCategory, DimCMUChannel, DimCMUComplainant, DimCMUComplaint, DimCMUComplaintType, DimCMUCourierNonCourier, DimCMUCurrency, DimCMUNature, DimCMUPolicy, DimCMUProduct, DimCMURegion, DimCMUSource, DimCMUSource2, DimCMUSourceChannel, DimCMUStatus, DimCMUValidity, DimCMUCarryOver, DimCMUMeetSLA, DimCMUFlagOrphan, DimCMUPsour, DimCMUPaymentMode",SourceChannelKey
FactCMU,StatusKey,"IDAS_SFDC_CMU_MONTHLY, DimCMUAgent, DimCMUCategory, DimCMUChannel, DimCMUComplainant, DimCMUComplaint, DimCMUComplaintType, DimCMUCourierNonCourier, DimCMUCurrency, DimCMUNature, DimCMUPolicy, DimCMUProduct, DimCMURegion, DimCMUSource, DimCMUSource2, DimCMUSourceChannel, DimCMUStatus, DimCMUValidity, DimCMUCarryOver, DimCMUMeetSLA, DimCMUFlagOrphan, DimCMUPsour, DimCMUPaymentMode",StatusKey
FactCMU,ValidityKey,"IDAS_SFDC_CMU_MONTHLY, DimCMUAgent, DimCMUCategory, DimCMUChannel, DimCMUComplainant, DimCMUComplaint, DimCMUComplaintType, DimCMUCourierNonCourier, DimCMUCurrency, DimCMUNature, DimCMUPolicy, DimCMUProduct, DimCMURegion, DimCMUSource, DimCMUSource2, DimCMUSourceChannel, DimCMUStatus, DimCMUValidity, DimCMUCarryOver, DimCMUMeetSLA, DimCMUFlagOrphan, DimCMUPsour, DimCMUPaymentMode",ValidityKey
FactCMU,TotalPremiumCollected(Rp),"IDAS_SFDC_CMU_MONTHLY, DimCMUAgent, DimCMUCategory, DimCMUChannel, DimCMUComplainant, DimCMUComplaint, DimCMUComplaintType, DimCMUCourierNonCourier, DimCMUCurrency, DimCMUNature, DimCMUPolicy, DimCMUProduct, DimCMURegion, DimCMUSource, DimCMUSource2, DimCMUSourceChannel, DimCMUStatus, DimCMUValidity, DimCMUCarryOver, DimCMUMeetSLA, DimCMUFlagOrphan, DimCMUPsour, DimCMUPaymentMode",TotalPremiumCollected(Rp)
FactCMU,APE(Rp),"IDAS_SFDC_CMU_MONTHLY, DimCMUAgent, DimCMUCategory, DimCMUChannel, DimCMUComplainant, DimCMUComplaint, DimCMUComplaintType, DimCMUCourierNonCourier, DimCMUCurrency, DimCMUNature, DimCMUPolicy, DimCMUProduct, DimCMURegion, DimCMUSource, DimCMUSource2, DimCMUSourceChannel, DimCMUStatus, DimCMUValidity, DimCMUCarryOver, DimCMUMeetSLA, DimCMUFlagOrphan, DimCMUPsour, DimCMUPaymentMode",APE(Rp)
FactCMU,TotalSurrenderPayment(Rp),"IDAS_SFDC_CMU_MONTHLY, DimCMUAgent, DimCMUCategory, DimCMUChannel, DimCMUComplainant, DimCMUComplaint, DimCMUComplaintType, DimCMUCourierNonCourier, DimCMUCurrency, DimCMUNature, DimCMUPolicy, DimCMUProduct, DimCMURegion, DimCMUSource, DimCMUSource2, DimCMUSourceChannel, DimCMUStatus, DimCMUValidity, DimCMUCarryOver, DimCMUMeetSLA, DimCMUFlagOrphan, DimCMUPsour, DimCMUPaymentMode",TotalSurrenderPayment(Rp)
FactCMU,TotalWithdrawal(Rp),"IDAS_SFDC_CMU_MONTHLY, DimCMUAgent, DimCMUCategory, DimCMUChannel, DimCMUComplainant, DimCMUComplaint, DimCMUComplaintType, DimCMUCourierNonCourier, DimCMUCurrency, DimCMUNature, DimCMUPolicy, DimCMUProduct, DimCMURegion, DimCMUSource, DimCMUSource2, DimCMUSourceChannel, DimCMUStatus, DimCMUValidity, DimCMUCarryOver, DimCMUMeetSLA, DimCMUFlagOrphan, DimCMUPsour, DimCMUPaymentMode",TotalWithdrawal(Rp)
FactCMU,PeriodKey,"IDAS_SFDC_CMU_MONTHLY, DimCMUAgent, DimCMUCategory, DimCMUChannel, DimCMUComplainant, DimCMUComplaint, DimCMUComplaintType, DimCMUCourierNonCourier, DimCMUCurrency, DimCMUNature, DimCMUPolicy, DimCMUProduct, DimCMURegion, DimCMUSource, DimCMUSource2, DimCMUSourceChannel, DimCMUStatus, DimCMUValidity, DimCMUCarryOver, DimCMUMeetSLA, DimCMUFlagOrphan, DimCMUPsour, DimCMUPaymentMode",PeriodKey
FactCMU,PeriodKeyEnd,"IDAS_SFDC_CMU_MONTHLY, DimCMUAgent, DimCMUCategory, DimCMUChannel, DimCMUComplainant, DimCMUComplaint, DimCMUComplaintType, DimCMUCourierNonCourier, DimCMUCurrency, DimCMUNature, DimCMUPolicy, DimCMUProduct, DimCMURegion, DimCMUSource, DimCMUSource2, DimCMUSourceChannel, DimCMUStatus, DimCMUValidity, DimCMUCarryOver, DimCMUMeetSLA, DimCMUFlagOrphan, DimCMUPsour, DimCMUPaymentMode",PeriodKeyEnd
FactCMU,Insertdate,"IDAS_SFDC_CMU_MONTHLY, DimCMUAgent, DimCMUCategory, DimCMUChannel, DimCMUComplainant, DimCMUComplaint, DimCMUComplaintType, DimCMUCourierNonCourier, DimCMUCurrency, DimCMUNature, DimCMUPolicy, DimCMUProduct, DimCMURegion, DimCMUSource, DimCMUSource2, DimCMUSourceChannel, DimCMUStatus, DimCMUValidity, DimCMUCarryOver, DimCMUMeetSLA, DimCMUFlagOrphan, DimCMUPsour, DimCMUPaymentMode",Insertdate
FactCMU,LastModifydate,"IDAS_SFDC_CMU_MONTHLY, DimCMUAgent, DimCMUCategory, DimCMUChannel, DimCMUComplainant, DimCMUComplaint, DimCMUComplaintType, DimCMUCourierNonCourier, DimCMUCurrency, DimCMUNature, DimCMUPolicy, DimCMUProduct, DimCMURegion, DimCMUSource, DimCMUSource2, DimCMUSourceChannel, DimCMUStatus, DimCMUValidity, DimCMUCarryOver, DimCMUMeetSLA, DimCMUFlagOrphan, DimCMUPsour, DimCMUPaymentMode",LastModifydate
FactCMU,Logdate,"IDAS_SFDC_CMU_MONTHLY, DimCMUAgent, DimCMUCategory, DimCMUChannel, DimCMUComplainant, DimCMUComplaint, DimCMUComplaintType, DimCMUCourierNonCourier, DimCMUCurrency, DimCMUNature, DimCMUPolicy, DimCMUProduct, DimCMURegion, DimCMUSource, DimCMUSource2, DimCMUSourceChannel, DimCMUStatus, DimCMUValidity, DimCMUCarryOver, DimCMUMeetSLA, DimCMUFlagOrphan, DimCMUPsour, DimCMUPaymentMode",Logdate
FactCMU,ComplaintSnapKey,"IDAS_SFDC_CMU_MONTHLY, DimCMUAgent, DimCMUCategory, DimCMUChannel, DimCMUComplainant, DimCMUComplaint, DimCMUComplaintType, DimCMUCourierNonCourier, DimCMUCurrency, DimCMUNature, DimCMUPolicy, DimCMUProduct, DimCMURegion, DimCMUSource, DimCMUSource2, DimCMUSourceChannel, DimCMUStatus, DimCMUValidity, DimCMUCarryOver, DimCMUMeetSLA, DimCMUFlagOrphan, DimCMUPsour, DimCMUPaymentMode",ComplaintSnapKey
FactCMU,StatusSnapKey,"IDAS_SFDC_CMU_MONTHLY, DimCMUAgent, DimCMUCategory, DimCMUChannel, DimCMUComplainant, DimCMUComplaint, DimCMUComplaintType, DimCMUCourierNonCourier, DimCMUCurrency, DimCMUNature, DimCMUPolicy, DimCMUProduct, DimCMURegion, DimCMUSource, DimCMUSource2, DimCMUSourceChannel, DimCMUStatus, DimCMUValidity, DimCMUCarryOver, DimCMUMeetSLA, DimCMUFlagOrphan, DimCMUPsour, DimCMUPaymentMode",StatusSnapKey
FactCMU,ValiditySnapKey,"IDAS_SFDC_CMU_MONTHLY, DimCMUAgent, DimCMUCategory, DimCMUChannel, DimCMUComplainant, DimCMUComplaint, DimCMUComplaintType, DimCMUCourierNonCourier, DimCMUCurrency, DimCMUNature, DimCMUPolicy, DimCMUProduct, DimCMURegion, DimCMUSource, DimCMUSource2, DimCMUSourceChannel, DimCMUStatus, DimCMUValidity, DimCMUCarryOver, DimCMUMeetSLA, DimCMUFlagOrphan, DimCMUPsour, DimCMUPaymentMode",ValiditySnapKey
FactCMU,CarryOverKey,"IDAS_SFDC_CMU_MONTHLY, DimCMUAgent, DimCMUCategory, DimCMUChannel, DimCMUComplainant, DimCMUComplaint, DimCMUComplaintType, DimCMUCourierNonCourier, DimCMUCurrency, DimCMUNature, DimCMUPolicy, DimCMUProduct, DimCMURegion, DimCMUSource, DimCMUSource2, DimCMUSourceChannel, DimCMUStatus, DimCMUValidity, DimCMUCarryOver, DimCMUMeetSLA, DimCMUFlagOrphan, DimCMUPsour, DimCMUPaymentMode",CarryOverKey
FactCMU,CarryOverSnapKey,"IDAS_SFDC_CMU_MONTHLY, DimCMUAgent, DimCMUCategory, DimCMUChannel, DimCMUComplainant, DimCMUComplaint, DimCMUComplaintType, DimCMUCourierNonCourier, DimCMUCurrency, DimCMUNature, DimCMUPolicy, DimCMUProduct, DimCMURegion, DimCMUSource, DimCMUSource2, DimCMUSourceChannel, DimCMUStatus, DimCMUValidity, DimCMUCarryOver, DimCMUMeetSLA, DimCMUFlagOrphan, DimCMUPsour, DimCMUPaymentMode",CarryOverSnapKey
FactCMU,MeetSLAKey,"IDAS_SFDC_CMU_MONTHLY, DimCMUAgent, DimCMUCategory, DimCMUChannel, DimCMUComplainant, DimCMUComplaint, DimCMUComplaintType, DimCMUCourierNonCourier, DimCMUCurrency, DimCMUNature, DimCMUPolicy, DimCMUProduct, DimCMURegion, DimCMUSource, DimCMUSource2, DimCMUSourceChannel, DimCMUStatus, DimCMUValidity, DimCMUCarryOver, DimCMUMeetSLA, DimCMUFlagOrphan, DimCMUPsour, DimCMUPaymentMode",MeetSLAKey
FactCMU,MeetSLASnapKey,"IDAS_SFDC_CMU_MONTHLY, DimCMUAgent, DimCMUCategory, DimCMUChannel, DimCMUComplainant, DimCMUComplaint, DimCMUComplaintType, DimCMUCourierNonCourier, DimCMUCurrency, DimCMUNature, DimCMUPolicy, DimCMUProduct, DimCMURegion, DimCMUSource, DimCMUSource2, DimCMUSourceChannel, DimCMUStatus, DimCMUValidity, DimCMUCarryOver, DimCMUMeetSLA, DimCMUFlagOrphan, DimCMUPsour, DimCMUPaymentMode",MeetSLASnapKey
FactCMU,FlagOrphanKey,"IDAS_SFDC_CMU_MONTHLY, DimCMUAgent, DimCMUCategory, DimCMUChannel, DimCMUComplainant, DimCMUComplaint, DimCMUComplaintType, DimCMUCourierNonCourier, DimCMUCurrency, DimCMUNature, DimCMUPolicy, DimCMUProduct, DimCMURegion, DimCMUSource, DimCMUSource2, DimCMUSourceChannel, DimCMUStatus, DimCMUValidity, DimCMUCarryOver, DimCMUMeetSLA, DimCMUFlagOrphan, DimCMUPsour, DimCMUPaymentMode",FlagOrphanKey
FactCMU,PaymentModeKey,"IDAS_SFDC_CMU_MONTHLY, DimCMUAgent, DimCMUCategory, DimCMUChannel, DimCMUComplainant, DimCMUComplaint, DimCMUComplaintType, DimCMUCourierNonCourier, DimCMUCurrency, DimCMUNature, DimCMUPolicy, DimCMUProduct, DimCMURegion, DimCMUSource, DimCMUSource2, DimCMUSourceChannel, DimCMUStatus, DimCMUValidity, DimCMUCarryOver, DimCMUMeetSLA, DimCMUFlagOrphan, DimCMUPsour, DimCMUPaymentMode",PaymentModeKey
FactCMU,PsourKey,"IDAS_SFDC_CMU_MONTHLY, DimCMUAgent, DimCMUCategory, DimCMUChannel, DimCMUComplainant, DimCMUComplaint, DimCMUComplaintType, DimCMUCourierNonCourier, DimCMUCurrency, DimCMUNature, DimCMUPolicy, DimCMUProduct, DimCMURegion, DimCMUSource, DimCMUSource2, DimCMUSourceChannel, DimCMUStatus, DimCMUValidity, DimCMUCarryOver, DimCMUMeetSLA, DimCMUFlagOrphan, DimCMUPsour, DimCMUPaymentMode",PsourKey
DimCMUAgent,AgentKey,IDAS_SFDC_CMU_MONTHLY,AgentKey
DimCMUAgent,FaAgentCode,IDAS_SFDC_CMU_MONTHLY,FaAgentCode
DimCMUAgent,FaAgentName,IDAS_SFDC_CMU_MONTHLY,FaAgentName
DimCMUAgent,Insertdate,IDAS_SFDC_CMU_MONTHLY,Insertdate
DimCMUAgent,LastModifydate,IDAS_SFDC_CMU_MONTHLY,LastModifydate
DimCMUAgent,Logdate,IDAS_SFDC_CMU_MONTHLY,Logdate
DimCMUAgent,FaCode,IDAS_SFDC_CMU_MONTHLY,FaCode
DimCMUAgent,ASMName,IDAS_SFDC_CMU_MONTHLY,ASMName
DimCMUAgent,RSMName,IDAS_SFDC_CMU_MONTHLY,RSMName
DimCMUCategory,CategoryKey,IDAS_SFDC_CMU_MONTHLY,CategoryKey
DimCMUCategory,Category,IDAS_SFDC_CMU_MONTHLY,Category
DimCMUCategory,Insertdate,IDAS_SFDC_CMU_MONTHLY,Insertdate
DimCMUCategory,LastModifydate,IDAS_SFDC_CMU_MONTHLY,LastModifydate
DimCMUCategory,Logdate,IDAS_SFDC_CMU_MONTHLY,Logdate
DimCMUCategory,NatureRevised,IDAS_SFDC_CMU_MONTHLY,NatureRevised
DimCMUCategory,NatureRevised2,IDAS_SFDC_CMU_MONTHLY,NatureRevised2
DimCMUCategory,Fraud/NonFraud,IDAS_SFDC_CMU_MONTHLY,Fraud/NonFraud
DimCMUChannel,ChannelKey,IDAS_SFDC_CMU_MONTHLY,ChannelKey
DimCMUChannel,TmConventAlternate,IDAS_SFDC_CMU_MONTHLY,TmConventAlternate
DimCMUChannel,Channel2,IDAS_SFDC_CMU_MONTHLY,Channel2
DimCMUChannel,Insertdate,IDAS_SFDC_CMU_MONTHLY,Insertdate
DimCMUChannel,LastModifydate,IDAS_SFDC_CMU_MONTHLY,LastModifydate
DimCMUChannel,Logdate,IDAS_SFDC_CMU_MONTHLY,Logdate
DimCMUComplainant,Complainant,IDAS_SFDC_CMU_MONTHLY,Complainant
DimCMUComplainant,Insertdate,IDAS_SFDC_CMU_MONTHLY,Insertdate
DimCMUComplainant,LastModifydate,IDAS_SFDC_CMU_MONTHLY,LastModifydate
DimCMUComplainant,Logdate,IDAS_SFDC_CMU_MONTHLY,Logdate
DimCMUComplaint,ComplaintKey,IDAS_SFDC_CMU_MONTHLY,ComplaintKey
DimCMUComplaint,RequestNo,IDAS_SFDC_CMU_MONTHLY,RequestNo
DimCMUComplaint,ActualStartDate,IDAS_SFDC_CMU_MONTHLY,ActualStartDate
DimCMUComplaint,ActualEndDate,IDAS_SFDC_CMU_MONTHLY,ActualEndDate
DimCMUComplaint,ReportedBy,IDAS_SFDC_CMU_MONTHLY,ReportedBy
DimCMUComplaint,CurrentAssignee,IDAS_SFDC_CMU_MONTHLY,CurrentAssignee
DimCMUComplaint,TimeSpent,IDAS_SFDC_CMU_MONTHLY,TimeSpent
DimCMUComplaint,TimeSpentCalenderdays,IDAS_SFDC_CMU_MONTHLY,TimeSpentCalenderdays
DimCMUComplaint,MonthActualStartDate,IDAS_SFDC_CMU_MONTHLY,MonthActualStartDate
DimCMUComplaint,YearActualStartDate,IDAS_SFDC_CMU_MONTHLY,YearActualStartDate
DimCMUComplaint,MonthActualEndDate,IDAS_SFDC_CMU_MONTHLY,MonthActualEndDate
DimCMUComplaint,YearActualEndDate,IDAS_SFDC_CMU_MONTHLY,YearActualEndDate
DimCMUComplaint,Aging,IDAS_SFDC_CMU_MONTHLY,Aging
DimCMUComplaint,AgingCalenderDays,IDAS_SFDC_CMU_MONTHLY,AgingCalenderDays
DimCMUComplaint,FormalSoftAppealCourier,IDAS_SFDC_CMU_MONTHLY,FormalSoftAppealCourier
DimCMUComplaint,CauseComplaint,IDAS_SFDC_CMU_MONTHLY,CauseComplaint
DimCMUComplaint,ComplaintDetail,IDAS_SFDC_CMU_MONTHLY,ComplaintDetail
DimCMUComplaint,OtherInformation,IDAS_SFDC_CMU_MONTHLY,OtherInformation
DimCMUComplaint,Insertdate,IDAS_SFDC_CMU_MONTHLY,Insertdate
DimCMUComplaint,LastModifydate,IDAS_SFDC_CMU_MONTHLY,LastModifydate
DimCMUComplaint,Logdate,IDAS_SFDC_CMU_MONTHLY,Logdate
DimCMUComplaint,OJKMeetSLA,IDAS_SFDC_CMU_MONTHLY,OJKMeetSLA
DimCMUComplaintType,Complaint Type,IDAS_SFDC_CMU_MONTHLY,Complaint Type
DimCMUComplaintType,Insertdate,IDAS_SFDC_CMU_MONTHLY,Insertdate
DimCMUComplaintType,LastModifydate,IDAS_SFDC_CMU_MONTHLY,LastModifydate
DimCMUComplaintType,Logdate,IDAS_SFDC_CMU_MONTHLY,Logdate
DimCMUCourierNonCourier,Courier/Non Courier,IDAS_SFDC_CMU_MONTHLY,Courier/Non Courier
DimCMUCourierNonCourier,Insertdate,IDAS_SFDC_CMU_MONTHLY,Insertdate
DimCMUCourierNonCourier,LastModifydate,IDAS_SFDC_CMU_MONTHLY,LastModifydate
DimCMUCourierNonCourier,Logdate,IDAS_SFDC_CMU_MONTHLY,Logdate
DimCMUCurrency,Currency,IDAS_SFDC_CMU_MONTHLY,Currency
DimCMUCurrency,Insertdate,IDAS_SFDC_CMU_MONTHLY,Insertdate
DimCMUCurrency,LastModifydate,IDAS_SFDC_CMU_MONTHLY,LastModifydate
DimCMUCurrency,Logdate,IDAS_SFDC_CMU_MONTHLY,Logdate
DimCMUNature,Nature,IDAS_SFDC_CMU_MONTHLY,Nature
DimCMUNature,Insertdate,IDAS_SFDC_CMU_MONTHLY,Insertdate
DimCMUNature,LastModifydate,IDAS_SFDC_CMU_MONTHLY,LastModifydate
DimCMUNature,Logdate,IDAS_SFDC_CMU_MONTHLY,Logdate
DimCMUPolicy,PolicyKey,IDAS_SFDC_CMU_MONTHLY,PolicyKey
DimCMUPolicy,PolicyNo,IDAS_SFDC_CMU_MONTHLY,PolicyNo
DimCMUPolicy,Doi,IDAS_SFDC_CMU_MONTHLY,Doi
DimCMUPolicy,YearOfPolicyIssued,IDAS_SFDC_CMU_MONTHLY,YearOfPolicyIssued
DimCMUPolicy,PolicyAge,IDAS_SFDC_CMU_MONTHLY,PolicyAge
DimCMUPolicy,GroupingPolicyAge,IDAS_SFDC_CMU_MONTHLY,GroupingPolicyAge
DimCMUPolicy,PolicyStatus,IDAS_SFDC_CMU_MONTHLY,PolicyStatus
DimCMUPolicy,CustomerName,IDAS_SFDC_CMU_MONTHLY,CustomerName
DimCMUPolicy,CustomerType,IDAS_SFDC_CMU_MONTHLY,CustomerType
DimCMUPolicy,Dob,IDAS_SFDC_CMU_MONTHLY,Dob
DimCMUPolicy,Sex,IDAS_SFDC_CMU_MONTHLY,Sex
DimCMUPolicy,Address1,IDAS_SFDC_CMU_MONTHLY,Address1
DimCMUPolicy,Address2,IDAS_SFDC_CMU_MONTHLY,Address2
DimCMUPolicy,Address3,IDAS_SFDC_CMU_MONTHLY,Address3
DimCMUPolicy,Address4,IDAS_SFDC_CMU_MONTHLY,Address4
DimCMUPolicy,AlamatEmail,IDAS_SFDC_CMU_MONTHLY,AlamatEmail
DimCMUPolicy,PendapatanOwner,IDAS_SFDC_CMU_MONTHLY,PendapatanOwner
DimCMUPolicy,PekerjaanOwner,IDAS_SFDC_CMU_MONTHLY,PekerjaanOwner
DimCMUPolicy,Insertdate,IDAS_SFDC_CMU_MONTHLY,Insertdate
DimCMUPolicy,LastModifydate,IDAS_SFDC_CMU_MONTHLY,LastModifydate
DimCMUPolicy,Logdate,IDAS_SFDC_CMU_MONTHLY,Logdate
DimCMUPolicy,Dos,IDAS_SFDC_CMU_MONTHLY,Dos
DimCMUProduct,ProductKey,IDAS_SFDC_CMU_MONTHLY,ProductKey
DimCMUProduct,PlanCode,IDAS_SFDC_CMU_MONTHLY,PlanCode
DimCMUProduct,PlanDesc1,IDAS_SFDC_CMU_MONTHLY,PlanDesc1
DimCMUProduct,PlanDesc2,IDAS_SFDC_CMU_MONTHLY,PlanDesc2
DimCMUProduct,SyariahNonSyariah,IDAS_SFDC_CMU_MONTHLY,SyariahNonSyariah
DimCMUProduct,Insertdate,IDAS_SFDC_CMU_MONTHLY,Insertdate
DimCMUProduct,LastModifydate,IDAS_SFDC_CMU_MONTHLY,LastModifydate
DimCMUProduct,Logdate,IDAS_SFDC_CMU_MONTHLY,Logdate
DimCMUProduct,ProductGroup,IDAS_SFDC_CMU_MONTHLY,ProductGroup
DimCMUProduct,NewProduct,IDAS_SFDC_CMU_MONTHLY,NewProduct
DimCMURegion,RegionKey,IDAS_SFDC_CMU_MONTHLY,RegionKey
DimCMURegion,Region,IDAS_SFDC_CMU_MONTHLY,Region
DimCMURegion,BranchCode,IDAS_SFDC_CMU_MONTHLY,BranchCode
DimCMURegion,BranchName,IDAS_SFDC_CMU_MONTHLY,BranchName
DimCMURegion,Insertdate,IDAS_SFDC_CMU_MONTHLY,Insertdate
DimCMURegion,LastModifydate,IDAS_SFDC_CMU_MONTHLY,LastModifydate
DimCMURegion,Logdate,IDAS_SFDC_CMU_MONTHLY,Logdate
DimCMUSource,SourceKey,IDAS_SFDC_CMU_MONTHLY,SourceKey
DimCMUSource,Source,IDAS_SFDC_CMU_MONTHLY,Source
DimCMUSource,Insertdate,IDAS_SFDC_CMU_MONTHLY,Insertdate
DimCMUSource,LastModifydate,IDAS_SFDC_CMU_MONTHLY,LastModifydate
DimCMUSource,Logdate,IDAS_SFDC_CMU_MONTHLY,Logdate
DimCMUSource2,Source2Key,IDAS_SFDC_CMU_MONTHLY,Source2Key
DimCMUSource2,Source2,IDAS_SFDC_CMU_MONTHLY,Source2
DimCMUSource2,Insertdate,IDAS_SFDC_CMU_MONTHLY,Insertdate
DimCMUSource2,LastModifydate,IDAS_SFDC_CMU_MONTHLY,LastModifydate
DimCMUSource2,Logdate,IDAS_SFDC_CMU_MONTHLY,Logdate
DimCMUSourceChannel,SourceChannelKey,IDAS_SFDC_CMU_MONTHLY,SourceChannelKey
DimCMUSourceChannel,Channel,IDAS_SFDC_CMU_MONTHLY,Channel
DimCMUSourceChannel,Insertdate,IDAS_SFDC_CMU_MONTHLY,Insertdate
DimCMUSourceChannel,LastModifydate,IDAS_SFDC_CMU_MONTHLY,LastModifydate
DimCMUSourceChannel,Logdate,IDAS_SFDC_CMU_MONTHLY,Logdate
DimCMUStatus,StatusKey,IDAS_SFDC_CMU_MONTHLY,StatusKey
DimCMUStatus,OpenClosed,IDAS_SFDC_CMU_MONTHLY,OpenClosed
DimCMUStatus,Insertdate,IDAS_SFDC_CMU_MONTHLY,Insertdate
DimCMUStatus,LastModifydate,IDAS_SFDC_CMU_MONTHLY,LastModifydate
DimCMUStatus,Logdate,IDAS_SFDC_CMU_MONTHLY,Logdate
DimCMUValidity,Validity,IDAS_SFDC_CMU_MONTHLY,Validity
DimCMUValidity,Insertdate,IDAS_SFDC_CMU_MONTHLY,Insertdate
DimCMUValidity,LastModifydate,IDAS_SFDC_CMU_MONTHLY,LastModifydate
DimCMUValidity,Logdate,IDAS_SFDC_CMU_MONTHLY,Logdate
DimCMUCarryOver,CarryOver,IDAS_SFDC_CMU_MONTHLY,CarryOver
DimCMUCarryOver,Channel,IDAS_SFDC_CMU_MONTHLY,Channel
DimCMUCarryOver,Insertdate,IDAS_SFDC_CMU_MONTHLY,Insertdate
DimCMUCarryOver,LastModifydate,IDAS_SFDC_CMU_MONTHLY,LastModifydate
DimCMUCarryOver,Logdate,IDAS_SFDC_CMU_MONTHLY,Logdate
DimCMUMeetSLA,MeetSLA,IDAS_SFDC_CMU_MONTHLY,MeetSLA
DimCMUMeetSLA,Insertdate,IDAS_SFDC_CMU_MONTHLY,Insertdate
DimCMUMeetSLA,LastModifydate,IDAS_SFDC_CMU_MONTHLY,LastModifydate
DimCMUMeetSLA,Logdate,IDAS_SFDC_CMU_MONTHLY,Logdate
DimCMUFlagOrphan,Flag_Orphan,IDAS_SFDC_CMU_MONTHLY,Flag_Orphan
DimCMUFlagOrphan,LOWER_Flag_Orphan,IDAS_SFDC_CMU_MONTHLY,LOWER_Flag_Orphan
DimCMUFlagOrphan,Insertdate,IDAS_SFDC_CMU_MONTHLY,Insertdate
DimCMUFlagOrphan,LastModifydate,IDAS_SFDC_CMU_MONTHLY,LastModifydate
DimCMUFlagOrphan,Logdate,IDAS_SFDC_CMU_MONTHLY,Logdate
DimCMUPsour,PSour,IDAS_SFDC_CMU_MONTHLY,PSour
DimCMUPsour,Insertdate,IDAS_SFDC_CMU_MONTHLY,Insertdate
DimCMUPsour,LastModifydate,IDAS_SFDC_CMU_MONTHLY,LastModifydate
DimCMUPsour,Logdate,IDAS_SFDC_CMU_MONTHLY,Logdate
DimCMUPaymentMode,Payment Mode,IDAS_SFDC_CMU_MONTHLY,Payment Mode
DimCMUPaymentMode,Insertdate,IDAS_SFDC_CMU_MONTHLY,Insertdate
DimCMUPaymentMode,LastModifydate,IDAS_SFDC_CMU_MONTHLY,LastModifydate
DimCMUPaymentMode,Logdate,IDAS_SFDC_CMU_MONTHLY,Logdate
FactCMUMonthly,AgentKey,"IDAS_SFDC_CMU_SNAP_MONTHLY, DimCMUCategory, DimCMUChannel, DimCMUComplainant, DimCMUComplaintSnap, DimCMUComplaintType, DimCMUCourierNonCourier, DimCMUCurrency, DimCMUNature, DimCMUPolicy, DimCMUProduct, DimCMURegion, DimCMUSource, DimCMUSource2, DimCMUSourceChannel, DimCMUStatusSnap, DimCMUValiditySnap, DimCMUCarryOverSnap, DimCMUMeetSLASnap, DimCMUFlagOrphan, DimCMUPsour, DimCMUPaymentMode",AgentKey
FactCMUMonthly,CategoryKey,"IDAS_SFDC_CMU_SNAP_MONTHLY, DimCMUCategory, DimCMUChannel, DimCMUComplainant, DimCMUComplaintSnap, DimCMUComplaintType, DimCMUCourierNonCourier, DimCMUCurrency, DimCMUNature, DimCMUPolicy, DimCMUProduct, DimCMURegion, DimCMUSource, DimCMUSource2, DimCMUSourceChannel, DimCMUStatusSnap, DimCMUValiditySnap, DimCMUCarryOverSnap, DimCMUMeetSLASnap, DimCMUFlagOrphan, DimCMUPsour, DimCMUPaymentMode",CategoryKey
FactCMUMonthly,ChannelKey,"IDAS_SFDC_CMU_SNAP_MONTHLY, DimCMUCategory, DimCMUChannel, DimCMUComplainant, DimCMUComplaintSnap, DimCMUComplaintType, DimCMUCourierNonCourier, DimCMUCurrency, DimCMUNature, DimCMUPolicy, DimCMUProduct, DimCMURegion, DimCMUSource, DimCMUSource2, DimCMUSourceChannel, DimCMUStatusSnap, DimCMUValiditySnap, DimCMUCarryOverSnap, DimCMUMeetSLASnap, DimCMUFlagOrphan, DimCMUPsour, DimCMUPaymentMode",ChannelKey
FactCMUMonthly,ComplainantKey,"IDAS_SFDC_CMU_SNAP_MONTHLY, DimCMUCategory, DimCMUChannel, DimCMUComplainant, DimCMUComplaintSnap, DimCMUComplaintType, DimCMUCourierNonCourier, DimCMUCurrency, DimCMUNature, DimCMUPolicy, DimCMUProduct, DimCMURegion, DimCMUSource, DimCMUSource2, DimCMUSourceChannel, DimCMUStatusSnap, DimCMUValiditySnap, DimCMUCarryOverSnap, DimCMUMeetSLASnap, DimCMUFlagOrphan, DimCMUPsour, DimCMUPaymentMode",ComplainantKey
FactCMUMonthly,ComplaintSnapKey,"IDAS_SFDC_CMU_SNAP_MONTHLY, DimCMUCategory, DimCMUChannel, DimCMUComplainant, DimCMUComplaintSnap, DimCMUComplaintType, DimCMUCourierNonCourier, DimCMUCurrency, DimCMUNature, DimCMUPolicy, DimCMUProduct, DimCMURegion, DimCMUSource, DimCMUSource2, DimCMUSourceChannel, DimCMUStatusSnap, DimCMUValiditySnap, DimCMUCarryOverSnap, DimCMUMeetSLASnap, DimCMUFlagOrphan, DimCMUPsour, DimCMUPaymentMode",ComplaintSnapKey
FactCMUMonthly,ComplaintTypeKey,"IDAS_SFDC_CMU_SNAP_MONTHLY, DimCMUCategory, DimCMUChannel, DimCMUComplainant, DimCMUComplaintSnap, DimCMUComplaintType, DimCMUCourierNonCourier, DimCMUCurrency, DimCMUNature, DimCMUPolicy, DimCMUProduct, DimCMURegion, DimCMUSource, DimCMUSource2, DimCMUSourceChannel, DimCMUStatusSnap, DimCMUValiditySnap, DimCMUCarryOverSnap, DimCMUMeetSLASnap, DimCMUFlagOrphan, DimCMUPsour, DimCMUPaymentMode",ComplaintTypeKey
FactCMUMonthly,CourierNonCourierKey,"IDAS_SFDC_CMU_SNAP_MONTHLY, DimCMUCategory, DimCMUChannel, DimCMUComplainant, DimCMUComplaintSnap, DimCMUComplaintType, DimCMUCourierNonCourier, DimCMUCurrency, DimCMUNature, DimCMUPolicy, DimCMUProduct, DimCMURegion, DimCMUSource, DimCMUSource2, DimCMUSourceChannel, DimCMUStatusSnap, DimCMUValiditySnap, DimCMUCarryOverSnap, DimCMUMeetSLASnap, DimCMUFlagOrphan, DimCMUPsour, DimCMUPaymentMode",CourierNonCourierKey
FactCMUMonthly,CurrencyKey,"IDAS_SFDC_CMU_SNAP_MONTHLY, DimCMUCategory, DimCMUChannel, DimCMUComplainant, DimCMUComplaintSnap, DimCMUComplaintType, DimCMUCourierNonCourier, DimCMUCurrency, DimCMUNature, DimCMUPolicy, DimCMUProduct, DimCMURegion, DimCMUSource, DimCMUSource2, DimCMUSourceChannel, DimCMUStatusSnap, DimCMUValiditySnap, DimCMUCarryOverSnap, DimCMUMeetSLASnap, DimCMUFlagOrphan, DimCMUPsour, DimCMUPaymentMode",CurrencyKey
FactCMUMonthly,NatureKey,"IDAS_SFDC_CMU_SNAP_MONTHLY, DimCMUCategory, DimCMUChannel, DimCMUComplainant, DimCMUComplaintSnap, DimCMUComplaintType, DimCMUCourierNonCourier, DimCMUCurrency, DimCMUNature, DimCMUPolicy, DimCMUProduct, DimCMURegion, DimCMUSource, DimCMUSource2, DimCMUSourceChannel, DimCMUStatusSnap, DimCMUValiditySnap, DimCMUCarryOverSnap, DimCMUMeetSLASnap, DimCMUFlagOrphan, DimCMUPsour, DimCMUPaymentMode",NatureKey
FactCMUMonthly,PolicyKey,"IDAS_SFDC_CMU_SNAP_MONTHLY, DimCMUCategory, DimCMUChannel, DimCMUComplainant, DimCMUComplaintSnap, DimCMUComplaintType, DimCMUCourierNonCourier, DimCMUCurrency, DimCMUNature, DimCMUPolicy, DimCMUProduct, DimCMURegion, DimCMUSource, DimCMUSource2, DimCMUSourceChannel, DimCMUStatusSnap, DimCMUValiditySnap, DimCMUCarryOverSnap, DimCMUMeetSLASnap, DimCMUFlagOrphan, DimCMUPsour, DimCMUPaymentMode",PolicyKey
FactCMUMonthly,ProductKey,"IDAS_SFDC_CMU_SNAP_MONTHLY, DimCMUCategory, DimCMUChannel, DimCMUComplainant, DimCMUComplaintSnap, DimCMUComplaintType, DimCMUCourierNonCourier, DimCMUCurrency, DimCMUNature, DimCMUPolicy, DimCMUProduct, DimCMURegion, DimCMUSource, DimCMUSource2, DimCMUSourceChannel, DimCMUStatusSnap, DimCMUValiditySnap, DimCMUCarryOverSnap, DimCMUMeetSLASnap, DimCMUFlagOrphan, DimCMUPsour, DimCMUPaymentMode",ProductKey
FactCMUMonthly,RegionKey,"IDAS_SFDC_CMU_SNAP_MONTHLY, DimCMUCategory, DimCMUChannel, DimCMUComplainant, DimCMUComplaintSnap, DimCMUComplaintType, DimCMUCourierNonCourier, DimCMUCurrency, DimCMUNature, DimCMUPolicy, DimCMUProduct, DimCMURegion, DimCMUSource, DimCMUSource2, DimCMUSourceChannel, DimCMUStatusSnap, DimCMUValiditySnap, DimCMUCarryOverSnap, DimCMUMeetSLASnap, DimCMUFlagOrphan, DimCMUPsour, DimCMUPaymentMode",RegionKey
FactCMUMonthly,SourceKey,"IDAS_SFDC_CMU_SNAP_MONTHLY, DimCMUCategory, DimCMUChannel, DimCMUComplainant, DimCMUComplaintSnap, DimCMUComplaintType, DimCMUCourierNonCourier, DimCMUCurrency, DimCMUNature, DimCMUPolicy, DimCMUProduct, DimCMURegion, DimCMUSource, DimCMUSource2, DimCMUSourceChannel, DimCMUStatusSnap, DimCMUValiditySnap, DimCMUCarryOverSnap, DimCMUMeetSLASnap, DimCMUFlagOrphan, DimCMUPsour, DimCMUPaymentMode",SourceKey
FactCMUMonthly,Source2Key,"IDAS_SFDC_CMU_SNAP_MONTHLY, DimCMUCategory, DimCMUChannel, DimCMUComplainant, DimCMUComplaintSnap, DimCMUComplaintType, DimCMUCourierNonCourier, DimCMUCurrency, DimCMUNature, DimCMUPolicy, DimCMUProduct, DimCMURegion, DimCMUSource, DimCMUSource2, DimCMUSourceChannel, DimCMUStatusSnap, DimCMUValiditySnap, DimCMUCarryOverSnap, DimCMUMeetSLASnap, DimCMUFlagOrphan, DimCMUPsour, DimCMUPaymentMode",Source2Key
FactCMUMonthly,SourceChannelKey,"IDAS_SFDC_CMU_SNAP_MONTHLY, DimCMUCategory, DimCMUChannel, DimCMUComplainant, DimCMUComplaintSnap, DimCMUComplaintType, DimCMUCourierNonCourier, DimCMUCurrency, DimCMUNature, DimCMUPolicy, DimCMUProduct, DimCMURegion, DimCMUSource, DimCMUSource2, DimCMUSourceChannel, DimCMUStatusSnap, DimCMUValiditySnap, DimCMUCarryOverSnap, DimCMUMeetSLASnap, DimCMUFlagOrphan, DimCMUPsour, DimCMUPaymentMode",SourceChannelKey
FactCMUMonthly,StatusKey,"IDAS_SFDC_CMU_SNAP_MONTHLY, DimCMUCategory, DimCMUChannel, DimCMUComplainant, DimCMUComplaintSnap, DimCMUComplaintType, DimCMUCourierNonCourier, DimCMUCurrency, DimCMUNature, DimCMUPolicy, DimCMUProduct, DimCMURegion, DimCMUSource, DimCMUSource2, DimCMUSourceChannel, DimCMUStatusSnap, DimCMUValiditySnap, DimCMUCarryOverSnap, DimCMUMeetSLASnap, DimCMUFlagOrphan, DimCMUPsour, DimCMUPaymentMode",StatusKey
FactCMUMonthly,ValidityKey,"IDAS_SFDC_CMU_SNAP_MONTHLY, DimCMUCategory, DimCMUChannel, DimCMUComplainant, DimCMUComplaintSnap, DimCMUComplaintType, DimCMUCourierNonCourier, DimCMUCurrency, DimCMUNature, DimCMUPolicy, DimCMUProduct, DimCMURegion, DimCMUSource, DimCMUSource2, DimCMUSourceChannel, DimCMUStatusSnap, DimCMUValiditySnap, DimCMUCarryOverSnap, DimCMUMeetSLASnap, DimCMUFlagOrphan, DimCMUPsour, DimCMUPaymentMode",ValidityKey
FactCMUMonthly,TotalPremiumCollected(Rp),"IDAS_SFDC_CMU_SNAP_MONTHLY, DimCMUCategory, DimCMUChannel, DimCMUComplainant, DimCMUComplaintSnap, DimCMUComplaintType, DimCMUCourierNonCourier, DimCMUCurrency, DimCMUNature, DimCMUPolicy, DimCMUProduct, DimCMURegion, DimCMUSource, DimCMUSource2, DimCMUSourceChannel, DimCMUStatusSnap, DimCMUValiditySnap, DimCMUCarryOverSnap, DimCMUMeetSLASnap, DimCMUFlagOrphan, DimCMUPsour, DimCMUPaymentMode",TotalPremiumCollected(Rp)
FactCMUMonthly,APE(Rp),"IDAS_SFDC_CMU_SNAP_MONTHLY, DimCMUCategory, DimCMUChannel, DimCMUComplainant, DimCMUComplaintSnap, DimCMUComplaintType, DimCMUCourierNonCourier, DimCMUCurrency, DimCMUNature, DimCMUPolicy, DimCMUProduct, DimCMURegion, DimCMUSource, DimCMUSource2, DimCMUSourceChannel, DimCMUStatusSnap, DimCMUValiditySnap, DimCMUCarryOverSnap, DimCMUMeetSLASnap, DimCMUFlagOrphan, DimCMUPsour, DimCMUPaymentMode",APE(Rp)
FactCMUMonthly,TotalSurrenderPayment(Rp),"IDAS_SFDC_CMU_SNAP_MONTHLY, DimCMUCategory, DimCMUChannel, DimCMUComplainant, DimCMUComplaintSnap, DimCMUComplaintType, DimCMUCourierNonCourier, DimCMUCurrency, DimCMUNature, DimCMUPolicy, DimCMUProduct, DimCMURegion, DimCMUSource, DimCMUSource2, DimCMUSourceChannel, DimCMUStatusSnap, DimCMUValiditySnap, DimCMUCarryOverSnap, DimCMUMeetSLASnap, DimCMUFlagOrphan, DimCMUPsour, DimCMUPaymentMode",TotalSurrenderPayment(Rp)
FactCMUMonthly,TotalWithdrawal(Rp),"IDAS_SFDC_CMU_SNAP_MONTHLY, DimCMUCategory, DimCMUChannel, DimCMUComplainant, DimCMUComplaintSnap, DimCMUComplaintType, DimCMUCourierNonCourier, DimCMUCurrency, DimCMUNature, DimCMUPolicy, DimCMUProduct, DimCMURegion, DimCMUSource, DimCMUSource2, DimCMUSourceChannel, DimCMUStatusSnap, DimCMUValiditySnap, DimCMUCarryOverSnap, DimCMUMeetSLASnap, DimCMUFlagOrphan, DimCMUPsour, DimCMUPaymentMode",TotalWithdrawal(Rp)
FactCMUMonthly,PeriodKey,"IDAS_SFDC_CMU_SNAP_MONTHLY, DimCMUCategory, DimCMUChannel, DimCMUComplainant, DimCMUComplaintSnap, DimCMUComplaintType, DimCMUCourierNonCourier, DimCMUCurrency, DimCMUNature, DimCMUPolicy, DimCMUProduct, DimCMURegion, DimCMUSource, DimCMUSource2, DimCMUSourceChannel, DimCMUStatusSnap, DimCMUValiditySnap, DimCMUCarryOverSnap, DimCMUMeetSLASnap, DimCMUFlagOrphan, DimCMUPsour, DimCMUPaymentMode",PeriodKey
FactCMUMonthly,PeriodKeyEnd,"IDAS_SFDC_CMU_SNAP_MONTHLY, DimCMUCategory, DimCMUChannel, DimCMUComplainant, DimCMUComplaintSnap, DimCMUComplaintType, DimCMUCourierNonCourier, DimCMUCurrency, DimCMUNature, DimCMUPolicy, DimCMUProduct, DimCMURegion, DimCMUSource, DimCMUSource2, DimCMUSourceChannel, DimCMUStatusSnap, DimCMUValiditySnap, DimCMUCarryOverSnap, DimCMUMeetSLASnap, DimCMUFlagOrphan, DimCMUPsour, DimCMUPaymentMode",PeriodKeyEnd
FactCMUMonthly,Insertdate,"IDAS_SFDC_CMU_SNAP_MONTHLY, DimCMUCategory, DimCMUChannel, DimCMUComplainant, DimCMUComplaintSnap, DimCMUComplaintType, DimCMUCourierNonCourier, DimCMUCurrency, DimCMUNature, DimCMUPolicy, DimCMUProduct, DimCMURegion, DimCMUSource, DimCMUSource2, DimCMUSourceChannel, DimCMUStatusSnap, DimCMUValiditySnap, DimCMUCarryOverSnap, DimCMUMeetSLASnap, DimCMUFlagOrphan, DimCMUPsour, DimCMUPaymentMode",Insertdate
FactCMUMonthly,LastModifydate,"IDAS_SFDC_CMU_SNAP_MONTHLY, DimCMUCategory, DimCMUChannel, DimCMUComplainant, DimCMUComplaintSnap, DimCMUComplaintType, DimCMUCourierNonCourier, DimCMUCurrency, DimCMUNature, DimCMUPolicy, DimCMUProduct, DimCMURegion, DimCMUSource, DimCMUSource2, DimCMUSourceChannel, DimCMUStatusSnap, DimCMUValiditySnap, DimCMUCarryOverSnap, DimCMUMeetSLASnap, DimCMUFlagOrphan, DimCMUPsour, DimCMUPaymentMode",LastModifydate
FactCMUMonthly,Logdate,"IDAS_SFDC_CMU_SNAP_MONTHLY, DimCMUCategory, DimCMUChannel, DimCMUComplainant, DimCMUComplaintSnap, DimCMUComplaintType, DimCMUCourierNonCourier, DimCMUCurrency, DimCMUNature, DimCMUPolicy, DimCMUProduct, DimCMURegion, DimCMUSource, DimCMUSource2, DimCMUSourceChannel, DimCMUStatusSnap, DimCMUValiditySnap, DimCMUCarryOverSnap, DimCMUMeetSLASnap, DimCMUFlagOrphan, DimCMUPsour, DimCMUPaymentMode",Logdate
FactCMUMonthly,ComplaintKey,"IDAS_SFDC_CMU_SNAP_MONTHLY, DimCMUCategory, DimCMUChannel, DimCMUComplainant, DimCMUComplaintSnap, DimCMUComplaintType, DimCMUCourierNonCourier, DimCMUCurrency, DimCMUNature, DimCMUPolicy, DimCMUProduct, DimCMURegion, DimCMUSource, DimCMUSource2, DimCMUSourceChannel, DimCMUStatusSnap, DimCMUValiditySnap, DimCMUCarryOverSnap, DimCMUMeetSLASnap, DimCMUFlagOrphan, DimCMUPsour, DimCMUPaymentMode",ComplaintKey
FactCMUMonthly,StatusSnapKey,"IDAS_SFDC_CMU_SNAP_MONTHLY, DimCMUCategory, DimCMUChannel, DimCMUComplainant, DimCMUComplaintSnap, DimCMUComplaintType, DimCMUCourierNonCourier, DimCMUCurrency, DimCMUNature, DimCMUPolicy, DimCMUProduct, DimCMURegion, DimCMUSource, DimCMUSource2, DimCMUSourceChannel, DimCMUStatusSnap, DimCMUValiditySnap, DimCMUCarryOverSnap, DimCMUMeetSLASnap, DimCMUFlagOrphan, DimCMUPsour, DimCMUPaymentMode",StatusSnapKey
FactCMUMonthly,ValiditySnapKey,"IDAS_SFDC_CMU_SNAP_MONTHLY, DimCMUCategory, DimCMUChannel, DimCMUComplainant, DimCMUComplaintSnap, DimCMUComplaintType, DimCMUCourierNonCourier, DimCMUCurrency, DimCMUNature, DimCMUPolicy, DimCMUProduct, DimCMURegion, DimCMUSource, DimCMUSource2, DimCMUSourceChannel, DimCMUStatusSnap, DimCMUValiditySnap, DimCMUCarryOverSnap, DimCMUMeetSLASnap, DimCMUFlagOrphan, DimCMUPsour, DimCMUPaymentMode",ValiditySnapKey
FactCMUMonthly,CarryOverSnapKey,"IDAS_SFDC_CMU_SNAP_MONTHLY, DimCMUCategory, DimCMUChannel, DimCMUComplainant, DimCMUComplaintSnap, DimCMUComplaintType, DimCMUCourierNonCourier, DimCMUCurrency, DimCMUNature, DimCMUPolicy, DimCMUProduct, DimCMURegion, DimCMUSource, DimCMUSource2, DimCMUSourceChannel, DimCMUStatusSnap, DimCMUValiditySnap, DimCMUCarryOverSnap, DimCMUMeetSLASnap, DimCMUFlagOrphan, DimCMUPsour, DimCMUPaymentMode",CarryOverSnapKey
FactCMUMonthly,CarryOverKey,"IDAS_SFDC_CMU_SNAP_MONTHLY, DimCMUCategory, DimCMUChannel, DimCMUComplainant, DimCMUComplaintSnap, DimCMUComplaintType, DimCMUCourierNonCourier, DimCMUCurrency, DimCMUNature, DimCMUPolicy, DimCMUProduct, DimCMURegion, DimCMUSource, DimCMUSource2, DimCMUSourceChannel, DimCMUStatusSnap, DimCMUValiditySnap, DimCMUCarryOverSnap, DimCMUMeetSLASnap, DimCMUFlagOrphan, DimCMUPsour, DimCMUPaymentMode",CarryOverKey
FactCMUMonthly,MeetSLAKey,"IDAS_SFDC_CMU_SNAP_MONTHLY, DimCMUCategory, DimCMUChannel, DimCMUComplainant, DimCMUComplaintSnap, DimCMUComplaintType, DimCMUCourierNonCourier, DimCMUCurrency, DimCMUNature, DimCMUPolicy, DimCMUProduct, DimCMURegion, DimCMUSource, DimCMUSource2, DimCMUSourceChannel, DimCMUStatusSnap, DimCMUValiditySnap, DimCMUCarryOverSnap, DimCMUMeetSLASnap, DimCMUFlagOrphan, DimCMUPsour, DimCMUPaymentMode",MeetSLAKey
FactCMUMonthly,MeetSLASnapKey,"IDAS_SFDC_CMU_SNAP_MONTHLY, DimCMUCategory, DimCMUChannel, DimCMUComplainant, DimCMUComplaintSnap, DimCMUComplaintType, DimCMUCourierNonCourier, DimCMUCurrency, DimCMUNature, DimCMUPolicy, DimCMUProduct, DimCMURegion, DimCMUSource, DimCMUSource2, DimCMUSourceChannel, DimCMUStatusSnap, DimCMUValiditySnap, DimCMUCarryOverSnap, DimCMUMeetSLASnap, DimCMUFlagOrphan, DimCMUPsour, DimCMUPaymentMode",MeetSLASnapKey
FactCMUMonthly,FlagOrphanKey,"IDAS_SFDC_CMU_SNAP_MONTHLY, DimCMUCategory, DimCMUChannel, DimCMUComplainant, DimCMUComplaintSnap, DimCMUComplaintType, DimCMUCourierNonCourier, DimCMUCurrency, DimCMUNature, DimCMUPolicy, DimCMUProduct, DimCMURegion, DimCMUSource, DimCMUSource2, DimCMUSourceChannel, DimCMUStatusSnap, DimCMUValiditySnap, DimCMUCarryOverSnap, DimCMUMeetSLASnap, DimCMUFlagOrphan, DimCMUPsour, DimCMUPaymentMode",FlagOrphanKey
FactCMUMonthly,PaymentModeKey,"IDAS_SFDC_CMU_SNAP_MONTHLY, DimCMUCategory, DimCMUChannel, DimCMUComplainant, DimCMUComplaintSnap, DimCMUComplaintType, DimCMUCourierNonCourier, DimCMUCurrency, DimCMUNature, DimCMUPolicy, DimCMUProduct, DimCMURegion, DimCMUSource, DimCMUSource2, DimCMUSourceChannel, DimCMUStatusSnap, DimCMUValiditySnap, DimCMUCarryOverSnap, DimCMUMeetSLASnap, DimCMUFlagOrphan, DimCMUPsour, DimCMUPaymentMode",PaymentModeKey
FactCMUMonthly,PsourKey,"IDAS_SFDC_CMU_SNAP_MONTHLY, DimCMUCategory, DimCMUChannel, DimCMUComplainant, DimCMUComplaintSnap, DimCMUComplaintType, DimCMUCourierNonCourier, DimCMUCurrency, DimCMUNature, DimCMUPolicy, DimCMUProduct, DimCMURegion, DimCMUSource, DimCMUSource2, DimCMUSourceChannel, DimCMUStatusSnap, DimCMUValiditySnap, DimCMUCarryOverSnap, DimCMUMeetSLASnap, DimCMUFlagOrphan, DimCMUPsour, DimCMUPaymentMode",PsourKey
FactCMUFinlossSnapMonthly,PeriodKey,"IDAS_OPS_CMU_FINLOSS_SNAP_MONTHLY, DimCMUComplaint, DimCMUComplaintType, DimCMUCategory, DimCMUSource2, DimCMUPolicy, DimCMUNature, DimCMUProduct, DimCMUValidity, DimCMUChannel, DimCMURegion, DimCMUCurrency, DimCMUStatus",PeriodKey
FactCMUFinlossSnapMonthly,ComplaintKey,"IDAS_OPS_CMU_FINLOSS_SNAP_MONTHLY, DimCMUComplaint, DimCMUComplaintType, DimCMUCategory, DimCMUSource2, DimCMUPolicy, DimCMUNature, DimCMUProduct, DimCMUValidity, DimCMUChannel, DimCMURegion, DimCMUCurrency, DimCMUStatus",ComplaintKey
FactCMUFinlossSnapMonthly,ComplaintTypeKey,"IDAS_OPS_CMU_FINLOSS_SNAP_MONTHLY, DimCMUComplaint, DimCMUComplaintType, DimCMUCategory, DimCMUSource2, DimCMUPolicy, DimCMUNature, DimCMUProduct, DimCMUValidity, DimCMUChannel, DimCMURegion, DimCMUCurrency, DimCMUStatus",ComplaintTypeKey
FactCMUFinlossSnapMonthly,CategoryKey,"IDAS_OPS_CMU_FINLOSS_SNAP_MONTHLY, DimCMUComplaint, DimCMUComplaintType, DimCMUCategory, DimCMUSource2, DimCMUPolicy, DimCMUNature, DimCMUProduct, DimCMUValidity, DimCMUChannel, DimCMURegion, DimCMUCurrency, DimCMUStatus",CategoryKey
FactCMUFinlossSnapMonthly,Source2Key,"IDAS_OPS_CMU_FINLOSS_SNAP_MONTHLY, DimCMUComplaint, DimCMUComplaintType, DimCMUCategory, DimCMUSource2, DimCMUPolicy, DimCMUNature, DimCMUProduct, DimCMUValidity, DimCMUChannel, DimCMURegion, DimCMUCurrency, DimCMUStatus",Source2Key
FactCMUFinlossSnapMonthly,PolicyKey,"IDAS_OPS_CMU_FINLOSS_SNAP_MONTHLY, DimCMUComplaint, DimCMUComplaintType, DimCMUCategory, DimCMUSource2, DimCMUPolicy, DimCMUNature, DimCMUProduct, DimCMUValidity, DimCMUChannel, DimCMURegion, DimCMUCurrency, DimCMUStatus",PolicyKey
FactCMUFinlossSnapMonthly,NatureKey,"IDAS_OPS_CMU_FINLOSS_SNAP_MONTHLY, DimCMUComplaint, DimCMUComplaintType, DimCMUCategory, DimCMUSource2, DimCMUPolicy, DimCMUNature, DimCMUProduct, DimCMUValidity, DimCMUChannel, DimCMURegion, DimCMUCurrency, DimCMUStatus",NatureKey
FactCMUFinlossSnapMonthly,ProductKey,"IDAS_OPS_CMU_FINLOSS_SNAP_MONTHLY, DimCMUComplaint, DimCMUComplaintType, DimCMUCategory, DimCMUSource2, DimCMUPolicy, DimCMUNature, DimCMUProduct, DimCMUValidity, DimCMUChannel, DimCMURegion, DimCMUCurrency, DimCMUStatus",ProductKey
FactCMUFinlossSnapMonthly,ValidityKey,"IDAS_OPS_CMU_FINLOSS_SNAP_MONTHLY, DimCMUComplaint, DimCMUComplaintType, DimCMUCategory, DimCMUSource2, DimCMUPolicy, DimCMUNature, DimCMUProduct, DimCMUValidity, DimCMUChannel, DimCMURegion, DimCMUCurrency, DimCMUStatus",ValidityKey
FactCMUFinlossSnapMonthly,ChannelKey,"IDAS_OPS_CMU_FINLOSS_SNAP_MONTHLY, DimCMUComplaint, DimCMUComplaintType, DimCMUCategory, DimCMUSource2, DimCMUPolicy, DimCMUNature, DimCMUProduct, DimCMUValidity, DimCMUChannel, DimCMURegion, DimCMUCurrency, DimCMUStatus",ChannelKey
FactCMUFinlossSnapMonthly,RegionKey,"IDAS_OPS_CMU_FINLOSS_SNAP_MONTHLY, DimCMUComplaint, DimCMUComplaintType, DimCMUCategory, DimCMUSource2, DimCMUPolicy, DimCMUNature, DimCMUProduct, DimCMUValidity, DimCMUChannel, DimCMURegion, DimCMUCurrency, DimCMUStatus",RegionKey
FactCMUFinlossSnapMonthly,CurrencyKey,"IDAS_OPS_CMU_FINLOSS_SNAP_MONTHLY, DimCMUComplaint, DimCMUComplaintType, DimCMUCategory, DimCMUSource2, DimCMUPolicy, DimCMUNature, DimCMUProduct, DimCMUValidity, DimCMUChannel, DimCMURegion, DimCMUCurrency, DimCMUStatus",CurrencyKey
FactCMUFinlossSnapMonthly,StatusKey,"IDAS_OPS_CMU_FINLOSS_SNAP_MONTHLY, DimCMUComplaint, DimCMUComplaintType, DimCMUCategory, DimCMUSource2, DimCMUPolicy, DimCMUNature, DimCMUProduct, DimCMUValidity, DimCMUChannel, DimCMURegion, DimCMUCurrency, DimCMUStatus",StatusKey
FactCMUFinlossSnapMonthly,Date,"IDAS_OPS_CMU_FINLOSS_SNAP_MONTHLY, DimCMUComplaint, DimCMUComplaintType, DimCMUCategory, DimCMUSource2, DimCMUPolicy, DimCMUNature, DimCMUProduct, DimCMUValidity, DimCMUChannel, DimCMURegion, DimCMUCurrency, DimCMUStatus",Date
FactCMUFinlossSnapMonthly,Fin Loss,"IDAS_OPS_CMU_FINLOSS_SNAP_MONTHLY, DimCMUComplaint, DimCMUComplaintType, DimCMUCategory, DimCMUSource2, DimCMUPolicy, DimCMUNature, DimCMUProduct, DimCMUValidity, DimCMUChannel, DimCMURegion, DimCMUCurrency, DimCMUStatus",Fin Loss
FactCMUFinlossSnapMonthly,Paid,"IDAS_OPS_CMU_FINLOSS_SNAP_MONTHLY, DimCMUComplaint, DimCMUComplaintType, DimCMUCategory, DimCMUSource2, DimCMUPolicy, DimCMUNature, DimCMUProduct, DimCMUValidity, DimCMUChannel, DimCMURegion, DimCMUCurrency, DimCMUStatus",Paid
FactCMUFinlossSnapMonthly,TotalPremiumCollected(Rp),"IDAS_OPS_CMU_FINLOSS_SNAP_MONTHLY, DimCMUComplaint, DimCMUComplaintType, DimCMUCategory, DimCMUSource2, DimCMUPolicy, DimCMUNature, DimCMUProduct, DimCMUValidity, DimCMUChannel, DimCMURegion, DimCMUCurrency, DimCMUStatus",TotalPremiumCollected(Rp)
FactCMUFinlossSnapMonthly,Insertdate,"IDAS_OPS_CMU_FINLOSS_SNAP_MONTHLY, DimCMUComplaint, DimCMUComplaintType, DimCMUCategory, DimCMUSource2, DimCMUPolicy, DimCMUNature, DimCMUProduct, DimCMUValidity, DimCMUChannel, DimCMURegion, DimCMUCurrency, DimCMUStatus",Insertdate
FactCMUFinlossSnapMonthly,LastModifydate,"IDAS_OPS_CMU_FINLOSS_SNAP_MONTHLY, DimCMUComplaint, DimCMUComplaintType, DimCMUCategory, DimCMUSource2, DimCMUPolicy, DimCMUNature, DimCMUProduct, DimCMUValidity, DimCMUChannel, DimCMURegion, DimCMUCurrency, DimCMUStatus",LastModifydate
FactCMUFinlossSnapMonthly,Logdate,"IDAS_OPS_CMU_FINLOSS_SNAP_MONTHLY, DimCMUComplaint, DimCMUComplaintType, DimCMUCategory, DimCMUSource2, DimCMUPolicy, DimCMUNature, DimCMUProduct, DimCMUValidity, DimCMUChannel, DimCMURegion, DimCMUCurrency, DimCMUStatus",Logdate
FactSFDCCMUCategory,CategoryKey,,
FactSFDCCMUCategory,CategoryValue,,
DimCMUCategory,Insertdate,IDAS_SFDC_CMU_MONTHLY,Insertdate
DimCMUCategory,LastModifydate,IDAS_SFDC_CMU_MONTHLY,LastModifydate
DimCMUCategory,Logdate,IDAS_SFDC_CMU_MONTHLY,Logdate
DimCMUCategory,Nature Revised,IDAS_SFDC_CMU_MONTHLY,Nature Revised
DimCMUCategory,Nature Revised2,IDAS_SFDC_CMU_MONTHLY,Nature Revised2
DimCMUCategory,Fraud/Non Fraud,IDAS_SFDC_CMU_MONTHLY,Fraud/Non Fraud
DimCMUProduct,ProductKey,IDAS_SFDC_CMU_MONTHLY,ProductKey
DimCMUProduct,PlanCode,IDAS_SFDC_CMU_MONTHLY,PlanCode
DimCMUProduct,PlanDesc1,IDAS_SFDC_CMU_MONTHLY,PlanDesc1
DimCMUProduct,PlanDesc2,IDAS_SFDC_CMU_MONTHLY,PlanDesc2
DimCMUProduct,SyariahNonSyariah,IDAS_SFDC_CMU_MONTHLY,SyariahNonSyariah
DimCMUProduct,Insertdate,IDAS_SFDC_CMU_MONTHLY,Insertdate
DimCMUProduct,LastModifydate,IDAS_SFDC_CMU_MONTHLY,LastModifydate
DimCMUProduct,Logdate,IDAS_SFDC_CMU_MONTHLY,Logdate
DimCMUProduct,ProductGroup,IDAS_SFDC_CMU_MONTHLY,ProductGroup
DimCMUProduct,NewProduct,IDAS_SFDC_CMU_MONTHLY,NewProduct
DimCMUValiditySnap,ValiditySnapKey,IDAS_SFDC_CMU_SNAP_MONTHLY,Validity
DimCMUValiditySnap,Validity,IDAS_SFDC_CMU_SNAP_MONTHLY,Validity
DimCMUValiditySnap,Insertdate,IDAS_SFDC_CMU_SNAP_MONTHLY,
DimCMUValiditySnap,LastModifydate,IDAS_SFDC_CMU_SNAP_MONTHLY,
DimCMUValiditySnap,Logdate,IDAS_SFDC_CMU_SNAP_MONTHLY,
DimCMUComplaintSnap,ComplaintSnapKey,IDAS_SFDC_CMU_SNAP_MONTHLY,
DimCMUComplaintSnap,RequestNo,IDAS_SFDC_CMU_SNAP_MONTHLY,request no
DimCMUComplaintSnap,ActualStartDate,IDAS_SFDC_CMU_SNAP_MONTHLY,Actual Start Date
DimCMUComplaintSnap,ActualEndDate,IDAS_SFDC_CMU_SNAP_MONTHLY,Actual End Date
DimCMUComplaintSnap,ReportedBy,IDAS_SFDC_CMU_SNAP_MONTHLY,Reported By
DimCMUComplaintSnap,CurrentAssignee,IDAS_SFDC_CMU_SNAP_MONTHLY,Current Assignee
DimCMUComplaintSnap,TimeSpent,IDAS_SFDC_CMU_SNAP_MONTHLY,Time Spent
DimCMUComplaintSnap,TimeSpentCalenderdays,IDAS_SFDC_CMU_SNAP_MONTHLY,Time Spent Calender days
DimCMUComplaintSnap,MonthActualStartDate,IDAS_SFDC_CMU_SNAP_MONTHLY,Month Actual Start Date
DimCMUComplaintSnap,YearActualStartDate,IDAS_SFDC_CMU_SNAP_MONTHLY,Year Actual Start Date
DimCMUComplaintSnap,MonthActualEndDate,IDAS_SFDC_CMU_SNAP_MONTHLY,Month Actual End Date
DimCMUComplaintSnap,YearActualEndDate,IDAS_SFDC_CMU_SNAP_MONTHLY,Year Actual End Date
DimCMUComplaintSnap,Aging,IDAS_SFDC_CMU_SNAP_MONTHLY,Aging
DimCMUComplaintSnap,AgingCalenderDays,IDAS_SFDC_CMU_SNAP_MONTHLY,Aging Calender Days
DimCMUComplaintSnap,FormalSoftAppealCourier,IDAS_SFDC_CMU_SNAP_MONTHLY,Formal/Soft/Appeal/Courier
DimCMUComplaintSnap,CauseComplaint,IDAS_SFDC_CMU_SNAP_MONTHLY,Cause Complaint
DimCMUComplaintSnap,ComplaintDetail,IDAS_SFDC_CMU_SNAP_MONTHLY,Complaint Detail
DimCMUComplaintSnap,OtherInformation,IDAS_SFDC_CMU_SNAP_MONTHLY,Other Information
DimCMUComplaintSnap,Insertdate,IDAS_SFDC_CMU_SNAP_MONTHLY,GETDATE()
DimCMUComplaintSnap,LastModifydate,IDAS_SFDC_CMU_SNAP_MONTHLY,NULL
DimCMUComplaintSnap,Logdate,IDAS_SFDC_CMU_SNAP_MONTHLY,GETDATE()
DimCMUComplaintSnap,OJKMeetSLA,IDAS_SFDC_CMU_SNAP_MONTHLY,OJKMeetSLA
DimCMUCarryOverSnap,CarryOverSnapKey,IDAS_SFDC_CMU_SNAP_MONTHLY,
DimCMUCarryOverSnap,CarryOver,IDAS_SFDC_CMU_SNAP_MONTHLY,CarryOver
DimCMUCarryOverSnap,Insertdate,IDAS_SFDC_CMU_SNAP_MONTHLY,GETDATE()
DimCMUCarryOverSnap,LastModifydate,IDAS_SFDC_CMU_SNAP_MONTHLY,NULL
DimCMUCarryOverSnap,Logdate,IDAS_SFDC_CMU_SNAP_MONTHLY,GETDATE()
