Source,,,,,Bronze Layer,,,,,,Silver 1,,,,,,,,,,
Source System,File/Table Name,Source Field Name,Data Type,Data Length,Schema Name,Table Name,Field Name,Data Type,Data Length,Transformation Rules,Schema Name,Table Name,Proposed Table Name,Physical Field NM,Physical Field NM (Temp),Logical Field Name,Data Type,Data Length,Business Rule,SQL Command,Transformation Rule
RLS,LFPPMLB,PCO,numeric,"3, 0",BRZ_RLS,LFPPMLB,PCO,number,"3, 0",Direct,SLV_RLS,LFPPMLB,MASTER_POLICY_LIFE,COMP_CD,,COMPANY CODE,number,"3, 0",,,
RLS,LFPPMLB,PNO,nvarchar,11,BRZ_RLS,LFPPMLB,PNO,varchar,,Direct,SLV_RLS,LFPPMLB,MASTER_POLICY_LIFE,POLICY_NO,,POLICY NO.,varchar,,,,
RLS,LFPPMLB,PSOUR,nvarchar,10,BRZ_RLS,LFPPMLB,PSOUR,varchar,,Direct,SLV_RLS,LFPPMLB,MASTER_POLICY_LIFE,SRC_CD,,SOURCE CODE,varchar,,,,
RLS,LFPPMLB,PDOS,numeric,"8, 0",BRZ_RLS,LFPPMLB,PDOS,number,"8, 0",Direct,SLV_RLS,LFPPMLB,MASTER_POLICY_LIFE,SUBMIT_DT,,SUBMIT DATE,number,"8, 0",,,"TO_DATE(PDOS::VARCHAR, 'YYYYMMDD')"
RLS,LFPPMLB,PDOI,numeric,"8, 0",BRZ_RLS,LFPPMLB,PDOI,number,"8, 0",Direct,SLV_RLS,LFPPMLB,MASTER_POLICY_LIFE,ISSUE_DT,,ISSUE DATE,number,"8, 0",,,"TO_DATE(PDOI::VARCHAR, 'YYYYMMDD')"
RLS,LFPPMLB,PEFF,numeric,"8, 0",BRZ_RLS,LFPPMLB,PEFF,number,"8, 0",Direct,SLV_RLS,LFPPMLB,MASTER_POLICY_LIFE,POLICY_DT,,POLICY DATE,number,"8, 0",,,"TO_DATE(PEFF::VARCHAR, 'YYYYMMDD')"
RLS,LFPPMLB,PEXP,numeric,"8, 0",BRZ_RLS,LFPPMLB,PEXP,number,"8, 0",Direct,SLV_RLS,LFPPMLB,MASTER_POLICY_LIFE,EXP_DT,,EXPIRY DATE,number,"8, 0",,,"TO_DATE(PEXP::VARCHAR, 'YYYYMMDD')"
RLS,LFPPMLB,PTERM,numeric,"8, 0",BRZ_RLS,LFPPMLB,PTERM,number,"8, 0",Direct,SLV_RLS,LFPPMLB,MASTER_POLICY_LIFE,TERMINATE_DT,,TERMINATION DATE,number,"8, 0",,,"TO_DATE(PTERM::VARCHAR, 'YYYYMMDD')"
RLS,LFPPMLB,PATERM,numeric,"8, 0",BRZ_RLS,LFPPMLB,PATERM,number,"8, 0",Direct,SLV_RLS,LFPPMLB,MASTER_POLICY_LIFE,ACT_TERMINATE_DT,,ACTUAL TERMINATION DATE,number,"8, 0",,,"TO_DATE(PATERM::VARCHAR, 'YYYYMMDD')"
RLS,LFPPMLB,PPTD,numeric,"8, 0",BRZ_RLS,LFPPMLB,PPTD,number,"8, 0",Direct,SLV_RLS,LFPPMLB,MASTER_POLICY_LIFE,PAID_TO_DT,,PAID-TO-DATE,number,"8, 0",,,"TO_DATE(PPTD::VARCHAR, 'YYYYMMDD')"
RLS,LFPPMLB,PPAYDT,numeric,"8, 0",BRZ_RLS,LFPPMLB,PPAYDT,number,"8, 0",Direct,SLV_RLS,LFPPMLB,MASTER_POLICY_LIFE,LAST_PYMT_DT,,LAST PAYMENT DATE,number,"8, 0",,,"TO_DATE(PPAYDT::VARCHAR, 'YYYYMMDD')"
RLS,LFPPMLB,PPAYD1,numeric,"8, 0",BRZ_RLS,LFPPMLB,PPAYD1,number,"8, 0",Direct,SLV_RLS,LFPPMLB,MASTER_POLICY_LIFE,FIRST_PYMT_DT,,FIRST PAYMENT DATE,number,"8, 0",,,"TO_DATE(PPAYD1::VARCHAR, 'YYYYMMDD')"
RLS,LFPPMLB,PSTU,nvarchar,1,BRZ_RLS,LFPPMLB,PSTU,varchar,,Direct,SLV_RLS,LFPPMLB,MASTER_POLICY_LIFE,POLICY_STATUS_CD,,STATUS CODE,varchar,,,,
RLS,LFPPMLB,PSUSF,nvarchar,1,BRZ_RLS,LFPPMLB,PSUSF,varchar,,Direct,SLV_RLS,LFPPMLB,MASTER_POLICY_LIFE,IS_ACTIVITY_SUSPEND,,ACTIVITY SUSPENSION FLAG,varchar,,,,
RLS,LFPPMLB,PSUMP,numeric,"3, 0",BRZ_RLS,LFPPMLB,PSUMP,number,"3, 0",Direct,SLV_RLS,LFPPMLB,MASTER_POLICY_LIFE,MTH_PAID,,NO. OF MONTHS PAID,number,"3, 0",,,
RLS,LFPPMLB,PMED,nvarchar,1,BRZ_RLS,LFPPMLB,PMED,varchar,,Direct,SLV_RLS,LFPPMLB,MASTER_POLICY_LIFE,MEDICAL_CD,,MEDICAL CODE,varchar,,,,
RLS,LFPPMLB,PREINS,nvarchar,1,BRZ_RLS,LFPPMLB,PREINS,varchar,,Direct,SLV_RLS,LFPPMLB,MASTER_POLICY_LIFE,RI_IND,,R/I INDICATOR,varchar,,,,
RLS,LFPPMLB,PLANG,nvarchar,1,BRZ_RLS,LFPPMLB,PLANG,varchar,,Direct,SLV_RLS,LFPPMLB,MASTER_POLICY_LIFE,IS_LANGUAGE,,LANGUAGE FLAG,varchar,,,,
RLS,LFPPMLB,PMODE,nvarchar,1,BRZ_RLS,LFPPMLB,PMODE,varchar,,Direct,SLV_RLS,LFPPMLB,MASTER_POLICY_LIFE,PYMT_MODE_CD,,PAYMENT MODE,varchar,,,,
RLS,LFPPMLB,PMPREM,numeric,"15, 2",BRZ_RLS,LFPPMLB,PMPREM,number,"15, 2",Direct,SLV_RLS,LFPPMLB,MASTER_POLICY_LIFE,MODAL_PREMI_AMT,,MODAL PREMIUM EXCLUDE TOP-UP REGULAR,number,"15, 2",,,
RLS,LFPPMLB,LBPRM,numeric,"15, 2",BRZ_RLS,LFPPMLB,LBPRM,number,"15, 2",Direct,SLV_RLS,LFPPMLB,MASTER_POLICY_LIFE,BASIC_MODAL_REG_PREMI_CCY_CD,,BASIC MD REG PRM EXC T/U PCCY,number,"15, 2",,,
RLS,LFPPMLB,LTBPRM,numeric,"15, 2",BRZ_RLS,LFPPMLB,LTBPRM,number,"15, 2",Direct,SLV_RLS,LFPPMLB,MASTER_POLICY_LIFE,TOT_BASIC_MODAL_REG_PREMI_CCY_CD,,TOT BASIC MD REG PRM EXC T/U INC SEGM PCCY,number,"15, 2",,,
RLS,LFPPMLB,PMCOMM,numeric,"13, 2",BRZ_RLS,LFPPMLB,PMCOMM,number,"13, 2",Direct,SLV_RLS,LFPPMLB,MASTER_POLICY_LIFE,MODAL_COMM_AMT,,MODAL COMM EXCLUDE TOP-UP REGULAR,number,"13, 2",,,
RLS,LFPPMLB,PMTHOD,nvarchar,1,BRZ_RLS,LFPPMLB,PMTHOD,varchar,,Direct,SLV_RLS,LFPPMLB,MASTER_POLICY_LIFE,PYMT_MTHD_CD,,PAYMENT METHOD,varchar,,,,
RLS,LFPPMLB,PATPDT,numeric,"2, 0",BRZ_RLS,LFPPMLB,PATPDT,number,"2, 0",Direct,SLV_RLS,LFPPMLB,MASTER_POLICY_LIFE,AUTO_PYMT_DAY,,AUTOPAY/CCP DAY,number,"2, 0",,,
RLS,LFPPMLB,PFACTR,numeric,"7, 0",BRZ_RLS,LFPPMLB,PFACTR,number,"7, 0",Direct,SLV_RLS,LFPPMLB,MASTER_POLICY_LIFE,POLICY_FACTOR,,POLICY FACTOR,number,"7, 0",,,
RLS,LFPPMLB,PCCY,nvarchar,3,BRZ_RLS,LFPPMLB,PCCY,varchar,,Direct,SLV_RLS,LFPPMLB,MASTER_POLICY_LIFE,CCY_CD,,CURRENCY,varchar,,,,
RLS,LFPPMLB,PCSCD,nvarchar,3,BRZ_RLS,LFPPMLB,PCSCD,varchar,,Direct,SLV_RLS,LFPPMLB,MASTER_POLICY_LIFE,POLICY_LOC,,LOCATION OF POLICY,varchar,,,,
RLS,LFPPMLB,PLINTD,numeric,"8, 0",BRZ_RLS,LFPPMLB,PLINTD,number,"8, 0",Direct,SLV_RLS,LFPPMLB,MASTER_POLICY_LIFE,LAST_INTEREST_DT,,LAST INTEREST DATE,number,"8, 0",,,"TO_DATE(PLINTD::VARCHAR, 'YYYYMMDD')"
RLS,LFPPMLB,PAGT1,numeric,"14, 0",BRZ_RLS,LFPPMLB,PAGT1,number,"14, 0",Direct,SLV_RLS,LFPPMLB,MASTER_POLICY_LIFE,AGENT1_CD,,AGENT 1 CODE,number,"14, 0",,,
RLS,LFPPMLB,PAGT2,numeric,"14, 0",BRZ_RLS,LFPPMLB,PAGT2,number,"14, 0",Direct,SLV_RLS,LFPPMLB,MASTER_POLICY_LIFE,AGENT2_CD,,AGENT 2 CODE,number,"14, 0",,,
RLS,LFPPMLB,PASIGC,nvarchar,1,BRZ_RLS,LFPPMLB,PASIGC,varchar,,Direct,SLV_RLS,LFPPMLB,MASTER_POLICY_LIFE,ASSIGNED_COMM,,ASSIGNED COMM,varchar,,,,
RLS,LFPPMLB,PAGTC1,numeric,"5, 2",BRZ_RLS,LFPPMLB,PAGTC1,number,"5, 2",Direct,SLV_RLS,LFPPMLB,MASTER_POLICY_LIFE,YR01_COMM_PCT,,1ST YR COMM % ON BASIC,number,"5, 2",,,
RLS,LFPPMLB,PAGTC2,numeric,"5, 2",BRZ_RLS,LFPPMLB,PAGTC2,number,"5, 2",Direct,SLV_RLS,LFPPMLB,MASTER_POLICY_LIFE,YR02_COMM_PCT,,2ND YR COMM % ON BASIC,number,"5, 2",,,
RLS,LFPPMLB,PAGTC3,numeric,"5, 2",BRZ_RLS,LFPPMLB,PAGTC3,number,"5, 2",Direct,SLV_RLS,LFPPMLB,MASTER_POLICY_LIFE,YR03_COMM_PCT,,3RD YR COMM % ON BASIC,number,"5, 2",,,
RLS,LFPPMLB,PAGTC4,numeric,"5, 2",BRZ_RLS,LFPPMLB,PAGTC4,number,"5, 2",Direct,SLV_RLS,LFPPMLB,MASTER_POLICY_LIFE,YR04_COMM_PCT,,4TH YEAR       COMM % ON BASIC PREMIUM,number,"5, 2",,,
RLS,LFPPMLB,PAGTC5,numeric,"5, 2",BRZ_RLS,LFPPMLB,PAGTC5,number,"5, 2",Direct,SLV_RLS,LFPPMLB,MASTER_POLICY_LIFE,YR05_COMM_PCT,,5TH YEAR       COMM % ON BASIC PREMIUM,number,"5, 2",,,
RLS,LFPPMLB,PAGTC6,numeric,"5, 2",BRZ_RLS,LFPPMLB,PAGTC6,number,"5, 2",Direct,SLV_RLS,LFPPMLB,MASTER_POLICY_LIFE,YR06_COMM_PCT,,6TH YEAR       COMM % ON BASIC PREMIUM,number,"5, 2",,,
RLS,LFPPMLB,PAGTC7,numeric,"5, 2",BRZ_RLS,LFPPMLB,PAGTC7,number,"5, 2",Direct,SLV_RLS,LFPPMLB,MASTER_POLICY_LIFE,YR07_COMM_PCT,,7TH YEAR       COMM % ON BASIC PREMIUM,number,"5, 2",,,
RLS,LFPPMLB,PAGTC8,numeric,"5, 2",BRZ_RLS,LFPPMLB,PAGTC8,number,"5, 2",Direct,SLV_RLS,LFPPMLB,MASTER_POLICY_LIFE,YR08_COMM_PCT,,8TH YEAR       COMM % ON BASIC PREMIUM,number,"5, 2",,,
RLS,LFPPMLB,PAGTC9,numeric,"5, 2",BRZ_RLS,LFPPMLB,PAGTC9,number,"5, 2",Direct,SLV_RLS,LFPPMLB,MASTER_POLICY_LIFE,YR09_COMM_PCT,,9TH YEAR       COMM % ON BASIC PREMIUM,number,"5, 2",,,
RLS,LFPPMLB,PAGTC10,numeric,"5, 2",BRZ_RLS,LFPPMLB,PAGTC10,number,"5, 2",Direct,SLV_RLS,LFPPMLB,MASTER_POLICY_LIFE,YR10_COMM_PCT,,10TH YEAR       COMM % ON BASIC PREMIUM,number,"5, 2",,,
RLS,LFPPMLB,PAGTC11,numeric,"5, 2",BRZ_RLS,LFPPMLB,PAGTC11,number,"5, 2",Direct,SLV_RLS,LFPPMLB,MASTER_POLICY_LIFE,YR11_COMM_PCT,,11TH YEAR       COMM % ON BASIC PREMIUM,number,"5, 2",,,
RLS,LFPPMLB,PPAGT1,numeric,"14, 0",BRZ_RLS,LFPPMLB,PPAGT1,number,"14, 0",Direct,SLV_RLS,LFPPMLB,MASTER_POLICY_LIFE,PROD_AGENT1_CD,,PROD AGENT 1 CODE,number,"14, 0",,,
RLS,LFPPMLB,PPAGT2,numeric,"14, 0",BRZ_RLS,LFPPMLB,PPAGT2,number,"14, 0",Direct,SLV_RLS,LFPPMLB,MASTER_POLICY_LIFE,PROD_AGENT2_CD,,PROD AGENT 2 CODE,number,"14, 0",,,
RLS,LFPPMLB,PPARTC,numeric,"5, 2",BRZ_RLS,LFPPMLB,PPARTC,number,"5, 2",Direct,SLV_RLS,LFPPMLB,MASTER_POLICY_LIFE,PARTIAL_COMM_PCT,,PARTIAL COMM %,number,"5, 2",,,
RLS,LFPPMLB,PNAMF,nvarchar,30,BRZ_RLS,LFPPMLB,PNAMF,varchar,,Direct,SLV_RLS,LFPPMLB,MASTER_POLICY_LIFE,INSURED_FIRST_NM,,INSURED  FIRST NAME,varchar,,,,
RLS,LFPPMLB,PNAME,nvarchar,50,BRZ_RLS,LFPPMLB,PNAME,varchar,,Direct,SLV_RLS,LFPPMLB,MASTER_POLICY_LIFE,INSURED_NM,,INSURED  NAME,varchar,,,,
RLS,LFPPMLB,PSEX,nvarchar,1,BRZ_RLS,LFPPMLB,PSEX,varchar,,Direct,SLV_RLS,LFPPMLB,MASTER_POLICY_LIFE,INSURED_GENDER,,SEX,varchar,,,,
RLS,LFPPMLB,PAGEI,numeric,"2, 0",BRZ_RLS,LFPPMLB,PAGEI,number,"2, 0",Direct,SLV_RLS,LFPPMLB,MASTER_POLICY_LIFE,ISSUE_AGE,,AGE AT ISSUE,number,"2, 0",,,
RLS,LFPPMLB,PDOB,numeric,"8, 0",BRZ_RLS,LFPPMLB,PDOB,number,"8, 0",Direct,SLV_RLS,LFPPMLB,MASTER_POLICY_LIFE,INSURED_DOB,,BIRTH DATE,number,"8, 0",,,
RLS,LFPPMLB,PID,nvarchar,20,BRZ_RLS,LFPPMLB,PID,varchar,,Direct,SLV_RLS,LFPPMLB,MASTER_POLICY_LIFE,INSURED_KTP_NO,,ID. NO.,varchar,,,,
RLS,LFPPMLB,PADR1,nvarchar,30,BRZ_RLS,LFPPMLB,PADR1,varchar,,Direct,SLV_RLS,LFPPMLB,MASTER_POLICY_LIFE,OWN_ADDR_1,,CORR ADDRESS 1,varchar,,,,
RLS,LFPPMLB,PADR2,nvarchar,30,BRZ_RLS,LFPPMLB,PADR2,varchar,,Direct,SLV_RLS,LFPPMLB,MASTER_POLICY_LIFE,OWN_ADDR_2,,CORR ADDRESS 2,varchar,,,,
RLS,LFPPMLB,PADR3,nvarchar,30,BRZ_RLS,LFPPMLB,PADR3,varchar,,Direct,SLV_RLS,LFPPMLB,MASTER_POLICY_LIFE,OWN_ADDR_3,,CORR ADDRESS 3,varchar,,,,
RLS,LFPPMLB,PADR4,nvarchar,30,BRZ_RLS,LFPPMLB,PADR4,varchar,,Direct,SLV_RLS,LFPPMLB,MASTER_POLICY_LIFE,OWN_ADDR_4,,CORR ADDRESS 4,varchar,,,,
RLS,LFPPMLB,PCTY,nvarchar,10,BRZ_RLS,LFPPMLB,PCTY,varchar,,Direct,SLV_RLS,LFPPMLB,MASTER_POLICY_LIFE,CORR_CITY,,CORR CITY CODE,varchar,,,,
RLS,LFPPMLB,PTEL1,nvarchar,15,BRZ_RLS,LFPPMLB,PTEL1,varchar,,Direct,SLV_RLS,LFPPMLB,MASTER_POLICY_LIFE,HOME_PHONE,,TEL-RES,varchar,,,,
RLS,LFPPMLB,PTEL2,nvarchar,15,BRZ_RLS,LFPPMLB,PTEL2,varchar,,Direct,SLV_RLS,LFPPMLB,MASTER_POLICY_LIFE,OFFICE_PHONE,,TEL-OFFICE,varchar,,,,
RLS,LFPPMLB,PMRSTU,nvarchar,1,BRZ_RLS,LFPPMLB,PMRSTU,varchar,,Direct,SLV_RLS,LFPPMLB,MASTER_POLICY_LIFE,MARITAL_STATUS_CD,,MARITAL STATUS,varchar,,,,
RLS,LFPPMLB,POWNRF,nvarchar,30,BRZ_RLS,LFPPMLB,POWNRF,varchar,,Direct,SLV_RLS,LFPPMLB,MASTER_POLICY_LIFE,OWN_FIRST_NM,,OWN FIRST NAME,varchar,,,,
RLS,LFPPMLB,POWNER,nvarchar,50,BRZ_RLS,LFPPMLB,POWNER,varchar,,Direct,SLV_RLS,LFPPMLB,MASTER_POLICY_LIFE,OWN_NM,,OWN,varchar,,,,
RLS,LFPPMLB,POWNID,nvarchar,20,BRZ_RLS,LFPPMLB,POWNID,varchar,,Direct,SLV_RLS,LFPPMLB,MASTER_POLICY_LIFE,OWN_KTP_NO,,OWN HKID,varchar,,,,
RLS,LFPPMLB,POWNDT,numeric,"8, 0",BRZ_RLS,LFPPMLB,POWNDT,number,"8, 0",Direct,SLV_RLS,LFPPMLB,MASTER_POLICY_LIFE,OWN_TRANSFER_DT,,DATE TRANSFER OWN,number,"8, 0",,,"TO_DATE(POWNDT::VARCHAR, 'YYYYMMDD')"
RLS,LFPPMLB,PFYC,nvarchar,1,BRZ_RLS,LFPPMLB,PFYC,varchar,,Direct,SLV_RLS,LFPPMLB,MASTER_POLICY_LIFE,FY_CHANGE_CD,,FY CHANGE CODE,varchar,,,,
RLS,LFPPMLB,PDOT,numeric,"8, 0",BRZ_RLS,LFPPMLB,PDOT,number,"8, 0",Direct,SLV_RLS,LFPPMLB,MASTER_POLICY_LIFE,LAST_MAINT_dT,,DATE LAST MAINT,number,"8, 0",,,"TO_DATE(PDOT::VARCHAR, 'YYYYMMDD')"
RLS,LFPPMLB,PTC,nvarchar,2,BRZ_RLS,LFPPMLB,PTC,varchar,,Direct,SLV_RLS,LFPPMLB,MASTER_POLICY_LIFE,MAINT_CD,,MAINT CODE,varchar,,,,
RLS,LFPPMLB,PTEFF,numeric,"8, 0",BRZ_RLS,LFPPMLB,PTEFF,number,"8, 0",Direct,SLV_RLS,LFPPMLB,MASTER_POLICY_LIFE,MAINT_EFF_DT,,MAINT EFFECTIVE,number,"8, 0",,,"TO_DATE(PTEFF::VARCHAR, 'YYYYMMDD')"
RLS,LFPPMLB,PREFF,numeric,"8, 0",BRZ_RLS,LFPPMLB,PREFF,number,"8, 0",Direct,SLV_RLS,LFPPMLB,MASTER_POLICY_LIFE,REINSTATE_EFF_DT,,REINSTATEMENT EFF DATE,number,"8, 0",,,"TO_DATE(PREFF::VARCHAR, 'YYYYMMDD')"
RLS,LFPPMLB,PRDT,numeric,"8, 0",BRZ_RLS,LFPPMLB,PRDT,number,"8, 0",Direct,SLV_RLS,LFPPMLB,MASTER_POLICY_LIFE,REINSTATE_TRAN_DT,,REINSTATEMENT TRAN DATE,number,"8, 0",,,"TO_DATE(PRDT::VARCHAR, 'YYYYMMDD')"
RLS,LFPPMLB,PBANK,nvarchar,3,BRZ_RLS,LFPPMLB,PBANK,varchar,,Direct,SLV_RLS,LFPPMLB,MASTER_POLICY_LIFE,BANK_CD,,BANK NO.,varchar,,,,
RLS,LFPPMLB,PBRN,nvarchar,4,BRZ_RLS,LFPPMLB,PBRN,varchar,,Direct,SLV_RLS,LFPPMLB,MASTER_POLICY_LIFE,BRANCH_CD,,BRANCH NO.,varchar,,,,
RLS,LFPPMLB,PAC,nvarchar,19,BRZ_RLS,LFPPMLB,PAC,varchar,,Direct,SLV_RLS,LFPPMLB,MASTER_POLICY_LIFE,BANK_ACCT_NO,,ACCOUNT NO.,varchar,,,,
RLS,LFPPMLB,PEMAL,nvarchar,50,BRZ_RLS,LFPPMLB,PEMAL,varchar,,Direct,SLV_RLS,LFPPMLB,MASTER_POLICY_LIFE,OWN_EMAIL,,OWN EMAIL ADDRESS,varchar,,,,
RLS,LFPPMLB,PIEMAL,nvarchar,50,BRZ_RLS,LFPPMLB,PIEMAL,varchar,,Direct,SLV_RLS,LFPPMLB,MASTER_POLICY_LIFE,INSURED_EMAIL,,INSURED EMAIL ADDRESS,varchar,,,,
RLS,LFPPMLB,PAESF,nvarchar,1,BRZ_RLS,LFPPMLB,PAESF,varchar,,Direct,SLV_RLS,LFPPMLB,MASTER_POLICY_LIFE,IS_E_SERVICE,,ALLOW E-SERVICE FLAG,varchar,,,,
RLS,LFPPMLB,PEBF,nvarchar,1,BRZ_RLS,LFPPMLB,PEBF,varchar,,Direct,SLV_RLS,LFPPMLB,MASTER_POLICY_LIFE,IS_E_BILLING,,USE E-BILLING FLAG,varchar,,,,
RLS,LFPPMLB,LASGNF,nvarchar,30,BRZ_RLS,LFPPMLB,LASGNF,varchar,,Direct,SLV_RLS,LFPPMLB,MASTER_POLICY_LIFE,ASSIGNEE_FIRST_NM,,ASSIGNEE FIRST NAME,varchar,,,,
RLS,LFPPMLB,LASSGN,nvarchar,50,BRZ_RLS,LFPPMLB,LASSGN,varchar,,Direct,SLV_RLS,LFPPMLB,MASTER_POLICY_LIFE,ASSIGNEE_NM,,ASSIGNEE,varchar,,,,
RLS,LFPPMLB,LASSID,nvarchar,15,BRZ_RLS,LFPPMLB,LASSID,varchar,,Direct,SLV_RLS,LFPPMLB,MASTER_POLICY_LIFE,ASSIGNEE_ID,,ASSIGNEE ID,varchar,,,,
RLS,LFPPMLB,LASSA1,nvarchar,30,BRZ_RLS,LFPPMLB,LASSA1,varchar,,Direct,SLV_RLS,LFPPMLB,MASTER_POLICY_LIFE,ASSIGNEE_ADDR1,,ASSIGNEE ADDRESS 1,varchar,,,,
RLS,LFPPMLB,LASSA2,nvarchar,30,BRZ_RLS,LFPPMLB,LASSA2,varchar,,Direct,SLV_RLS,LFPPMLB,MASTER_POLICY_LIFE,ASSIGNEE_ADDR2,,ASSIGNEE ADDRESS 2,varchar,,,,
RLS,LFPPMLB,LASSA3,nvarchar,30,BRZ_RLS,LFPPMLB,LASSA3,varchar,,Direct,SLV_RLS,LFPPMLB,MASTER_POLICY_LIFE,ASSIGNEE_ADDR3,,ASSIGNEE ADDRESS 3,varchar,,,,
RLS,LFPPMLB,LASSA4,nvarchar,30,BRZ_RLS,LFPPMLB,LASSA4,varchar,,Direct,SLV_RLS,LFPPMLB,MASTER_POLICY_LIFE,ASSIGNEE_ADDR4,,ASSIGNEE ADDRESS 4,varchar,,,,
RLS,LFPPMLB,LASCTY,nvarchar,10,BRZ_RLS,LFPPMLB,LASCTY,varchar,,Direct,SLV_RLS,LFPPMLB,MASTER_POLICY_LIFE,ASSIGNEE_CITY_CD,,ASSIGNEE CITY CODE,varchar,,,,
RLS,LFPPMLB,LPAYDB,numeric,"8, 0",BRZ_RLS,LFPPMLB,LPAYDB,number,"8, 0",Direct,SLV_RLS,LFPPMLB,MASTER_POLICY_LIFE,OWN_DOB,,OWN BIRTH DATE,number,"8, 0",,,
RLS,LFPPMLB,LPAYAG,numeric,"2, 0",BRZ_RLS,LFPPMLB,LPAYAG,number,"2, 0",Direct,SLV_RLS,LFPPMLB,MASTER_POLICY_LIFE,OWN_ISSUE_AGE,,OWN ISSUE AGE,number,"2, 0",,,
RLS,LFPPMLB,LPLAN,nvarchar,7,BRZ_RLS,LFPPMLB,LPLAN,varchar,,Direct,SLV_RLS,LFPPMLB,MASTER_POLICY_LIFE,PRODUCT_CD,,PLAN CODE,varchar,,,,
RLS,LFPPMLB,LPLANN,numeric,"6, 0",BRZ_RLS,LFPPMLB,LPLANN,number,"6, 0",Direct,SLV_RLS,LFPPMLB,MASTER_POLICY_LIFE,PLAN_NUM_CD,,NUMERIC CODE,number,"6, 0",,,
RLS,LFPPMLB,LSA,numeric,"14, 0",BRZ_RLS,LFPPMLB,LSA,number,"14, 0",Direct,SLV_RLS,LFPPMLB,MASTER_POLICY_LIFE,LIFE_SUM_INSURED_AMT,,LIFE SUM INSURED,number,"14, 0",,,
RLS,LFPPMLB,LCLS,nvarchar,3,BRZ_RLS,LFPPMLB,LCLS,varchar,,Direct,SLV_RLS,LFPPMLB,MASTER_POLICY_LIFE,CLASS_CD,,CLASS CODE,varchar,,,,
RLS,LFPPMLB,LPR,numeric,"7, 2",BRZ_RLS,LFPPMLB,LPR,number,"7, 2",Direct,SLV_RLS,LFPPMLB,MASTER_POLICY_LIFE,BASIC_PREMI_RATE,,BASIC PREMIUM RATE,number,"7, 2",,,
RLS,LFPPMLB,LPRL,numeric,"7, 2",BRZ_RLS,LFPPMLB,LPRL,number,"7, 2",Direct,SLV_RLS,LFPPMLB,MASTER_POLICY_LIFE,LOADING_PCT,,LOADING,number,"7, 2",,,
RLS,LFPPMLB,LPRLT,numeric,"7, 2",BRZ_RLS,LFPPMLB,LPRLT,number,"7, 2",Direct,SLV_RLS,LFPPMLB,MASTER_POLICY_LIFE,TEMP_LOADING_PCT,,TEMP. LOADING,number,"7, 2",,,
RLS,LFPPMLB,LPRLTE,numeric,"8, 0",BRZ_RLS,LFPPMLB,LPRLTE,number,"8, 0",Direct,SLV_RLS,LFPPMLB,MASTER_POLICY_LIFE,LOADING_EXP_DT,,LOADING EXPIRY,number,"8, 0",,,"TO_DATE(LPRLTE::VARCHAR, 'YYYYMMDD')"
RLS,LFPPMLB,LPRLTF,numeric,"5, 2",BRZ_RLS,LFPPMLB,LPRLTF,number,"5, 2",Direct,SLV_RLS,LFPPMLB,MASTER_POLICY_LIFE,PERM_FLAT_LOADING_PCT,,PERMANENT FLAT LOADING,number,"5, 2",,,
RLS,LFPPMLB,LEXCL,nvarchar,1,BRZ_RLS,LFPPMLB,LEXCL,varchar,,Direct,SLV_RLS,LFPPMLB,MASTER_POLICY_LIFE,EXCLUSION_CD,,EXCLUSION CODE,varchar,,,,
RLS,LFPPMLB,LASNCD,nvarchar,1,BRZ_RLS,LFPPMLB,LASNCD,varchar,,Direct,SLV_RLS,LFPPMLB,MASTER_POLICY_LIFE,ASSIGNMENT_CD,,ASSIGNMENT CODE,varchar,,,,
RLS,LFPPMLB,LTSI,numeric,"14, 0",BRZ_RLS,LFPPMLB,LTSI,number,"14, 0",Direct,SLV_RLS,LFPPMLB,MASTER_POLICY_LIFE,TOTAL_SUM_INSURED_AMT,,TOTAL SUM INSURED,number,"14, 0",,,
RLS,LFPPMLB,LLPCDT,numeric,"8, 0",BRZ_RLS,LFPPMLB,LLPCDT,number,"8, 0",Direct,SLV_RLS,LFPPMLB,MASTER_POLICY_LIFE,LAST_PREM_COMM_CHG_DT,,LAST PREMIUM/ COMMISSION CHANGE DATE,number,"8, 0",,,"TO_DATE(LLPCDT::VARCHAR, 'YYYYMMDD')"
RLS,LFPPMLB,LNPCDT,numeric,"8, 0",BRZ_RLS,LFPPMLB,LNPCDT,number,"8, 0",Direct,SLV_RLS,LFPPMLB,MASTER_POLICY_LIFE,NEXT_PREM_COMM_CHG_DT,,NEXT PREMIUM/ COMMISSION CHANGE DATE,number,"8, 0",,,"TO_DATE(LNPCDT::VARCHAR, 'YYYYMMDD')"
RLS,LFPPMLB,LINXO,nvarchar,1,BRZ_RLS,LFPPMLB,LINXO,varchar,,Direct,SLV_RLS,LFPPMLB,MASTER_POLICY_LIFE,INDEXATION_OPT,,INDEXATION OPTION,varchar,,,,
RLS,LFPPMLB,LINXRO,nvarchar,1,BRZ_RLS,LFPPMLB,LINXRO,varchar,,Direct,SLV_RLS,LFPPMLB,MASTER_POLICY_LIFE,INDEXATION_RATE_OPT,,INDEXATION RATE OPTION,varchar,,,,
RLS,LFPPMLB,LINXP,nvarchar,1,BRZ_RLS,LFPPMLB,LINXP,varchar,,Direct,SLV_RLS,LFPPMLB,MASTER_POLICY_LIFE,IS_INDEXED_POLICY,,INDEXED POLICY,varchar,,,,
RLS,LFPPMLB,LETA,numeric,"8, 0",BRZ_RLS,LFPPMLB,LETA,number,"8, 0",Direct,SLV_RLS,LFPPMLB,MASTER_POLICY_LIFE,ETA_EXP_DT,,ETA EXPIRY DATE,number,"8, 0",,,"TO_DATE(LETA::VARCHAR, 'YYYYMMDD')"
RLS,LFPPMLB,LRPUP,numeric,"14, 0",BRZ_RLS,LFPPMLB,LRPUP,number,"14, 0",Direct,SLV_RLS,LFPPMLB,MASTER_POLICY_LIFE,RPU_ETA_SUM_INSURED,,RPU/ETA SA,number,"14, 0",,,
RLS,LFPPMLB,LENDT,numeric,"14, 0",BRZ_RLS,LFPPMLB,LENDT,number,"14, 0",Direct,SLV_RLS,LFPPMLB,MASTER_POLICY_LIFE,ETA_END_DT,,ETA PURE ENDT,number,"14, 0",,,"TO_DATE(LENDT::VARCHAR, 'YYYYMMDD')"
RLS,LFPPMLB,LAPUP,numeric,"14, 0",BRZ_RLS,LFPPMLB,LAPUP,number,"14, 0",Direct,SLV_RLS,LFPPMLB,MASTER_POLICY_LIFE,ADD_PAID_UP_SUM_INSURED,,ADD. PAID-UP SA,number,"14, 0",,,
RLS,LFPPMLB,LPCCY,nvarchar,3,BRZ_RLS,LFPPMLB,LPCCY,varchar,,Direct,SLV_RLS,LFPPMLB,MASTER_POLICY_LIFE,PYMT_CCY_CD,,PAYMENT CCY,varchar,,,,
RLS,LFPPMLB,LCVF,nvarchar,1,BRZ_RLS,LFPPMLB,LCVF,varchar,,Direct,SLV_RLS,LFPPMLB,MASTER_POLICY_LIFE,IS_CASH_VALUE,,CASH VALUE FLAG,varchar,,,,
RLS,LFPPMLB,LPAF,nvarchar,2,BRZ_RLS,LFPPMLB,LPAF,varchar,,Direct,SLV_RLS,LFPPMLB,MASTER_POLICY_LIFE,IS_PREM_ADJ,,PREM ADJ FLAG,varchar,,,,
RLS,LFPPMLB,LNFO,nvarchar,1,BRZ_RLS,LFPPMLB,LNFO,varchar,,Direct,SLV_RLS,LFPPMLB,MASTER_POLICY_LIFE,NON_FORFEITURE_OPT,,NON-FORFEITURE OPTION,varchar,,,,
RLS,LFPPMLB,LGIO,nvarchar,1,BRZ_RLS,LFPPMLB,LGIO,varchar,,Direct,SLV_RLS,LFPPMLB,MASTER_POLICY_LIFE,GUARANTEED_INS_OPT,,G.I. OPTION,varchar,,,,
RLS,LFPPMLB,LWPCF,nvarchar,1,BRZ_RLS,LFPPMLB,LWPCF,varchar,,Direct,SLV_RLS,LFPPMLB,MASTER_POLICY_LIFE,IS_VOL_DISC,,VOLUME DISCOUNT FLAG,varchar,,,,
RLS,LFPPMLB,LRBF,nvarchar,1,BRZ_RLS,LFPPMLB,LRBF,varchar,,Direct,SLV_RLS,LFPPMLB,MASTER_POLICY_LIFE,IS_RB,,RB FLAG,varchar,,,,
RLS,LFPPMLB,LTRB,numeric,"14, 0",BRZ_RLS,LFPPMLB,LTRB,number,"14, 0",Direct,SLV_RLS,LFPPMLB,MASTER_POLICY_LIFE,TOT_RB_FACE_VALUE,,TOTAL RB FACE VALUE,number,"14, 0",,,
RLS,LFPPMLB,LTTB,numeric,"14, 0",BRZ_RLS,LFPPMLB,LTTB,number,"14, 0",Direct,SLV_RLS,LFPPMLB,MASTER_POLICY_LIFE,TOT_TB_FACE_VALUE,,TOTAL TB FACE VALUE,number,"14, 0",,,
RLS,LFPPMLB,LRB,numeric,"14, 0",BRZ_RLS,LFPPMLB,LRB,number,"14, 0",Direct,SLV_RLS,LFPPMLB,MASTER_POLICY_LIFE,RB_FACE_VALUE,,RB FACE VALUE,number,"14, 0",,,
RLS,LFPPMLB,LTB,numeric,"14, 0",BRZ_RLS,LFPPMLB,LTB,number,"14, 0",Direct,SLV_RLS,LFPPMLB,MASTER_POLICY_LIFE,TB_FACE_VALUE,,TB FACE VALUE,number,"14, 0",,,
RLS,LFPPMLB,LBDT,numeric,"8, 0",BRZ_RLS,LFPPMLB,LBDT,number,"8, 0",Direct,SLV_RLS,LFPPMLB,MASTER_POLICY_LIFE,NEXT_BONUS_EFF_DT,,NEXT BONUS EFF DATE,number,"8, 0",,,"TO_DATE(LBDT::VARCHAR, 'YYYYMMDD')"
RLS,LFPPMLB,LRBL,numeric,"14, 0",BRZ_RLS,LFPPMLB,LRBL,number,"14, 0",Direct,SLV_RLS,LFPPMLB,MASTER_POLICY_LIFE,LAST_RB_FACE_VALUE,,LAST RB FACE VALUE,number,"14, 0",,,
RLS,LFPPMLB,LTBL,numeric,"14, 0",BRZ_RLS,LFPPMLB,LTBL,number,"14, 0",Direct,SLV_RLS,LFPPMLB,MASTER_POLICY_LIFE,LAST_TB_FACE_VALUE,,LAST TB FACE VALUE,number,"14, 0",,,
RLS,LFPPMLB,LBDTL,numeric,"8, 0",BRZ_RLS,LFPPMLB,LBDTL,number,"8, 0",Direct,SLV_RLS,LFPPMLB,MASTER_POLICY_LIFE,LAST_RB_DT,,LAST RB DATE,number,"8, 0",,,"TO_DATE(LBDTL::VARCHAR, 'YYYYMMDD')"
RLS,LFPPMLB,LDVDO,nvarchar,1,BRZ_RLS,LFPPMLB,LDVDO,varchar,,Direct,SLV_RLS,LFPPMLB,MASTER_POLICY_LIFE,DIVIDEND_OPT,,DIVIDEND OPTION,varchar,,,,
RLS,LFPPMLB,LDVDB,numeric,"11, 2",BRZ_RLS,LFPPMLB,LDVDB,number,"11, 2",Direct,SLV_RLS,LFPPMLB,MASTER_POLICY_LIFE,DIVIDEND_BAL,,DIVIDEND BAL,number,"11, 2",,,
RLS,LFPPMLB,LDVDI,numeric,"11, 4",BRZ_RLS,LFPPMLB,LDVDI,number,"11, 4",Direct,SLV_RLS,LFPPMLB,MASTER_POLICY_LIFE,DIVIDEND_INT,,DIVIDEND INT,number,"11, 4",,,
RLS,LFPPMLB,LDVDIM,numeric,"11, 4",BRZ_RLS,LFPPMLB,LDVDIM,number,"11, 4",Direct,SLV_RLS,LFPPMLB,MASTER_POLICY_LIFE,DIVIDEND_INT_MTD,,DVD INT THIS MTH,number,"11, 4",,,
RLS,LFPPMLB,LDVDDT,numeric,"8, 0",BRZ_RLS,LFPPMLB,LDVDDT,number,"8, 0",Direct,SLV_RLS,LFPPMLB,MASTER_POLICY_LIFE,NEXT_DIVIDEND_DT,,NEXT DVD DATE,number,"8, 0",,,"TO_DATE(LDVDDT::VARCHAR, 'YYYYMMDD')"
RLS,LFPPMLB,LMAEO,nvarchar,1,BRZ_RLS,LFPPMLB,LMAEO,varchar,,Direct,SLV_RLS,LFPPMLB,MASTER_POLICY_LIFE,MAE_OPT,,MAE OPTION,varchar,,,,
RLS,LFPPMLB,LMAEDT,numeric,"8, 0",BRZ_RLS,LFPPMLB,LMAEDT,number,"8, 0",Direct,SLV_RLS,LFPPMLB,MASTER_POLICY_LIFE,NEXT_MAE_DT,,NEXT MAE DATE,number,"8, 0",,,"TO_DATE(LMAEDT::VARCHAR, 'YYYYMMDD')"
RLS,LFPPMLB,LSTRUP,numeric,"17, 2",BRZ_RLS,LFPPMLB,LSTRUP,number,"17, 2",Direct,SLV_RLS,LFPPMLB,MASTER_POLICY_LIFE,STARTUP_BONUS_AMT_CCY_CD,,ACCUM STARTUP BONUS AMT. PCCY,number,"17, 2",,,
RLS,LFPPMLB,LLOAN,numeric,"11, 2",BRZ_RLS,LFPPMLB,LLOAN,number,"11, 2",Direct,SLV_RLS,LFPPMLB,MASTER_POLICY_LIFE,LOAN_BAL,,LOAN BALANCE,number,"11, 2",,,
RLS,LFPPMLB,LLNIR,numeric,"9, 2",BRZ_RLS,LFPPMLB,LLNIR,number,"9, 2",Direct,SLV_RLS,LFPPMLB,MASTER_POLICY_LIFE,LOAN_INT_RATE,,LOAN INT RATE,number,"9, 2",,,
RLS,LFPPMLB,LLNI,numeric,"11, 4",BRZ_RLS,LFPPMLB,LLNI,number,"11, 4",Direct,SLV_RLS,LFPPMLB,MASTER_POLICY_LIFE,OUTSTANDING_LOAN_INT,,O/S LOAN INT,number,"11, 4",,,
RLS,LFPPMLB,LLNIM,numeric,"11, 4",BRZ_RLS,LFPPMLB,LLNIM,number,"11, 4",Direct,SLV_RLS,LFPPMLB,MASTER_POLICY_LIFE,LOAN_INT_MTD,,LOAN INT THIS MTH,number,"11, 4",,,
RLS,LFPPMLB,LFPDB,numeric,"15, 2",BRZ_RLS,LFPPMLB,LFPDB,number,"15, 2",Direct,SLV_RLS,LFPPMLB,MASTER_POLICY_LIFE,FUTURE_PREMI_DEP_BAL,,FUTURE PREM DEP BAL,number,"15, 2",,,
RLS,LFPPMLB,LFPDI,numeric,"16, 4",BRZ_RLS,LFPPMLB,LFPDI,number,"16, 4",Direct,SLV_RLS,LFPPMLB,MASTER_POLICY_LIFE,DEPOSIT_INT,,DEP INT,number,"16, 4",,,
RLS,LFPPMLB,LFPDIM,numeric,"16, 4",BRZ_RLS,LFPPMLB,LFPDIM,number,"16, 4",Direct,SLV_RLS,LFPPMLB,MASTER_POLICY_LIFE,DEPOSIT_INT_MTD,,DEP INT THIS MTH,number,"16, 4",,,
RLS,LFPPMLB,LCOIDT,numeric,"8, 0",BRZ_RLS,LFPPMLB,LCOIDT,number,"8, 0",Direct,SLV_RLS,LFPPMLB,MASTER_POLICY_LIFE,COI_DT,,COI DATE,number,"8, 0",,,"TO_DATE(LCOIDT::VARCHAR, 'YYYYMMDD')"
RLS,LFPPMLB,LIMFDT,numeric,"8, 0",BRZ_RLS,LFPPMLB,LIMFDT,number,"8, 0",Direct,SLV_RLS,LFPPMLB,MASTER_POLICY_LIFE,INV_MGMT_FEE_DT,,INV. MANAGEMENT FEE DATE,number,"8, 0",,,"TO_DATE(LIMFDT::VARCHAR, 'YYYYMMDD')"
RLS,LFPPMLB,LPMFDT,numeric,"8, 0",BRZ_RLS,LFPPMLB,LPMFDT,number,"8, 0",Direct,SLV_RLS,LFPPMLB,MASTER_POLICY_LIFE,POLICY_MAINT_FEE_DT,,POL MAINT FEE DATE,number,"8, 0",,,"TO_DATE(LPMFDT::VARCHAR, 'YYYYMMDD')"
RLS,LFPPMLB,LPHOF,nvarchar,1,BRZ_RLS,LFPPMLB,LPHOF,varchar,,Direct,SLV_RLS,LFPPMLB,MASTER_POLICY_LIFE,IS_PREMI_HOLIDAY,,PREMIUM HOLIDAY FLAG (LATEST),varchar,,,,
RLS,LFPPMLB,LPHOFD,numeric,"8, 0",BRZ_RLS,LFPPMLB,LPHOFD,number,"8, 0",Direct,SLV_RLS,LFPPMLB,MASTER_POLICY_LIFE,PREMI_HOLIDAY_FROM_DT,,PREMIUM HOLIDAY FROM DATE (LATEST),number,"8, 0",,,"TO_DATE(LPHOFD::VARCHAR, 'YYYYMMDD')"
RLS,LFPPMLB,LPHOTD,numeric,"8, 0",BRZ_RLS,LFPPMLB,LPHOTD,number,"8, 0",Direct,SLV_RLS,LFPPMLB,MASTER_POLICY_LIFE,PREMI_HOLIDAY_TO_DT,,PREMIUM HOLIDAY TO DATE (LATEST),number,"8, 0",,,"TO_DATE(LPHOTD::VARCHAR, 'YYYYMMDD')"
RLS,LFPPMLB,LTRMP,numeric,"15, 2",BRZ_RLS,LFPPMLB,LTRMP,number,"15, 2",Direct,SLV_RLS,LFPPMLB,MASTER_POLICY_LIFE,TOPUP_REG_MODAL_PREMI_AMT,,TOP-UP REGULAR MODAL PREMIUM,number,"15, 2",,,
RLS,LFPPMLB,LTTRMP,numeric,"15, 2",BRZ_RLS,LFPPMLB,LTTRMP,number,"15, 2",Direct,SLV_RLS,LFPPMLB,MASTER_POLICY_LIFE,TOTAL_TOPUP_REG_MODAL_PREMI_AMT,,TOTAL TOP-UP REGULAR MODAL PREMIUM,number,"15, 2",,,
RLS,LFPPMLB,LTRMC,numeric,"13, 2",BRZ_RLS,LFPPMLB,LTRMC,number,"13, 2",Direct,SLV_RLS,LFPPMLB,MASTER_POLICY_LIFE,TOTAL_TOPUP_REG_MODAL_COMM_AMT,,TOTAL TOP-UP REGULAR MODAL COMMISSION,number,"13, 2",,,
RLS,LFPPMLB,LTRCP1,numeric,"5, 2",BRZ_RLS,LFPPMLB,LTRCP1,number,"5, 2",Direct,SLV_RLS,LFPPMLB,MASTER_POLICY_LIFE,TOPUP_REG_COMM_YR01_PCT,,1ST YR TOP-UP REG PREM COMMISSION%,number,"5, 2",,,
RLS,LFPPMLB,LTRCP2,numeric,"5, 2",BRZ_RLS,LFPPMLB,LTRCP2,number,"5, 2",Direct,SLV_RLS,LFPPMLB,MASTER_POLICY_LIFE,TOPUP_REG_COMM_YR02_PCT,,2ND YR TOP-UP REG PREM COMMISSION%,number,"5, 2",,,
RLS,LFPPMLB,LTRCP3,numeric,"5, 2",BRZ_RLS,LFPPMLB,LTRCP3,number,"5, 2",Direct,SLV_RLS,LFPPMLB,MASTER_POLICY_LIFE,TOPUP_REG_COMM_YR03_PCT,,3RD YR TOP-UP REG PREM COMMISSION%,number,"5, 2",,,
RLS,LFPPMLB,LTRCP4,numeric,"5, 2",BRZ_RLS,LFPPMLB,LTRCP4,number,"5, 2",Direct,SLV_RLS,LFPPMLB,MASTER_POLICY_LIFE,TOPUP_REG_COMM_YR04_PCT,,4TH YEAR TOP-UP REGULAR PREMIUM COMMISSION %,number,"5, 2",,,
RLS,LFPPMLB,LTRCP5,numeric,"5, 2",BRZ_RLS,LFPPMLB,LTRCP5,number,"5, 2",Direct,SLV_RLS,LFPPMLB,MASTER_POLICY_LIFE,TOPUP_REG_COMM_YR05_PCT,,5TH YEAR TOP-UP REGULAR PREMIUM COMMISSION %,number,"5, 2",,,
RLS,LFPPMLB,LTRCP6,numeric,"5, 2",BRZ_RLS,LFPPMLB,LTRCP6,number,"5, 2",Direct,SLV_RLS,LFPPMLB,MASTER_POLICY_LIFE,TOPUP_REG_COMM_YR06_PCT,,6TH YEAR TOP-UP REGULAR PREMIUM COMMISSION %,number,"5, 2",,,
RLS,LFPPMLB,LTRCP7,numeric,"5, 2",BRZ_RLS,LFPPMLB,LTRCP7,number,"5, 2",Direct,SLV_RLS,LFPPMLB,MASTER_POLICY_LIFE,TOPUP_REG_COMM_YR07_PCT,,7TH YEAR TOP-UP REGULAR PREMIUM COMMISSION %,number,"5, 2",,,
RLS,LFPPMLB,LTRCP8,numeric,"5, 2",BRZ_RLS,LFPPMLB,LTRCP8,number,"5, 2",Direct,SLV_RLS,LFPPMLB,MASTER_POLICY_LIFE,TOPUP_REG_COMM_YR08_PCT,,8TH YEAR TOP-UP REGULAR PREMIUM COMMISSION %,number,"5, 2",,,
RLS,LFPPMLB,LTRCP9,numeric,"5, 2",BRZ_RLS,LFPPMLB,LTRCP9,number,"5, 2",Direct,SLV_RLS,LFPPMLB,MASTER_POLICY_LIFE,TOPUP_REG_COMM_YR09_PCT,,9TH YEAR TOP-UP REGULAR PREMIUM COMMISSION %,number,"5, 2",,,
RLS,LFPPMLB,LTRCP10,numeric,"5, 2",BRZ_RLS,LFPPMLB,LTRCP10,number,"5, 2",Direct,SLV_RLS,LFPPMLB,MASTER_POLICY_LIFE,TOPUP_REG_COMM_YR10_PCT,,10TH YEAR TOP-UP REGULAR PREMIUM COMMISSION %,number,"5, 2",,,
RLS,LFPPMLB,LTRCP11,numeric,"5, 2",BRZ_RLS,LFPPMLB,LTRCP11,number,"5, 2",Direct,SLV_RLS,LFPPMLB,MASTER_POLICY_LIFE,TOPUP_REG_COMM_YR11_PCT,,11TH YEAR TOP-UP REGULAR PREMIUM COMMISSION %,number,"5, 2",,,
RLS,LFPPMLB,LILCP,numeric,"5, 2",BRZ_RLS,LFPPMLB,LILCP,number,"5, 2",Direct,SLV_RLS,LFPPMLB,MASTER_POLICY_LIFE,INIT_LUMP_SUM_COMM_PCT,,INITIAL LUMP SUM PREMIUM COMMISSION %,number,"5, 2",,,
RLS,LFPPMLB,LTLCP,numeric,"5, 2",BRZ_RLS,LFPPMLB,LTLCP,number,"5, 2",Direct,SLV_RLS,LFPPMLB,MASTER_POLICY_LIFE,LUMP_SUM_COMM_PCT,,LUMP SUM PREMIUM COMMISSION%,number,"5, 2",,,
RLS,LFPPMLB,LDAPCT,numeric,"5, 2",BRZ_RLS,LFPPMLB,LDAPCT,number,"5, 2",Direct,SLV_RLS,LFPPMLB,MASTER_POLICY_LIFE,STARTUP_BONUS_ADJ_PCT,,STARTUP BONUS ADJUSTMENT,number,"5, 2",,,
RLS,LFPPMLB,LLPRE,numeric,"3, 0",BRZ_RLS,LFPPMLB,LLPRE,number,"3, 0",Direct,SLV_RLS,LFPPMLB,MASTER_POLICY_LIFE,PREM_TERM_PLAN,,PREM TERM AT PLAN LVL,number,"3, 0",,,
RLS,LFPPMLB,LLPREA,nvarchar,1,BRZ_RLS,LFPPMLB,LLPREA,varchar,,Direct,SLV_RLS,LFPPMLB,MASTER_POLICY_LIFE,PREM_TERM_PLAN_AGE,,PREM TERM AT PLAN LVL AT AGE/YR,varchar,,,,
RLS,LFPPMLB,LDTHBO,nvarchar,1,BRZ_RLS,LFPPMLB,LDTHBO,varchar,,Direct,SLV_RLS,LFPPMLB,MASTER_POLICY_LIFE,DEATH_BENEFIT_OPT,,DEATH BENEFIT OPTION,varchar,,,,
RLS,LFPPMLB,LPCDUE,numeric,"8, 0",BRZ_RLS,LFPPMLB,LPCDUE,number,"8, 0",Direct,SLV_RLS,LFPPMLB,MASTER_POLICY_LIFE,PREMI_CHARGE_DUE_DT,,PREMIUM CHARGE DUE DATE,number,"8, 0",,,"TO_DATE(LPCDUE::VARCHAR, 'YYYYMMDD')"
RLS,LFPPMLB,LIILP,numeric,"15, 2",BRZ_RLS,LFPPMLB,LIILP,number,"15, 2",Direct,SLV_RLS,LFPPMLB,MASTER_POLICY_LIFE,INIT_LUMP_SUM_PREMI,,INITIAL LUMP SUM PREMIUM,number,"15, 2",,,
RLS,LFPPMLB,LILSP,numeric,"15, 2",BRZ_RLS,LFPPMLB,LILSP,number,"15, 2",Direct,SLV_RLS,LFPPMLB,MASTER_POLICY_LIFE,LUMP_SUM_PREMI_AMT,,LUMP SUM PREMIUM,number,"15, 2",,,
RLS,LFPPMLB,LROVRO,nvarchar,1,BRZ_RLS,LFPPMLB,LROVRO,varchar,,Direct,SLV_RLS,LFPPMLB,MASTER_POLICY_LIFE,ROLLOVER_OPT,,ROLLOVER OPTION,varchar,,,,
RLS,LFPPMLB,LWHFG,nvarchar,1,BRZ_RLS,LFPPMLB,LWHFG,varchar,,Direct,SLV_RLS,LFPPMLB,MASTER_POLICY_LIFE,IS_WITHHOLD,,WITHHOLD FLAG,varchar,,,,
RLS,LFPPMLB,LNLBDT,numeric,"8, 0",BRZ_RLS,LFPPMLB,LNLBDT,number,"8, 0",Direct,SLV_RLS,LFPPMLB,MASTER_POLICY_LIFE,NEXT_LOYALTY_BONUS_DT,,NEXT LOYALTY BONUS DATE,number,"8, 0",,,"TO_DATE(LNLBDT::VARCHAR, 'YYYYMMDD')"
RLS,LFPPMLB,LLLBDT,numeric,"8, 0",BRZ_RLS,LFPPMLB,LLLBDT,number,"8, 0",Direct,SLV_RLS,LFPPMLB,MASTER_POLICY_LIFE,LAST_LOYALTY_BONUS_DT,,LAST LOYALTY BONUS DATE,number,"8, 0",,,"TO_DATE(LLLBDT::VARCHAR, 'YYYYMMDD')"
RLS,LFPPMLB,LNTCDT,numeric,"8, 0",BRZ_RLS,LFPPMLB,LNTCDT,number,"8, 0",Direct,SLV_RLS,LFPPMLB,MASTER_POLICY_LIFE,NEXT_TRAIL_COMM_PAY_DT,,NEXT TRAIL COMM PAY DATE,number,"8, 0",,,"TO_DATE(LNTCDT::VARCHAR, 'YYYYMMDD')"
RLS,LFPPMLB,LEDWO,nvarchar,1,BRZ_RLS,LFPPMLB,LEDWO,varchar,,Direct,SLV_RLS,LFPPMLB,MASTER_POLICY_LIFE,IS_ENDOWMENT_OPT,,ENDOWMENT  OPTION FLAG,varchar,,,,
RLS,LFPPMLB,LEDWB,numeric,"16, 2",BRZ_RLS,LFPPMLB,LEDWB,number,"16, 2",Direct,SLV_RLS,LFPPMLB,MASTER_POLICY_LIFE,NON_GUAR_ENDOW_BAL,,NON GUARANTEED ENDOWMENT BALANCE,number,"16, 2",,,
RLS,LFPPMLB,LEDWI,numeric,"18, 4",BRZ_RLS,LFPPMLB,LEDWI,number,"18, 4",Direct,SLV_RLS,LFPPMLB,MASTER_POLICY_LIFE,NON_GUAR_ENDOW_INT,,NON GUARANTEED ENDOWMENT INTEREST,number,"18, 4",,,
RLS,LFPPMLB,LEDWIM,numeric,"18, 4",BRZ_RLS,LFPPMLB,LEDWIM,number,"18, 4",Direct,SLV_RLS,LFPPMLB,MASTER_POLICY_LIFE,NON_GUAR_ENDOW_INT_MTD,,NON GUARANTEED ENDOWMENT INTEREST THIS MONTH,number,"18, 4",,,
RLS,LFPPMLB,PCPFMBR,nvarchar,15,BRZ_RLS,LFPPMLB,PCPFMBR,varchar,,Direct,SLV_RLS,LFPPMLB,MASTER_POLICY_LIFE,BANK_NO,,BANK ID NUMBER,varchar,,,,
RLS,LFPPMLB,PCPFAC,nvarchar,15,BRZ_RLS,LFPPMLB,PCPFAC,varchar,,Direct,SLV_RLS,LFPPMLB,MASTER_POLICY_LIFE,BANK_RECON_ACCT_NO,,CPF ACCOUNT NO. FOR BANK ACCOUNT RECONCILIATION,varchar,,,,
RLS,LFPPMLB,PBABBR,nvarchar,4,BRZ_RLS,LFPPMLB,PBABBR,varchar,,Direct,SLV_RLS,LFPPMLB,MASTER_POLICY_LIFE,?,,,varchar,,,,
RLS,LFPPMLB,PACNAME,nvarchar,45,BRZ_RLS,LFPPMLB,PACNAME,varchar,,Direct,SLV_RLS,LFPPMLB,MASTER_POLICY_LIFE,ACCT_NM,,ACCOUNT NAME,varchar,,,,
RLS,LFPPMLB,PGCSF,nvarchar,1,BRZ_RLS,LFPPMLB,PGCSF,varchar,,Direct,SLV_RLS,LFPPMLB,MASTER_POLICY_LIFE,CPF_ACCT_TYPE,,CPF A/C  TYPE,varchar,,,,
RLS,LFPPMLB,PSDFIN,nvarchar,1,BRZ_RLS,LFPPMLB,PSDFIN,varchar,,Direct,SLV_RLS,LFPPMLB,MASTER_POLICY_LIFE,SD_FINANCE_IND,,SD FINANCE INDICATOR,varchar,,,,
RLS,LFPPMLB,PCOMID,nvarchar,3,BRZ_RLS,LFPPMLB,PCOMID,varchar,,Direct,SLV_RLS,LFPPMLB,MASTER_POLICY_LIFE,SD_FINANCE_COMP_ID,,COMPANY ID FOR SD FINANCE,varchar,,,,
RLS,LFPPMLB,LMPRMA,numeric,"15, 2",BRZ_RLS,LFPPMLB,LMPRMA,number,"15, 2",Direct,SLV_RLS,LFPPMLB,MASTER_POLICY_LIFE,MODAL_PREMI_ADJ,,MODAL PREMIUM ADJUSTMENT,number,"15, 2",,,
RLS,LFPPMLB,PWPP,numeric,"3, 0",BRZ_RLS,LFPPMLB,PWPP,number,"3, 0",Direct,SLV_RLS,LFPPMLB,MASTER_POLICY_LIFE,WAIVER_PREMI_PCT,,WAIVER OF PREMIUM PERCENTAGE,number,"3, 0",,,
RLS,LFPPMLB,PAVOF,nvarchar,1,BRZ_RLS,LFPPMLB,PAVOF,varchar,,Direct,SLV_RLS,LFPPMLB,MASTER_POLICY_LIFE,IS_AUTOVESTING_OWNSHIP,,AUTOVESTING OF OWNSHIP FLAG,varchar,,,,
RLS,LFPPMLB,CMFEE,numeric,"7, 2",BRZ_RLS,LFPPMLB,CMFEE,number,"7, 2",Direct,SLV_RLS,LFPPMLB,MASTER_POLICY_LIFE,MEDICAL_FEE,,MEDICAL FEE,number,"7, 2",,,
RLS,LFPPMLB,PPRPTDT,numeric,"8, 0",BRZ_RLS,LFPPMLB,PPRPTDT,number,"8, 0",Direct,SLV_RLS,LFPPMLB,MASTER_POLICY_LIFE,POLICY_RECEIPT_DT,,POLICY RECEIPT DATE,number,"8, 0",,,"TO_DATE(PPRPTDT::VARCHAR, 'YYYYMMDD')"
RLS,LFPPMLB,PLMBNO,nvarchar,15,BRZ_RLS,LFPPMLB,PLMBNO,varchar,,Direct,SLV_RLS,LFPPMLB,MASTER_POLICY_LIFE,INSURED_MOBILE_NO,,INSURED MOBILE,varchar,,,,
RLS,LFPPMLB,PMOMBNO,nvarchar,15,BRZ_RLS,LFPPMLB,PMOMBNO,varchar,,Direct,SLV_RLS,LFPPMLB,MASTER_POLICY_LIFE,OWN_MOBILE_NO,,OWN MOBILE,varchar,,,,
RLS,LFPPMLB,PLFXNO,nvarchar,15,BRZ_RLS,LFPPMLB,PLFXNO,varchar,,Direct,SLV_RLS,LFPPMLB,MASTER_POLICY_LIFE,FAX_NO,,FAX'NUMBER,varchar,,,,
RLS,LFPPMLB,POWSEX,nvarchar,1,BRZ_RLS,LFPPMLB,POWSEX,varchar,,Direct,SLV_RLS,LFPPMLB,MASTER_POLICY_LIFE,OWN_GENDER,,OWN GENDER,varchar,,,,
RLS,LFPPMLB,PLRNDT,numeric,"8, 0",BRZ_RLS,LFPPMLB,PLRNDT,number,"8, 0",Direct,SLV_RLS,LFPPMLB,MASTER_POLICY_LIFE,LAST_RENEWAL_DT,,LAST RENEWAL DATE,number,"8, 0",,,"TO_DATE(PLRNDT::VARCHAR, 'YYYYMMDD')"
RLS,LFPPMLB,PLANND,numeric,"8, 0",BRZ_RLS,LFPPMLB,PLANND,number,"8, 0",Direct,SLV_RLS,LFPPMLB,MASTER_POLICY_LIFE,ANNUITIZATION_DT,,ANNUITIZATION DATE,number,"8, 0",,,"TO_DATE(PLANND::VARCHAR, 'YYYYMMDD')"
RLS,LFPPMLB,PLLAPD,numeric,"8, 0",BRZ_RLS,LFPPMLB,PLLAPD,number,"8, 0",Direct,SLV_RLS,LFPPMLB,MASTER_POLICY_LIFE,LAST_ANNUITY_PYMT_DT,,LAST ANNUITY  PAYMENT DATE,number,"8, 0",,,"TO_DATE(PLLAPD::VARCHAR, 'YYYYMMDD')"
RLS,LFPPMLB,PLNAPD,numeric,"8, 0",BRZ_RLS,LFPPMLB,PLNAPD,number,"8, 0",Direct,SLV_RLS,LFPPMLB,MASTER_POLICY_LIFE,NEXT_ANNUITY_PYMT_DT,,NEXT ANNUITY  PAYMENT DATE,number,"8, 0",,,"TO_DATE(PLNAPD::VARCHAR, 'YYYYMMDD')"
RLS,LFPPMLB,PLHAPD,numeric,"8, 0",BRZ_RLS,LFPPMLB,PLHAPD,number,"8, 0",Direct,SLV_RLS,LFPPMLB,MASTER_POLICY_LIFE,HOLD_ANNUITY_DT,,HOLD ANNUITY DATE,number,"8, 0",,,"TO_DATE(PLHAPD::VARCHAR, 'YYYYMMDD')"
RLS,LFPPMLB,PLCOMO,nvarchar,1,BRZ_RLS,LFPPMLB,PLCOMO,varchar,,Direct,SLV_RLS,LFPPMLB,MASTER_POLICY_LIFE,COMM_OPT,,COMMISSION OPTION,varchar,,,,
RLS,LFPPMLB,PLRPCA,numeric,"5, 2",BRZ_RLS,LFPPMLB,PLRPCA,number,"5, 2",Direct,SLV_RLS,LFPPMLB,MASTER_POLICY_LIFE,REG_PREMI_COMM_PCT_ADJ,,REGULAR PREMIUM COMMISSION % ADJUSTMENT,number,"5, 2",,,
RLS,LFPPMLB,PLTPCA,numeric,"5, 2",BRZ_RLS,LFPPMLB,PLTPCA,number,"5, 2",Direct,SLV_RLS,LFPPMLB,MASTER_POLICY_LIFE,TOPUP_PREMI_COMM_PCT_ADJ,,TOP-UP PREMIUM COMMISSION % ADJUSTMENT,number,"5, 2",,,
RLS,LFPPMLB,PLILCA,numeric,"5, 2",BRZ_RLS,LFPPMLB,PLILCA,number,"5, 2",Direct,SLV_RLS,LFPPMLB,MASTER_POLICY_LIFE,INITIAL_LUMPSUM_PREMI_COMM_ADJ,,INITIAL LUMP SUM PREMIUM COMMISSION ADJUSTMENT,number,"5, 2",,,
RLS,LFPPMLB,PLLSCA,numeric,"5, 2",BRZ_RLS,LFPPMLB,PLLSCA,number,"5, 2",Direct,SLV_RLS,LFPPMLB,MASTER_POLICY_LIFE,LUMPSUM_PREMI_COMM_PCT_ADJ,,LUMPSUM PREMIUM COMMISSION % ADJUSTMENT,number,"5, 2",,,
RLS,LFPPMLB,PLTRCP,numeric,"5, 2",BRZ_RLS,LFPPMLB,PLTRCP,number,"5, 2",Direct,SLV_RLS,LFPPMLB,MASTER_POLICY_LIFE,TRAIL_COMM_PCT,,TRAIL COMMISSION %,number,"5, 2",,,
RLS,LFPPMLB,PLPRFD,numeric,"8, 0",BRZ_RLS,LFPPMLB,PLPRFD,number,"8, 0",Direct,SLV_RLS,LFPPMLB,MASTER_POLICY_LIFE,PMF_REFUND_DT,,PMF REFUND DATE,number,"8, 0",,,"TO_DATE(PLPRFD::VARCHAR, 'YYYYMMDD')"
RLS,LFPPMLB,PLPRFA,numeric,"17, 2",BRZ_RLS,LFPPMLB,PLPRFA,number,"17, 2",Direct,SLV_RLS,LFPPMLB,MASTER_POLICY_LIFE,PMF_REFUND_AMT,,PMF REFUND AMOUNT,number,"17, 2",,,
RLS,LFPPMLB,LBSTAT,nvarchar,1,BRZ_RLS,LFPPMLB,LBSTAT,varchar,,Direct,SLV_RLS,LFPPMLB,MASTER_POLICY_LIFE,BONUS_STATUS,,BUS STATUS,varchar,,,,
RLS,LFPPMLB,LBEFF,numeric,"8, 0",BRZ_RLS,LFPPMLB,LBEFF,number,"8, 0",Direct,SLV_RLS,LFPPMLB,MASTER_POLICY_LIFE,BONUS_EFF_DT,,BUS EFFECTIVE DATE,number,"8, 0",,,"TO_DATE(LBEFF::VARCHAR, 'YYYYMMDD')"
RLS,LFPPMLB,LBTERM,numeric,"8, 0",BRZ_RLS,LFPPMLB,LBTERM,number,"8, 0",Direct,SLV_RLS,LFPPMLB,MASTER_POLICY_LIFE,BONUS_TERMINATE_DT,,BUS TERMINATION DATE,number,"8, 0",,,"TO_DATE(LBTERM::VARCHAR, 'YYYYMMDD')"
RLS,LFPPMLB,LSCHB,numeric,"15, 2",BRZ_RLS,LFPPMLB,LSCHB,number,"15, 2",Direct,SLV_RLS,LFPPMLB,MASTER_POLICY_LIFE,SCHED_COUPON_AMT,,SCHEDULE COUPON AMOUNT,number,"15, 2",,,
RLS,LFPPMLB,LSCHI,numeric,"16, 4",BRZ_RLS,LFPPMLB,LSCHI,number,"16, 4",Direct,SLV_RLS,LFPPMLB,MASTER_POLICY_LIFE,SCHED_COUPON_INT,,SCHEDULE COUPON INTEREST,number,"16, 4",,,
RLS,LFPPMLB,LSCHIM,numeric,"11, 4",BRZ_RLS,LFPPMLB,LSCHIM,number,"11, 4",Direct,SLV_RLS,LFPPMLB,MASTER_POLICY_LIFE,SCHED_COUPON_INT_MTD,,SCHEDULE COUPON INTEREST THIS MONTH,number,"11, 4",,,
RLS,LFPPMLB,LSCHBT,numeric,"17, 2",BRZ_RLS,LFPPMLB,LSCHBT,number,"17, 2",Direct,SLV_RLS,LFPPMLB,MASTER_POLICY_LIFE,TOT_SCHED_COUPON_AMT,,TOTAL SCHEDULE COUPON AMOUNT,number,"17, 2",,,
RLS,LFPPMLB,LSCHDT,numeric,"8, 0",BRZ_RLS,LFPPMLB,LSCHDT,number,"8, 0",Direct,SLV_RLS,LFPPMLB,MASTER_POLICY_LIFE,NEXT_SCHED_COUPON_DT,,NEXT ANNIVERSARY FOR SCHEDULE COUPON,number,"8, 0",,,
RLS,LFPPMLB,PBBSF,nvarchar,1,BRZ_RLS,LFPPMLB,PBBSF,varchar,,Direct,SLV_RLS,LFPPMLB,MASTER_POLICY_LIFE,IS_BULK_SWITCH_AUTH,,BULK SWITCHING AUTHORIZATION FLAG,varchar,,,,
RLS,LFPPMLB,PACFF,nvarchar,1,BRZ_RLS,LFPPMLB,PACFF,varchar,,Direct,SLV_RLS,LFPPMLB,MASTER_POLICY_LIFE,IS_CONSULTANT_SERVICE_FEE_AUTH,,CONSULTANT SERVICE FEE AUTHORIZATION FLAG,varchar,,,,
RLS,LFPPMLB,PACFPER,numeric,"5, 2",BRZ_RLS,LFPPMLB,PACFPER,number,"5, 2",Direct,SLV_RLS,LFPPMLB,MASTER_POLICY_LIFE,CONSULTANT_SERVICE_FEE_PCT,,CONSULTANT SERVICE FEE %,number,"5, 2",,,
RLS,LFPPMLB,PLIEN,numeric,"5, 2",BRZ_RLS,LFPPMLB,PLIEN,number,"5, 2",Direct,SLV_RLS,LFPPMLB,MASTER_POLICY_LIFE,LIEN_PCT,,LIEN PERCENTAGE,number,"5, 2",,,
RLS,LFPPMLB,LPRLS,numeric,"5, 2",BRZ_RLS,LFPPMLB,LPRLS,number,"5, 2",Direct,SLV_RLS,LFPPMLB,MASTER_POLICY_LIFE,EXTRA_SUBSTANDARD_LOAD_PCT,,EXTRA VARIES SUBSTANDARD LOADING PERCENTAGE,number,"5, 2",,,
RLS,LFPPMLB,PTRMODE,nvarchar,1,BRZ_RLS,LFPPMLB,PTRMODE,varchar,,Direct,SLV_RLS,LFPPMLB,MASTER_POLICY_LIFE,DELINK_RTU_PYMT_MODE,,PAYMENT MODE OF DE-LINK RTU,varchar,,,,
RLS,LFPPMLB,PTRMTHOD,nvarchar,1,BRZ_RLS,LFPPMLB,PTRMTHOD,varchar,,Direct,SLV_RLS,LFPPMLB,MASTER_POLICY_LIFE,DELINK_RTU_PYMT_MTHD,,PAYMENT METHOD OF DE-LINK RTU,varchar,,,,
RLS,LFPPMLB,PTRPTD,numeric,"8, 0",BRZ_RLS,LFPPMLB,PTRPTD,number,"8, 0",Direct,SLV_RLS,LFPPMLB,MASTER_POLICY_LIFE,DELINK_RTU_PAID_TO_DT,,PTD OF DE-LINK RTU,number,"8, 0",,,"TO_DATE(PTRPTD::VARCHAR, 'YYYYMMDD')"
RLS,LFPPMLB,PTRSTD,numeric,"8, 0",BRZ_RLS,LFPPMLB,PTRSTD,number,"8, 0",Direct,SLV_RLS,LFPPMLB,MASTER_POLICY_LIFE,DELINK_RTU_START_DT,,START DATE OF DE-LINK RTU,number,"8, 0",,,"TO_DATE(PTRSTD::VARCHAR, 'YYYYMMDD')"
RLS,LFPPMLB,PTRETD,numeric,"8, 0",BRZ_RLS,LFPPMLB,PTRETD,number,"8, 0",Direct,SLV_RLS,LFPPMLB,MASTER_POLICY_LIFE,DELINK_RTU_END_DT,,END DATE OF DE -LINK RTU,number,"8, 0",,,"TO_DATE(PTRETD::VARCHAR, 'YYYYMMDD')"
RLS,LFPPMLB,PTRCNT,numeric,"2, 0",BRZ_RLS,LFPPMLB,PTRCNT,number,"2, 0",Direct,SLV_RLS,LFPPMLB,MASTER_POLICY_LIFE,DELINK_RTU_FAILED_COLL_CNT,,UNSUCESFUL  RTU COLLECTION IN ATP,number,"2, 0",,,
RLS,LFPPMLB,PTRSTS,nvarchar,1,BRZ_RLS,LFPPMLB,PTRSTS,varchar,,Direct,SLV_RLS,LFPPMLB,MASTER_POLICY_LIFE,DELINK_RTU_STATUS,,RTU STATUS,varchar,,,,
RLS,LFPPMLB,PCOMM,nvarchar,3,BRZ_RLS,LFPPMLB,PCOMM,varchar,,Direct,SLV_RLS,LFPPMLB,MASTER_POLICY_LIFE,COMMUNICATION_MTHD,,COMMUNICATION MEANS,varchar,,,,
RLS,LFPPMLB,PSMS,nvarchar,1,BRZ_RLS,LFPPMLB,PSMS,varchar,,Direct,SLV_RLS,LFPPMLB,MASTER_POLICY_LIFE,IS_RECEIVE_SMS,,RECEIVE SMS FLAG,boolean,,,,
RLS,LFPPMLB,PSUSPE,nvarchar,1,BRZ_RLS,LFPPMLB,PSUSPE,varchar,,Direct,SLV_RLS,LFPPMLB,MASTER_POLICY_LIFE,IS_EMAIL_SUSPEND,,EMAIL SUSPENSION,varchar,,,,
RLS,LFPPMLB,PSUSPS,nvarchar,1,BRZ_RLS,LFPPMLB,PSUSPS,varchar,,Direct,SLV_RLS,LFPPMLB,MASTER_POLICY_LIFE,IS_SMS_SUSPEND,,SMS SUSPENSION,varchar,,,,
RLS,LFPPMLB,PRPF,nvarchar,1,BRZ_RLS,LFPPMLB,PRPF,varchar,,Direct,SLV_RLS,LFPPMLB,MASTER_POLICY_LIFE,IS_LOAN_REPYMT,,LOAN REPAYMENT FLAG,varchar,,,,
RLS,LFPPMLB,LOGDATE,datetime,,BRZ_RLS,LFPPMLB,LOGDATE,timestamp_ntz,,Direct,SLV_RLS,LFPPMLB,MASTER_POLICY_LIFE,LOG_DT,,Log Date,timestamp_ntz,,,,
RLS,LFPPMHB,PCO,decimal,"3, 0",BRZ_RLS,LFPPMHB,PCO,number,"3, 0",Direct,SLV_RLS,LFPPMHB,MASTER_POLICY_HEALTH,COMP_CD,,COMPANY CODE,number,,,,
RLS,LFPPMHB,PNO,char,11,BRZ_RLS,LFPPMHB,PNO,varchar,,Direct,SLV_RLS,LFPPMHB,MASTER_POLICY_HEALTH,POLICY_NO,,POLICY NO.,varchar,,,,
RLS,LFPPMHB,PSOUR,char,10,BRZ_RLS,LFPPMHB,PSOUR,varchar,,Direct,SLV_RLS,LFPPMHB,MASTER_POLICY_HEALTH,SRC_CD,,SOURCE CODE,varchar,,,,
RLS,LFPPMHB,PDOS,decimal,"8, 0",BRZ_RLS,LFPPMHB,PDOS,number,"8, 0",Direct,SLV_RLS,LFPPMHB,MASTER_POLICY_HEALTH,SUBMIT_DT,,SUBMIT DATE,number,,,,"TO_DATE(PDOS::VARCHAR, 'YYYYMMDD')"
RLS,LFPPMHB,PDOI,decimal,"8, 0",BRZ_RLS,LFPPMHB,PDOI,number,"8, 0",Direct,SLV_RLS,LFPPMHB,MASTER_POLICY_HEALTH,ISSUE_DT,,ISSUE DATE,number,,,,"TO_DATE(PDOI::VARCHAR, 'YYYYMMDD')"
RLS,LFPPMHB,PEFF,decimal,"8, 0",BRZ_RLS,LFPPMHB,PEFF,number,"8, 0",Direct,SLV_RLS,LFPPMHB,MASTER_POLICY_HEALTH,POLICY_DT,,POLICY DATE,number,,,,"TO_DATE(PEFF::VARCHAR, 'YYYYMMDD')"
RLS,LFPPMHB,PEXP,decimal,"8, 0",BRZ_RLS,LFPPMHB,PEXP,number,"8, 0",Direct,SLV_RLS,LFPPMHB,MASTER_POLICY_HEALTH,EXP_DT,,EXPIRY DATE,number,,,,"TO_DATE(PEXP::VARCHAR, 'YYYYMMDD')"
RLS,LFPPMHB,PTERM,decimal,"8, 0",BRZ_RLS,LFPPMHB,PTERM,number,"8, 0",Direct,SLV_RLS,LFPPMHB,MASTER_POLICY_HEALTH,TERMINATE_DT,,TERMINATION DATE,number,,,,"TO_DATE(PTERM::VARCHAR, 'YYYYMMDD')"
RLS,LFPPMHB,PATERM,decimal,"8, 0",BRZ_RLS,LFPPMHB,PATERM,number,"8, 0",Direct,SLV_RLS,LFPPMHB,MASTER_POLICY_HEALTH,ACT_TERMINATE_DT,,ACTUAL TERMINATION DATE,number,,,,"TO_DATE(PATERM::VARCHAR, 'YYYYMMDD')"
RLS,LFPPMHB,PPTD,decimal,"8, 0",BRZ_RLS,LFPPMHB,PPTD,number,"8, 0",Direct,SLV_RLS,LFPPMHB,MASTER_POLICY_HEALTH,PAID_TO_DT,,PAID-TO-DATE,number,,,,"TO_DATE(PPTD::VARCHAR, 'YYYYMMDD')"
RLS,LFPPMHB,PPAYDT,decimal,"8, 0",BRZ_RLS,LFPPMHB,PPAYDT,number,"8, 0",Direct,SLV_RLS,LFPPMHB,MASTER_POLICY_HEALTH,LAST_PYMT_DT,,LAST PAYMENT DATE,number,,,,"TO_DATE(PPAYDT::VARCHAR, 'YYYYMMDD')"
RLS,LFPPMHB,PPAYD1,decimal,"8, 0",BRZ_RLS,LFPPMHB,PPAYD1,number,"8, 0",Direct,SLV_RLS,LFPPMHB,MASTER_POLICY_HEALTH,FIRST_PYMT_DT,,FIRST PAYMENT DATE,number,,,,"TO_DATE(PPAYD1::VARCHAR, 'YYYYMMDD')"
RLS,LFPPMHB,PSTU,char,1,BRZ_RLS,LFPPMHB,PSTU,varchar,,Direct,SLV_RLS,LFPPMHB,MASTER_POLICY_HEALTH,POLICY_STATUS_CD,,STATUS CODE,varchar,,,,
RLS,LFPPMHB,PSUSF,char,1,BRZ_RLS,LFPPMHB,PSUSF,varchar,,Direct,SLV_RLS,LFPPMHB,MASTER_POLICY_HEALTH,IS_ACTIVITY_SUSPEND,,ACTIVITY SUSPENSION FLAG,varchar,,,,
RLS,LFPPMHB,PSUMP,decimal,"3, 0",BRZ_RLS,LFPPMHB,PSUMP,number,"3, 0",Direct,SLV_RLS,LFPPMHB,MASTER_POLICY_HEALTH,MTH_PAID,,NO. OF MONTHS PAID,number,,,,
RLS,LFPPMHB,PMED,char,1,BRZ_RLS,LFPPMHB,PMED,varchar,,Direct,SLV_RLS,LFPPMHB,MASTER_POLICY_HEALTH,MEDICAL_CD,,MEDICAL CODE,varchar,,,,
RLS,LFPPMHB,PREINS,char,1,BRZ_RLS,LFPPMHB,PREINS,varchar,,Direct,SLV_RLS,LFPPMHB,MASTER_POLICY_HEALTH,RI_IND,,R/I INDICATOR,varchar,,,,
RLS,LFPPMHB,PLANG,char,1,BRZ_RLS,LFPPMHB,PLANG,varchar,,Direct,SLV_RLS,LFPPMHB,MASTER_POLICY_HEALTH,IS_LANGUAGE,,LANGUAGE FLAG,varchar,,,,
RLS,LFPPMHB,PMODE,char,1,BRZ_RLS,LFPPMHB,PMODE,varchar,,Direct,SLV_RLS,LFPPMHB,MASTER_POLICY_HEALTH,PYMT_MODE_CD,,PAYMENT MODE,varchar,,,,
RLS,LFPPMHB,PMPREM,decimal,"15, 2",BRZ_RLS,LFPPMHB,PMPREM,number,"15, 2",Direct,SLV_RLS,LFPPMHB,MASTER_POLICY_HEALTH,MODAL_PREMI_AMT,,MODAL PREMIUM,number,,,,
RLS,LFPPMHB,PMCOMM,decimal,"13, 2",BRZ_RLS,LFPPMHB,PMCOMM,number,"13, 2",Direct,SLV_RLS,LFPPMHB,MASTER_POLICY_HEALTH,MODAL_COMM_AMT,,MODAL COMM,number,,,,
RLS,LFPPMHB,PMTHOD,char,1,BRZ_RLS,LFPPMHB,PMTHOD,varchar,,Direct,SLV_RLS,LFPPMHB,MASTER_POLICY_HEALTH,PYMT_MTHD_CD,,PAYMENT METHOD,varchar,,,,
RLS,LFPPMHB,PCSCD,char,3,BRZ_RLS,LFPPMHB,PCSCD,varchar,,Direct,SLV_RLS,LFPPMHB,MASTER_POLICY_HEALTH,POLICY_LOC,,LOCATION OF POLICY,varchar,,,,
RLS,LFPPMHB,PATPDT,decimal,"2, 0",BRZ_RLS,LFPPMHB,PATPDT,number,"2, 0",Direct,SLV_RLS,LFPPMHB,MASTER_POLICY_HEALTH,AUTO_PYMT_DAY,,AUTOPAY/CCP DAY,number,,,,
RLS,LFPPMHB,PFACTR,decimal,"7, 0",BRZ_RLS,LFPPMHB,PFACTR,number,"7, 0",Direct,SLV_RLS,LFPPMHB,MASTER_POLICY_HEALTH,POLICY_FACTOR,,POLICY FACTOR,number,,,,
RLS,LFPPMHB,PCCY,char,3,BRZ_RLS,LFPPMHB,PCCY,varchar,,Direct,SLV_RLS,LFPPMHB,MASTER_POLICY_HEALTH,CCY_CD,,CURRENCY,varchar,,,,
RLS,LFPPMHB,PAGT1,numeric,"14, 0",BRZ_RLS,LFPPMHB,PAGT1,number,"14, 0",Direct,SLV_RLS,LFPPMHB,MASTER_POLICY_HEALTH,AGENT1_CD,,AGENT 1 CODE,number,"14, 0",,,
RLS,LFPPMHB,PAGT2,numeric,"14, 0",BRZ_RLS,LFPPMHB,PAGT2,number,"14, 0",Direct,SLV_RLS,LFPPMHB,MASTER_POLICY_HEALTH,AGENT2_CD,,AGENT 2 CODE,number,"14, 0",,,
RLS,LFPPMHB,PASIGC,char,1,BRZ_RLS,LFPPMHB,PASIGC,varchar,,Direct,SLV_RLS,LFPPMHB,MASTER_POLICY_HEALTH,ASSIGNED_COMM,,ASSIGNED COMM,varchar,,,,
RLS,LFPPMHB,PAGTC1,decimal,"5, 2",BRZ_RLS,LFPPMHB,PAGTC1,number,"5, 2",Direct,SLV_RLS,LFPPMHB,MASTER_POLICY_HEALTH,YR01_COMM_PCT,,1ST YR COMM %,number,,,,
RLS,LFPPMHB,PAGTC2,decimal,"5, 2",BRZ_RLS,LFPPMHB,PAGTC2,number,"5, 2",Direct,SLV_RLS,LFPPMHB,MASTER_POLICY_HEALTH,YR02_COMM_PCT,,2ND YR COMM %,number,,,,
RLS,LFPPMHB,PAGTC3,decimal,"5, 2",BRZ_RLS,LFPPMHB,PAGTC3,number,"5, 2",Direct,SLV_RLS,LFPPMHB,MASTER_POLICY_HEALTH,YR03_COMM_PCT,,3RD YR COMM %,number,,,,
RLS,LFPPMHB,PAGTC4,decimal,"5, 2",BRZ_RLS,LFPPMHB,PAGTC4,number,"5, 2",Direct,SLV_RLS,LFPPMHB,MASTER_POLICY_HEALTH,YR04_COMM_PCT,,4TH YEAR COMM %,number,,,,
RLS,LFPPMHB,PAGTC5,decimal,"5, 2",BRZ_RLS,LFPPMHB,PAGTC5,number,"5, 2",Direct,SLV_RLS,LFPPMHB,MASTER_POLICY_HEALTH,YR05_COMM_PCT,,5TH YEAR COMM %,number,,,,
RLS,LFPPMHB,PAGTC6,decimal,"5, 2",BRZ_RLS,LFPPMHB,PAGTC6,number,"5, 2",Direct,SLV_RLS,LFPPMHB,MASTER_POLICY_HEALTH,YR06_COMM_PCT,,6TH YEAR COMM %,number,,,,
RLS,LFPPMHB,PAGTC7,decimal,"5, 2",BRZ_RLS,LFPPMHB,PAGTC7,number,"5, 2",Direct,SLV_RLS,LFPPMHB,MASTER_POLICY_HEALTH,YR07_COMM_PCT,,7TH YEAR COMM %,number,,,,
RLS,LFPPMHB,PAGTC8,decimal,"5, 2",BRZ_RLS,LFPPMHB,PAGTC8,number,"5, 2",Direct,SLV_RLS,LFPPMHB,MASTER_POLICY_HEALTH,YR08_COMM_PCT,,8TH YEAR COMM %,number,,,,
RLS,LFPPMHB,PAGTC9,decimal,"5, 2",BRZ_RLS,LFPPMHB,PAGTC9,number,"5, 2",Direct,SLV_RLS,LFPPMHB,MASTER_POLICY_HEALTH,YR09_COMM_PCT,,9TH YEAR COMM %,number,,,,
RLS,LFPPMHB,PAGTC10,decimal,"5, 2",BRZ_RLS,LFPPMHB,PAGTC10,number,"5, 2",Direct,SLV_RLS,LFPPMHB,MASTER_POLICY_HEALTH,YR10_COMM_PCT,,10TH YEAR COMM %,number,,,,
RLS,LFPPMHB,PAGTC11,decimal,"5, 2",BRZ_RLS,LFPPMHB,PAGTC11,number,"5, 2",Direct,SLV_RLS,LFPPMHB,MASTER_POLICY_HEALTH,YR11_COMM_PCT,,11TH YEAR COMM %,number,,,,
RLS,LFPPMHB,PPAGT1,numeric,"14, 0",BRZ_RLS,LFPPMHB,PPAGT1,number,"14, 0",Direct,SLV_RLS,LFPPMHB,MASTER_POLICY_HEALTH,PROD_AGENT1_CD,,PROD AGENT 1 CODE,number,"14, 0",,,
RLS,LFPPMHB,PPAGT2,numeric,"14, 0",BRZ_RLS,LFPPMHB,PPAGT2,number,"14, 0",Direct,SLV_RLS,LFPPMHB,MASTER_POLICY_HEALTH,PROD_AGENT2_CD,,PROD AGENT 2 CODE,number,"14, 0",,,
RLS,LFPPMHB,PPARTC,decimal,"5, 2",BRZ_RLS,LFPPMHB,PPARTC,number,"5, 2",Direct,SLV_RLS,LFPPMHB,MASTER_POLICY_HEALTH,PARTIAL_COMM_PCT,,PARTIAL COMM. %,number,,,,
RLS,LFPPMHB,PNAMF,char,30,BRZ_RLS,LFPPMHB,PNAMF,varchar,,Direct,SLV_RLS,LFPPMHB,MASTER_POLICY_HEALTH,INSURED_FIRST_NM,,INSURED FIRST NAME,varchar,,,,
RLS,LFPPMHB,PNAME,char,50,BRZ_RLS,LFPPMHB,PNAME,varchar,,Direct,SLV_RLS,LFPPMHB,MASTER_POLICY_HEALTH,INSURED_NM,,INSURED NAME,varchar,,,,
RLS,LFPPMHB,PSEX,char,1,BRZ_RLS,LFPPMHB,PSEX,varchar,,Direct,SLV_RLS,LFPPMHB,MASTER_POLICY_HEALTH,INSURED_GENDER,,SEX,varchar,,,,
RLS,LFPPMHB,PAGEI,decimal,"2, 0",BRZ_RLS,LFPPMHB,PAGEI,number,"2, 0",Direct,SLV_RLS,LFPPMHB,MASTER_POLICY_HEALTH,ISSUE_AGE,,AGE AT ISSUE,number,,,,
RLS,LFPPMHB,PDOB,decimal,"8, 0",BRZ_RLS,LFPPMHB,PDOB,number,"8, 0",Direct,SLV_RLS,LFPPMHB,MASTER_POLICY_HEALTH,INSURED_DOB,,BIRTH DATE,number,,,,
RLS,LFPPMHB,PID,char,20,BRZ_RLS,LFPPMHB,PID,varchar,,Direct,SLV_RLS,LFPPMHB,MASTER_POLICY_HEALTH,INSURED_KTP_NO,,ID. NO.,varchar,,,,
RLS,LFPPMHB,PMRSTU,char,1,BRZ_RLS,LFPPMHB,PMRSTU,varchar,,Direct,SLV_RLS,LFPPMHB,MASTER_POLICY_HEALTH,MARITAL_STATUS_CD,,MARITAL STATUS,varchar,,,,
RLS,LFPPMHB,PADR1,char,30,BRZ_RLS,LFPPMHB,PADR1,varchar,,Direct,SLV_RLS,LFPPMHB,MASTER_POLICY_HEALTH,OWN_ADDR_1,,CORR ADDRESS 1,varchar,,,,
RLS,LFPPMHB,PADR2,char,30,BRZ_RLS,LFPPMHB,PADR2,varchar,,Direct,SLV_RLS,LFPPMHB,MASTER_POLICY_HEALTH,OWN_ADDR_2,,CORR ADDRESS 2,varchar,,,,
RLS,LFPPMHB,PADR3,char,30,BRZ_RLS,LFPPMHB,PADR3,varchar,,Direct,SLV_RLS,LFPPMHB,MASTER_POLICY_HEALTH,OWN_ADDR_3,,CORR ADDRESS 3,varchar,,,,
RLS,LFPPMHB,PADR4,char,30,BRZ_RLS,LFPPMHB,PADR4,varchar,,Direct,SLV_RLS,LFPPMHB,MASTER_POLICY_HEALTH,OWN_ADDR_4,,CORR ADDRESS 4,varchar,,,,
RLS,LFPPMHB,PCTY,char,10,BRZ_RLS,LFPPMHB,PCTY,varchar,,Direct,SLV_RLS,LFPPMHB,MASTER_POLICY_HEALTH,CORR_CITY,,CORR CITY CODE,varchar,,,,
RLS,LFPPMHB,PTEL1,char,15,BRZ_RLS,LFPPMHB,PTEL1,varchar,,Direct,SLV_RLS,LFPPMHB,MASTER_POLICY_HEALTH,HOME_PHONE,,TEL-RES,varchar,,,,
RLS,LFPPMHB,PTEL2,char,15,BRZ_RLS,LFPPMHB,PTEL2,varchar,,Direct,SLV_RLS,LFPPMHB,MASTER_POLICY_HEALTH,OFFICE_PHONE,,TEL-OFFICE,varchar,,,,
RLS,LFPPMHB,POWNRF,char,30,BRZ_RLS,LFPPMHB,POWNRF,varchar,,Direct,SLV_RLS,LFPPMHB,MASTER_POLICY_HEALTH,OWN_FIRST_NM,,OWN FIRST  NAME,varchar,,,,
RLS,LFPPMHB,POWNER,char,50,BRZ_RLS,LFPPMHB,POWNER,varchar,,Direct,SLV_RLS,LFPPMHB,MASTER_POLICY_HEALTH,OWN_NM,,OWN,varchar,,,,
RLS,LFPPMHB,POWNID,char,20,BRZ_RLS,LFPPMHB,POWNID,varchar,,Direct,SLV_RLS,LFPPMHB,MASTER_POLICY_HEALTH,OWN_KTP_NO,,OWN HKID,varchar,,,,
RLS,LFPPMHB,POWNDT,decimal,"8, 0",BRZ_RLS,LFPPMHB,POWNDT,number,"8, 0",Direct,SLV_RLS,LFPPMHB,MASTER_POLICY_HEALTH,OWN_TRANSFER_DT,,DATE TRANSFER OWN,number,,,,"TO_DATE(POWNDT::VARCHAR, 'YYYYMMDD')"
RLS,LFPPMHB,HPAYDB,decimal,"8, 0",BRZ_RLS,LFPPMHB,HPAYDB,number,"8, 0",Direct,SLV_RLS,LFPPMHB,MASTER_POLICY_HEALTH,OWN_DOB,,PAYOR BIRTH DATE,number,,,,
RLS,LFPPMHB,PFYC,char,1,BRZ_RLS,LFPPMHB,PFYC,varchar,,Direct,SLV_RLS,LFPPMHB,MASTER_POLICY_HEALTH,FY_CHANGE_CD,,FY CHANGE CODE,varchar,,,,
RLS,LFPPMHB,PDOT,decimal,"8, 0",BRZ_RLS,LFPPMHB,PDOT,number,"8, 0",Direct,SLV_RLS,LFPPMHB,MASTER_POLICY_HEALTH,LAST_MAINT_dT,,DATE LAST MAINT,number,,,,"TO_DATE(PDOT::VARCHAR, 'YYYYMMDD')"
RLS,LFPPMHB,PTC,char,2,BRZ_RLS,LFPPMHB,PTC,varchar,,Direct,SLV_RLS,LFPPMHB,MASTER_POLICY_HEALTH,MAINT_CD,,MAINT CODE,varchar,,,,
RLS,LFPPMHB,PTEFF,decimal,"8, 0",BRZ_RLS,LFPPMHB,PTEFF,number,"8, 0",Direct,SLV_RLS,LFPPMHB,MASTER_POLICY_HEALTH,MAINT_EFF_DT,,MAINT EFFECTIVE,number,,,,"TO_DATE(PTEFF::VARCHAR, 'YYYYMMDD')"
RLS,LFPPMHB,PREFF,decimal,"8, 0",BRZ_RLS,LFPPMHB,PREFF,number,"8, 0",Direct,SLV_RLS,LFPPMHB,MASTER_POLICY_HEALTH,REINSTATE_EFF_DT,,REINSTATEMENT EFF DATE,number,,,,"TO_DATE(PREFF::VARCHAR, 'YYYYMMDD')"
RLS,LFPPMHB,PRDT,decimal,"8, 0",BRZ_RLS,LFPPMHB,PRDT,number,"8, 0",Direct,SLV_RLS,LFPPMHB,MASTER_POLICY_HEALTH,REINSTATE_TRAN_DT,,REINSTATEMENT TRAN DATE,number,,,,"TO_DATE(PRDT::VARCHAR, 'YYYYMMDD')"
RLS,LFPPMHB,PBANK,char,3,BRZ_RLS,LFPPMHB,PBANK,varchar,,Direct,SLV_RLS,LFPPMHB,MASTER_POLICY_HEALTH,BANK_CD,,BANK NO.,varchar,,,,
RLS,LFPPMHB,PBRN,char,4,BRZ_RLS,LFPPMHB,PBRN,varchar,,Direct,SLV_RLS,LFPPMHB,MASTER_POLICY_HEALTH,BRANCH_CD,,BRANCH NO.,varchar,,,,
RLS,LFPPMHB,PAC,char,19,BRZ_RLS,LFPPMHB,PAC,varchar,,Direct,SLV_RLS,LFPPMHB,MASTER_POLICY_HEALTH,BANK_ACCT_NO,,ACCOUNT NO.,varchar,,,,
RLS,LFPPMHB,PLINTD,decimal,"8, 0",BRZ_RLS,LFPPMHB,PLINTD,number,"8, 0",Direct,SLV_RLS,LFPPMHB,MASTER_POLICY_HEALTH,LAST_INTEREST_DT,,LAST INTEREST DATE,number,,,,"TO_DATE(PLINTD::VARCHAR, 'YYYYMMDD')"
RLS,LFPPMHB,PEMAL,char,50,BRZ_RLS,LFPPMHB,PEMAL,varchar,,Direct,SLV_RLS,LFPPMHB,MASTER_POLICY_HEALTH,OWN_EMAIL,,OWN EMAIL ADDRESS,varchar,,,,
RLS,LFPPMHB,PIEMAL,char,50,BRZ_RLS,LFPPMHB,PIEMAL,varchar,,Direct,SLV_RLS,LFPPMHB,MASTER_POLICY_HEALTH,INSURED_EMAIL,,INSURED EMAIL ADDRESS,varchar,,,,
RLS,LFPPMHB,PAESF,char,1,BRZ_RLS,LFPPMHB,PAESF,varchar,,Direct,SLV_RLS,LFPPMHB,MASTER_POLICY_HEALTH,IS_E_SERVICE,,ALLOW E-SERVICE FLAG,varchar,,,,
RLS,LFPPMHB,PEBF,char,1,BRZ_RLS,LFPPMHB,PEBF,varchar,,Direct,SLV_RLS,LFPPMHB,MASTER_POLICY_HEALTH,IS_E_BILLING,,USE E-BILLING FLAG,varchar,,,,
RLS,LFPPMHB,HPLAN,char,7,BRZ_RLS,LFPPMHB,HPLAN,varchar,,Direct,SLV_RLS,LFPPMHB,MASTER_POLICY_HEALTH,PRODUCT_CD,,PLAN CODE,varchar,,,,
RLS,LFPPMHB,HPLANN,numeric,"6, 0",BRZ_RLS,LFPPMHB,HPLANN,number,"6, 0",Direct,SLV_RLS,LFPPMHB,MASTER_POLICY_HEALTH,PLAN_NUM_CD,,NUMERIC CODE,number,"6, 0",,,
RLS,LFPPMHB,HPLANL,char,7,BRZ_RLS,LFPPMHB,HPLANL,varchar,,Direct,SLV_RLS,LFPPMHB,MASTER_POLICY_HEALTH,PLAN_CD_LAST_YR,,LAST YR PLAN,varchar,,,,
RLS,LFPPMHB,HSURGL,char,1,BRZ_RLS,LFPPMHB,HSURGL,varchar,,Direct,SLV_RLS,LFPPMHB,MASTER_POLICY_HEALTH,SURGICAL_OPT_LAST_YR,,LAST YR SURG OPT,varchar,,,,
RLS,LFPPMHB,HCLS,char,3,BRZ_RLS,LFPPMHB,HCLS,varchar,,Direct,SLV_RLS,LFPPMHB,MASTER_POLICY_HEALTH,CLASS_CD,,CLASS CODE,varchar,,,,
RLS,LFPPMHB,HEXCL,char,30,BRZ_RLS,LFPPMHB,HEXCL,varchar,,Direct,SLV_RLS,LFPPMHB,MASTER_POLICY_HEALTH,EXCLUSIONS_CD,,EXCLUSIONS,varchar,,,,
RLS,LFPPMHB,HSURG,char,1,BRZ_RLS,LFPPMHB,HSURG,varchar,,Direct,SLV_RLS,LFPPMHB,MASTER_POLICY_HEALTH,SURGICAL_OPT,,SURGICAL OPTION,varchar,,,,
RLS,LFPPMHB,HPR,decimal,"15, 2",BRZ_RLS,LFPPMHB,HPR,number,"15, 2",Direct,SLV_RLS,LFPPMHB,MASTER_POLICY_HEALTH,BASIC_PREMI_RATE,,BASIC PREMIUM RATE,number,,,,
RLS,LFPPMHB,HFMDIS,decimal,"3, 0",BRZ_RLS,LFPPMHB,HFMDIS,number,"3, 0",Direct,SLV_RLS,LFPPMHB,MASTER_POLICY_HEALTH,FAMILY_DISC_PCT,,FAMILY DISCOUNT %,number,,,,
RLS,LFPPMHB,HNOCLM,decimal,"3, 0",BRZ_RLS,LFPPMHB,HNOCLM,number,"3, 0",Direct,SLV_RLS,LFPPMHB,MASTER_POLICY_HEALTH,NO_CLAIM_BONUS_PCT,,NO CLAIM BONUS %,number,,,,
RLS,LFPPMHB,HCCLM,decimal,"3, 0",BRZ_RLS,LFPPMHB,HCCLM,number,"3, 0",Direct,SLV_RLS,LFPPMHB,MASTER_POLICY_HEALTH,CLINICAL_CLAIM_CNT,,CLINICAL CLM CNT,number,,,,
RLS,LFPPMHB,HLPCDT,decimal,"8, 0",BRZ_RLS,LFPPMHB,HLPCDT,number,"8, 0",Direct,SLV_RLS,LFPPMHB,MASTER_POLICY_HEALTH,LAST_PREM_COMM_CHG_DT,,LAST PREMIUM/ COMMISSION CHANGE DATE,number,,,,"TO_DATE(HLPCDT::VARCHAR, 'YYYYMMDD')"
RLS,LFPPMHB,HNPCDT,decimal,"8, 0",BRZ_RLS,LFPPMHB,HNPCDT,number,"8, 0",Direct,SLV_RLS,LFPPMHB,MASTER_POLICY_HEALTH,NEXT_PREM_COMM_CHG_DT,,NEXT PREMIUM/ COMMISSION CHANGE DATE,number,,,,"TO_DATE(HNPCDT::VARCHAR, 'YYYYMMDD')"
RLS,LFPPMHB,HFPDB,decimal,"15, 2",BRZ_RLS,LFPPMHB,HFPDB,number,"15, 2",Direct,SLV_RLS,LFPPMHB,MASTER_POLICY_HEALTH,FUTURE_PREMI_DEP_BAL,,FUTURE PREM DEP BAL,number,,,,
RLS,LFPPMHB,HFPDI,decimal,"16, 4",BRZ_RLS,LFPPMHB,HFPDI,number,"16, 4",Direct,SLV_RLS,LFPPMHB,MASTER_POLICY_HEALTH,DEPOSIT_INT,,DEP INT,number,,,,
RLS,LFPPMHB,HFPDIM,decimal,"16, 4",BRZ_RLS,LFPPMHB,HFPDIM,number,"16, 4",Direct,SLV_RLS,LFPPMHB,MASTER_POLICY_HEALTH,DEPOSIT_INT_MTD,,DEP INT THIS MTH,number,,,,
RLS,LFPPMHB,PPRPTDT,decimal,"8, 0",BRZ_RLS,LFPPMHB,PPRPTDT,number,"8, 0",Direct,SLV_RLS,LFPPMHB,MASTER_POLICY_HEALTH,POLICY_RECEIPT_DT,,POLICY RECEIPT DATE,number,,,,"TO_DATE(PPRPTDT::VARCHAR, 'YYYYMMDD')"
RLS,LFPPMHB,PTMBNO,char,15,BRZ_RLS,LFPPMHB,PTMBNO,varchar,,Direct,SLV_RLS,LFPPMHB,MASTER_POLICY_HEALTH,INSURED_MOBILE_NO,,INSURED MOBILE,varchar,,,,
RLS,LFPPMHB,PMOMBNO,char,15,BRZ_RLS,LFPPMHB,PMOMBNO,varchar,,Direct,SLV_RLS,LFPPMHB,MASTER_POLICY_HEALTH,OWN_MOBILE_NO,,OWN MOBILE,varchar,,,,
RLS,LFPPMHB,PTFXNO,char,15,BRZ_RLS,LFPPMHB,PTFXNO,varchar,,Direct,SLV_RLS,LFPPMHB,MASTER_POLICY_HEALTH,FAX_NO,,FAX'NUMBER,varchar,,,,
RLS,LFPPMHB,POWSEX,char,1,BRZ_RLS,LFPPMHB,POWSEX,varchar,,Direct,SLV_RLS,LFPPMHB,MASTER_POLICY_HEALTH,OWN_GENDER,,OWN GENDER,varchar,,,,
RLS,LFPPMHB,PLRNDT,decimal,"8, 0",BRZ_RLS,LFPPMHB,PLRNDT,number,"8, 0",Direct,SLV_RLS,LFPPMHB,MASTER_POLICY_HEALTH,LAST_RENEWAL_DT,,LAST RENEWAL DATE,number,,,,"TO_DATE(PLRNDT::VARCHAR, 'YYYYMMDD')"
RLS,LFPPMHB,LSCHB,decimal,"15, 2",BRZ_RLS,LFPPMHB,LSCHB,number,"15, 2",Direct,SLV_RLS,LFPPMHB,MASTER_POLICY_HEALTH,SCHED_COUPON_AMT,,SCHEDULE COUPON AMOUNT,number,,,,
RLS,LFPPMHB,LSCHI,decimal,"16, 4",BRZ_RLS,LFPPMHB,LSCHI,number,"16, 4",Direct,SLV_RLS,LFPPMHB,MASTER_POLICY_HEALTH,SCHED_COUPON_INT,,SCHEDULE COUPON INTEREST,number,,,,
RLS,LFPPMHB,LSCHIM,decimal,"11, 4",BRZ_RLS,LFPPMHB,LSCHIM,number,"11, 4",Direct,SLV_RLS,LFPPMHB,MASTER_POLICY_HEALTH,SCHED_COUPON_INT_MTD,,SCHEDULE COUPON INTEREST THIS MONTH,number,,,,
RLS,LFPPMHB,LSCHBT,decimal,"17, 2",BRZ_RLS,LFPPMHB,LSCHBT,number,"17, 2",Direct,SLV_RLS,LFPPMHB,MASTER_POLICY_HEALTH,TOT_SCHED_COUPON_AMT,,TOTAL SCHEDULE COUPON AMOUNT,number,,,,
RLS,LFPPMHB,LSCHDT,decimal,"8, 0",BRZ_RLS,LFPPMHB,LSCHDT,number,"8, 0",Direct,SLV_RLS,LFPPMHB,MASTER_POLICY_HEALTH,NEXT_SCHED_COUPON_DT,,NEXT ANNIVERSARY FOR SCHEDULE COUPON,number,,,,"TO_DATE(LSCHDT::VARCHAR, 'YYYYMMDD')"
RLS,LFPPMHB,PCOMM,char,3,BRZ_RLS,LFPPMHB,PCOMM,varchar,,Direct,SLV_RLS,LFPPMHB,MASTER_POLICY_HEALTH,COMMUNICATION_MTHD,,COMMUNICATION MEANS,varchar,,,,
RLS,LFPPMHB,PSMS,char,1,BRZ_RLS,LFPPMHB,PSMS,varchar,,Direct,SLV_RLS,LFPPMHB,MASTER_POLICY_HEALTH,IS_RECEIVE_SMS,,RECEIVE SMS FLAG,boolean,,,,
RLS,LFPPMHB,PSUSPE,char,1,BRZ_RLS,LFPPMHB,PSUSPE,varchar,,Direct,SLV_RLS,LFPPMHB,MASTER_POLICY_HEALTH,IS_EMAIL_SUSPEND,,EMAIL SUSPENSION,varchar,,,,
RLS,LFPPMHB,PSUSPS,char,1,BRZ_RLS,LFPPMHB,PSUSPS,varchar,,Direct,SLV_RLS,LFPPMHB,MASTER_POLICY_HEALTH,IS_SMS_SUSPEND,,SMS SUSPENSION,varchar,,,,
RLS,LFPPMHB,LOGDATE,datetime,,BRZ_RLS,LFPPMHB,LOGDATE,timestamp_ntz,,Direct,SLV_RLS,LFPPMHB,MASTER_POLICY_HEALTH,LOG_DT,,Log Date,timestamp_ntz,,,,
DMTM,POLICY,POLICYNO,varchar,15,BRZ_DMTM,POLICY,POLICYNO,varchar,,Direct,SLV_DMTM,POLICY,POLICY,POLICY_NO,,,varchar,,,,
DMTM,POLICY,REFFERENCENO,varchar,35,BRZ_DMTM,POLICY,REFFERENCENO,varchar,,Direct,SLV_DMTM,POLICY,POLICY,REF_NO,,,varchar,,,,
DMTM,POLICY,SUBMITDATE,datetime,,BRZ_DMTM,POLICY,SUBMITDATE,timestamp_ntz,,Direct,SLV_DMTM,POLICY,POLICY,SUBMIT_DT,,,timestamp_ntz,,,,
DMTM,POLICY,EFFECTIVEDATE,datetime,,BRZ_DMTM,POLICY,EFFECTIVEDATE,timestamp_ntz,,Direct,SLV_DMTM,POLICY,POLICY,EFF_DT,,,timestamp_ntz,,,,
DMTM,POLICY,PAIDTODATE,datetime,,BRZ_DMTM,POLICY,PAIDTODATE,timestamp_ntz,,Direct,SLV_DMTM,POLICY,POLICY,PAID_TO_DT,,,timestamp_ntz,,,,
DMTM,POLICY,CANCELDATE,datetime,,BRZ_DMTM,POLICY,CANCELDATE,timestamp_ntz,,Direct,SLV_DMTM,POLICY,POLICY,CANCEL_DT,,,timestamp_ntz,,,,
DMTM,POLICY,PRINTDATE,datetime,,BRZ_DMTM,POLICY,PRINTDATE,timestamp_ntz,,Direct,SLV_DMTM,POLICY,POLICY,PRINT_DT,,,timestamp_ntz,,,,
DMTM,POLICY,DELIVERYDATE,datetime,,BRZ_DMTM,POLICY,DELIVERYDATE,timestamp_ntz,,Direct,SLV_DMTM,POLICY,POLICY,DELV_DT,,,timestamp_ntz,,,,
DMTM,POLICY,TOTALPREMIUM,float,,BRZ_DMTM,POLICY,TOTALPREMIUM,float,,Direct,SLV_DMTM,POLICY,POLICY,TOTAL_PREMI_AMT,,,float,,,,
DMTM,POLICY,ISINVESTMENT,bit,,BRZ_DMTM,POLICY,ISINVESTMENT,varchar,,Direct,SLV_DMTM,POLICY,POLICY,IS_INVESTMENT,,,boolean,,,,
DMTM,POLICY,PAYMENTPERIOD,float,,BRZ_DMTM,POLICY,PAYMENTPERIOD,float,,Direct,SLV_DMTM,POLICY,POLICY,PYMT_PERIOD,,,float,,,,
DMTM,POLICY,WAITINGPERIOD,int,,BRZ_DMTM,POLICY,WAITINGPERIOD,integer,,Direct,SLV_DMTM,POLICY,POLICY,WAIT_PERIOD,,,integer,,,,
DMTM,POLICY,COVERAGEPERIOD,int,,BRZ_DMTM,POLICY,COVERAGEPERIOD,integer,,Direct,SLV_DMTM,POLICY,POLICY,COVERAGE_PERIOD,,,integer,,,,
DMTM,POLICY,COOLINGOFFPERIOD,int,,BRZ_DMTM,POLICY,COOLINGOFFPERIOD,integer,,Direct,SLV_DMTM,POLICY,POLICY,COOLINGOFF_PERIOD,,,integer,,,,
DMTM,POLICY,INVESTMENTPERCENTAGE,bit,,BRZ_DMTM,POLICY,INVESTMENTPERCENTAGE,varchar,,Direct,SLV_DMTM,POLICY,POLICY,INVESTMENT_PCT,,,varchar,,,,
DMTM,POLICY,ISENDOWMENT,bit,,BRZ_DMTM,POLICY,ISENDOWMENT,varchar,,Direct,SLV_DMTM,POLICY,POLICY,IS_ENDOWNMENT,,,boolean,,,,
DMTM,POLICY,RETURNAMOUNT,char,10,BRZ_DMTM,POLICY,RETURNAMOUNT,varchar,,Direct,SLV_DMTM,POLICY,POLICY,RETURN_AMT,,,varchar,,,,
DMTM,POLICY,BALANCEAMOUNT,varchar,1024,BRZ_DMTM,POLICY,BALANCEAMOUNT,varchar,,Direct,SLV_DMTM,POLICY,POLICY,BAL_AMT,,,varchar,,,,
DMTM,POLICY,REMARK,varchar,8000,BRZ_DMTM,POLICY,REMARK,varchar,,Direct,SLV_DMTM,POLICY,POLICY,REMARK,,,varchar,,,,
DMTM,POLICY,ISAUTORENEW,bit,,BRZ_DMTM,POLICY,ISAUTORENEW,varchar,,Direct,SLV_DMTM,POLICY,POLICY,IS_AUTO_RENEW,,,boolean,,,,
DMTM,POLICY,CREATEBY,varchar,15,BRZ_DMTM,POLICY,CREATEBY,varchar,,Direct,SLV_DMTM,POLICY,POLICY,CREATE_BY,,,varchar,,,,
DMTM,POLICY,CREATEDATE,datetime,,BRZ_DMTM,POLICY,CREATEDATE,timestamp_ntz,,Direct,SLV_DMTM,POLICY,POLICY,CREATE_DT,,,timestamp_ntz,,,,
DMTM,POLICY,MODIFYBY,varchar,15,BRZ_DMTM,POLICY,MODIFYBY,varchar,,Direct,SLV_DMTM,POLICY,POLICY,MODIFY_BY,,,varchar,,,,
DMTM,POLICY,MODIFYDATE,datetime,,BRZ_DMTM,POLICY,MODIFYDATE,timestamp_ntz,,Direct,SLV_DMTM,POLICY,POLICY,MODIFY_DT,,Modify date,timestamp_ntz,,,,
DMTM,POLICY,DISCOUNT,float,,BRZ_DMTM,POLICY,DISCOUNT,float,,Direct,SLV_DMTM,POLICY,POLICY,DISC,,,float,,,,
DMTM,POLICY,PRODUCTID,varchar,15,BRZ_DMTM,POLICY,PRODUCTID,varchar,,Direct,SLV_DMTM,POLICY,POLICY,PRODUCT_CD,,,varchar,,,,
DMTM,POLICY,CUSTOMERNO,varchar,50,BRZ_DMTM,POLICY,CUSTOMERNO,varchar,,Direct,SLV_DMTM,POLICY,POLICY,OWN_ID,,,varchar,,,,
DMTM,POLICY,STATUSID,varchar,2,BRZ_DMTM,POLICY,STATUSID,varchar,,Direct,SLV_DMTM,POLICY,POLICY,POLICY_STATUS_CD,,,varchar,,,,
DMTM,POLICY,CURRENCYID,varchar,3,BRZ_DMTM,POLICY,CURRENCYID,varchar,,Direct,SLV_DMTM,POLICY,POLICY,CCY_CD,,,varchar,,,,
DMTM,POLICY,AGENTID,varchar,20,BRZ_DMTM,POLICY,AGENTID,varchar,,Direct,SLV_DMTM,POLICY,POLICY,AGENT_CD,,,varchar,,,,
DMTM,POLICY,PAYMENTMETHODID,varchar,3,BRZ_DMTM,POLICY,PAYMENTMETHODID,varchar,,Direct,SLV_DMTM,POLICY,POLICY,PYMT_MTHD_CD,,PAYMENT METHOD,varchar,,,,
DMTM,POLICY,PAYMENTMODEID,varchar,3,BRZ_DMTM,POLICY,PAYMENTMODEID,varchar,,Direct,SLV_DMTM,POLICY,POLICY,PYMT_MODE_CD,,PAYMENT MODE,varchar,,,,
DMTM,POLICY,LASTBILLINGNO,varchar,50,BRZ_DMTM,POLICY,LASTBILLINGNO,varchar,,Direct,SLV_DMTM,POLICY,POLICY,LAST_BILLING_NO,,,varchar,,,,
DMTM,POLICY,ISBILLINGHOLD,bit,,BRZ_DMTM,POLICY,ISBILLINGHOLD,varchar,,Direct,SLV_DMTM,POLICY,POLICY,IS_BILLING_HOLD,,,boolean,,,,
DMTM,POLICY,ANNIVDATE,datetime,,BRZ_DMTM,POLICY,ANNIVDATE,timestamp_ntz,,Direct,SLV_DMTM,POLICY,POLICY,ANNIV_DT,,,timestamp_ntz,,,,
DMTM,POLICY,BASICPREMIUM,float,,BRZ_DMTM,POLICY,BASICPREMIUM,float,,Direct,SLV_DMTM,POLICY,POLICY,BASIC_PREMI_AMT,,,float,,,,
DMTM,POLICY,SPVID,varchar,20,BRZ_DMTM,POLICY,SPVID,varchar,,Direct,SLV_DMTM,POLICY,POLICY,SPV_CD,,,varchar,,,,
DMTM,POLICY,ATMID,varchar,20,BRZ_DMTM,POLICY,ATMID,varchar,,Direct,SLV_DMTM,POLICY,POLICY,ATM_CD,,,varchar,,,,
DMTM,POLICY,TSMID,varchar,20,BRZ_DMTM,POLICY,TSMID,varchar,,Direct,SLV_DMTM,POLICY,POLICY,TSM_CD,,,varchar,,,,
DMTM,POLICY,NBI,float,,BRZ_DMTM,POLICY,NBI,float,,Direct,SLV_DMTM,POLICY,POLICY,NBI,,,float,,,,
DMTM,POLICY,BATCHID,nchar,20,BRZ_DMTM,POLICY,BATCHID,varchar,,Direct,SLV_DMTM,POLICY,POLICY,BATCH_ID,,,varchar,,,,
DMTM,POLICY,CHANNELID,varchar,15,BRZ_DMTM,POLICY,CHANNELID,varchar,,Direct,SLV_DMTM,POLICY,POLICY,CHANNEL_CD,,,varchar,,,,
DMTM,POLICY,AGENTCODE,varchar,50,BRZ_DMTM,POLICY,AGENTCODE,varchar,,Direct,SLV_DMTM,POLICY,POLICY,AGENT_CD,,,varchar,,,,
DMTM,POLICY,CALLDATE,datetime,,BRZ_DMTM,POLICY,CALLDATE,timestamp_ntz,,Direct,SLV_DMTM,POLICY,POLICY,CALL_DT,,,timestamp_ntz,,,,
DMTM,POLICY,BRANCHID,varchar,15,BRZ_DMTM,POLICY,BRANCHID,varchar,,Direct,SLV_DMTM,POLICY,POLICY,BRANCH_CD,,,varchar,,,,
DMTM,POLICY,STAFFBANKID,varchar,30,BRZ_DMTM,POLICY,STAFFBANKID,varchar,,Direct,SLV_DMTM,POLICY,POLICY,STAFFBANKID,,,varchar,,,,
DMTM,POLICY,SELLERREGION,varchar,50,BRZ_DMTM,POLICY,SELLERREGION,varchar,,Direct,SLV_DMTM,POLICY,POLICY,SELLERREGION,,,varchar,,,,
DMTM,POLICY,REINSTATEMENTDATE,datetime,,BRZ_DMTM,POLICY,REINSTATEMENTDATE,timestamp_ntz,,Direct,SLV_DMTM,POLICY,POLICY,REINSTATE_EFF_DT,,,timestamp_ntz,,,,
DMTM,POLICY,REINSTATEMENTFLAG,varchar,8,BRZ_DMTM,POLICY,REINSTATEMENTFLAG,varchar,,Direct,SLV_DMTM,POLICY,POLICY,IS_REINSTATEMENT,,,boolean,,,,
DMTM,POLICY,BENEFITRETURNDATE,datetime,,BRZ_DMTM,POLICY,BENEFITRETURNDATE,timestamp_ntz,,Direct,SLV_DMTM,POLICY,POLICY,BNFT_RETURN_DT,,,timestamp_ntz,,,,
DMTM,POLICY,RIDERPREMIUM,float,,BRZ_DMTM,POLICY,RIDERPREMIUM,float,,Direct,SLV_DMTM,POLICY,POLICY,RIDER_PREMI,,,float,,,,
DMTM,POLICY,DISCOUNTAMOUNT,float,,BRZ_DMTM,POLICY,DISCOUNTAMOUNT,float,,Direct,SLV_DMTM,POLICY,POLICY,DISC_AMT,,,float,,,,
DMTM,POLICY,POLICYDELIVERY,varchar,20,BRZ_DMTM,POLICY,POLICYDELIVERY,varchar,,Direct,SLV_DMTM,POLICY,POLICY,POLICY_DELV,,,varchar,,,,
DMTM,POLICY,NOTIFICATIONDELIVERY,varchar,20,BRZ_DMTM,POLICY,NOTIFICATIONDELIVERY,varchar,,Direct,SLV_DMTM,POLICY,POLICY,NOTIF_DELV,,,varchar,,,,
DMTM,POLICY,CUSTOMERSEGMENT,varchar,30,BRZ_DMTM,POLICY,CUSTOMERSEGMENT,varchar,,Direct,SLV_DMTM,POLICY,POLICY,CUST_SEG,,,varchar,,,,
DMTM,POLICY,ISALLOWPRODUCTOFFERING,bit,,BRZ_DMTM,POLICY,ISALLOWPRODUCTOFFERING,varchar,,Direct,SLV_DMTM,POLICY,POLICY,IS_ALLOW_PRODUCT_OFFERING,,,boolean,,,,
DMTM,POLICY,ISALLOWDATASHARING,bit,,BRZ_DMTM,POLICY,ISALLOWDATASHARING,varchar,,Direct,SLV_DMTM,POLICY,POLICY,IS_ALLOW_DATA_SHARING,,,boolean,,,,
DMTM,POLICY,TOTALCOLLECTEDPREMIUM,float,,BRZ_DMTM,POLICY,TOTALCOLLECTEDPREMIUM,float,,Direct,SLV_DMTM,POLICY,POLICY,TOT_COLL_PREMI,,,float,,,,
DMTM,POLICY,LAPSEDATE,datetime,,BRZ_DMTM,POLICY,LAPSEDATE,timestamp_ntz,,Direct,SLV_DMTM,POLICY,POLICY,LAPSE_DT,,,timestamp_ntz,,,,
DMTM,POLICY,NCBDUEDATE,datetime,,BRZ_DMTM,POLICY,NCBDUEDATE,timestamp_ntz,,Direct,SLV_DMTM,POLICY,POLICY,NCB_DUE_DT,,,timestamp_ntz,,,,
DMTM,POLICY,NEXTNCBDUEDATE,datetime,,BRZ_DMTM,POLICY,NEXTNCBDUEDATE,timestamp_ntz,,Direct,SLV_DMTM,POLICY,POLICY,NEXT_NCB_DUE_DT,,,timestamp_ntz,,,,
DMTM,POLICY,COUNTINGNCB,int,,BRZ_DMTM,POLICY,COUNTINGNCB,integer,,Direct,SLV_DMTM,POLICY,POLICY,NCB_CNT,,,integer,,,,
DMTM,POLICY,DUPLICATEPOLICYSEQUENCE,int,,BRZ_DMTM,POLICY,DUPLICATEPOLICYSEQUENCE,integer,,Direct,SLV_DMTM,POLICY,POLICY,DUP_POLICY_SEQ,,,integer,,,,
DMTM,POLICY,NCBSavingNo,varchar,20,BRZ_DMTM,POLICY,NCBSavingNo,varchar,,Direct,SLV_DMTM,POLICY,POLICY,NCB_SAVING_NO,,,varchar,,,,
DMTM,POLICY,NCBSavingName,varchar,100,BRZ_DMTM,POLICY,NCBSavingName,varchar,,Direct,SLV_DMTM,POLICY,POLICY,NCB_SAVING_NM,,,varchar,,,,
DMTM,POLICY,NCBBankName,varchar,50,BRZ_DMTM,POLICY,NCBBankName,varchar,,Direct,SLV_DMTM,POLICY,POLICY,NCB_BANK_NM,,,varchar,,,,
DMTM,POLICY,CCCFlag,int,,BRZ_DMTM,POLICY,CCCFlag,integer,,Direct,SLV_DMTM,POLICY,POLICY,IS_CCC,,,boolean,,,,
DMTM,POLICY,POLICYRECEIVEDATE,datetime,,BRZ_DMTM,POLICY,POLICYRECEIVEDATE,timestamp_ntz,,Direct,SLV_DMTM,POLICY,POLICY,POLICY_RECV_DT,,,timestamp_ntz,,,,
DMTM,POLICY,DATASOURCE,varchar,15,BRZ_DMTM,POLICY,DATASOURCE,varchar,,Direct,SLV_DMTM,POLICY,POLICY,DATA_SRC,,,varchar,,,,
DMTM,POLICY,ORDERID,varchar,100,BRZ_DMTM,POLICY,ORDERID,varchar,,Direct,SLV_DMTM,POLICY,POLICY,ORDER_ID,,,varchar,,,,
DMTM,POLICY,PAYMENTMETHODID2,varchar,50,BRZ_DMTM,POLICY,PAYMENTMETHODID2,varchar,,Direct,SLV_DMTM,POLICY,POLICY,PYMT_MTHD_ID_2,,,varchar,,,,
DMTM,POLICY,POLICY_FLAGNUMBER,varchar,50,BRZ_DMTM,POLICY,POLICY_FLAGNUMBER,varchar,,Direct,SLV_DMTM,POLICY,POLICY,POLICY_FLG_NO,,,varchar,,,,
DMTM,POLICY,NBLETTERDATE,datetime,,BRZ_DMTM,POLICY,NBLETTERDATE,timestamp_ntz,,Direct,SLV_DMTM,POLICY,POLICY,NB_LETTER_DT,,,timestamp_ntz,,,,
DMTM,POLICY,CORRESPONDENCETYPEID,varchar,3,BRZ_DMTM,POLICY,CORRESPONDENCETYPEID,varchar,,Direct,SLV_DMTM,POLICY,POLICY,CORRESPONDENCE_TP_ID,,,varchar,,,,
DMTM,POLICY,CORRESPONDENCEEMAIL,varchar,200,BRZ_DMTM,POLICY,CORRESPONDENCEEMAIL,varchar,,Direct,SLV_DMTM,POLICY,POLICY,CORRESPONDENCE_EMAIL,,,varchar,,,,
DMTM,POLICY,CORRESPONDENCESMS,varchar,30,BRZ_DMTM,POLICY,CORRESPONDENCESMS,varchar,,Direct,SLV_DMTM,POLICY,POLICY,CORRESPONDENCE_SMS,,,varchar,,,,
DMTM,POLICY,STAFFBANKACCOUNTNO,varchar,30,BRZ_DMTM,POLICY,STAFFBANKACCOUNTNO,varchar,,Direct,SLV_DMTM,POLICY,POLICY,STAFF_BANK_ACCT_NO,,,varchar,,,,
DMTM,POLICY,STAFFBANKLICENSENO,varchar,50,BRZ_DMTM,POLICY,STAFFBANKLICENSENO,varchar,,Direct,SLV_DMTM,POLICY,POLICY,STAFF_BANK_LICENSE_NO,,,varchar,,,,
DMTM,POLICY,STAFFBANKNAME,varchar,300,BRZ_DMTM,POLICY,STAFFBANKNAME,varchar,,Direct,SLV_DMTM,POLICY,POLICY,STAFF_BANK_NM,,,varchar,,,,
DMTM,POLICY,REFERRERID,varchar,250,BRZ_DMTM,POLICY,REFERRERID,varchar,,Direct,SLV_DMTM,POLICY,POLICY,REFERRER_ID,,,varchar,,,,
DMTM,POLICY,OUTSTANDING,float,,BRZ_DMTM,POLICY,OUTSTANDING,float,,Direct,SLV_DMTM,POLICY,POLICY,OUTSTANDING,,,float,,,,
DMTM,POLICY,INSURANCEPURPOSEID,varchar,3,BRZ_DMTM,POLICY,INSURANCEPURPOSEID,varchar,,Direct,SLV_DMTM,POLICY,POLICY,INSURANCE_PURPOSE_ID,,,varchar,,,,
DMTM,POLICY,PAYMETHODID2,,,BRZ_DMTM,POLICY,PAYMETHODID2,,,Direct,SLV_DMTM,POLICY,POLICY,PYMT_MTHD_ID_2,,,,,,,
DMTM,POLICY,campaignid,,,BRZ_DMTM,POLICY,campaignid,,,Direct,SLV_DMTM,POLICY,POLICY,CAMP_ID,,,,,,,
DMTM,POLICY,EXPORTDATE,,,BRZ_DMTM,POLICY,EXPORTDATE,,,Direct,SLV_DMTM,POLICY,POLICY,EXPT_DT,,,,,,,
DMTM,POLICY,EXPORTBY,,,BRZ_DMTM,POLICY,EXPORTBY,,,Direct,SLV_DMTM,POLICY,POLICY,EXPT_BY,,,,,,,
DMTM,POLICY,CAMPAIGNPROGRAMID,,,BRZ_DMTM,POLICY,CAMPAIGNPROGRAMID,,,Direct,SLV_DMTM,POLICY,POLICY,CAMP_PROGRAM_ID,,,,,,,
DMTM,POLICY,FIRSTTOTALPREMIUM,,,BRZ_DMTM,POLICY,FIRSTTOTALPREMIUM,,,Direct,SLV_DMTM,POLICY,POLICY,FIRST_TOT_PREMI,,,,,,,
DMTM,POLICY,FIRSTPAYMENTMODEID,,,BRZ_DMTM,POLICY,FIRSTPAYMENTMODEID,,,Direct,SLV_DMTM,POLICY,POLICY,FIRST_PYMT_MODE_ID,,,,,,,
DMTM,POLICY,NEXTPROGRAMIDREFERRAL,,,BRZ_DMTM,POLICY,NEXTPROGRAMIDREFERRAL,,,Direct,SLV_DMTM,POLICY,POLICY,NEXT_PROGRAM_ID_REFERRAL,,,,,,,
DMTM,POLICY,POINTREWARDBALANCE,,,BRZ_DMTM,POLICY,POINTREWARDBALANCE,,,Direct,SLV_DMTM,POLICY,POLICY,POINT_REWARD_BAL,,,,,,,
DMTM,POLICY,LASTPAYMENTID,,,BRZ_DMTM,POLICY,LASTPAYMENTID,,,Direct,SLV_DMTM,POLICY,POLICY,LAST_PYMT_ID,,,,,,,
DMTM,POLICY,DIGITALPOLICYID,,,BRZ_DMTM,POLICY,DIGITALPOLICYID,,,Direct,SLV_DMTM,POLICY,POLICY,DIGITAL_POLICY_ID,,,,,,,
DMTM,POLICY,TENOR,,,BRZ_DMTM,POLICY,TENOR,,,Direct,SLV_DMTM,POLICY,POLICY,TENOR,,,,,,,
DMTM,POLICY,CREDITVALUE,,,BRZ_DMTM,POLICY,CREDITVALUE,,,Direct,SLV_DMTM,POLICY,POLICY,CREDIT_VAL,,,,,,,
DMTM,POLICY,MITRA,,,BRZ_DMTM,POLICY,MITRA,,,Direct,SLV_DMTM,POLICY,POLICY,PTNR,,,,,,,
DMTM,POLICY,CABANG,,,BRZ_DMTM,POLICY,CABANG,,,Direct,SLV_DMTM,POLICY,POLICY,BRANCH,,,,,,,
DMTM,POLICY,REGION,,,BRZ_DMTM,POLICY,REGION,,,Direct,SLV_DMTM,POLICY,POLICY,RGN,,,,,,,
DMTM,POLICY,NEXTPROGRAMIDNONREFERRAL,,,BRZ_DMTM,POLICY,NEXTPROGRAMIDNONREFERRAL,,,Direct,SLV_DMTM,POLICY,POLICY,NEXT_PROGRAM_ID_NON_REFERRAL,,,,,,,
DMTM,POLICY,ISREDFLAG,,,BRZ_DMTM,POLICY,ISREDFLAG,,,Direct,SLV_DMTM,POLICY,POLICY,IS_RED_FLAG,,,boolean,,,,
DMTM,POLICY,logdate,,,BRZ_DMTM,POLICY,logdate,,,Direct,SLV_DMTM,POLICY,POLICY,LOG_DT,,,,,,,
MAN,General Reference,SOURCE_SYSTEM,,,BRZ_MAN,GENERALREFERENCE,SOURCE_SYSTEM,,,Direct,SLV_MAN,GENERALREFERENCE,GENERAL_REF,SOURCE_SYSTEM,,,,,,,
MAN,General Reference,REF_FIELD,,,BRZ_MAN,GENERALREFERENCE,REF_FIELD,,,Direct,SLV_MAN,GENERALREFERENCE,GENERAL_REF,REF_FIELD,,,,,,,
MAN,General Reference,REF_CD,,,BRZ_MAN,GENERALREFERENCE,REF_CD,,,Direct,SLV_MAN,GENERALREFERENCE,GENERAL_REF,REF_CD,,,,,,,
MAN,General Reference,REF_START_VALUE,,,BRZ_MAN,GENERALREFERENCE,REF_START_VALUE,,,Direct,SLV_MAN,GENERALREFERENCE,GENERAL_REF,REF_START_VALUE,,,,,,,
MAN,General Reference,REF_END_VALUE,,,BRZ_MAN,GENERALREFERENCE,REF_END_VALUE,,,Direct,SLV_MAN,GENERALREFERENCE,GENERAL_REF,REF_END_VALUE,,,,,,,
MAN,General Reference,REF_DESC_BAHASA,,,BRZ_MAN,GENERALREFERENCE,REF_DESC_BAHASA,,,Direct,SLV_MAN,GENERALREFERENCE,GENERAL_REF,REF_DESC_BAHASA,,,,,,,
MAN,General Reference,REF_DESC_ENGLISH,,,BRZ_MAN,GENERALREFERENCE,REF_DESC_ENGLISH,,,Direct,SLV_MAN,GENERALREFERENCE,GENERAL_REF,REF_DESC_ENG,,,,,,,
MAN,General Reference,REF_GROUP_1,,,BRZ_MAN,GENERALREFERENCE,REF_GROUP_1,,,Direct,SLV_MAN,GENERALREFERENCE,GENERAL_REF,REF_GROUP_1,,,,,,,
MAN,General Reference,REF_GROUP_2,,,BRZ_MAN,GENERALREFERENCE,REF_GROUP_2,,,Direct,SLV_MAN,GENERALREFERENCE,GENERAL_REF,REF_GROUP_2,,,,,,,
MAN,General Reference,SORT_KEY,,,BRZ_MAN,GENERALREFERENCE,SORT_KEY,,,Direct,SLV_MAN,GENERALREFERENCE,GENERAL_REF,SORT_KEY,,,,,,,
MAN,General Reference,REF_SYS_UPD_DT,,,BRZ_MAN,GENERALREFERENCE,REF_SYS_UPD_DT,,,Direct,SLV_MAN,GENERALREFERENCE,GENERAL_REF,REF_SYS_UPD_DT,,,,,,,
MAN,General Reference,REF_DATA_OWN,,,BRZ_MAN,GENERALREFERENCE,REF_DATA_OWN,,,Direct,SLV_MAN,GENERALREFERENCE,GENERAL_REF,REF_DATA_OWN,,,,,,,
MAN,General Reference,REF_DOMAIN,,,BRZ_MAN,GENERALREFERENCE,REF_DOMAIN,,,Direct,SLV_MAN,GENERALREFERENCE,GENERAL_REF,REF_DOMAIN,,,,,,,
MAN,DMTM_FAILED_DEBIT_TM_UPLOAD,FULLFACTPERIOD,nvarchar,8,BRZ_MAN,DMTM_FAILED_DEBIT_TM_UPLOAD,FULLFACTPERIOD,varchar,,Direct,SLV_MAN,DMTM_FAILED_DEBIT_TM,DMTM_FAILED_DEBIT_TM,FACT_PERIOD,,,varchar,,,,
MAN,DMTM_FAILED_DEBIT_TM_UPLOAD,ACCOUNTNO,varchar,50,BRZ_MAN,DMTM_FAILED_DEBIT_TM_UPLOAD,ACCOUNTNO,varchar,,Direct,SLV_MAN,DMTM_FAILED_DEBIT_TM,DMTM_FAILED_DEBIT_TM,ACCT_NO,,,varchar,,,,
MAN,DMTM_FAILED_DEBIT_TM_UPLOAD,POLICYNO,varchar,15,BRZ_MAN,DMTM_FAILED_DEBIT_TM_UPLOAD,POLICYNO,varchar,,Direct,SLV_MAN,DMTM_FAILED_DEBIT_TM,DMTM_FAILED_DEBIT_TM,POLICY_NO,,,varchar,,,,
MAN,DMTM_FAILED_DEBIT_TM_UPLOAD,PREMI,float,,BRZ_MAN,DMTM_FAILED_DEBIT_TM_UPLOAD,PREMI,float,,Direct,SLV_MAN,DMTM_FAILED_DEBIT_TM,DMTM_FAILED_DEBIT_TM,PREMI_AMT,,,float,,,,
MAN,DMTM_FAILED_DEBIT_TM_UPLOAD,PRODUCTID,varchar,15,BRZ_MAN,DMTM_FAILED_DEBIT_TM_UPLOAD,PRODUCTID,varchar,,Direct,SLV_MAN,DMTM_FAILED_DEBIT_TM,DMTM_FAILED_DEBIT_TM,PRODUCT_CD,,,varchar,,,,
MAN,DMTM_FAILED_DEBIT_TM_UPLOAD,PRODUCT,varchar,50,BRZ_MAN,DMTM_FAILED_DEBIT_TM_UPLOAD,PRODUCT,varchar,,Direct,SLV_MAN,DMTM_FAILED_DEBIT_TM,DMTM_FAILED_DEBIT_TM,PRODUCT,,,varchar,,,,
MAN,DMTM_FAILED_DEBIT_TM_UPLOAD,HOLDER,varchar,100,BRZ_MAN,DMTM_FAILED_DEBIT_TM_UPLOAD,HOLDER,varchar,,Direct,SLV_MAN,DMTM_FAILED_DEBIT_TM,DMTM_FAILED_DEBIT_TM,HOLDER,,,varchar,,,,
MAN,DMTM_FAILED_DEBIT_TM_UPLOAD,HOMEPHONE,varchar,50,BRZ_MAN,DMTM_FAILED_DEBIT_TM_UPLOAD,HOMEPHONE,varchar,,Direct,SLV_MAN,DMTM_FAILED_DEBIT_TM,DMTM_FAILED_DEBIT_TM,HOMEPHONE,,,varchar,,,,
MAN,DMTM_FAILED_DEBIT_TM_UPLOAD,MOBILEPHONE,varchar,50,BRZ_MAN,DMTM_FAILED_DEBIT_TM_UPLOAD,MOBILEPHONE,varchar,,Direct,SLV_MAN,DMTM_FAILED_DEBIT_TM,DMTM_FAILED_DEBIT_TM,MOBILEPHONE,,,varchar,,,,
MAN,DMTM_FAILED_DEBIT_TM_UPLOAD,OFFICEPHONE,varchar,50,BRZ_MAN,DMTM_FAILED_DEBIT_TM_UPLOAD,OFFICEPHONE,varchar,,Direct,SLV_MAN,DMTM_FAILED_DEBIT_TM,DMTM_FAILED_DEBIT_TM,OFFICEPHONE,,,varchar,,,,
MAN,DMTM_FAILED_DEBIT_TM_UPLOAD,HOMEPHONE2,varchar,50,BRZ_MAN,DMTM_FAILED_DEBIT_TM_UPLOAD,HOMEPHONE2,varchar,,Direct,SLV_MAN,DMTM_FAILED_DEBIT_TM,DMTM_FAILED_DEBIT_TM,HOMEPHONE2,,,varchar,,,,
MAN,DMTM_FAILED_DEBIT_TM_UPLOAD,MOBILEPHONE2,varchar,50,BRZ_MAN,DMTM_FAILED_DEBIT_TM_UPLOAD,MOBILEPHONE2,varchar,,Direct,SLV_MAN,DMTM_FAILED_DEBIT_TM,DMTM_FAILED_DEBIT_TM,MOBILEPHONE2,,,varchar,,,,
MAN,DMTM_FAILED_DEBIT_TM_UPLOAD,OFFICEPHONE2,varchar,50,BRZ_MAN,DMTM_FAILED_DEBIT_TM_UPLOAD,OFFICEPHONE2,varchar,,Direct,SLV_MAN,DMTM_FAILED_DEBIT_TM,DMTM_FAILED_DEBIT_TM,OFFICEPHONE2,,,varchar,,,,
MAN,DMTM_FAILED_DEBIT_TM_UPLOAD,OUTSTANDINGPERIOD,int,,BRZ_MAN,DMTM_FAILED_DEBIT_TM_UPLOAD,OUTSTANDINGPERIOD,integer,,Direct,SLV_MAN,DMTM_FAILED_DEBIT_TM,DMTM_FAILED_DEBIT_TM,OUTSTANDING_PERIOD,,,integer,,,,
MAN,DMTM_FAILED_DEBIT_TM_UPLOAD,OUTSTANDINGAMOUNT,float,,BRZ_MAN,DMTM_FAILED_DEBIT_TM_UPLOAD,OUTSTANDINGAMOUNT,float,,Direct,SLV_MAN,DMTM_FAILED_DEBIT_TM,DMTM_FAILED_DEBIT_TM,OUTSTANDING_AMT,,,float,,,,
MAN,DMTM_FAILED_DEBIT_TM_UPLOAD,PAYMENTMETHOD,varchar,3,BRZ_MAN,DMTM_FAILED_DEBIT_TM_UPLOAD,PAYMENTMETHOD,varchar,,Direct,SLV_MAN,DMTM_FAILED_DEBIT_TM,DMTM_FAILED_DEBIT_TM,PYMT_MTHD_CD,,,varchar,,,,
MAN,DMTM_FAILED_DEBIT_TM_UPLOAD,SUBMITDATE,datetime,,BRZ_MAN,DMTM_FAILED_DEBIT_TM_UPLOAD,SUBMITDATE,timestamp_ntz,,Direct,SLV_MAN,DMTM_FAILED_DEBIT_TM,DMTM_FAILED_DEBIT_TM,SUBMIT_DT,,,timestamp_ntz,,,,
MAN,DMTM_FAILED_DEBIT_TM_UPLOAD,EFFECTIVEDATE,datetime,,BRZ_MAN,DMTM_FAILED_DEBIT_TM_UPLOAD,EFFECTIVEDATE,timestamp_ntz,,Direct,SLV_MAN,DMTM_FAILED_DEBIT_TM,DMTM_FAILED_DEBIT_TM,EFF_DT,,,timestamp_ntz,,,,
MAN,DMTM_FAILED_DEBIT_TM_UPLOAD,PAIDTODATE,datetime,,BRZ_MAN,DMTM_FAILED_DEBIT_TM_UPLOAD,PAIDTODATE,timestamp_ntz,,Direct,SLV_MAN,DMTM_FAILED_DEBIT_TM,DMTM_FAILED_DEBIT_TM,PAID_TO_DT,,,timestamp_ntz,,,,
MAN,DMTM_FAILED_DEBIT_TM_UPLOAD,CANCELDATE,datetime,,BRZ_MAN,DMTM_FAILED_DEBIT_TM_UPLOAD,CANCELDATE,timestamp_ntz,,Direct,SLV_MAN,DMTM_FAILED_DEBIT_TM,DMTM_FAILED_DEBIT_TM,CANCEL_DT,,,timestamp_ntz,,,,
MAN,DMTM_FAILED_DEBIT_TM_UPLOAD,POLICYSTATUS,varchar,2,BRZ_MAN,DMTM_FAILED_DEBIT_TM_UPLOAD,POLICYSTATUS,varchar,,Direct,SLV_MAN,DMTM_FAILED_DEBIT_TM,DMTM_FAILED_DEBIT_TM,POLICY_STATUS_CD,,,varchar,,,,
MAN,DMTM_FAILED_DEBIT_TM_UPLOAD,PAYMENTMODE,varchar,7,BRZ_MAN,DMTM_FAILED_DEBIT_TM_UPLOAD,PAYMENTMODE,varchar,,Direct,SLV_MAN,DMTM_FAILED_DEBIT_TM,DMTM_FAILED_DEBIT_TM,PYMT_MODE_CD,,,varchar,,,,
MAN,DMTM_FAILED_DEBIT_TM_UPLOAD,NBI,float,,BRZ_MAN,DMTM_FAILED_DEBIT_TM_UPLOAD,NBI,float,,Direct,SLV_MAN,DMTM_FAILED_DEBIT_TM,DMTM_FAILED_DEBIT_TM,NBI,,,float,,,,
MAN,DMTM_FAILED_DEBIT_TM_UPLOAD,COLLECTOR,char,10,BRZ_MAN,DMTM_FAILED_DEBIT_TM_UPLOAD,COLLECTOR,varchar,,Direct,SLV_MAN,DMTM_FAILED_DEBIT_TM,DMTM_FAILED_DEBIT_TM,COLLECTOR_DESC,,,varchar,,,,
MAN,DMTM_FAILED_DEBIT_TM_UPLOAD,NBRC,varchar,2,BRZ_MAN,DMTM_FAILED_DEBIT_TM_UPLOAD,NBRC,varchar,,Direct,SLV_MAN,DMTM_FAILED_DEBIT_TM,DMTM_FAILED_DEBIT_TM,NBRC,,,varchar,,,,
MAN,DMTM_FAILED_DEBIT_TM_UPLOAD,CHARGEDATE,datetime,,BRZ_MAN,DMTM_FAILED_DEBIT_TM_UPLOAD,CHARGEDATE,timestamp_ntz,,Direct,SLV_MAN,DMTM_FAILED_DEBIT_TM,DMTM_FAILED_DEBIT_TM,CHARGE_DT,,,timestamp_ntz,,,,
MAN,DMTM_FAILED_DEBIT_TM_UPLOAD,FAILEDREASON,varchar,255,BRZ_MAN,DMTM_FAILED_DEBIT_TM_UPLOAD,FAILEDREASON,varchar,,Direct,SLV_MAN,DMTM_FAILED_DEBIT_TM,DMTM_FAILED_DEBIT_TM,FAILED_REASON,,,varchar,,,,
MAN,DMTM_FAILED_DEBIT_TM_UPLOAD,FILENAME,varchar,255,BRZ_MAN,DMTM_FAILED_DEBIT_TM_UPLOAD,FILENAME,varchar,,Direct,SLV_MAN,DMTM_FAILED_DEBIT_TM,DMTM_FAILED_DEBIT_TM,FILE_NM,,,varchar,,,,
MAN,IDAS_AMFS_FAILED_DEBIT_IBC,FACTPERIOD,int,,BRZ_MAN,IDAS_AMFS_FAILED_DEBIT_IBC,FACTPERIOD,integer,,Direct,SLV_MAN,IDAS_AMFS_FAILED_DEBIT_IBC,AMFS_FAILED_DEBIT_IBC,FACTPERIOD,,,integer,,,,
MAN,IDAS_AMFS_FAILED_DEBIT_IBC,NOPOL2,nvarchar,255,BRZ_MAN,IDAS_AMFS_FAILED_DEBIT_IBC,NOPOL2,varchar,,Direct,SLV_MAN,IDAS_AMFS_FAILED_DEBIT_IBC,AMFS_FAILED_DEBIT_IBC,POL_NO,,,varchar,,,,
MAN,IDAS_AMFS_FAILED_DEBIT_IBC,PREMI,float,,BRZ_MAN,IDAS_AMFS_FAILED_DEBIT_IBC,PREMI,float,,Direct,SLV_MAN,IDAS_AMFS_FAILED_DEBIT_IBC,AMFS_FAILED_DEBIT_IBC,PREMI_IDR_AMT,,,float,,,,
MAN,IDAS_AMFS_FAILED_DEBIT_IBC,TGL DEBET,nvarchar,255,BRZ_MAN,IDAS_AMFS_FAILED_DEBIT_IBC,TGL DEBET,varchar,,Direct,SLV_MAN,IDAS_AMFS_FAILED_DEBIT_IBC,AMFS_FAILED_DEBIT_IBC,DEBIT_DT,,,varchar,,,,
MAN,IDAS_AMFS_FAILED_DEBIT_IBC,Failed Info,nvarchar,255,BRZ_MAN,IDAS_AMFS_FAILED_DEBIT_IBC,Failed Info,varchar,,Direct,SLV_MAN,IDAS_AMFS_FAILED_DEBIT_IBC,AMFS_FAILED_DEBIT_IBC,DEBIT_FAILED_RSN,,,varchar,,,,
MAN,IDAS_AMFS_FAILED_DEBIT_IBC,BM/ BSM/ CC,nvarchar,255,BRZ_MAN,IDAS_AMFS_FAILED_DEBIT_IBC,BM/ BSM/ CC,varchar,,Direct,SLV_MAN,IDAS_AMFS_FAILED_DEBIT_IBC,AMFS_FAILED_DEBIT_IBC,CHANNEL_DEBIT_DESC,,,varchar,,,,
MAN,MASTERPRODUCT,ENTITY,varchar,20,BRZ_MAN,MASTERPRODUCT,ENTITY,varchar,,Direct,SLV_MAN,MASTERPRODUCT,MASTERPRODUCT,ENTITY,,,varchar,,,,
MAN,MASTERPRODUCT,SYSTEM,varchar,30,BRZ_MAN,MASTERPRODUCT,SYSTEM,varchar,,Direct,SLV_MAN,MASTERPRODUCT,MASTERPRODUCT,SYSTEM,,,varchar,,,,
MAN,MASTERPRODUCT,PRODUCT CODE / PRODUCTID,varchar,1000,BRZ_MAN,MASTERPRODUCT,PRODUCT CODE / PRODUCTID,varchar,,Direct,SLV_MAN,MASTERPRODUCT,MASTERPRODUCT,PRODUCT_CD,,,varchar,,,,
MAN,MASTERPRODUCT,RIDER CODE / PLANID,varchar,1000,BRZ_MAN,MASTERPRODUCT,RIDER CODE / PLANID,varchar,,Direct,SLV_MAN,MASTERPRODUCT,MASTERPRODUCT,RIDER_CD,,,varchar,,,,
MAN,MASTERPRODUCT,APE  MIX,varchar,1000,BRZ_MAN,MASTERPRODUCT,APE  MIX,varchar,,Direct,SLV_MAN,MASTERPRODUCT,MASTERPRODUCT,APE_MIX,,,varchar,,,,
MAN,MASTERPRODUCT,FUND CODE,varchar,1000,BRZ_MAN,MASTERPRODUCT,FUND CODE,varchar,,Direct,SLV_MAN,MASTERPRODUCT,MASTERPRODUCT,FUND_CD,,,varchar,,,,
MAN,MASTERPRODUCT,FA CATEGORY,varchar,1000,BRZ_MAN,MASTERPRODUCT,FA CATEGORY,varchar,,Direct,SLV_MAN,MASTERPRODUCT,MASTERPRODUCT,FA_CATEGORY,,,varchar,,,,
MAN,MASTERPRODUCT,BAND,varchar,1000,BRZ_MAN,MASTERPRODUCT,BAND,varchar,,Direct,SLV_MAN,MASTERPRODUCT,MASTERPRODUCT,BAND,,,varchar,,,,
MAN,MASTERPRODUCT,BAND_TYPE,varchar,1000,BRZ_MAN,MASTERPRODUCT,BAND_TYPE,varchar,,Direct,SLV_MAN,MASTERPRODUCT,MASTERPRODUCT,BAND_TYPE,,,varchar,,,,
MAN,MASTERPRODUCT,CAMPAIGN,varchar,1000,BRZ_MAN,MASTERPRODUCT,CAMPAIGN,varchar,,Direct,SLV_MAN,MASTERPRODUCT,MASTERPRODUCT,CAMPAIGN,,,varchar,,,,
MAN,MASTERPRODUCT,SYSTEM CODE (ACTUARY),varchar,1000,BRZ_MAN,MASTERPRODUCT,SYSTEM CODE (ACTUARY),varchar,,Direct,SLV_MAN,MASTERPRODUCT,MASTERPRODUCT,SYSTEM_CD_ACTUARY,,,varchar,,,,
MAN,MASTERPRODUCT,PRODUCT ID PEOPLESOFT,varchar,1000,BRZ_MAN,MASTERPRODUCT,PRODUCT ID PEOPLESOFT,varchar,,Direct,SLV_MAN,MASTERPRODUCT,MASTERPRODUCT,PRODUCT_CD_PEOPLESOFT,,,varchar,,,,
MAN,MASTERPRODUCT,SP/RP,varchar,1000,BRZ_MAN,MASTERPRODUCT,SP/RP,varchar,,Direct,SLV_MAN,MASTERPRODUCT,MASTERPRODUCT,IS_SP_RP,,,boolean,,,,
MAN,MASTERPRODUCT,AMBITION ID,varchar,1000,BRZ_MAN,MASTERPRODUCT,AMBITION ID,varchar,,Direct,SLV_MAN,MASTERPRODUCT,MASTERPRODUCT,AMBITION_CD,,,varchar,,,,
MAN,MASTERPRODUCT,GMD ID,varchar,1000,BRZ_MAN,MASTERPRODUCT,GMD ID,varchar,,Direct,SLV_MAN,MASTERPRODUCT,MASTERPRODUCT,GMD_CD,,,varchar,,,,
MAN,MASTERPRODUCT,CHANNEL,varchar,1000,BRZ_MAN,MASTERPRODUCT,CHANNEL,varchar,,Direct,SLV_MAN,MASTERPRODUCT,MASTERPRODUCT,CHANNEL,,,varchar,,,,
MAN,MASTERPRODUCT,PRODUCT GROUP,varchar,1000,BRZ_MAN,MASTERPRODUCT,PRODUCT GROUP,varchar,,Direct,SLV_MAN,MASTERPRODUCT,MASTERPRODUCT,PRODUCT_GROUP_DESC,,,varchar,,,,
MAN,MASTERPRODUCT,PRODUCT CATEGORY,varchar,1000,BRZ_MAN,MASTERPRODUCT,PRODUCT CATEGORY,varchar,,Direct,SLV_MAN,MASTERPRODUCT,MASTERPRODUCT,PRODUCT_CAT,,,varchar,,,,
MAN,MASTERPRODUCT,PRODUCT SUB CATEGORY,varchar,1000,BRZ_MAN,MASTERPRODUCT,PRODUCT SUB CATEGORY,varchar,,Direct,SLV_MAN,MASTERPRODUCT,MASTERPRODUCT,PRODUCT_SUB_CAT,,,varchar,,,,
MAN,MASTERPRODUCT,GMD CATEGORY,varchar,1000,BRZ_MAN,MASTERPRODUCT,GMD CATEGORY,varchar,,Direct,SLV_MAN,MASTERPRODUCT,MASTERPRODUCT,GMD_CAT,,,varchar,,,,
MAN,MASTERPRODUCT,RIDER CATEGORY,varchar,1000,BRZ_MAN,MASTERPRODUCT,RIDER CATEGORY,varchar,,Direct,SLV_MAN,MASTERPRODUCT,MASTERPRODUCT,RIDER_CAT,,,varchar,,,,
MAN,MASTERPRODUCT,SYARIAH,varchar,1000,BRZ_MAN,MASTERPRODUCT,SYARIAH,varchar,,Direct,SLV_MAN,MASTERPRODUCT,MASTERPRODUCT,SYARIAH,,,varchar,,,,
MAN,MASTERPRODUCT,PRODUCT NAME (ACTUARY),varchar,1000,BRZ_MAN,MASTERPRODUCT,PRODUCT NAME (ACTUARY),varchar,,Direct,SLV_MAN,MASTERPRODUCT,MASTERPRODUCT,PRODUCT_NM_ACTRY,,,varchar,,,,
MAN,MASTERPRODUCT,PRODUCT NAME MARKETING,varchar,1000,BRZ_MAN,MASTERPRODUCT,PRODUCT NAME MARKETING,varchar,,Direct,SLV_MAN,MASTERPRODUCT,MASTERPRODUCT,PRODUCT_NM_MKT,,,varchar,,,,
MAN,MASTERPRODUCT,PRODUCT NAME FINANCE,varchar,1000,BRZ_MAN,MASTERPRODUCT,PRODUCT NAME FINANCE,varchar,,Direct,SLV_MAN,MASTERPRODUCT,MASTERPRODUCT,PRODUCT_NM_FIN,,,varchar,,,,
MAN,MASTERPRODUCT,PRODUCT NAME PEOPLESOFT,varchar,1000,BRZ_MAN,MASTERPRODUCT,PRODUCT NAME PEOPLESOFT,varchar,,Direct,SLV_MAN,MASTERPRODUCT,MASTERPRODUCT,PRODUCT_NM_PEOPLESOFT,,,varchar,,,,
MAN,MASTERPRODUCT,PRODUCT NAME SUMMARY,varchar,1000,BRZ_MAN,MASTERPRODUCT,PRODUCT NAME SUMMARY,varchar,,Direct,SLV_MAN,MASTERPRODUCT,MASTERPRODUCT,PRODUCT_NM_SUMM,,,varchar,,,,
MAN,MASTERPRODUCT,CURRENCY,varchar,1000,BRZ_MAN,MASTERPRODUCT,CURRENCY,varchar,,Direct,SLV_MAN,MASTERPRODUCT,MASTERPRODUCT,CCY_CD,,,varchar,,,,
MAN,MASTERPRODUCT,PROD_DASHBOARD_CATEGORY,int,,BRZ_MAN,MASTERPRODUCT,PROD_DASHBOARD_CATEGORY,integer,,Direct,SLV_MAN,MASTERPRODUCT,MASTERPRODUCT,PROD_DASHBOARD_CAT,,,integer,,,,
MAN,MASTERPRODUCT,Product Dashboard Category (BA),varchar,1000,BRZ_MAN,MASTERPRODUCT,Product Dashboard Category (BA),varchar,,Direct,SLV_MAN,MASTERPRODUCT,MASTERPRODUCT,PROD_DASHBOARD_CAT_BA,,,varchar,,,,
MAN,MASTERPRODUCT,Product Name Actuary New,varchar,1000,BRZ_MAN,MASTERPRODUCT,Product Name Actuary New,varchar,,Direct,SLV_MAN,MASTERPRODUCT,MASTERPRODUCT,NEW_ACTUARY_PRODUCT_NM,,,varchar,,,,
MAN,MASTERPRODUCT,Risk Category,varchar,1000,BRZ_MAN,MASTERPRODUCT,Risk Category,varchar,,Direct,SLV_MAN,MASTERPRODUCT,MASTERPRODUCT,RISK_CAT,,,varchar,,,,
MAN,MASTERPRODUCT,AMLO Risk Rating,varchar,1000,BRZ_MAN,MASTERPRODUCT,AMLO Risk Rating,varchar,,Direct,SLV_MAN,MASTERPRODUCT,MASTERPRODUCT,AMLO_RISK_CAT,,,varchar,,,,
MAN,INDODAILY_ALL_PRODUCT,PRODUCTID,nvarchar,255,BRZ_MAN,INDODAILY_ALL_PRODUCT,PRODUCTID,varchar,,Direct,SLV_MAN,INDODAILY_ALL_PRODUCT,INDODAILY_ALL_PRODUCT,PRODUCT_CD,,,varchar,,,,
MAN,INDODAILY_ALL_PRODUCT,INDODAILY_CHANNEL,varchar,19,BRZ_MAN,INDODAILY_ALL_PRODUCT,INDODAILY_CHANNEL,varchar,,Direct,SLV_MAN,INDODAILY_ALL_PRODUCT,INDODAILY_ALL_PRODUCT,INDODAILY_CHANNEL_DESC,,,varchar,,,,
MAN,INDODAILY_ALL_PRODUCT,INDODAIL_SUBCHANNEL,varchar,19,BRZ_MAN,INDODAILY_ALL_PRODUCT,INDODAIL_SUBCHANNEL,varchar,,Direct,SLV_MAN,INDODAILY_ALL_PRODUCT,INDODAILY_ALL_PRODUCT,INDODAILY_SUBCHANNEL_DESC,,,varchar,,,,
MAN,INDODAILY_ALL_PRODUCT,SOURCES,varchar,10,BRZ_MAN,INDODAILY_ALL_PRODUCT,SOURCES,varchar,,Direct,SLV_MAN,INDODAILY_ALL_PRODUCT,INDODAILY_ALL_PRODUCT,SOURCES,,,varchar,,,,
MAN,SFDC_CMU_PRODUCT_UPLOAD,Product,nvarchar,255,BRZ_MAN,SFDC_CMU_PRODUCT_UPLOAD,Product,varchar,,Direct,SLV_MAN,SFDC_CMU_PRODUCT_UPLOAD,SFDC_CMU_PRODUCT_UPLOAD,PRODUCT_CD,,,varchar,,,,
MAN,SFDC_CMU_PRODUCT_UPLOAD,Term/Investment/Health,nvarchar,255,BRZ_MAN,SFDC_CMU_PRODUCT_UPLOAD,Term/Investment/Health,varchar,,Direct,SLV_MAN,SFDC_CMU_PRODUCT_UPLOAD,SFDC_CMU_PRODUCT_UPLOAD,PRODUCT_TYPE,,,varchar,,,,
MAN,SFDC_CMU_PRODUCT_UPLOAD,Name Of Product,nvarchar,255,BRZ_MAN,SFDC_CMU_PRODUCT_UPLOAD,Name Of Product,varchar,,Direct,SLV_MAN,SFDC_CMU_PRODUCT_UPLOAD,SFDC_CMU_PRODUCT_UPLOAD,PRODUCT_NM_CMU,,,varchar,,,,
MAN,SFDC_CMU_PRODUCT_UPLOAD,Status,nvarchar,3,BRZ_MAN,SFDC_CMU_PRODUCT_UPLOAD,Status,varchar,,Direct,SLV_MAN,SFDC_CMU_PRODUCT_UPLOAD,SFDC_CMU_PRODUCT_UPLOAD,PRODUCT_STATUS,,,varchar,,,,
MAN,SFDC_CMU_PRODUCT_UPLOAD,Product Group,nvarchar,50,BRZ_MAN,SFDC_CMU_PRODUCT_UPLOAD,Product Group,varchar,,Direct,SLV_MAN,SFDC_CMU_PRODUCT_UPLOAD,SFDC_CMU_PRODUCT_UPLOAD,PRODUCT_GRP,,,varchar,,,,
MAN,SFDC_CMU_PRODUCT_UPLOAD,New Product,nvarchar,50,BRZ_MAN,SFDC_CMU_PRODUCT_UPLOAD,New Product,varchar,,Direct,SLV_MAN,SFDC_CMU_PRODUCT_UPLOAD,SFDC_CMU_PRODUCT_UPLOAD,IS_NEW_PRODUCT,,,varchar,,,,
RLS,IBEXRATEH,ERCCY,char,3,BRZ_RLS,IBEXRATEH,ERCCY,varchar,,Direct,SLV_RLS,IBEXRATEH,CCY_RATE,CCY_CD,,CURRENCY CODE,varchar,,,,
RLS,IBEXRATEH,EREFF,decimal,"8,0",BRZ_RLS,IBEXRATEH,EREFF,number,"8,0",Direct,SLV_RLS,IBEXRATEH,CCY_RATE,CCY_EFF_DT,,EFFECTIVE DATE,number,,,,
RLS,IBEXRATEH,ERSELL,decimal,"10,5",BRZ_RLS,IBEXRATEH,ERSELL,number,"10,5",Direct,SLV_RLS,IBEXRATEH,CCY_RATE,SELL_RATE,,SELLING RATE,number,,,,
RLS,IBEXRATEH,ERBUY,decimal,"10,5",BRZ_RLS,IBEXRATEH,ERBUY,number,"10,5",Direct,SLV_RLS,IBEXRATEH,CCY_RATE,BUY_RATE,,BUYING RATE,number,,,,
RLS,IBEXRATEH,ERBOOK,decimal,"10,5",BRZ_RLS,IBEXRATEH,ERBOOK,number,"10,5",Direct,SLV_RLS,IBEXRATEH,CCY_RATE,BOOK_RATE,,BOOK RATE,number,,,,
MAN,IDAS_REGION_BY_fA,REGIONKEY,varchar,23,BRZ_MAN,IDAS_REGION_BY_fA,REGIONKEY,varchar,,Direct,SLV_MAN,IDAS_REGION_BY_fA,REGION_BY_fA,REGION_KEY,,,varchar,,,,
MAN,IDAS_REGION_BY_fA,REGION_GROUP_KEY,varchar,22,BRZ_MAN,IDAS_REGION_BY_fA,REGION_GROUP_KEY,varchar,,Direct,SLV_MAN,IDAS_REGION_BY_fA,REGION_BY_fA,REGION_GRP_KEY,,,varchar,,,,
MAN,IDAS_REGION_BY_fA,KANWIL_KEY,varchar,5,BRZ_MAN,IDAS_REGION_BY_fA,KANWIL_KEY,varchar,,Direct,SLV_MAN,IDAS_REGION_BY_fA,REGION_BY_fA,KANWIL_KEY,,,varchar,,,,
MAN,IDAS_REGION_BY_fA,HOS_KEY,varchar,8000,BRZ_MAN,IDAS_REGION_BY_fA,HOS_KEY,varchar,,Direct,SLV_MAN,IDAS_REGION_BY_fA,REGION_BY_fA,HOS_KEY,,,varchar,,,,
MAN,IDAS_REGION_BY_fA,REGION_ID,varchar,10,BRZ_MAN,IDAS_REGION_BY_fA,REGION_ID,varchar,,Direct,SLV_MAN,IDAS_REGION_BY_fA,REGION_BY_fA,REGION_ID,,,varchar,,,,
MAN,IDAS_REGION_BY_fA,REGION_GROUP_ID,int,,BRZ_MAN,IDAS_REGION_BY_fA,REGION_GROUP_ID,integer,,Direct,SLV_MAN,IDAS_REGION_BY_fA,REGION_BY_fA,REGION_GRP_ID,,,integer,,,,
MAN,IDAS_REGION_BY_fA,CATEGORY,varchar,20,BRZ_MAN,IDAS_REGION_BY_fA,CATEGORY,varchar,,Direct,SLV_MAN,IDAS_REGION_BY_fA,REGION_BY_fA,CAT,,,varchar,,,,
MAN,IDAS_REGION_BY_fA,REGION_WILAYAH,varchar,30,BRZ_MAN,IDAS_REGION_BY_fA,REGION_WILAYAH,varchar,,Direct,SLV_MAN,IDAS_REGION_BY_fA,REGION_BY_fA,REGION_RGN,,,varchar,,,,
MAN,IDAS_REGION_BY_fA,REGION_NAME,varchar,50,BRZ_MAN,IDAS_REGION_BY_fA,REGION_NAME,varchar,,Direct,SLV_MAN,IDAS_REGION_BY_fA,REGION_BY_fA,REGION_NM,,,varchar,,,,
MAN,IDAS_REGION_BY_fA,REGION_NAME_2,varchar,50,BRZ_MAN,IDAS_REGION_BY_fA,REGION_NAME_2,varchar,,Direct,SLV_MAN,IDAS_REGION_BY_fA,REGION_BY_fA,REGION_NM_2,,,varchar,,,,
MAN,IDAS_REGION_BY_fA,REGION_GROUP_NAME,varchar,255,BRZ_MAN,IDAS_REGION_BY_fA,REGION_GROUP_NAME,varchar,,Direct,SLV_MAN,IDAS_REGION_BY_fA,REGION_BY_fA,REGION_GRP_NM,,,varchar,,,,
MAN,IDAS_REGION_BY_fA,PROVINCE,varchar,50,BRZ_MAN,IDAS_REGION_BY_fA,PROVINCE,varchar,,Direct,SLV_MAN,IDAS_REGION_BY_fA,REGION_BY_fA,PROV,,,varchar,,,,
MAN,IDAS_REGION_BY_fA,HOS,varchar,20,BRZ_MAN,IDAS_REGION_BY_fA,HOS,varchar,,Direct,SLV_MAN,IDAS_REGION_BY_fA,REGION_BY_fA,HOS,,,varchar,,,,
MAN,IDAS_REGION_BY_fA,HOS NAME,varchar,100,BRZ_MAN,IDAS_REGION_BY_fA,HOS NAME,varchar,,Direct,SLV_MAN,IDAS_REGION_BY_fA,REGION_BY_fA,HOS_NM,,,varchar,,,,
MAN,IDAS_REGION_BY_fA,Kode RSM,float,,BRZ_MAN,IDAS_REGION_BY_fA,Kode RSM,float,,Direct,SLV_MAN,IDAS_REGION_BY_fA,REGION_BY_fA,RSM_CD,,,float,,,,
MAN,IDAS_REGION_BY_fA,Kode AGRSM,float,,BRZ_MAN,IDAS_REGION_BY_fA,Kode AGRSM,float,,Direct,SLV_MAN,IDAS_REGION_BY_fA,REGION_BY_fA,AGRSM_CD,,,float,,,,
MAN,IDAS_REGION_BY_fA,Nama RSM,nvarchar,255,BRZ_MAN,IDAS_REGION_BY_fA,Nama RSM,varchar,,Direct,SLV_MAN,IDAS_REGION_BY_fA,REGION_BY_fA,RSM_NM,,,varchar,,,,
MAN,IDAS_REGION_BY_fA,Kode RSM Current,float,,BRZ_MAN,IDAS_REGION_BY_fA,Kode RSM Current,float,,Direct,SLV_MAN,IDAS_REGION_BY_fA,REGION_BY_fA,RSM_CURR_CD,,,float,,,,
MAN,IDAS_REGION_BY_fA,Kode AGRSM Current,float,,BRZ_MAN,IDAS_REGION_BY_fA,Kode AGRSM Current,float,,Direct,SLV_MAN,IDAS_REGION_BY_fA,REGION_BY_fA,AGRSM_CURR_CD,,,float,,,,
MAN,IDAS_REGION_BY_fA,Nama RSM Current,varchar,255,BRZ_MAN,IDAS_REGION_BY_fA,Nama RSM Current,varchar,,Direct,SLV_MAN,IDAS_REGION_BY_fA,REGION_BY_fA,RSM_CURR_NM,,,varchar,,,,
MAN,IDAS_REGION_BY_fA,Kode DSM,float,,BRZ_MAN,IDAS_REGION_BY_fA,Kode DSM,float,,Direct,SLV_MAN,IDAS_REGION_BY_fA,REGION_BY_fA,DSM_CD,,,float,,,,
MAN,IDAS_REGION_BY_fA,Kode AGDSM,float,,BRZ_MAN,IDAS_REGION_BY_fA,Kode AGDSM,float,,Direct,SLV_MAN,IDAS_REGION_BY_fA,REGION_BY_fA,AGDSM_CD,,,float,,,,
MAN,IDAS_REGION_BY_fA,Nama DSM,nvarchar,255,BRZ_MAN,IDAS_REGION_BY_fA,Nama DSM,varchar,,Direct,SLV_MAN,IDAS_REGION_BY_fA,REGION_BY_fA,DSM_NM,,,varchar,,,,
MAN,IDAS_REGION_BY_fA,Kode ASM,float,,BRZ_MAN,IDAS_REGION_BY_fA,Kode ASM,float,,Direct,SLV_MAN,IDAS_REGION_BY_fA,REGION_BY_fA,ASM_CD,,,float,,,,
MAN,IDAS_REGION_BY_fA,Kode ASM Current,float,,BRZ_MAN,IDAS_REGION_BY_fA,Kode ASM Current,float,,Direct,SLV_MAN,IDAS_REGION_BY_fA,REGION_BY_fA,ASM_CURR_CD,,,float,,,,
MAN,IDAS_REGION_BY_fA,Area Code Mandiri,float,,BRZ_MAN,IDAS_REGION_BY_fA,Area Code Mandiri,float,,Direct,SLV_MAN,IDAS_REGION_BY_fA,REGION_BY_fA,AREA_MANDIRI_CD,,,float,,,,
MAN,IDAS_REGION_BY_fA,Area Code,varchar,100,BRZ_MAN,IDAS_REGION_BY_fA,Area Code,varchar,,Direct,SLV_MAN,IDAS_REGION_BY_fA,REGION_BY_fA,AREA_CD,,,varchar,,,,
MAN,IDAS_REGION_BY_fA,Kode AGASM,float,,BRZ_MAN,IDAS_REGION_BY_fA,Kode AGASM,float,,Direct,SLV_MAN,IDAS_REGION_BY_fA,REGION_BY_fA,AGASM_CD,,,float,,,,
MAN,IDAS_REGION_BY_fA,Nama ASM,nvarchar,255,BRZ_MAN,IDAS_REGION_BY_fA,Nama ASM,varchar,,Direct,SLV_MAN,IDAS_REGION_BY_fA,REGION_BY_fA,ASM_NM,,,varchar,,,,
MAN,IDAS_REGION_BY_fA,Kode AGASM Current,float,,BRZ_MAN,IDAS_REGION_BY_fA,Kode AGASM Current,float,,Direct,SLV_MAN,IDAS_REGION_BY_fA,REGION_BY_fA,AGASM_CURR_CD,,,float,,,,
MAN,IDAS_REGION_BY_fA,Nama ASM Current,varchar,255,BRZ_MAN,IDAS_REGION_BY_fA,Nama ASM Current,varchar,,Direct,SLV_MAN,IDAS_REGION_BY_fA,REGION_BY_fA,ASM_CURR_NM,,,varchar,,,,
MAN,IDAS_REGION_BY_fA,BRANCH CODE,float,,BRZ_MAN,IDAS_REGION_BY_fA,BRANCH CODE,float,,Direct,SLV_MAN,IDAS_REGION_BY_fA,REGION_BY_fA,BRANCH_CD,,,float,,,,
MAN,IDAS_REGION_BY_fA,Branch Type,nvarchar,255,BRZ_MAN,IDAS_REGION_BY_fA,Branch Type,varchar,,Direct,SLV_MAN,IDAS_REGION_BY_fA,REGION_BY_fA,BRANCH_TP,,,varchar,,,,
MAN,IDAS_REGION_BY_fA,Type,varchar,255,BRZ_MAN,IDAS_REGION_BY_fA,Type,varchar,,Direct,SLV_MAN,IDAS_REGION_BY_fA,REGION_BY_fA,TP,,,varchar,,,,
MAN,IDAS_REGION_BY_fA,SYARIAH/REGULAR,varchar,7,BRZ_MAN,IDAS_REGION_BY_fA,SYARIAH/REGULAR,varchar,,Direct,SLV_MAN,IDAS_REGION_BY_fA,REGION_BY_fA,SYARIAH_REGULAR,,,varchar,,,,
MAN,IDAS_REGION_BY_fA,CHANNEL,varchar,8,BRZ_MAN,IDAS_REGION_BY_fA,CHANNEL,varchar,,Direct,SLV_MAN,IDAS_REGION_BY_fA,REGION_BY_fA,CHANNEL,,,varchar,,,,
MAN,IDAS_REGION_BY_fA,KODE FA,numeric,"6, 0",BRZ_MAN,IDAS_REGION_BY_fA,KODE FA,number,"6, 0",Direct,SLV_MAN,IDAS_REGION_BY_fA,REGION_BY_fA,FA_CD,,,number,"6, 0",,,
MAN,IDAS_REGION_BY_fA,SALES FORCE TYPE,nvarchar,255,BRZ_MAN,IDAS_REGION_BY_fA,SALES FORCE TYPE,varchar,,Direct,SLV_MAN,IDAS_REGION_BY_fA,REGION_BY_fA,SLS_FORCE_TP,,,varchar,,,,
MAN,IDAS_REGION_BY_fA,Nama FA,nvarchar,255,BRZ_MAN,IDAS_REGION_BY_fA,Nama FA,varchar,,Direct,SLV_MAN,IDAS_REGION_BY_fA,REGION_BY_fA,FA_NM,,,varchar,,,,
MAN,IDAS_REGION_BY_fA,FACTPERIOD,int,,BRZ_MAN,IDAS_REGION_BY_fA,FACTPERIOD,integer,,Direct,SLV_MAN,IDAS_REGION_BY_fA,REGION_BY_fA,FACT_PERIOD,,,integer,,,,
RLS,LFPDCRDI,DCRSEQ,numeric,"8, 0",BRZ_RLS,LFPDCRDI,DCRSEQ,number,"8, 0",Direct,SLV_RLS,LFPDCRDI,DCR_DETAIL,SEQ_NO,,SEQ NO.,number,"8, 0",,,
RLS,LFPDCRDI,DCRDOT,numeric,"8, 0",BRZ_RLS,LFPDCRDI,DCRDOT,number,"8, 0",Direct,SLV_RLS,LFPDCRDI,DCR_DETAIL,TRAN_DT,,TRANS DATE,number,"8, 0",,,
RLS,LFPDCRDI,DCRDOS,numeric,"8, 0",BRZ_RLS,LFPDCRDI,DCRDOS,number,"8, 0",Direct,SLV_RLS,LFPDCRDI,DCR_DETAIL,SUBMIT_DT,,SUBM DATE,number,"8, 0",,,
RLS,LFPDCRDI,DCRECP,varchar,10,BRZ_RLS,LFPDCRDI,DCRECP,varchar,,Direct,SLV_RLS,LFPDCRDI,DCR_DETAIL,RECEIPT_NO,,RECEIPT NO.,varchar,,,,
RLS,LFPDCRDI,DCRTYP,varchar,1,BRZ_RLS,LFPDCRDI,DCRTYP,varchar,,Direct,SLV_RLS,LFPDCRDI,DCR_DETAIL,RECORD_TYPE,,RECORD TYPE,varchar,,,,
RLS,LFPDCRDI,DCRDOP,numeric,"8, 0",BRZ_RLS,LFPDCRDI,DCRDOP,number,"8, 0",Direct,SLV_RLS,LFPDCRDI,DCR_DETAIL,POST_DT,,DATE POSTED,number,"8, 0",,,
RLS,LFPDCRDI,DCREV,varchar,1,BRZ_RLS,LFPDCRDI,DCREV,varchar,,Direct,SLV_RLS,LFPDCRDI,DCR_DETAIL,REVERSAL_CD,,REVERSAL CODE,varchar,,,,
RLS,LFPDCRDI,DCRBCQ,varchar,1,BRZ_RLS,LFPDCRDI,DCRBCQ,varchar,,Direct,SLV_RLS,LFPDCRDI,DCR_DETAIL,BOUNCE_CHQ,,BOUNCED CHEQUE,varchar,,,,
RLS,LFPDCRDI,DCPAID,numeric,"15, 2",BRZ_RLS,LFPDCRDI,DCPAID,number,"15, 2",Direct,SLV_RLS,LFPDCRDI,DCR_DETAIL,AMT_PYMT_LCY,,PAYMENT AMT LOCAL CCY,number,"15, 2",,,
RLS,LFPDCRDI,DCCY,varchar,3,BRZ_RLS,LFPDCRDI,DCCY,varchar,,Direct,SLV_RLS,LFPDCRDI,DCR_DETAIL,TRAN_CCY_CD,,TRAN CCY,varchar,,,,
RLS,LFPDCRDI,DCRATE,numeric,"10, 5",BRZ_RLS,LFPDCRDI,DCRATE,number,"10, 5",Direct,SLV_RLS,LFPDCRDI,DCR_DETAIL,EXCH_RATE,,EXCH RATE,number,"10, 5",,,
RLS,LFPDCRDI,DCTRAN,numeric,"15, 2",BRZ_RLS,LFPDCRDI,DCTRAN,number,"15, 2",Direct,SLV_RLS,LFPDCRDI,DCR_DETAIL,AMT_DEPOSIT,,DEPOSIT AMT,number,"15, 2",,,
RLS,LFPDCRDI,DCPCO,numeric,"3, 0",BRZ_RLS,LFPDCRDI,DCPCO,number,"3, 0",Direct,SLV_RLS,LFPDCRDI,DCR_DETAIL,COMPANY,,COMPANY,number,"3, 0",,,
RLS,LFPDCRDI,DCPNO,varchar,11,BRZ_RLS,LFPDCRDI,DCPNO,varchar,,Direct,SLV_RLS,LFPDCRDI,DCR_DETAIL,POLICY_NO,,POLICY NO.,varchar,,,,
RLS,LFPDCRDI,DCPCCY,varchar,3,BRZ_RLS,LFPDCRDI,DCPCCY,varchar,,Direct,SLV_RLS,LFPDCRDI,DCR_DETAIL,POLICY_CCY,,POLICY CCY,varchar,,,,
RLS,LFPDCRDI,DCPRAT,numeric,"10, 5",BRZ_RLS,LFPDCRDI,DCPRAT,number,"10, 5",Direct,SLV_RLS,LFPDCRDI,DCR_DETAIL,EXCH_RATE_0,,EXCH RATE,number,"10, 5",,,
RLS,LFPDCRDI,DCPN#,numeric,"6, 0",BRZ_RLS,LFPDCRDI,DCPN#,number,"6, 0",Direct,SLV_RLS,LFPDCRDI,DCR_DETAIL,P_N_NO,,P/N NO,number,"6, 0",,,
RLS,LFPDCRDI,DCDUE,numeric,"8, 0",BRZ_RLS,LFPDCRDI,DCDUE,number,"8, 0",Direct,SLV_RLS,LFPDCRDI,DCR_DETAIL,DUE_DT,,DUE DATE,number,"8, 0",,,
RLS,LFPDCRDI,DCFYP,varchar,1,BRZ_RLS,LFPDCRDI,DCFYP,varchar,,Direct,SLV_RLS,LFPDCRDI,DCR_DETAIL,FYP_CD,,FYP CODE,varchar,,,,
RLS,LFPDCRDI,DCMODE,varchar,1,BRZ_RLS,LFPDCRDI,DCMODE,varchar,,Direct,SLV_RLS,LFPDCRDI,DCR_DETAIL,PAY_MODE,,PAY MODE,varchar,,,,
RLS,LFPDCRDI,DCPREM,numeric,"15, 2",BRZ_RLS,LFPDCRDI,DCPREM,number,"15, 2",Direct,SLV_RLS,LFPDCRDI,DCR_DETAIL,PREMI_SETTLED_EXCL_TOPUP_REG,,PREMIUM SETTLED  EXCLUDED TOP-UP REG.,number,"15, 2",,,
RLS,LFPDCRDI,DCMTH,numeric,"2, 0",BRZ_RLS,LFPDCRDI,DCMTH,number,"2, 0",Direct,SLV_RLS,LFPDCRDI,DCR_DETAIL,MTH_COVERED,,MONTHS COVERED,number,"2, 0",,,
RLS,LFPDCRDI,DCDIFF,numeric,"15, 2",BRZ_RLS,LFPDCRDI,DCDIFF,number,"15, 2",Direct,SLV_RLS,LFPDCRDI,DCR_DETAIL,PREMI_DIFF_LCL_CCY,,PREM DIFF LOCAL CCY,number,"15, 2",,,
RLS,LFPDCRDI,DCAGT1,numeric,"14, 0",BRZ_RLS,LFPDCRDI,DCAGT1,number,"14, 0",Direct,SLV_RLS,LFPDCRDI,DCR_DETAIL,AGENT_1,,AGENT-1,number,"14, 0",,,
RLS,LFPDCRDI,DCAGT2,numeric,"14, 0",BRZ_RLS,LFPDCRDI,DCAGT2,number,"14, 0",Direct,SLV_RLS,LFPDCRDI,DCR_DETAIL,AGENT_2,,AGENT-2,number,"14, 0",,,
RLS,LFPDCRDI,DCCOMM,numeric,"13, 2",BRZ_RLS,LFPDCRDI,DCCOMM,number,"13, 2",Direct,SLV_RLS,LFPDCRDI,DCR_DETAIL,COMM_EXCL_TOPUP_REG,,COMM. EXCLUDED  TOP-UP REGULAR,number,"13, 2",,,
RLS,LFPDCRDI,DCLN,numeric,"11, 2",BRZ_RLS,LFPDCRDI,DCLN,number,"11, 2",Direct,SLV_RLS,LFPDCRDI,DCR_DETAIL,LOAN_REPAID,,LOAN'REPAID,number,"11, 2",,,
RLS,LFPDCRDI,DCLNI,numeric,"9, 2",BRZ_RLS,LFPDCRDI,DCLNI,number,"9, 2",Direct,SLV_RLS,LFPDCRDI,DCR_DETAIL,LOAN_INT_REPAID,,LOAN'INT'REPAID,number,"9, 2",,,
RLS,LFPDCRDI,DCDVD,numeric,"15, 2",BRZ_RLS,LFPDCRDI,DCDVD,number,"15, 2",Direct,SLV_RLS,LFPDCRDI,DCR_DETAIL,DVD_SETTLED,,DVD SETTLED,number,"15, 2",,,
RLS,LFPDCRDI,DCDVDI,numeric,"9, 2",BRZ_RLS,LFPDCRDI,DCDVDI,number,"9, 2",Direct,SLV_RLS,LFPDCRDI,DCR_DETAIL,DVD_INT_SETTLED,,DVD INT SETTLED,number,"9, 2",,,
RLS,LFPDCRDI,DCFPD,numeric,"15, 2",BRZ_RLS,LFPDCRDI,DCFPD,number,"15, 2",Direct,SLV_RLS,LFPDCRDI,DCR_DETAIL,FUTURE_PREMI_DEP_SETTLED,,FUTURE PREM DEP SETTLED,number,"15, 2",,,
RLS,LFPDCRDI,DCFPDI,numeric,"16, 2",BRZ_RLS,LFPDCRDI,DCFPDI,number,"16, 2",Direct,SLV_RLS,LFPDCRDI,DCR_DETAIL,DEP_INT_SETTLED,,DEP INT SETTLED,number,"16, 2",,,
RLS,LFPDCRDI,DCSDA1,varchar,10,BRZ_RLS,LFPDCRDI,DCSDA1,varchar,,Direct,SLV_RLS,LFPDCRDI,DCR_DETAIL,SUNDRY_ACCT_1,,SUNDRY A/C,varchar,,,,
RLS,LFPDCRDI,DCSDC1,varchar,3,BRZ_RLS,LFPDCRDI,DCSDC1,varchar,,Direct,SLV_RLS,LFPDCRDI,DCR_DETAIL,SUNDRY_ACCT_CCY_1,,SUNDRY A/C CCY,varchar,,,,
RLS,LFPDCRDI,DCRAT1,numeric,"10, 5",BRZ_RLS,LFPDCRDI,DCRAT1,number,"10, 5",Direct,SLV_RLS,LFPDCRDI,DCR_DETAIL,EXCH_RATE_1,,EXCH RATE,number,"10, 5",,,
RLS,LFPDCRDI,DCSD1,numeric,"15, 2",BRZ_RLS,LFPDCRDI,DCSD1,number,"15, 2",Direct,SLV_RLS,LFPDCRDI,DCR_DETAIL,SUNDRY_AMT_1,,SUNDRY AMT,number,"15, 2",,,
RLS,LFPDCRDI,DCSDA2,varchar,10,BRZ_RLS,LFPDCRDI,DCSDA2,varchar,,Direct,SLV_RLS,LFPDCRDI,DCR_DETAIL,SUNDRY_ACCT_2,,SUNDRY A/C,varchar,,,,
RLS,LFPDCRDI,DCSDC2,varchar,3,BRZ_RLS,LFPDCRDI,DCSDC2,varchar,,Direct,SLV_RLS,LFPDCRDI,DCR_DETAIL,SUNDRY_ACCT_CCY_2,,SUNDRY A/C CCY,varchar,,,,
RLS,LFPDCRDI,DCRAT2,numeric,"10, 5",BRZ_RLS,LFPDCRDI,DCRAT2,number,"10, 5",Direct,SLV_RLS,LFPDCRDI,DCR_DETAIL,EXCH_RATE_2,,EXCH RATE,number,"10, 5",,,
RLS,LFPDCRDI,DCSD2,numeric,"15, 2",BRZ_RLS,LFPDCRDI,DCSD2,number,"15, 2",Direct,SLV_RLS,LFPDCRDI,DCR_DETAIL,SUNDRY_AMT_2,,SUNDRY AMT,number,"15, 2",,,
RLS,LFPDCRDI,DCSDA3,varchar,10,BRZ_RLS,LFPDCRDI,DCSDA3,varchar,,Direct,SLV_RLS,LFPDCRDI,DCR_DETAIL,SUNDRY_ACCT_3,,SUNDRY A/C,varchar,,,,
RLS,LFPDCRDI,DCSDC3,varchar,3,BRZ_RLS,LFPDCRDI,DCSDC3,varchar,,Direct,SLV_RLS,LFPDCRDI,DCR_DETAIL,SUNDRY_ACCT_CCY_3,,SUNDRY A/C CCY,varchar,,,,
RLS,LFPDCRDI,DCRAT3,numeric,"10, 5",BRZ_RLS,LFPDCRDI,DCRAT3,number,"10, 5",Direct,SLV_RLS,LFPDCRDI,DCR_DETAIL,EXCH_RATE_3,,EXCH RATE,number,"10, 5",,,
RLS,LFPDCRDI,DCSD3,numeric,"15, 2",BRZ_RLS,LFPDCRDI,DCSD3,number,"15, 2",Direct,SLV_RLS,LFPDCRDI,DCR_DETAIL,SUNDRY_AMT_3,,SUNDRY AMT,number,"15, 2",,,
RLS,LFPDCRDI,DCSDA4,varchar,10,BRZ_RLS,LFPDCRDI,DCSDA4,varchar,,Direct,SLV_RLS,LFPDCRDI,DCR_DETAIL,SUNDRY_ACCT_3,,SUNDRY A/C,varchar,,,,
RLS,LFPDCRDI,DCSDC4,varchar,3,BRZ_RLS,LFPDCRDI,DCSDC4,varchar,,Direct,SLV_RLS,LFPDCRDI,DCR_DETAIL,SUNDRY_ACCT_CCY_4,,SUNDRY A/C CCY,varchar,,,,
RLS,LFPDCRDI,DCRAT4,numeric,"10, 5",BRZ_RLS,LFPDCRDI,DCRAT4,number,"10, 5",Direct,SLV_RLS,LFPDCRDI,DCR_DETAIL,EXCH_RATE_4,,EXCH RATE,number,"10, 5",,,
RLS,LFPDCRDI,DCSD4,numeric,"15, 2",BRZ_RLS,LFPDCRDI,DCSD4,number,"15, 2",Direct,SLV_RLS,LFPDCRDI,DCR_DETAIL,SUNDRY_AMT_4,,SUNDRY AMT,number,"15, 2",,,
RLS,LFPDCRDI,DCSDA5,varchar,10,BRZ_RLS,LFPDCRDI,DCSDA5,varchar,,Direct,SLV_RLS,LFPDCRDI,DCR_DETAIL,SUNDRY_ACCT_4,,SUNDRY A/C,varchar,,,,
RLS,LFPDCRDI,DCSDC5,varchar,3,BRZ_RLS,LFPDCRDI,DCSDC5,varchar,,Direct,SLV_RLS,LFPDCRDI,DCR_DETAIL,SUNDRY_ACCT_CCY_4,,SUNDRY A/C CCY,varchar,,,,
RLS,LFPDCRDI,DCRAT5,numeric,"10, 5",BRZ_RLS,LFPDCRDI,DCRAT5,number,"10, 5",Direct,SLV_RLS,LFPDCRDI,DCR_DETAIL,EXCH_RATE_5,,EXCH RATE,number,"10, 5",,,
RLS,LFPDCRDI,DCSD5,numeric,"15, 2",BRZ_RLS,LFPDCRDI,DCSD5,number,"15, 2",Direct,SLV_RLS,LFPDCRDI,DCR_DETAIL,SUNDRY_AMT_5,,SUNDRY AMT,number,"15, 2",,,
RLS,LFPDCRDI,DCPLAN,varchar,7,BRZ_RLS,LFPDCRDI,DCPLAN,varchar,,Direct,SLV_RLS,LFPDCRDI,DCR_DETAIL,PLAN_CD,,PLAN CODE,varchar,,,,
RLS,LFPDCRDI,DCPLNN,numeric,"6, 0",BRZ_RLS,LFPDCRDI,DCPLNN,number,"6, 0",Direct,SLV_RLS,LFPDCRDI,DCR_DETAIL,NUM_CD,,NUMERIC CODE,number,"6, 0",,,
RLS,LFPDCRDI,DCTRMP,numeric,"15, 2",BRZ_RLS,LFPDCRDI,DCTRMP,number,"15, 2",Direct,SLV_RLS,LFPDCRDI,DCR_DETAIL,TOT_REG_TOPUP_PREMI,,TOTAL REG. TOP- UP PREMIUM,number,"15, 2",,,
RLS,LFPDCRDI,DCTRMC,numeric,"13, 2",BRZ_RLS,LFPDCRDI,DCTRMC,number,"13, 2",Direct,SLV_RLS,LFPDCRDI,DCR_DETAIL,TOT_REG_TOPUP_COMM,,TOTAL REG. TOP- UP COMM.,number,"13, 2",,,
RLS,LFPDCRDI,DCILSP,numeric,"15, 2",BRZ_RLS,LFPDCRDI,DCILSP,number,"15, 2",Direct,SLV_RLS,LFPDCRDI,DCR_DETAIL,INIT_LUMP_SUM_PREMI,,INITIAL LUMP SUM PREMIUM,number,"15, 2",,,
RLS,LFPDCRDI,DCTLSP,numeric,"15, 2",BRZ_RLS,LFPDCRDI,DCTLSP,number,"15, 2",Direct,SLV_RLS,LFPDCRDI,DCR_DETAIL,LUMP_SUM_PREMI_AMT,,LUMP SUM PREMIUM,number,"15, 2",,,
RLS,LFPDCRDI,DCILSC,numeric,"13, 2",BRZ_RLS,LFPDCRDI,DCILSC,number,"13, 2",Direct,SLV_RLS,LFPDCRDI,DCR_DETAIL,INIT_LUMP_SUM_PREMI_COMM,,INITIAL LUMP SUM PREMIUM COMMISSION,number,"13, 2",,,
RLS,LFPDCRDI,DCTLSC,numeric,"13, 2",BRZ_RLS,LFPDCRDI,DCTLSC,number,"13, 2",Direct,SLV_RLS,LFPDCRDI,DCR_DETAIL,LUMP_SUM_PREMI_COMM,,LUMP SUM PREMIUM COMMISSION,number,"13, 2",,,
RLS,LFPDCRDI,DCSEQ2,numeric,"9, 0",BRZ_RLS,LFPDCRDI,DCSEQ2,number,"9, 0",Direct,SLV_RLS,LFPDCRDI,DCR_DETAIL,BREAK_DOWN_SEQ_NO,,BREAK DOWN SEQUENCE NO,number,"9, 0",,,
RLS,LFPDCRDI,DCXCLC,numeric,"11, 2",BRZ_RLS,LFPDCRDI,DCXCLC,number,"11, 2",Direct,SLV_RLS,LFPDCRDI,DCR_DETAIL,LARGE_CASE_BONUS,,LARGE CASE BONUS,number,"11, 2",,,
RLS,LFPDCRDI,DCXCAM,numeric,"11, 2",BRZ_RLS,LFPDCRDI,DCXCAM,number,"11, 2",Direct,SLV_RLS,LFPDCRDI,DCR_DETAIL,ANNUAL_MODE_BONUS,,ANNUAL MODE BONUS,number,"11, 2",,,
RLS,LFPDCRDI,DCRAL,numeric,"13, 2",BRZ_RLS,LFPDCRDI,DCRAL,number,"13, 2",Direct,SLV_RLS,LFPDCRDI,DCR_DETAIL,RETAIN_COMM,,RETAINED COMMISION,number,"13, 2",,,
RLS,LFPDCRDI,DCMEXTR,numeric,"13, 2",BRZ_RLS,LFPDCRDI,DCMEXTR,number,"13, 2",Direct,SLV_RLS,LFPDCRDI,DCR_DETAIL,EXTRA_COMM_10_PCT,,10% EXTRA COMMISION,number,"13, 2",,,
RLS,LFPDCRDI,DCMBNS,numeric,"11, 2",BRZ_RLS,LFPDCRDI,DCMBNS,number,"11, 2",Direct,SLV_RLS,LFPDCRDI,DCR_DETAIL,MODAL_BONUS_AMT,,MODAL BONUS AMOUNT,number,"11, 2",,,
RLS,LFPDCRDI,DCRSOUR,varchar,5,BRZ_RLS,LFPDCRDI,DCRSOUR,varchar,,Direct,SLV_RLS,LFPDCRDI,DCR_DETAIL,SRC_CD,,SOURCE CODE,varchar,,,,
RLS,LFPDCRDI,DCCSPL,numeric,"5, 2",BRZ_RLS,LFPDCRDI,DCCSPL,number,"5, 2",Direct,SLV_RLS,LFPDCRDI,DCR_DETAIL,COMM_SPLIT_PCT,,COMMISSION SPLIT %,number,"5, 2",,,
RLS,LFPDCRDI,DCPFX,numeric,"15, 2",BRZ_RLS,LFPDCRDI,DCPFX,number,"15, 2",Direct,SLV_RLS,LFPDCRDI,DCR_DETAIL,PREMI_FOR_COMM_GEN_EXCLUDE_REG_TOPUP,,PREM-FOR-COM-GEN (EXCLUDE REG TOP-UP),number,"15, 2",,,
RLS,LFPDCRDI,DCPFT,numeric,"15, 2",BRZ_RLS,LFPDCRDI,DCPFT,number,"15, 2",Direct,SLV_RLS,LFPDCRDI,DCR_DETAIL,PREMI_FOR_COMM_GEN_TOTAL_REG_TOPUP,,PREM-FOR-COM-GEN (TOTAL REG TOP-UP),number,"15, 2",,,
RLS,LFPDCRDI,DCPIL,numeric,"15, 2",BRZ_RLS,LFPDCRDI,DCPIL,number,"15, 2",Direct,SLV_RLS,LFPDCRDI,DCR_DETAIL,PREMI_FOR_COMM_GEN_TOTAL_INIT_LUMP_SUM,,PREM-FOR-COM-GEN (TOTAL INITIAL LUMP SUM),number,"15, 2",,,
RLS,LFPDCRDI,DCPFL,numeric,"15, 2",BRZ_RLS,LFPDCRDI,DCPFL,number,"15, 2",Direct,SLV_RLS,LFPDCRDI,DCR_DETAIL,PREMI_FOR_COMM_GEN_TOTAL_LUMP_SUM,,PREM-FOR-COM-GEN (TOTAL LUMP SUM),number,"15, 2",,,
RLS,LFPDCRDI,DCNAVD,numeric,"8, 0",BRZ_RLS,LFPDCRDI,DCNAVD,number,"8, 0",Direct,SLV_RLS,LFPDCRDI,DCR_DETAIL,NAV_DT,,NAV DATE,number,"8, 0",,,
RLS,LFPDCRDI,DCBKDTF,varchar,1,BRZ_RLS,LFPDCRDI,DCBKDTF,varchar,,Direct,SLV_RLS,LFPDCRDI,DCR_DETAIL,BACK_FLAG_DT,,BACK DATE FLAG,varchar,,,,
RLS,LFPDCRDI,DCPRD,numeric,"8, 0",BRZ_RLS,LFPDCRDI,DCPRD,number,"8, 0",Direct,SLV_RLS,LFPDCRDI,DCR_DETAIL,REFUND_DT,,REFUND DATE,number,"8, 0",,,
RLS,LFPDCRDI,DCLRPC,numeric,"7, 2",BRZ_RLS,LFPDCRDI,DCLRPC,number,"7, 2",Direct,SLV_RLS,LFPDCRDI,DCR_DETAIL,COLL_LEVY_REG_PREMI_IN_POLICY_CCY,,COLL. LEVY ON REG PREM IN POL CCY,number,"7, 2",,,
RLS,LFPDCRDI,DCLRLC,numeric,"7, 2",BRZ_RLS,LFPDCRDI,DCLRLC,number,"7, 2",Direct,SLV_RLS,LFPDCRDI,DCR_DETAIL,COLL_LEVY_REG_PREMI_IN_LCL_CCY,,COLL. LEVY ON REG PREM IN LCL CCY,number,"7, 2",,,
RLS,LFPDCRDI,DCLTPC,numeric,"7, 2",BRZ_RLS,LFPDCRDI,DCLTPC,number,"7, 2",Direct,SLV_RLS,LFPDCRDI,DCR_DETAIL,COLL_LEVY_TOPUP_IN_POLICY_CCY,,COLL. LEVY ON T/U IN POL CCY,number,"7, 2",,,
RLS,LFPDCRDI,DCLTLC,numeric,"7, 2",BRZ_RLS,LFPDCRDI,DCLTLC,number,"7, 2",Direct,SLV_RLS,LFPDCRDI,DCR_DETAIL,COLL_LEVY_TOPUP_IN_LCL_CCY,,COLL. LEVY ON T/U IN LCL CCY,number,"7, 2",,,
RLS,LFPDCRDI,DCLIPC,numeric,"7, 2",BRZ_RLS,LFPDCRDI,DCLIPC,number,"7, 2",Direct,SLV_RLS,LFPDCRDI,DCR_DETAIL,COLL_LEVY_INIT_LUMP_SUM_IN_POLICY_CCY,,COLL. LEVY ON INIT LUMP SUM IN POL CCY,number,"7, 2",,,
RLS,LFPDCRDI,DCLILC,numeric,"7, 2",BRZ_RLS,LFPDCRDI,DCLILC,number,"7, 2",Direct,SLV_RLS,LFPDCRDI,DCR_DETAIL,COLL_LEVY_INIT_LUMP_SUM_IN_LCL_CCY,,COLL. LEVY ON INIT LUMP SUM IN LCL CCY,number,"7, 2",,,
RLS,LFPDCRDI,DCLLPC,numeric,"7, 2",BRZ_RLS,LFPDCRDI,DCLLPC,number,"7, 2",Direct,SLV_RLS,LFPDCRDI,DCR_DETAIL,COLL_LEVY_LUMP_SUM_IN_POLICY_CCY,,COLL. LEVY ON LUMP SUM IN POL CCY,number,"7, 2",,,
RLS,LFPDCRDI,DCLLLC,numeric,"7, 2",BRZ_RLS,LFPDCRDI,DCLLLC,number,"7, 2",Direct,SLV_RLS,LFPDCRDI,DCR_DETAIL,COLL_LEVY_LUMP_SUM_IN_LCL_CCY,,COLL. LEVY ON LUMP SUM IN LCL CCY,number,"7, 2",,,
RLS,LFPDCRDI,DCLRPCS,numeric,"7, 2",BRZ_RLS,LFPDCRDI,DCLRPCS,number,"7, 2",Direct,SLV_RLS,LFPDCRDI,DCR_DETAIL,CALC_LEVY_REG_PREMI_IN_POLICY_CCY,,CALC. LEVY ON REG. PREM IN POL CCY,number,"7, 2",,,
RLS,LFPDCRDI,DCLRLCS,numeric,"7, 2",BRZ_RLS,LFPDCRDI,DCLRLCS,number,"7, 2",Direct,SLV_RLS,LFPDCRDI,DCR_DETAIL,CALC_LEVY_REG_PREMI_IN_LCL_CCY,,CALC. LEVY ON REG. PREM IN LCL CCY,number,"7, 2",,,
RLS,LFPDCRDI,DCLTPCS,numeric,"7, 2",BRZ_RLS,LFPDCRDI,DCLTPCS,number,"7, 2",Direct,SLV_RLS,LFPDCRDI,DCR_DETAIL,CALC_LEVY_TOPUP_IN_POLICY_CCY,,CALC. LEVY ON T/U IN POL CCY,number,"7, 2",,,
RLS,LFPDCRDI,DCLTLCS,numeric,"7, 2",BRZ_RLS,LFPDCRDI,DCLTLCS,number,"7, 2",Direct,SLV_RLS,LFPDCRDI,DCR_DETAIL,CALC_LEVY_TOPUP_IN_LCL_CCY,,CALC. LEVY ON T/U IN LCL CCY,number,"7, 2",,,
RLS,LFPDCRDI,DCLIPCS,numeric,"7, 2",BRZ_RLS,LFPDCRDI,DCLIPCS,number,"7, 2",Direct,SLV_RLS,LFPDCRDI,DCR_DETAIL,CALC_LEVY_INIT_LUMP_SUM_IN_POLICY_CCY,,CALC. LEVY ON INIT LUMP SUM IN POL CCY,number,"7, 2",,,
RLS,LFPDCRDI,DCLILCS,numeric,"7, 2",BRZ_RLS,LFPDCRDI,DCLILCS,number,"7, 2",Direct,SLV_RLS,LFPDCRDI,DCR_DETAIL,CALC_LEVY_INIT_LUMP_SUM_IN_LCL_CCY,,CALC. LEVY ON INIT LUMP SUM IN LCL CCY,number,"7, 2",,,
RLS,LFPDCRDI,DCLLPCS,numeric,"7, 2",BRZ_RLS,LFPDCRDI,DCLLPCS,number,"7, 2",Direct,SLV_RLS,LFPDCRDI,DCR_DETAIL,CALC_LEVY_LUMP_SUM_IN_POLICY_CCY,,CALC. LEVY ON LUMP SUM IN POL CCY,number,"7, 2",,,
RLS,LFPDCRDI,DCLLLCS,numeric,"7, 2",BRZ_RLS,LFPDCRDI,DCLLLCS,number,"7, 2",Direct,SLV_RLS,LFPDCRDI,DCR_DETAIL,CALC_LEVY_LUMP_SUM_IN_LCL_CCY,,CALC. LEVY ON LUMP SUM IN LCL CCY,number,"7, 2",,,
DMTM,BILLING_MONTHLY,bsp_billingno,varchar,50,BRZ_DMTM,BILLING_MONTHLY,bsp_billingno,varchar,,Direct,SLV_DMTM,BILLING_MONTHLY,BILLING_MONTHLY,BILL_NO,,Billing Number,varchar,,,,
DMTM,BILLING_MONTHLY,bsp_refference,varchar,50,BRZ_DMTM,BILLING_MONTHLY,bsp_refference,varchar,,Direct,SLV_DMTM,BILLING_MONTHLY,BILLING_MONTHLY,BILL_REF,,,varchar,,,,
DMTM,BILLING_MONTHLY,bsp_billinghold,smallint,,BRZ_DMTM,BILLING_MONTHLY,bsp_billinghold,smallint,,Direct,SLV_DMTM,BILLING_MONTHLY,BILLING_MONTHLY,BILL_HOLD,,,smallint,,,,
DMTM,BILLING_MONTHLY,bsp_charge,float,,BRZ_DMTM,BILLING_MONTHLY,bsp_charge,float,,Direct,SLV_DMTM,BILLING_MONTHLY,BILLING_MONTHLY,AMT_BILL_LCY,,Bil Amount in Local Currency,float,,,,
DMTM,BILLING_MONTHLY,bsp_status,varchar,15,BRZ_DMTM,BILLING_MONTHLY,bsp_status,varchar,,Direct,SLV_DMTM,BILLING_MONTHLY,BILLING_MONTHLY,BILL_STATUS,,Billing Status,varchar,,,,
DMTM,BILLING_MONTHLY,bsp_paiddt,datetime,,BRZ_DMTM,BILLING_MONTHLY,bsp_paiddt,timestamp_ntz,,Direct,SLV_DMTM,BILLING_MONTHLY,BILLING_MONTHLY,BILL_PAID_DT,,,timestamp_ntz,,,,
DMTM,BILLING_MONTHLY,bsp_timestamp,datetime,,BRZ_DMTM,BILLING_MONTHLY,bsp_timestamp,timestamp_ntz,,Direct,SLV_DMTM,BILLING_MONTHLY,BILLING_MONTHLY,BILL_TS,,,timestamp_ntz,,,,
DMTM,BILLING_MONTHLY,bsp_install,datetime,,BRZ_DMTM,BILLING_MONTHLY,bsp_install,timestamp_ntz,,Direct,SLV_DMTM,BILLING_MONTHLY,BILLING_MONTHLY,BILL_INSTALL,,,timestamp_ntz,,,,
DMTM,BILLING_MONTHLY,bsp_recstatus,varchar,15,BRZ_DMTM,BILLING_MONTHLY,bsp_recstatus,varchar,,Direct,SLV_DMTM,BILLING_MONTHLY,BILLING_MONTHLY,BILL_RECSTATUS,,,varchar,,,,
DMTM,BILLING_MONTHLY,bsp_exportdt,datetime,,BRZ_DMTM,BILLING_MONTHLY,bsp_exportdt,timestamp_ntz,,Direct,SLV_DMTM,BILLING_MONTHLY,BILLING_MONTHLY,BILL_EXPORT_DT,,,timestamp_ntz,,,,
DMTM,BILLING_MONTHLY,bsp_source,smallint,,BRZ_DMTM,BILLING_MONTHLY,bsp_source,smallint,,Direct,SLV_DMTM,BILLING_MONTHLY,BILLING_MONTHLY,BILL_SRC,,,smallint,,,,
DMTM,BILLING_MONTHLY,bsp_type,smallint,,BRZ_DMTM,BILLING_MONTHLY,bsp_type,smallint,,Direct,SLV_DMTM,BILLING_MONTHLY,BILLING_MONTHLY,BILL_TYPE,,,smallint,,,,
DMTM,BILLING_MONTHLY,bsp_collector,varchar,15,BRZ_DMTM,BILLING_MONTHLY,bsp_collector,varchar,,Direct,SLV_DMTM,BILLING_MONTHLY,BILLING_MONTHLY,BILL_COLL,,Bill collector code,varchar,,,,
DMTM,BILLING_MONTHLY,bsp_coll_name,varchar,50,BRZ_DMTM,BILLING_MONTHLY,bsp_coll_name,varchar,,Direct,SLV_DMTM,BILLING_MONTHLY,BILLING_MONTHLY,BILL_COLL_NM,,,varchar,,,,
DMTM,BILLING_MONTHLY,bsp_spcode,varchar,15,BRZ_DMTM,BILLING_MONTHLY,bsp_spcode,varchar,,Direct,SLV_DMTM,BILLING_MONTHLY,BILLING_MONTHLY,BILL_SPCODE,,,varchar,,,,
DMTM,BILLING_MONTHLY,bsp_product,varchar,15,BRZ_DMTM,BILLING_MONTHLY,bsp_product,varchar,,Direct,SLV_DMTM,BILLING_MONTHLY,BILLING_MONTHLY,BILL_PRODUCT,,,varchar,,,,
DMTM,BILLING_MONTHLY,bsp_productname,varchar,50,BRZ_DMTM,BILLING_MONTHLY,bsp_productname,varchar,,Direct,SLV_DMTM,BILLING_MONTHLY,BILLING_MONTHLY,BILL_PRODUCT_NM,,,varchar,,,,
DMTM,BILLING_MONTHLY,bsp_senumber,varchar,50,BRZ_DMTM,BILLING_MONTHLY,bsp_senumber,varchar,,Direct,SLV_DMTM,BILLING_MONTHLY,BILLING_MONTHLY,BILL_SE_NO,,,varchar,,,,
DMTM,BILLING_MONTHLY,bsp_policyno,varchar,15,BRZ_DMTM,BILLING_MONTHLY,bsp_policyno,varchar,,Direct,SLV_DMTM,BILLING_MONTHLY,BILLING_MONTHLY,POLICY_NO,,Policy Number,varchar,,,,
DMTM,BILLING_MONTHLY,bsp_country,varchar,50,BRZ_DMTM,BILLING_MONTHLY,bsp_country,varchar,,Direct,SLV_DMTM,BILLING_MONTHLY,BILLING_MONTHLY,BILL_COUNTRY,,,varchar,,,,
DMTM,BILLING_MONTHLY,bsp_campaign,varchar,15,BRZ_DMTM,BILLING_MONTHLY,bsp_campaign,varchar,,Direct,SLV_DMTM,BILLING_MONTHLY,BILLING_MONTHLY,BILL_CAMPAIGN,,,varchar,,,,
DMTM,BILLING_MONTHLY,bsp_acctid,varchar,50,BRZ_DMTM,BILLING_MONTHLY,bsp_acctid,varchar,,Direct,SLV_DMTM,BILLING_MONTHLY,BILLING_MONTHLY,BILL_ACCT_ID,,,varchar,,,,
DMTM,BILLING_MONTHLY,bsp_name,varchar,200,BRZ_DMTM,BILLING_MONTHLY,bsp_name,varchar,,Direct,SLV_DMTM,BILLING_MONTHLY,BILLING_MONTHLY,BILL_NM,,,varchar,,,,
DMTM,BILLING_MONTHLY,bsp_ccexpdate,varchar,5,BRZ_DMTM,BILLING_MONTHLY,bsp_ccexpdate,varchar,,Direct,SLV_DMTM,BILLING_MONTHLY,BILLING_MONTHLY,BILL_CC_EXP_DT,,,varchar,,,,
DMTM,BILLING_MONTHLY,bsp_bankcode,varchar,15,BRZ_DMTM,BILLING_MONTHLY,bsp_bankcode,varchar,,Direct,SLV_DMTM,BILLING_MONTHLY,BILLING_MONTHLY,BILL_BANK_CODE,,,varchar,,,,
DMTM,BILLING_MONTHLY,bsp_bankname,varchar,50,BRZ_DMTM,BILLING_MONTHLY,bsp_bankname,varchar,,Direct,SLV_DMTM,BILLING_MONTHLY,BILLING_MONTHLY,BILL_BANK_NM,,,varchar,,,,
DMTM,BILLING_MONTHLY,bsp_branchcd,varchar,15,BRZ_DMTM,BILLING_MONTHLY,bsp_branchcd,varchar,,Direct,SLV_DMTM,BILLING_MONTHLY,BILLING_MONTHLY,BILL_BRANCH_CD,,,varchar,,,,
DMTM,BILLING_MONTHLY,bsp_branchname,varchar,100,BRZ_DMTM,BILLING_MONTHLY,bsp_branchname,varchar,,Direct,SLV_DMTM,BILLING_MONTHLY,BILLING_MONTHLY,BILL_BRANCH_NM,,,varchar,,,,
DMTM,BILLING_MONTHLY,bsp_bill_acctnum,varchar,50,BRZ_DMTM,BILLING_MONTHLY,bsp_bill_acctnum,varchar,,Direct,SLV_DMTM,BILLING_MONTHLY,BILLING_MONTHLY,BILL_ACCT_NO,,,varchar,,,,
DMTM,BILLING_MONTHLY,bsp_effectdt,datetime,,BRZ_DMTM,BILLING_MONTHLY,bsp_effectdt,timestamp_ntz,,Direct,SLV_DMTM,BILLING_MONTHLY,BILLING_MONTHLY,BILL_EFF_DT,,,timestamp_ntz,,,,
DMTM,BILLING_MONTHLY,bsp_canceldt,datetime,,BRZ_DMTM,BILLING_MONTHLY,bsp_canceldt,timestamp_ntz,,Direct,SLV_DMTM,BILLING_MONTHLY,BILLING_MONTHLY,BILL_CANCEL_DT,,,timestamp_ntz,,,,
DMTM,BILLING_MONTHLY,bsp_plan,varchar,15,BRZ_DMTM,BILLING_MONTHLY,bsp_plan,varchar,,Direct,SLV_DMTM,BILLING_MONTHLY,BILLING_MONTHLY,BILL_PLAN,,,varchar,,,,
DMTM,BILLING_MONTHLY,bsp_reason,varchar,500,BRZ_DMTM,BILLING_MONTHLY,bsp_reason,varchar,,Direct,SLV_DMTM,BILLING_MONTHLY,BILLING_MONTHLY,BILL_REASON,,,varchar,,,,
DMTM,BILLING_MONTHLY,bsp_reason_desc,varchar,8000,BRZ_DMTM,BILLING_MONTHLY,bsp_reason_desc,varchar,,Direct,SLV_DMTM,BILLING_MONTHLY,BILLING_MONTHLY,BILL_REASON_DESC,,,varchar,,,,
DMTM,BILLING_MONTHLY,bsp_age,smallint,,BRZ_DMTM,BILLING_MONTHLY,bsp_age,smallint,,Direct,SLV_DMTM,BILLING_MONTHLY,BILLING_MONTHLY,BILL_AGE,,,smallint,,,,
DMTM,BILLING_MONTHLY,bsp_bill_freq,varchar,15,BRZ_DMTM,BILLING_MONTHLY,bsp_bill_freq,varchar,,Direct,SLV_DMTM,BILLING_MONTHLY,BILLING_MONTHLY,BILL_FREQ,,,varchar,,,,
DMTM,BILLING_MONTHLY,bsp_bill_method,varchar,15,BRZ_DMTM,BILLING_MONTHLY,bsp_bill_method,varchar,,Direct,SLV_DMTM,BILLING_MONTHLY,BILLING_MONTHLY,BILL_METHOD,,,varchar,,,,
DMTM,BILLING_MONTHLY,bsp_bill_method_desc,varchar,50,BRZ_DMTM,BILLING_MONTHLY,bsp_bill_method_desc,varchar,,Direct,SLV_DMTM,BILLING_MONTHLY,BILLING_MONTHLY,BILL_METHOD_DESC,,,varchar,,,,
DMTM,BILLING_MONTHLY,bsp_sponsor,varchar,15,BRZ_DMTM,BILLING_MONTHLY,bsp_sponsor,varchar,,Direct,SLV_DMTM,BILLING_MONTHLY,BILLING_MONTHLY,BILL_SPONSOR,,,varchar,,,,
DMTM,BILLING_MONTHLY,bsp_sponsor_desc,varchar,50,BRZ_DMTM,BILLING_MONTHLY,bsp_sponsor_desc,varchar,,Direct,SLV_DMTM,BILLING_MONTHLY,BILLING_MONTHLY,BILL_SPONSOR_DESC,,,varchar,,,,
DMTM,BILLING_MONTHLY,bsp_ccname,varchar,100,BRZ_DMTM,BILLING_MONTHLY,bsp_ccname,varchar,,Direct,SLV_DMTM,BILLING_MONTHLY,BILLING_MONTHLY,BILL_CC_NM,,,varchar,,,,
DMTM,BILLING_MONTHLY,bsp_benefit,varchar,500,BRZ_DMTM,BILLING_MONTHLY,bsp_benefit,varchar,,Direct,SLV_DMTM,BILLING_MONTHLY,BILLING_MONTHLY,BILL_BENEFIT,,,varchar,,,,
DMTM,BILLING_MONTHLY,bsp_recondt,datetime,,BRZ_DMTM,BILLING_MONTHLY,bsp_recondt,timestamp_ntz,,Direct,SLV_DMTM,BILLING_MONTHLY,BILLING_MONTHLY,BILL_RECON_DT,,,timestamp_ntz,,,,
DMTM,BILLING_MONTHLY,bsp_tax,float,,BRZ_DMTM,BILLING_MONTHLY,bsp_tax,float,,Direct,SLV_DMTM,BILLING_MONTHLY,BILLING_MONTHLY,BILL_TAX,,,float,,,,
DMTM,BILLING_MONTHLY,bsp_firstbill,smallint,,BRZ_DMTM,BILLING_MONTHLY,bsp_firstbill,smallint,,Direct,SLV_DMTM,BILLING_MONTHLY,BILLING_MONTHLY,IS_FIRST_BILL,,New Business/Renewal Policy Flag,boolean,,,,
DMTM,BILLING_MONTHLY,bsp_install_end,datetime,,BRZ_DMTM,BILLING_MONTHLY,bsp_install_end,timestamp_ntz,,Direct,SLV_DMTM,BILLING_MONTHLY,BILLING_MONTHLY,BILL_INSTALL_END,,,timestamp_ntz,,,,
DMTM,BILLING_MONTHLY,bsp_id,int,,BRZ_DMTM,BILLING_MONTHLY,bsp_id,integer,,Direct,SLV_DMTM,BILLING_MONTHLY,BILLING_MONTHLY,BILL_ID,,,integer,,,,
DMTM,BILLING_MONTHLY,bsp_creation,datetime,,BRZ_DMTM,BILLING_MONTHLY,bsp_creation,timestamp_ntz,,Direct,SLV_DMTM,BILLING_MONTHLY,BILLING_MONTHLY,BILL_CREATION,,,timestamp_ntz,,,,
DMTM,BILLING_MONTHLY,bsp_currency,varchar,15,BRZ_DMTM,BILLING_MONTHLY,bsp_currency,varchar,,Direct,SLV_DMTM,BILLING_MONTHLY,BILLING_MONTHLY,BILL_CCY,,,varchar,,,,
DMTM,BILLING_MONTHLY,bsp_expdate,varchar,5,BRZ_DMTM,BILLING_MONTHLY,bsp_expdate,varchar,,Direct,SLV_DMTM,BILLING_MONTHLY,BILLING_MONTHLY,BILL_EXP_DT,,,varchar,,,,
DMTM,BILLING_MONTHLY,bsp_cust_bdate,datetime,,BRZ_DMTM,BILLING_MONTHLY,bsp_cust_bdate,timestamp_ntz,,Direct,SLV_DMTM,BILLING_MONTHLY,BILLING_MONTHLY,BILL_CUST_BDATE,,,timestamp_ntz,,,,
DMTM,BILLING_MONTHLY,bsp_cifno,varchar,25,BRZ_DMTM,BILLING_MONTHLY,bsp_cifno,varchar,,Direct,SLV_DMTM,BILLING_MONTHLY,BILLING_MONTHLY,BILL_CIF_NO,,,varchar,,,,
DMTM,BILLING_MONTHLY,bsp_identityno,varchar,100,BRZ_DMTM,BILLING_MONTHLY,bsp_identityno,varchar,,Direct,SLV_DMTM,BILLING_MONTHLY,BILLING_MONTHLY,BILL_IDENTITY_NO,,,varchar,,,,
DMTM,BILLING_MONTHLY,bsp_cardno,varchar,50,BRZ_DMTM,BILLING_MONTHLY,bsp_cardno,varchar,,Direct,SLV_DMTM,BILLING_MONTHLY,BILLING_MONTHLY,BILL_CARD_NO,,,varchar,,,,
DMTM,BILLING_MONTHLY,bsp_description,varchar,100,BRZ_DMTM,BILLING_MONTHLY,bsp_description,varchar,,Direct,SLV_DMTM,BILLING_MONTHLY,BILLING_MONTHLY,BILL_DESC,,,varchar,,,,
DMTM,BILLING_MONTHLY,bsp_billingjobid,varchar,25,BRZ_DMTM,BILLING_MONTHLY,bsp_billingjobid,varchar,,Direct,SLV_DMTM,BILLING_MONTHLY,BILLING_MONTHLY,BILLING_JOBID,,,varchar,,,,
DMTM,BILLING_MONTHLY,bsp_billingdate_c,datetime,,BRZ_DMTM,BILLING_MONTHLY,bsp_billingdate_c,timestamp_ntz,,Direct,SLV_DMTM,BILLING_MONTHLY,BILLING_MONTHLY,BILLING_DT_SCHEDULE,,Scheduled billing date,timestamp_ntz,,,,
DMTM,BILLING_MONTHLY,bsp_billingdate_u,datetime,,BRZ_DMTM,BILLING_MONTHLY,bsp_billingdate_u,timestamp_ntz,,Direct,SLV_DMTM,BILLING_MONTHLY,BILLING_MONTHLY,BILLING_DT_ACTUAL,,Actual billing date,timestamp_ntz,,,,
DMTM,BILLING_MONTHLY,bsp_token,varchar,300,BRZ_DMTM,BILLING_MONTHLY,bsp_token,varchar,,Direct,SLV_DMTM,BILLING_MONTHLY,BILLING_MONTHLY,BILL_TOKEN,,,varchar,,,,
DMTM,BILLING_MONTHLY,bsp_bill_method2,nvarchar,100,BRZ_DMTM,BILLING_MONTHLY,bsp_bill_method2,varchar,,Direct,SLV_DMTM,BILLING_MONTHLY,BILLING_MONTHLY,BILL_METHOD2,,,varchar,,,,
DMTM,BILLING_MONTHLY,bsp_bill_acctnum2,nvarchar,100,BRZ_DMTM,BILLING_MONTHLY,bsp_bill_acctnum2,varchar,,Direct,SLV_DMTM,BILLING_MONTHLY,BILLING_MONTHLY,BILL_ACCTNO2,,,varchar,,,,
DMTM,BILLING_MONTHLY,bsp_flag_number,varchar,50,BRZ_DMTM,BILLING_MONTHLY,bsp_flag_number,varchar,,Direct,SLV_DMTM,BILLING_MONTHLY,BILLING_MONTHLY,BILL_FLAG_NO,,,varchar,,,,
RLS,LFPCCPA,D7APNO,varchar,11,BRZ_RLS,LFPCCPA,D7APNO,varchar,,Direct,SLV_RLS,LFPCCPA,CREDIT_CARD_PAYMENT_AUTH,POLICY_NO,,POLICY NO.,varchar,,,,
RLS,LFPCCPA,D7AEFF,numeric,"8, 0",BRZ_RLS,LFPCCPA,D7AEFF,number,"8, 0",Direct,SLV_RLS,LFPCCPA,CREDIT_CARD_PAYMENT_AUTH,CCPA_EFF_DT,,CCPA EFF DATE,number,"8, 0",,,
RLS,LFPCCPA,D7ASTU,varchar,1,BRZ_RLS,LFPCCPA,D7ASTU,varchar,,Direct,SLV_RLS,LFPCCPA,CREDIT_CARD_PAYMENT_AUTH,STATUS,,STATUS,varchar,,,,
RLS,LFPCCPA,D7ANAM,varchar,20,BRZ_RLS,LFPCCPA,D7ANAM,varchar,,Direct,SLV_RLS,LFPCCPA,CREDIT_CARD_PAYMENT_AUTH,CARDHOLDER_NM,,CARDHOLDER NAME,varchar,,,,
RLS,LFPCCPA,D7ACNO,varchar,16,BRZ_RLS,LFPCCPA,D7ACNO,varchar,,Direct,SLV_RLS,LFPCCPA,CREDIT_CARD_PAYMENT_AUTH,CREDIT_CARD_NO,,CREDIT CARD NO.,varchar,,,,
RLS,LFPCCPA,D7AXDT,numeric,"6, 0",BRZ_RLS,LFPCCPA,D7AXDT,number,"6, 0",Direct,SLV_RLS,LFPCCPA,CREDIT_CARD_PAYMENT_AUTH,CARD_EXP_DT,,CARD EXPIRY DATE,number,"6, 0",,,
RLS,LFPCCPA,D7ACBK,varchar,1,BRZ_RLS,LFPCCPA,D7ACBK,varchar,,Direct,SLV_RLS,LFPCCPA,CREDIT_CARD_PAYMENT_AUTH,BANK_COLL_CD,,COLLECTION BANK,varchar,,,,
RLS,LFPCCPA,D7BKIS,varchar,40,BRZ_RLS,LFPCCPA,D7BKIS,varchar,,Direct,SLV_RLS,LFPCCPA,CREDIT_CARD_PAYMENT_AUTH,BANK_ISSUER_NM,,BANK ISSUER NAME,varchar,,,,
RLS,LFPCCPA,D7ADTE,numeric,"8, 0",BRZ_RLS,LFPCCPA,D7ADTE,number,"8, 0",Direct,SLV_RLS,LFPCCPA,CREDIT_CARD_PAYMENT_AUTH,CCPA_PROC_DT,,CCPA PROCESS DATE,number,"8, 0",,,
RLS,LFPCCPA,D7ARDT,numeric,"8, 0",BRZ_RLS,LFPCCPA,D7ARDT,number,"8, 0",Direct,SLV_RLS,LFPCCPA,CREDIT_CARD_PAYMENT_AUTH,REJ_DT,,REJECTION DATE,number,"8, 0",,,
RLS,LFPCCPA,D7ARCD,varchar,3,BRZ_RLS,LFPCCPA,D7ARCD,varchar,,Direct,SLV_RLS,LFPCCPA,CREDIT_CARD_PAYMENT_AUTH,REJ_CD,,REJECTION CODE,varchar,,,,
RLS,LFPCCPA,D7ASEC,varchar,3,BRZ_RLS,LFPCCPA,D7ASEC,varchar,,Direct,SLV_RLS,LFPCCPA,CREDIT_CARD_PAYMENT_AUTH,SECT_CD,,SECTION CODE,varchar,,,,
RLS,LFPCCPA,D7AMDT,numeric,"8, 0",BRZ_RLS,LFPCCPA,D7AMDT,number,"8, 0",Direct,SLV_RLS,LFPCCPA,CREDIT_CARD_PAYMENT_AUTH,CAPTURE_LAST_CHG_DT,,CAPTURE/ LAST CHANGE DATE,number,"8, 0",,,
RLS,LFPCCPA,D7AUSR,varchar,10,BRZ_RLS,LFPCCPA,D7AUSR,varchar,,Direct,SLV_RLS,LFPCCPA,CREDIT_CARD_PAYMENT_AUTH,USER_ID_WHO_PROC_CCPA,,USER ID WHO PROCESS CCPA,varchar,,,,
RLS,LFPCCPA,D7ACPF,varchar,1,BRZ_RLS,LFPCCPA,D7ACPF,varchar,,Direct,SLV_RLS,LFPCCPA,CREDIT_CARD_PAYMENT_AUTH,IS_FOR_CHG_PYMT_METHOD,,FLAG FOR CHANGE OF PAYMENT METHOD,varchar,,,,
RLS,LFPCCPA,D7APID,varchar,20,BRZ_RLS,LFPCCPA,D7APID,varchar,,Direct,SLV_RLS,LFPCCPA,CREDIT_CARD_PAYMENT_AUTH,PAYER_ID,,PAYER ID,varchar,,,,
RLS,LFPCCPA,D7CCPAF,varchar,1,BRZ_RLS,LFPCCPA,D7CCPAF,varchar,,Direct,SLV_RLS,LFPCCPA,CREDIT_CARD_PAYMENT_AUTH,IS_LEVY_AUTH,,LEVY AUTHORIZATION FLAG,varchar,,,,
RLS,RFPDAFB1,PNO,varchar,11,BRZ_RLS,RFPDAFB1,PNO,varchar,,Direct,SLV_RLS,RFPDAFB1,AUTOPAY_DEBIT_AUTH,POLICY_NO,,POLICY NO.,varchar,,,,
RLS,RFPDAFB1,APTYP,varchar,3,BRZ_RLS,RFPDAFB1,APTYP,varchar,,Direct,SLV_RLS,RFPDAFB1,AUTOPAY_DEBIT_AUTH,PYMT_TYPE,,PAYMENT TYPE,varchar,,,,
RLS,RFPDAFB1,AEFF,numeric,"8, 0",BRZ_RLS,RFPDAFB1,AEFF,number,"8, 0",Direct,SLV_RLS,RFPDAFB1,AUTOPAY_DEBIT_AUTH,DA_EFF_DT,,DA EFF DATE,number,"8, 0",,,
RLS,RFPDAFB1,ASTATU,varchar,1,BRZ_RLS,RFPDAFB1,ASTATU,varchar,,Direct,SLV_RLS,RFPDAFB1,AUTOPAY_DEBIT_AUTH,ACCT_STATUS,,STATUS,varchar,,,,
RLS,RFPDAFB1,ANAMF,varchar,30,BRZ_RLS,RFPDAFB1,ANAMF,varchar,,Direct,SLV_RLS,RFPDAFB1,AUTOPAY_DEBIT_AUTH,ACCT_FIRST_NM,,DEBTOR'S FIRST NAME,varchar,,,,
RLS,RFPDAFB1,ANAME,varchar,50,BRZ_RLS,RFPDAFB1,ANAME,varchar,,Direct,SLV_RLS,RFPDAFB1,AUTOPAY_DEBIT_AUTH,ACCT_NM,,DEBTOR'S NAME,varchar,,,,
RLS,RFPDAFB1,ABANK,varchar,4,BRZ_RLS,RFPDAFB1,ABANK,varchar,,Direct,SLV_RLS,RFPDAFB1,AUTOPAY_DEBIT_AUTH,BANK_NO,,BANK NO.,varchar,,,,
RLS,RFPDAFB1,ABRN,varchar,4,BRZ_RLS,RFPDAFB1,ABRN,varchar,,Direct,SLV_RLS,RFPDAFB1,AUTOPAY_DEBIT_AUTH,BRANCH_NO,,BRANCH NO.,varchar,,,,
RLS,RFPDAFB1,AAC,varchar,30,BRZ_RLS,RFPDAFB1,AAC,varchar,,Direct,SLV_RLS,RFPDAFB1,AUTOPAY_DEBIT_AUTH,ACCT_NO,,ACCOUNT NO.,varchar,,,,
RLS,RFPDAFB1,ALIMIT,numeric,"11, 2",BRZ_RLS,RFPDAFB1,ALIMIT,number,"11, 2",Direct,SLV_RLS,RFPDAFB1,AUTOPAY_DEBIT_AUTH,LIMIT_AMT,,LIMIT,number,"11, 2",,,
RLS,RFPDAFB1,ACBANK,varchar,3,BRZ_RLS,RFPDAFB1,ACBANK,varchar,,Direct,SLV_RLS,RFPDAFB1,AUTOPAY_DEBIT_AUTH,BANK_COLL_CD,,COLLECTION BANK,varchar,,,,
RLS,RFPDAFB1,ADATE,numeric,"8, 0",BRZ_RLS,RFPDAFB1,ADATE,number,"8, 0",Direct,SLV_RLS,RFPDAFB1,AUTOPAY_DEBIT_AUTH,PROCESS_DT,,DA PROCESS DATE,number,"8, 0",,,
RLS,RFPDAFB1,ARDATE,numeric,"8, 0",BRZ_RLS,RFPDAFB1,ARDATE,number,"8, 0",Direct,SLV_RLS,RFPDAFB1,AUTOPAY_DEBIT_AUTH,REJECTION_DT,,REJECTION DATE,number,"8, 0",,,
RLS,RFPDAFB1,ARCODE,varchar,3,BRZ_RLS,RFPDAFB1,ARCODE,varchar,,Direct,SLV_RLS,RFPDAFB1,AUTOPAY_DEBIT_AUTH,REJECTION_CD,,REJECTION CODE,varchar,,,,
RLS,RFPDAFB1,ASECT,varchar,3,BRZ_RLS,RFPDAFB1,ASECT,varchar,,Direct,SLV_RLS,RFPDAFB1,AUTOPAY_DEBIT_AUTH,SECT_CD,,SECTION CODE,varchar,,,,
RLS,RFPDAFB1,AMDATE,numeric,"8, 0",BRZ_RLS,RFPDAFB1,AMDATE,number,"8, 0",Direct,SLV_RLS,RFPDAFB1,AUTOPAY_DEBIT_AUTH,LAST_CHG_DT,,CAPTURE/ LAST CHANGE DATE,number,"8, 0",,,
RLS,RFPDAFB1,ACDATE,numeric,"8, 0",BRZ_RLS,RFPDAFB1,ACDATE,number,"8, 0",Direct,SLV_RLS,RFPDAFB1,AUTOPAY_DEBIT_AUTH,CONFIRM_REJ_DT,,CONFIRMATION/ REJECT DATE,number,"8, 0",,,
RLS,RFPDAFB1,ACCY,varchar,3,BRZ_RLS,RFPDAFB1,ACCY,varchar,,Direct,SLV_RLS,RFPDAFB1,AUTOPAY_DEBIT_AUTH,ACCT_CCY_CD,,ACCOUNT CURRENCY CODE,varchar,,,,
RLS,RFPDAFB1,AMICR,varchar,5,BRZ_RLS,RFPDAFB1,AMICR,varchar,,Direct,SLV_RLS,RFPDAFB1,AUTOPAY_DEBIT_AUTH,MICR_CD,,MICR CODE,varchar,,,,
RLS,RFPDAFB1,APID,varchar,20,BRZ_RLS,RFPDAFB1,APID,varchar,,Direct,SLV_RLS,RFPDAFB1,AUTOPAY_DEBIT_AUTH,PAYER_ID,,PAYER ID,varchar,,,,
RLS,RFPDAFB1,AEGIRO,varchar,1,BRZ_RLS,RFPDAFB1,AEGIRO,varchar,,Direct,SLV_RLS,RFPDAFB1,AUTOPAY_DEBIT_AUTH,EGIRO_REC,,eGIRO Record,varchar,,,,
RLS,LFPDCRHI,DCRSEQ,numeric,"8, 0",BRZ_RLS,LFPDCRHI,DCRSEQ,number,"8, 0",Direct,SLV_RLS,LFPDCRHI,DCR_HEADER,SEQ_NO,,SEQ NO.,number,"8, 0",,,
RLS,LFPDCRHI,DCRDOT,numeric,"8, 0",BRZ_RLS,LFPDCRHI,DCRDOT,number,"8, 0",Direct,SLV_RLS,LFPDCRHI,DCR_HEADER,TRAN_DT,,TRANS DATE,number,"8, 0",,,
RLS,LFPDCRHI,DCRDOS,numeric,"8, 0",BRZ_RLS,LFPDCRHI,DCRDOS,number,"8, 0",Direct,SLV_RLS,LFPDCRHI,DCR_HEADER,SUBM_DT,,SUBM DATE,number,"8, 0",,,
RLS,LFPDCRHI,DCRECP,char,10,BRZ_RLS,LFPDCRHI,DCRECP,varchar,,Direct,SLV_RLS,LFPDCRHI,DCR_HEADER,RECEIPT_NO,,RECEIPT NO.,varchar,,,,
RLS,LFPDCRHI,DCRNCD,char,1,BRZ_RLS,LFPDCRHI,DCRNCD,varchar,,Direct,SLV_RLS,LFPDCRHI,DCR_HEADER,NM_CD,,NAME CODE,varchar,,,,
RLS,LFPDCRHI,DCRREM,char,30,BRZ_RLS,LFPDCRHI,DCRREM,varchar,,Direct,SLV_RLS,LFPDCRHI,DCR_HEADER,REMARK,,REMARK,varchar,,,,
RLS,LFPDCRHI,DCRECD,numeric,"15, 2",BRZ_RLS,LFPDCRHI,DCRECD,number,"15, 2",Direct,SLV_RLS,LFPDCRHI,DCR_HEADER,TOT_HKD_RECD,,TOTAL HKD RECD,number,"15, 2",,,
RLS,LFPDCRHI,DCREV,char,1,BRZ_RLS,LFPDCRHI,DCREV,varchar,,Direct,SLV_RLS,LFPDCRHI,DCR_HEADER,REVERSAL_CD,,REVERSAL CODE,varchar,,,,
RLS,LFPDCRHI,DCRBCQ,char,1,BRZ_RLS,LFPDCRHI,DCRBCQ,varchar,,Direct,SLV_RLS,LFPDCRHI,DCR_HEADER,BOUNCE_CHQ,,BOUNCED CHEQUE,varchar,,,,
RLS,LFPDCRHI,DCRBKF,char,1,BRZ_RLS,LFPDCRHI,DCRBKF,varchar,,Direct,SLV_RLS,LFPDCRHI,DCR_HEADER,IS_BANK_IN,,BANK IN FLAG,varchar,,,,
RLS,LFPDCRHI,DCRCY1,char,3,BRZ_RLS,LFPDCRHI,DCRCY1,varchar,,Direct,SLV_RLS,LFPDCRHI,DCR_HEADER,CASH_CCY,,CASH CCY,varchar,,,,
RLS,LFPDCRHI,DCRFA1,numeric,"15, 2",BRZ_RLS,LFPDCRHI,DCRFA1,number,"15, 2",Direct,SLV_RLS,LFPDCRHI,DCR_HEADER,REAL_CCY_AMT,,REAL CCY AMT,number,"15, 2",,,
RLS,LFPDCRHI,DCRRA1,numeric,"10, 5",BRZ_RLS,LFPDCRHI,DCRRA1,number,"10, 5",Direct,SLV_RLS,LFPDCRHI,DCR_HEADER,EXCH,,EXCHANGE,number,"10, 5",,,
RLS,LFPDCRHI,DCRLA1,numeric,"15, 2",BRZ_RLS,LFPDCRHI,DCRLA1,number,"15, 2",Direct,SLV_RLS,LFPDCRHI,DCR_HEADER,HKD_AMT,,HKD AMOUNT,number,"15, 2",,,
RLS,LFPDCRHI,DCRAC1,char,20,BRZ_RLS,LFPDCRHI,DCRAC1,varchar,,Direct,SLV_RLS,LFPDCRHI,DCR_HEADER,BANK_ACCT,,BANK A/C,varchar,,,,
RLS,LFPDCRHI,DCRCY2,char,3,BRZ_RLS,LFPDCRHI,DCRCY2,varchar,,Direct,SLV_RLS,LFPDCRHI,DCR_HEADER,CHQ_CCY,,CHEQUE CCY,varchar,,,,
RLS,LFPDCRHI,DCRFA2,numeric,"15, 2",BRZ_RLS,LFPDCRHI,DCRFA2,number,"15, 2",Direct,SLV_RLS,LFPDCRHI,DCR_HEADER,REAL_CCY_AMT,,REAL CCY AMT,number,"15, 2",,,
RLS,LFPDCRHI,DCRDA2,numeric,"8, 0",BRZ_RLS,LFPDCRHI,DCRDA2,number,"8, 0",Direct,SLV_RLS,LFPDCRHI,DCR_HEADER,CHQ_DT,,CHEQUE DATE,number,"8, 0",,,
RLS,LFPDCRHI,DCRRA2,numeric,"10, 5",BRZ_RLS,LFPDCRHI,DCRRA2,number,"10, 5",Direct,SLV_RLS,LFPDCRHI,DCR_HEADER,EXCH,,EXCHANGE,number,"10, 5",,,
RLS,LFPDCRHI,DCRLY2,numeric,"15, 2",BRZ_RLS,LFPDCRHI,DCRLY2,number,"15, 2",Direct,SLV_RLS,LFPDCRHI,DCR_HEADER,HKD_AMT,,HKD AMOUNT,number,"15, 2",,,
RLS,LFPDCRHI,DCRBK2,char,3,BRZ_RLS,LFPDCRHI,DCRBK2,varchar,,Direct,SLV_RLS,LFPDCRHI,DCR_HEADER,BANK_NO,,BANK NO.,varchar,,,,
RLS,LFPDCRHI,DCRBR2,char,6,BRZ_RLS,LFPDCRHI,DCRBR2,varchar,,Direct,SLV_RLS,LFPDCRHI,DCR_HEADER,BRANCH_NO,,BRANCH NO.,varchar,,,,
RLS,LFPDCRHI,DCRCQ2,char,12,BRZ_RLS,LFPDCRHI,DCRCQ2,varchar,,Direct,SLV_RLS,LFPDCRHI,DCR_HEADER,CHQ_NO,,CHEQUE NO.,varchar,,,,
RLS,LFPDCRHI,DCR2MC,char,5,BRZ_RLS,LFPDCRHI,DCR2MC,varchar,,Direct,SLV_RLS,LFPDCRHI,DCR_HEADER,MICR_CD,,MICR CODE,varchar,,,,
RLS,LFPDCRHI,DCRAC2,char,20,BRZ_RLS,LFPDCRHI,DCRAC2,varchar,,Direct,SLV_RLS,LFPDCRHI,DCR_HEADER,BANK_ACCT,,BANK A/C,varchar,,,,
RLS,LFPDCRHI,DCRCY3,char,3,BRZ_RLS,LFPDCRHI,DCRCY3,varchar,,Direct,SLV_RLS,LFPDCRHI,DCR_HEADER,CCY,,CCY,varchar,,,,
RLS,LFPDCRHI,DCRFA3,numeric,"15, 2",BRZ_RLS,LFPDCRHI,DCRFA3,number,"15, 2",Direct,SLV_RLS,LFPDCRHI,DCR_HEADER,REAL_CCY_AMT,,REAL CCY AMT,number,"15, 2",,,
RLS,LFPDCRHI,DCRDA3,numeric,"8, 0",BRZ_RLS,LFPDCRHI,DCRDA3,number,"8, 0",Direct,SLV_RLS,LFPDCRHI,DCR_HEADER,CHQ_DT,,CHEQUE DATE,number,"8, 0",,,
RLS,LFPDCRHI,DCRRA3,numeric,"10, 5",BRZ_RLS,LFPDCRHI,DCRRA3,number,"10, 5",Direct,SLV_RLS,LFPDCRHI,DCR_HEADER,EXCH,,EXCHANGE,number,"10, 5",,,
RLS,LFPDCRHI,DCRLY3,numeric,"15, 2",BRZ_RLS,LFPDCRHI,DCRLY3,number,"15, 2",Direct,SLV_RLS,LFPDCRHI,DCR_HEADER,HKD_AMT,,HKD AMOUNT,number,"15, 2",,,
RLS,LFPDCRHI,DCRBK3,char,3,BRZ_RLS,LFPDCRHI,DCRBK3,varchar,,Direct,SLV_RLS,LFPDCRHI,DCR_HEADER,BANK_NO,,BANK NO.,varchar,,,,
RLS,LFPDCRHI,DCRBR3,char,6,BRZ_RLS,LFPDCRHI,DCRBR3,varchar,,Direct,SLV_RLS,LFPDCRHI,DCR_HEADER,BRANCH_NO,,BRANCH NO.,varchar,,,,
RLS,LFPDCRHI,DCRCQ3,char,12,BRZ_RLS,LFPDCRHI,DCRCQ3,varchar,,Direct,SLV_RLS,LFPDCRHI,DCR_HEADER,CHQ_NO,,CHEQUE NO.,varchar,,,,
RLS,LFPDCRHI,DCR3MC,char,5,BRZ_RLS,LFPDCRHI,DCR3MC,varchar,,Direct,SLV_RLS,LFPDCRHI,DCR_HEADER,MICR_CD,,MICR CODE,varchar,,,,
RLS,LFPDCRHI,DCRAC3,char,20,BRZ_RLS,LFPDCRHI,DCRAC3,varchar,,Direct,SLV_RLS,LFPDCRHI,DCR_HEADER,BANK_ACCT,,BANK A/C,varchar,,,,
RLS,LFPDCRHI,DCRCY4,char,3,BRZ_RLS,LFPDCRHI,DCRCY4,varchar,,Direct,SLV_RLS,LFPDCRHI,DCR_HEADER,CREDIT_CARD_CCY,,CREDIT CARD CCY,varchar,,,,
RLS,LFPDCRHI,DCRFA4,numeric,"15, 2",BRZ_RLS,LFPDCRHI,DCRFA4,number,"15, 2",Direct,SLV_RLS,LFPDCRHI,DCR_HEADER,REAL_CCY_AMT,,REAL CCY AMT,number,"15, 2",,,
RLS,LFPDCRHI,DCRDA4,numeric,"8, 0",BRZ_RLS,LFPDCRHI,DCRDA4,number,"8, 0",Direct,SLV_RLS,LFPDCRHI,DCR_HEADER,TRAN_DT,,TRAN. DATE,number,"8, 0",,,
RLS,LFPDCRHI,DCRRA4,numeric,"10, 5",BRZ_RLS,LFPDCRHI,DCRRA4,number,"10, 5",Direct,SLV_RLS,LFPDCRHI,DCR_HEADER,EXCH,,EXCHANGE,number,"10, 5",,,
RLS,LFPDCRHI,DCRLY4,numeric,"15, 2",BRZ_RLS,LFPDCRHI,DCRLY4,number,"15, 2",Direct,SLV_RLS,LFPDCRHI,DCR_HEADER,HKD_AMT,,HKD AMOUNT,number,"15, 2",,,
RLS,LFPDCRHI,DCRCN4,char,20,BRZ_RLS,LFPDCRHI,DCRCN4,varchar,,Direct,SLV_RLS,LFPDCRHI,DCR_HEADER,CARD_NO,,CARD NO.,varchar,,,,
RLS,LFPDCRHI,DCREX4,numeric,"6, 0",BRZ_RLS,LFPDCRHI,DCREX4,number,"6, 0",Direct,SLV_RLS,LFPDCRHI,DCR_HEADER,EXP_DT,,EXPIRY DATE(YYYYMM),number,"6, 0",,,
RLS,LFPDCRHI,DCRAU4,char,6,BRZ_RLS,LFPDCRHI,DCRAU4,varchar,,Direct,SLV_RLS,LFPDCRHI,DCR_HEADER,AUTH_CD,,AUTH. CODE,varchar,,,,
RLS,LFPDCRHI,DCRAC4,char,20,BRZ_RLS,LFPDCRHI,DCRAC4,varchar,,Direct,SLV_RLS,LFPDCRHI,DCR_HEADER,BANK_ACCT,,BANK A/C,varchar,,,,
RLS,LFPDCRHI,DCRUSR,char,10,BRZ_RLS,LFPDCRHI,DCRUSR,varchar,,Direct,SLV_RLS,LFPDCRHI,DCR_HEADER,USER_NM,,USER NAME,varchar,,,,
RLS,LFPDCRHI,DCRLOC,char,3,BRZ_RLS,LFPDCRHI,DCRLOC,varchar,,Direct,SLV_RLS,LFPDCRHI,DCR_HEADER,LOC_CD,,LOCATION CODE,varchar,,,,
RLS,LFPDCRHI,DCRJID,char,10,BRZ_RLS,LFPDCRHI,DCRJID,varchar,,Direct,SLV_RLS,LFPDCRHI,DCR_HEADER,JOB_ID,,JOB ID.,varchar,,,,
RLS,LFPDCRHI,DCRSTD,numeric,"15, 0",BRZ_RLS,LFPDCRHI,DCRSTD,number,"15, 0",Direct,SLV_RLS,LFPDCRHI,DCR_HEADER,STAMP_DUTY,,STAMP DUTY,number,"15, 0",,,
RLS,LFPDCRHI,DCCHAN,char,1,BRZ_RLS,LFPDCRHI,DCCHAN,varchar,,Direct,SLV_RLS,LFPDCRHI,DCR_HEADER,CHANNEL,,CHANNEL,varchar,,,,
RLS,LFPDCRHI,DCRBFE,numeric,"8, 2",BRZ_RLS,LFPDCRHI,DCRBFE,number,"8, 2",Direct,SLV_RLS,LFPDCRHI,DCR_HEADER,BANK_FEE,,BANK FEE,number,"8, 2",,,
RLS,LFPDCRHI,DCRCVDT,numeric,"8, 0",BRZ_RLS,LFPDCRHI,DCRCVDT,number,"8, 0",Direct,SLV_RLS,LFPDCRHI,DCR_HEADER,RECEIVED_DT,,RECEIVED DATE(YYYY/MM/DD),number,"8, 0",,,
RLS,LFPDCRHI,DCCBRDT,numeric,"8, 0",BRZ_RLS,LFPDCRHI,DCCBRDT,number,"8, 0",Direct,SLV_RLS,LFPDCRHI,DCR_HEADER,CBR_DT,,CBR DATE(YYYY/MM/DD),number,"8, 0",,,
RLS,LFPDCRHI,DCPCO,numeric,"3, 0",BRZ_RLS,LFPDCRHI,DCPCO,number,"3, 0",Direct,SLV_RLS,LFPDCRHI,DCR_HEADER,COMPANY,,COMPANY CODE,number,"3, 0",,,
RLS,LFPDCRHI,DCFRHC,char,1,BRZ_RLS,LFPDCRHI,DCFRHC,varchar,,Direct,SLV_RLS,LFPDCRHI,DCR_HEADER,CHQ_HONOURED,,CHEQUE HONOURED,varchar,,,,
RLS,LFPDCRHI,DCRPSR,char,3,BRZ_RLS,LFPDCRHI,DCRPSR,varchar,,Direct,SLV_RLS,LFPDCRHI,DCR_HEADER,PYMT_SRC,,PAYMENT SOURCE,varchar,,,,
RLS,LFPDCRHI,DCRCY5,char,3,BRZ_RLS,LFPDCRHI,DCRCY5,varchar,,Direct,SLV_RLS,LFPDCRHI,DCR_HEADER,PYMT_SRC_CCY,,PAYMENT SOURCE CURRENCY,varchar,,,,
RLS,LFPDCRHI,DCRFA5,numeric,"15, 2",BRZ_RLS,LFPDCRHI,DCRFA5,number,"15, 2",Direct,SLV_RLS,LFPDCRHI,DCR_HEADER,REAL_CCY_AMT,,REAL CCY AMOUNT,number,"15, 2",,,
RLS,LFPDCRHI,DCRDA5,numeric,"8, 0",BRZ_RLS,LFPDCRHI,DCRDA5,number,"8, 0",Direct,SLV_RLS,LFPDCRHI,DCR_HEADER,PYMT_DT,,PAYMENT DATE,number,"8, 0",,,
RLS,LFPDCRHI,DCRRA5,numeric,"10, 5",BRZ_RLS,LFPDCRHI,DCRRA5,number,"10, 5",Direct,SLV_RLS,LFPDCRHI,DCR_HEADER,EXCH,,EXCHANGE,number,"10, 5",,,
RLS,LFPDCRHI,DCRLY5,numeric,"15, 2",BRZ_RLS,LFPDCRHI,DCRLY5,number,"15, 2",Direct,SLV_RLS,LFPDCRHI,DCR_HEADER,HKD_AMT,,HKD AMOUNT,number,"15, 2",,,
RLS,LFPDCRHI,DCRBK5,char,3,BRZ_RLS,LFPDCRHI,DCRBK5,varchar,,Direct,SLV_RLS,LFPDCRHI,DCR_HEADER,BANK_NO,,BANK NO.,varchar,,,,
RLS,LFPDCRHI,DCRBR5,char,6,BRZ_RLS,LFPDCRHI,DCRBR5,varchar,,Direct,SLV_RLS,LFPDCRHI,DCR_HEADER,BRANCH_NO,,BRANCH NO.,varchar,,,,
RLS,LFPDCRHI,DCRCQ5,char,12,BRZ_RLS,LFPDCRHI,DCRCQ5,varchar,,Direct,SLV_RLS,LFPDCRHI,DCR_HEADER,CHQ_NO,,CHEQUE NO.,varchar,,,,
RLS,LFPDCRHI,DCR5MC,char,5,BRZ_RLS,LFPDCRHI,DCR5MC,varchar,,Direct,SLV_RLS,LFPDCRHI,DCR_HEADER,MICR_CD,,MICR CODE,varchar,,,,
RLS,LFPDCRHI,DCRAC5,char,20,BRZ_RLS,LFPDCRHI,DCRAC5,varchar,,Direct,SLV_RLS,LFPDCRHI,DCR_HEADER,BANK_ACCT,,BANK A/C,varchar,,,,
RLS,IBTABPLAN,PLAN,CHAR,7,BRZ_RLS,IBTABPLAN,PLAN,varchar,,Direct,SLV_RLS,IBTABPLAN,MASTER_PLAN,PLAN_CD,,PLAN CODE,varchar,,,,
RLS,IBTABPLAN,PLAND,CHAR,50,BRZ_RLS,IBTABPLAN,PLAND,varchar,,Direct,SLV_RLS,IBTABPLAN,MASTER_PLAN,PLAN_DESC,,PLAN DESCRIPTION,varchar,,,,
RLS,IBTABPLAN,PLSBGP,CHAR,7,BRZ_RLS,IBTABPLAN,PLSBGP,varchar,,Direct,SLV_RLS,IBTABPLAN,MASTER_PLAN,PLAN_SUB_GROUP,,PLAN SUB GROUP,varchar,,,,
RLS,IBTABPLAN,PLPOL,NUMERIC,3,BRZ_RLS,IBTABPLAN,PLPOL,number,3,Direct,SLV_RLS,IBTABPLAN,MASTER_PLAN,PLAN_POLICY_TERM,,POLICY TERM,number,3,,,
RLS,IBTABPLAN,PLPOLA,CHAR,1,BRZ_RLS,IBTABPLAN,PLPOLA,varchar,,Direct,SLV_RLS,IBTABPLAN,MASTER_PLAN,POLICY_AT_AGE,,AT AGE,varchar,,,,
RLS,IBTABPLAN,PLPRE,NUMERIC,3,BRZ_RLS,IBTABPLAN,PLPRE,number,3,Direct,SLV_RLS,IBTABPLAN,MASTER_PLAN,PREMI_TERM_AT_PLAN_LEVEL,,PREMIUM TERM AT PLAN LEVEL,number,3,,,
RLS,IBTABPLAN,PLPREA,CHAR,1,BRZ_RLS,IBTABPLAN,PLPREA,varchar,,Direct,SLV_RLS,IBTABPLAN,MASTER_PLAN,PREMI_AT_AGE,,AT AGE,varchar,,,,
RLS,IBTABPLAN,PLPPL,NUMERIC,3,BRZ_RLS,IBTABPLAN,PLPPL,number,3,Direct,SLV_RLS,IBTABPLAN,MASTER_PLAN,PREMI_TERM_AT_POLICY_LEVEL,,PREMIUM TERM AT POLICY LEVEL,number,3,,,
RLS,IBTABPLAN,PLPPLA,CHAR,1,BRZ_RLS,IBTABPLAN,PLPPLA,varchar,,Direct,SLV_RLS,IBTABPLAN,MASTER_PLAN,PLAN_AT_AGE,,AT AGE,varchar,,,,
DMTM,PRODUCT,PRODUCTID,,,BRZ_DMTM,PRODUCT,PRODUCTID,,,Direct,SLV_DMTM,PRODUCT,PRODUCT,PRODUCT_CD,,,,,,,
DMTM,PRODUCT,NAME,,,BRZ_DMTM,PRODUCT,NAME,,,Direct,SLV_DMTM,PRODUCT,PRODUCT,PRODUCT_NM,,,,,,,
DMTM,PRODUCT,SPONSORID,,,BRZ_DMTM,PRODUCT,SPONSORID,,,Direct,SLV_DMTM,PRODUCT,PRODUCT,SPONSOR_CD,,,,,,,
DMTM,PRODUCT,PROFILELINK,,,BRZ_DMTM,PRODUCT,PROFILELINK,,,Direct,SLV_DMTM,PRODUCT,PRODUCT,PROFILE_LINK,,,,,,,
DMTM,PRODUCT,EMAILSUBJECT,,,BRZ_DMTM,PRODUCT,EMAILSUBJECT,,,Direct,SLV_DMTM,PRODUCT,PRODUCT,EMAIL_SUBJECT,,,,,,,
DMTM,PRODUCT,EMAILMESSAGE,,,BRZ_DMTM,PRODUCT,EMAILMESSAGE,,,Direct,SLV_DMTM,PRODUCT,PRODUCT,EMAIL_MESSAGE,,,,,,,
DMTM,PRODUCT,EMAILATTACHMENT,,,BRZ_DMTM,PRODUCT,EMAILATTACHMENT,,,Direct,SLV_DMTM,PRODUCT,PRODUCT,EMAIL_ATTACHMENT,,,,,,,
DMTM,PRODUCT,EMAILPROFILE,,,BRZ_DMTM,PRODUCT,EMAILPROFILE,,,Direct,SLV_DMTM,PRODUCT,PRODUCT,EMAIL_PROFILE,,,,,,,
DMTM,PRODUCT,AGELOGICID,,,BRZ_DMTM,PRODUCT,AGELOGICID,,,Direct,SLV_DMTM,PRODUCT,PRODUCT,AGE_LOGIC_CD,,,,,,,
DMTM,PRODUCT,ISALLOWBENEFICIARY,,,BRZ_DMTM,PRODUCT,ISALLOWBENEFICIARY,,,Direct,SLV_DMTM,PRODUCT,PRODUCT,IS_ALLOW_BENEFICIARY,,,boolean,,,,
DMTM,PRODUCT,POLICYPREFIX,,,BRZ_DMTM,PRODUCT,POLICYPREFIX,,,Direct,SLV_DMTM,PRODUCT,PRODUCT,POLICY_PREFIX,,,,,,,
DMTM,PRODUCT,MINMINAGE,,,BRZ_DMTM,PRODUCT,MINMINAGE,,,Direct,SLV_DMTM,PRODUCT,PRODUCT,MI_MIN_AGE,,,,,,,
DMTM,PRODUCT,MIMAXAGE,,,BRZ_DMTM,PRODUCT,MIMAXAGE,,,Direct,SLV_DMTM,PRODUCT,PRODUCT,MI_MAX_AGE,,,,,,,
DMTM,PRODUCT,MIREN,,,BRZ_DMTM,PRODUCT,MIREN,,,Direct,SLV_DMTM,PRODUCT,PRODUCT,MI_REN,,,,,,,
DMTM,PRODUCT,SPMINAGE,,,BRZ_DMTM,PRODUCT,SPMINAGE,,,Direct,SLV_DMTM,PRODUCT,PRODUCT,SP_MIN_AGE,,,,,,,
DMTM,PRODUCT,SPMAXAGE,,,BRZ_DMTM,PRODUCT,SPMAXAGE,,,Direct,SLV_DMTM,PRODUCT,PRODUCT,SP_MAX_AGE,,,,,,,
DMTM,PRODUCT,SPRENAGE,,,BRZ_DMTM,PRODUCT,SPRENAGE,,,Direct,SLV_DMTM,PRODUCT,PRODUCT,SP_REN_AGE,,,,,,,
DMTM,PRODUCT,DPMINAGE,,,BRZ_DMTM,PRODUCT,DPMINAGE,,,Direct,SLV_DMTM,PRODUCT,PRODUCT,DP_MIN_AGE,,,,,,,
DMTM,PRODUCT,DPMAXAGE,,,BRZ_DMTM,PRODUCT,DPMAXAGE,,,Direct,SLV_DMTM,PRODUCT,PRODUCT,DP_MAX_AGE,,,,,,,
DMTM,PRODUCT,DPRENAGE,,,BRZ_DMTM,PRODUCT,DPRENAGE,,,Direct,SLV_DMTM,PRODUCT,PRODUCT,DP_REN_AGE,,,,,,,
DMTM,PRODUCT,ISPACKAGE,,,BRZ_DMTM,PRODUCT,ISPACKAGE,,,Direct,SLV_DMTM,PRODUCT,PRODUCT,IS_PACKAGE,,,boolean,,,,
DMTM,PRODUCT,ISFREE,,,BRZ_DMTM,PRODUCT,ISFREE,,,Direct,SLV_DMTM,PRODUCT,PRODUCT,IS_FREE,,,boolean,,,,
DMTM,PRODUCT,ISELIGIBLEMI,,,BRZ_DMTM,PRODUCT,ISELIGIBLEMI,,,Direct,SLV_DMTM,PRODUCT,PRODUCT,IS_ELIGIBLE_MI,,,boolean,,,,
DMTM,PRODUCT,ISELIGIBLESP,,,BRZ_DMTM,PRODUCT,ISELIGIBLESP,,,Direct,SLV_DMTM,PRODUCT,PRODUCT,IS_ELIGIBLE_SP,,,boolean,,,,
DMTM,PRODUCT,ELIGIBLEDPTYPE,,,BRZ_DMTM,PRODUCT,ELIGIBLEDPTYPE,,,Direct,SLV_DMTM,PRODUCT,PRODUCT,ELIGIBLE_DP_TYPE,,,,,,,
DMTM,PRODUCT,ISCOVERAGEMI,,,BRZ_DMTM,PRODUCT,ISCOVERAGEMI,,,Direct,SLV_DMTM,PRODUCT,PRODUCT,IS_COVERAGE_MI,,,boolean,,,,
DMTM,PRODUCT,ISCOVERAGEMI_SP,,,BRZ_DMTM,PRODUCT,ISCOVERAGEMI_SP,,,Direct,SLV_DMTM,PRODUCT,PRODUCT,IS_COVERAGE_MI_SP,,,boolean,,,,
DMTM,PRODUCT,ISCOVERAGEMI_FM,,,BRZ_DMTM,PRODUCT,ISCOVERAGEMI_FM,,,Direct,SLV_DMTM,PRODUCT,PRODUCT,IS_COVERAGE_MI_FM,,,boolean,,,,
DMTM,PRODUCT,ISCOVERAGESP_DP,,,BRZ_DMTM,PRODUCT,ISCOVERAGESP_DP,,,Direct,SLV_DMTM,PRODUCT,PRODUCT,IS_COVERAGE_SP_DP,,,boolean,,,,
DMTM,PRODUCT,ISCOVERAGESP,,,BRZ_DMTM,PRODUCT,ISCOVERAGESP,,,Direct,SLV_DMTM,PRODUCT,PRODUCT,IS_COVERAGE_SP,,,boolean,,,,
DMTM,PRODUCT,ISCOVERAGEDP,,,BRZ_DMTM,PRODUCT,ISCOVERAGEDP,,,Direct,SLV_DMTM,PRODUCT,PRODUCT,IS_COVERAGE_DP,,,boolean,,,,
DMTM,PRODUCT,ISCOVERAGEMI_DP,,,BRZ_DMTM,PRODUCT,ISCOVERAGEMI_DP,,,Direct,SLV_DMTM,PRODUCT,PRODUCT,IS_COVERAGE_MI_DP,,,boolean,,,,
DMTM,PRODUCT,ISSAMEPLAN,,,BRZ_DMTM,PRODUCT,ISSAMEPLAN,,,Direct,SLV_DMTM,PRODUCT,PRODUCT,IS_SAME_PLAN,,,boolean,,,,
DMTM,PRODUCT,COVERAGEPERIOD,,,BRZ_DMTM,PRODUCT,COVERAGEPERIOD,,,Direct,SLV_DMTM,PRODUCT,PRODUCT,COVERAGE_PERIOD,,,,,,,
DMTM,PRODUCT,PAYMENTPERIOD,,,BRZ_DMTM,PRODUCT,PAYMENTPERIOD,,,Direct,SLV_DMTM,PRODUCT,PRODUCT,PYMT_PERIOD,,,,,,,
DMTM,PRODUCT,BONUSTYPEID,,,BRZ_DMTM,PRODUCT,BONUSTYPEID,,,Direct,SLV_DMTM,PRODUCT,PRODUCT,BONUS_TYPE_CD,,,,,,,
DMTM,PRODUCT,ISINVESTMENT,,,BRZ_DMTM,PRODUCT,ISINVESTMENT,,,Direct,SLV_DMTM,PRODUCT,PRODUCT,IS_INVESTMENT,,,boolean,,,,
DMTM,PRODUCT,INVESTMENTPERCENTAGE,,,BRZ_DMTM,PRODUCT,INVESTMENTPERCENTAGE,,,Direct,SLV_DMTM,PRODUCT,PRODUCT,INVESTMENT_PCT,,,,,,,
DMTM,PRODUCT,INSURANCEPERCENTAGE,,,BRZ_DMTM,PRODUCT,INSURANCEPERCENTAGE,,,Direct,SLV_DMTM,PRODUCT,PRODUCT,INSURANCE_PCT,,,,,,,
DMTM,PRODUCT,RETURNTYPEID,,,BRZ_DMTM,PRODUCT,RETURNTYPEID,,,Direct,SLV_DMTM,PRODUCT,PRODUCT,RETURN_TYPE_CD,,,,,,,
DMTM,PRODUCT,RETURNAMOUNT,,,BRZ_DMTM,PRODUCT,RETURNAMOUNT,,,Direct,SLV_DMTM,PRODUCT,PRODUCT,RETURN_AMT,,,,,,,
DMTM,PRODUCT,WAITINGPERIOD,,,BRZ_DMTM,PRODUCT,WAITINGPERIOD,,,Direct,SLV_DMTM,PRODUCT,PRODUCT,WAITING_PERIOD,,,,,,,
DMTM,PRODUCT,COOLINGOFFPERIOD,,,BRZ_DMTM,PRODUCT,COOLINGOFFPERIOD,,,Direct,SLV_DMTM,PRODUCT,PRODUCT,COOLING_OFF_PERIOD,,,,,,,
DMTM,PRODUCT,ISALLOWTOPUP,,,BRZ_DMTM,PRODUCT,ISALLOWTOPUP,,,Direct,SLV_DMTM,PRODUCT,PRODUCT,IS_ALLOW_TOPUP,,,boolean,,,,
DMTM,PRODUCT,MAXCOVERAGEAGE,,,BRZ_DMTM,PRODUCT,MAXCOVERAGEAGE,,,Direct,SLV_DMTM,PRODUCT,PRODUCT,MAX_COVERAGE_AGE,,,,,,,
DMTM,PRODUCT,ISNOUW,,,BRZ_DMTM,PRODUCT,ISNOUW,,,Direct,SLV_DMTM,PRODUCT,PRODUCT,IS_NO_UW,,,boolean,,,,
DMTM,PRODUCT,ISSYARIAH,,,BRZ_DMTM,PRODUCT,ISSYARIAH,,,Direct,SLV_DMTM,PRODUCT,PRODUCT,IS_SYARIAH,,,boolean,,,,
DMTM,PRODUCT,SYARIAHTABAROPERCENTAGE,,,BRZ_DMTM,PRODUCT,SYARIAHTABAROPERCENTAGE,,,Direct,SLV_DMTM,PRODUCT,PRODUCT,SYARIAH_TABARO_PCT,,,,,,,
DMTM,PRODUCT,SYARIAHUJROPERCENTAGE,,,BRZ_DMTM,PRODUCT,SYARIAHUJROPERCENTAGE,,,Direct,SLV_DMTM,PRODUCT,PRODUCT,SYARIAH_UJRO_PCT,,,,,,,
DMTM,PRODUCT,SYARIAHHOLDPERCENTAGE,,,BRZ_DMTM,PRODUCT,SYARIAHHOLDPERCENTAGE,,,Direct,SLV_DMTM,PRODUCT,PRODUCT,SYARIAH_HOLD_PCT,,,,,,,
DMTM,PRODUCT,SYARIAHINSURERPERCENTAGE,,,BRZ_DMTM,PRODUCT,SYARIAHINSURERPERCENTAGE,,,Direct,SLV_DMTM,PRODUCT,PRODUCT,SYARIAH_INSURER_PCT,,,,,,,
DMTM,PRODUCT,OPENDATE,,,BRZ_DMTM,PRODUCT,OPENDATE,,,Direct,SLV_DMTM,PRODUCT,PRODUCT,OPEN_DT,,,,,,,
DMTM,PRODUCT,CLOSEDATE,,,BRZ_DMTM,PRODUCT,CLOSEDATE,,,Direct,SLV_DMTM,PRODUCT,PRODUCT,CLOSE_DT,,,,,,,
DMTM,PRODUCT,REMARK,,,BRZ_DMTM,PRODUCT,REMARK,,,Direct,SLV_DMTM,PRODUCT,PRODUCT,REMARK,,,,,,,
DMTM,PRODUCT,CURRENCYID,,,BRZ_DMTM,PRODUCT,CURRENCYID,,,Direct,SLV_DMTM,PRODUCT,PRODUCT,CCY_CD,,,,,,,
DMTM,PRODUCT,CATEGORYID,,,BRZ_DMTM,PRODUCT,CATEGORYID,,,Direct,SLV_DMTM,PRODUCT,PRODUCT,CATEGORY_CD,,,,,,,
DMTM,PRODUCT,STATUSID,,,BRZ_DMTM,PRODUCT,STATUSID,,,Direct,SLV_DMTM,PRODUCT,PRODUCT,STATUS_CD,,,,,,,
DMTM,PRODUCT,ISAUTORENEW,,,BRZ_DMTM,PRODUCT,ISAUTORENEW,,,Direct,SLV_DMTM,PRODUCT,PRODUCT,IS_AUTO_RENEW,,,boolean,,,,
DMTM,PRODUCT,ISFAMILY,,,BRZ_DMTM,PRODUCT,ISFAMILY,,,Direct,SLV_DMTM,PRODUCT,PRODUCT,IS_FAMILY,,,boolean,,,,
DMTM,PRODUCT,SHORTNAME,,,BRZ_DMTM,PRODUCT,SHORTNAME,,,Direct,SLV_DMTM,PRODUCT,PRODUCT,SHORT_NM,,,,,,,
DMTM,PRODUCT,GRACEPERIOD,,,BRZ_DMTM,PRODUCT,GRACEPERIOD,,,Direct,SLV_DMTM,PRODUCT,PRODUCT,GRACE_PERIOD,,,,,,,
DMTM,PRODUCT,ISNEEDCONSERVATION,,,BRZ_DMTM,PRODUCT,ISNEEDCONSERVATION,,,Direct,SLV_DMTM,PRODUCT,PRODUCT,IS_NEED_CONSERVATION,,,boolean,,,,
DMTM,PRODUCT,LAPSEDAILYRATE,,,BRZ_DMTM,PRODUCT,LAPSEDAILYRATE,,,Direct,SLV_DMTM,PRODUCT,PRODUCT,LAPSE_DAILY_RATE,,,,,,,
DMTM,PRODUCT,MAXDAYSTOCLAIM,,,BRZ_DMTM,PRODUCT,MAXDAYSTOCLAIM,,,Direct,SLV_DMTM,PRODUCT,PRODUCT,MAX_DAYS_TO_CLAIM,,,,,,,
DMTM,PRODUCT,EXCLUSION,,,BRZ_DMTM,PRODUCT,EXCLUSION,,,Direct,SLV_DMTM,PRODUCT,PRODUCT,EXCLUSION,,,,,,,
DMTM,PRODUCT,STDCLAIMSERVICE,,,BRZ_DMTM,PRODUCT,STDCLAIMSERVICE,,,Direct,SLV_DMTM,PRODUCT,PRODUCT,STD_CLAIM_SERVICE,,,,,,,
DMTM,PRODUCT,MINCLAIMAMOUNT,,,BRZ_DMTM,PRODUCT,MINCLAIMAMOUNT,,,Direct,SLV_DMTM,PRODUCT,PRODUCT,MIN_CLAIM_AMT,,,,,,,
DMTM,PRODUCT,MAXCLAIMAMOUNT,,,BRZ_DMTM,PRODUCT,MAXCLAIMAMOUNT,,,Direct,SLV_DMTM,PRODUCT,PRODUCT,MAX_CLAIM_AMT,,,,,,,
DMTM,PRODUCT,ISLOCKCLAIM,,,BRZ_DMTM,PRODUCT,ISLOCKCLAIM,,,Direct,SLV_DMTM,PRODUCT,PRODUCT,IS_LOCK_CLAIM,,,boolean,,,,
DMTM,PRODUCT,PROFILE,,,BRZ_DMTM,PRODUCT,PROFILE,,,Direct,SLV_DMTM,PRODUCT,PRODUCT,PROFILE,,,,,,,
DMTM,PRODUCT,ISNEEDFIRSTPAYMENT,,,BRZ_DMTM,PRODUCT,ISNEEDFIRSTPAYMENT,,,Direct,SLV_DMTM,PRODUCT,PRODUCT,IS_NEED_FIRST_PYMT,,,boolean,,,,
DMTM,PRODUCT,ISCLAIMDIAGNOSISFIRST,,,BRZ_DMTM,PRODUCT,ISCLAIMDIAGNOSISFIRST,,,Direct,SLV_DMTM,PRODUCT,PRODUCT,IS_CLAIM_DIAGNOSIS_FIRST,,,boolean,,,,
DMTM,PRODUCT,ISPOLICYNORESERVED,,,BRZ_DMTM,PRODUCT,ISPOLICYNORESERVED,,,Direct,SLV_DMTM,PRODUCT,PRODUCT,IS_POLICY_NO_RESERVED,,,boolean,,,,
DMTM,PRODUCT,POLICYNOPATTERN,,,BRZ_DMTM,PRODUCT,POLICYNOPATTERN,,,Direct,SLV_DMTM,PRODUCT,PRODUCT,POLICY_NO_PATTERN,,,,,,,
DMTM,PRODUCT,ISALLOWANNIV,,,BRZ_DMTM,PRODUCT,ISALLOWANNIV,,,Direct,SLV_DMTM,PRODUCT,PRODUCT,IS_ALLOW_ANNIV,,,boolean,,,,
DMTM,PRODUCT,MAXSUMINSURED,,,BRZ_DMTM,PRODUCT,MAXSUMINSURED,,,Direct,SLV_DMTM,PRODUCT,PRODUCT,MAX_SUM_INSURED,,,,,,,
DMTM,PRODUCT,MAXSUMASSURED,,,BRZ_DMTM,PRODUCT,MAXSUMASSURED,,,Direct,SLV_DMTM,PRODUCT,PRODUCT,MAX_SUM_ASSURED,,,,,,,
DMTM,PRODUCT,MAXSUMPREMIUM,,,BRZ_DMTM,PRODUCT,MAXSUMPREMIUM,,,Direct,SLV_DMTM,PRODUCT,PRODUCT,MAX_SUM_PREMI,,,,,,,
DMTM,PRODUCT,PRODUCTGROUP,,,BRZ_DMTM,PRODUCT,PRODUCTGROUP,,,Direct,SLV_DMTM,PRODUCT,PRODUCT,PRODUCT_GROUP,,,,,,,
DMTM,PRODUCT,PRINTINGNAME,,,BRZ_DMTM,PRODUCT,PRINTINGNAME,,,Direct,SLV_DMTM,PRODUCT,PRODUCT,PRINTING_NM,,,,,,,
DMTM,PRODUCT,ISALLOWPAYMENTMETHODCHANGE,,,BRZ_DMTM,PRODUCT,ISALLOWPAYMENTMETHODCHANGE,,,Direct,SLV_DMTM,PRODUCT,PRODUCT,IS_ALLOW_PYMT_METHOD_CHANGE,,,boolean,,,,
DMTM,PRODUCT,ISALLOWUPGRADE,,,BRZ_DMTM,PRODUCT,ISALLOWUPGRADE,,,Direct,SLV_DMTM,PRODUCT,PRODUCT,IS_ALLOW_UPGRADE,,,boolean,,,,
DMTM,PRODUCT,ISALLOWDOWNGRADE,,,BRZ_DMTM,PRODUCT,ISALLOWDOWNGRADE,,,Direct,SLV_DMTM,PRODUCT,PRODUCT,IS_ALLOW_DOWNGRADE,,,boolean,,,,
DMTM,PRODUCT,FIRSTPREMIDISCOUNT,,,BRZ_DMTM,PRODUCT,FIRSTPREMIDISCOUNT,,,Direct,SLV_DMTM,PRODUCT,PRODUCT,FIRST_PREMI_DISC,,,,,,,
DMTM,PRODUCT,DISCOUNTDURATION,,,BRZ_DMTM,PRODUCT,DISCOUNTDURATION,,,Direct,SLV_DMTM,PRODUCT,PRODUCT,DISC_DURATION,,,,,,,
DMTM,PRODUCT,SURVIVALPERIOD,,,BRZ_DMTM,PRODUCT,SURVIVALPERIOD,,,Direct,SLV_DMTM,PRODUCT,PRODUCT,SURVIVAL_PERIOD,,,,,,,
DMTM,PRODUCT,ISELIGIBLEDP,,,BRZ_DMTM,PRODUCT,ISELIGIBLEDP,,,Direct,SLV_DMTM,PRODUCT,PRODUCT,IS_ELIGIBLE_DP,,,boolean,,,,
DMTM,PRODUCT,ISALLOWPREMIUMCHANGE,,,BRZ_DMTM,PRODUCT,ISALLOWPREMIUMCHANGE,,,Direct,SLV_DMTM,PRODUCT,PRODUCT,IS_ALLOW_PREMI_CHANGE,,,boolean,,,,
DMTM,PRODUCT,ACCOUNTINGCODE,,,BRZ_DMTM,PRODUCT,ACCOUNTINGCODE,,,Direct,SLV_DMTM,PRODUCT,PRODUCT,ACCOUNTING_CD,,,,,,,
DMTM,PRODUCT,LOGDATE,,,BRZ_DMTM,PRODUCT,LOGDATE,,,Direct,SLV_DMTM,PRODUCT,PRODUCT,LOG_DT,,,,,,,
DMTM,PRODUCT,MATURITYAGEFACTOR,,,BRZ_DMTM,PRODUCT,MATURITYAGEFACTOR,,,Direct,SLV_DMTM,PRODUCT,PRODUCT,MATURITY_AGE_FACTOR,,,,,,,
DMTM,PRODUCT,REFUNDFACTOR,,,BRZ_DMTM,PRODUCT,REFUNDFACTOR,,,Direct,SLV_DMTM,PRODUCT,PRODUCT,REFUND_FACTOR,,,,,,,
DMTM,PRODUCT,ISELIGIBLEGROUPPOLICY,,,BRZ_DMTM,PRODUCT,ISELIGIBLEGROUPPOLICY,,,Direct,SLV_DMTM,PRODUCT,PRODUCT,IS_ELIGIBLE_GROUP_POLICY,,,boolean,,,,
DMTM,PRODUCT,ISFEEBASED,,,BRZ_DMTM,PRODUCT,ISFEEBASED,,,Direct,SLV_DMTM,PRODUCT,PRODUCT,IS_FEE_BASED,,,boolean,,,,
MAN,ALTERNATE_PRODUCT_GROUP,Productid,,,BRZ_MAN,ALTERNATE_PRODUCT_GROUP,Productid,,,Direct,SLV_MAN,ALTERNATE_PRODUCT_GROUP,ALTERNATE_PRODUCT_GRP,PRODUCT_CD,,,,,,,
MAN,ALTERNATE_PRODUCT_GROUP,ProductName,,,BRZ_MAN,ALTERNATE_PRODUCT_GROUP,ProductName,,,Direct,SLV_MAN,ALTERNATE_PRODUCT_GROUP,ALTERNATE_PRODUCT_GRP,PRODUCT_NM,,,,,,,
MAN,ALTERNATE_PRODUCT_GROUP,ProductGroup,,,BRZ_MAN,ALTERNATE_PRODUCT_GROUP,ProductGroup,,,Direct,SLV_MAN,ALTERNATE_PRODUCT_GROUP,ALTERNATE_PRODUCT_GRP,PRODUCT_GRP,,,,,,,
MAN,ALTERNATE_PRODUCT_GROUP,Syariah/Konven,,,BRZ_MAN,ALTERNATE_PRODUCT_GROUP,Syariah/Konven,,,Direct,SLV_MAN,ALTERNATE_PRODUCT_GROUP,ALTERNATE_PRODUCT_GRP,SYARIAH_KONVEN,,,,,,,
RLS,AGPBABRHX,BBCHAN,,,BRZ_RLS,AGPBABRHX,BBCHAN,,,Direct,SLV_RLS,AGPBABRHX,BANCA_BANK_BRANCH,BANK_CHANNEL_cD,,CHANNEL CODE,,,,,
RLS,AGPBABRHX,BBBANK,,,BRZ_RLS,AGPBABRHX,BBBANK,,,Direct,SLV_RLS,AGPBABRHX,BANCA_BANK_BRANCH,BANK_CD,,BANK CODE,,,,,
RLS,AGPBABRHX,BBREG,,,BRZ_RLS,AGPBABRHX,BBREG,,,Direct,SLV_RLS,AGPBABRHX,BANCA_BANK_BRANCH,BANK_REG_CD,,REGION CODE,,,,,
RLS,AGPBABRHX,BBAREA,,,BRZ_RLS,AGPBABRHX,BBAREA,,,Direct,SLV_RLS,AGPBABRHX,BANCA_BANK_BRANCH,BANK_AREA_CD,,AREA CODE,,,,,
RLS,AGPBABRHX,BBBRH,,,BRZ_RLS,AGPBABRHX,BBBRH,,,Direct,SLV_RLS,AGPBABRHX,BANCA_BANK_BRANCH,BANK_BRANCH_CD,,BRANCH CODE,,,,,
RLS,AGPBABRHX,BBBRTYP,,,BRZ_RLS,AGPBABRHX,BBBRTYP,,,Direct,SLV_RLS,AGPBABRHX,BANCA_BANK_BRANCH,BANK_BRANCH_TYPE,,BANK BRANCH TYPE,,,,,
RLS,AGPBABRHX,BBNAME,,,BRZ_RLS,AGPBABRHX,BBNAME,,,Direct,SLV_RLS,AGPBABRHX,BANCA_BANK_BRANCH,BANK_BRANCH_NM,,BANK BRANCH NAME,,,,,
RLS,AGPBABRHX,BBEFFD,,,BRZ_RLS,AGPBABRHX,BBEFFD,,,Direct,SLV_RLS,AGPBABRHX,BANCA_BANK_BRANCH,BANK_BRANCH_EFF_DT,,BRANCH PERS. EFF. DATE,,,,,
RLS,AGPBABRHX,BBACNM,,,BRZ_RLS,AGPBABRHX,BBACNM,,,Direct,SLV_RLS,AGPBABRHX,BANCA_BANK_BRANCH,BANK_ACCT_NM,,ACCOUNT NAME,,,,,
RLS,AGPBABRHX,BBACCN,,,BRZ_RLS,AGPBABRHX,BBACCN,,,Direct,SLV_RLS,AGPBABRHX,BANCA_BANK_BRANCH,BANK_ACCT_NO,,BANK ACCOUNT NO.,,,,,
RLS,AGPBABRHX,BBTIN,,,BRZ_RLS,AGPBABRHX,BBTIN,,,Direct,SLV_RLS,AGPBABRHX,BANCA_BANK_BRANCH,BANK_TAX_ID_NO,,TAX IDENTIFICATION NUMBER,,,,,
RLS,AGPBABRHX,BBADD1,,,BRZ_RLS,AGPBABRHX,BBADD1,,,Direct,SLV_RLS,AGPBABRHX,BANCA_BANK_BRANCH,BANK_ADDR_1,,ADDRESS 1,,,,,
RLS,AGPBABRHX,BBADD2,,,BRZ_RLS,AGPBABRHX,BBADD2,,,Direct,SLV_RLS,AGPBABRHX,BANCA_BANK_BRANCH,BANK_ADDR_2,,ADDRESS 2,,,,,
RLS,AGPBABRHX,BBZIPC,,,BRZ_RLS,AGPBABRHX,BBZIPC,,,Direct,SLV_RLS,AGPBABRHX,BANCA_BANK_BRANCH,BANK_ZIP_CD,,ZIP CODE,,,,,
RLS,AGPBABRHX,BBPNAM,,,BRZ_RLS,AGPBABRHX,BBPNAM,,,Direct,SLV_RLS,AGPBABRHX,BANCA_BANK_BRANCH,BANK_POOL_NM,,BRANCH NAME(POOL),,,,,
RLS,AGPBABRHX,BBPACC,,,BRZ_RLS,AGPBABRHX,BBPACC,,,Direct,SLV_RLS,AGPBABRHX,BANCA_BANK_BRANCH,BANK_POOL_ACCT_NO,,BANK ACCOUNT NO. (POOL),,,,,
RLS,AGPBABRHX,BBPTIN,,,BRZ_RLS,AGPBABRHX,BBPTIN,,,Direct,SLV_RLS,AGPBABRHX,BANCA_BANK_BRANCH,BANK_POOL_TAX_ID_NO,,TAX IDENTIFICATION NO (POOL),,,,,
RLS,AGPBABRHX,BBPAD1,,,BRZ_RLS,AGPBABRHX,BBPAD1,,,Direct,SLV_RLS,AGPBABRHX,BANCA_BANK_BRANCH,BANK_POOL_ADDR_1,,ADDRESS 1(POOL),,,,,
RLS,AGPBABRHX,BBPAD2,,,BRZ_RLS,AGPBABRHX,BBPAD2,,,Direct,SLV_RLS,AGPBABRHX,BANCA_BANK_BRANCH,BANK_POOL_ADDR_2,,ADDRESS 2(POOL),,,,,
RLS,AGPBABRHX,BBPZIP,,,BRZ_RLS,AGPBABRHX,BBPZIP,,,Direct,SLV_RLS,AGPBABRHX,BANCA_BANK_BRANCH,BANK_POOL_ZIP_CD,,ZIP CODE(POOL),,,,,
RLS,AGPBABRHX,BBTRMD,,,BRZ_RLS,AGPBABRHX,BBTRMD,,,Direct,SLV_RLS,AGPBABRHX,BANCA_BANK_BRANCH,BANK_TERMINATE_DT,,TERMINATION DATE,,,,,
RLS,AGPBABRHX,BBTEL1,,,BRZ_RLS,AGPBABRHX,BBTEL1,,,Direct,SLV_RLS,AGPBABRHX,BANCA_BANK_BRANCH,BANK_BRANCH_TEL_1,,BRANCH TELEPHONE 1,,,,,
RLS,AGPBABRHX,BBTELE1,,,BRZ_RLS,AGPBABRHX,BBTELE1,,,Direct,SLV_RLS,AGPBABRHX,BANCA_BANK_BRANCH,BANK_BRANCH_TEL_1_EXT,,BRANCH TELEPHONE EXT 1,,,,,
RLS,AGPBABRHX,BBTEL2,,,BRZ_RLS,AGPBABRHX,BBTEL2,,,Direct,SLV_RLS,AGPBABRHX,BANCA_BANK_BRANCH,BANK_BRANCH_TEL_2,,BRANCH TELEPHONE 2,,,,,
RLS,AGPBABRHX,BBTELE2,,,BRZ_RLS,AGPBABRHX,BBTELE2,,,Direct,SLV_RLS,AGPBABRHX,BANCA_BANK_BRANCH,BANK_BRANCH_TEL_2_EXT,,BRANCH TELEPHONE EXT 2,,,,,
RLS,AGPBABRHX,BBTEL3,,,BRZ_RLS,AGPBABRHX,BBTEL3,,,Direct,SLV_RLS,AGPBABRHX,BANCA_BANK_BRANCH,BANK_BRANCH_TEL_3,,BRANCH TELEPHONE 3,,,,,
RLS,AGPBABRHX,BBTELE3,,,BRZ_RLS,AGPBABRHX,BBTELE3,,,Direct,SLV_RLS,AGPBABRHX,BANCA_BANK_BRANCH,BANK_BRANCH_TEL_3_EXT,,BRANCH TELEPHONE EXT 3,,,,,
RLS,AGPBABRHX,BBFAX1,,,BRZ_RLS,AGPBABRHX,BBFAX1,,,Direct,SLV_RLS,AGPBABRHX,BANCA_BANK_BRANCH,BANK_BRANCH_FAX_1,,BRANCH FAX 1,,,,,
RLS,AGPBABRHX,BBFAX2,,,BRZ_RLS,AGPBABRHX,BBFAX2,,,Direct,SLV_RLS,AGPBABRHX,BANCA_BANK_BRANCH,BANK_BRANCH_FAX_2,,BRANCH FAX 2,,,,,
RLS,AGPBABRHX,BBFAX3,,,BRZ_RLS,AGPBABRHX,BBFAX3,,,Direct,SLV_RLS,AGPBABRHX,BANCA_BANK_BRANCH,BANK_BRANCH_FAX_3,,BRANCH FAX 3,,,,,
RLS,AGPBABRHX,BBMDT,,,BRZ_RLS,AGPBABRHX,BBMDT,,,Direct,SLV_RLS,AGPBABRHX,BANCA_BANK_BRANCH,LAST_UPDATE_DT,,LAST UPDATED DATE,,,,,
RLS,AGPBABRHX,BBUSR,,,BRZ_RLS,AGPBABRHX,BBUSR,,,Direct,SLV_RLS,AGPBABRHX,BANCA_BANK_BRANCH,USER_ID,,USER ID,,,,,
MAN,IDAS_MANPOWER_MANUAL_UPLOAD,FACTPERIOD,,,BRZ_MAN,IDAS_MANPOWER_MANUAL_UPLOAD,FACTPERIOD,,,Direct,SLV_MAN,IDAS_MANPOWER_MANUAL_UPLOAD,MANPOWER_MANUAL_UPLOAD,FACT_PERIOD,,,,,,,
MAN,IDAS_MANPOWER_MANUAL_UPLOAD,PERIODKEY,,,BRZ_MAN,IDAS_MANPOWER_MANUAL_UPLOAD,PERIODKEY,,,Direct,SLV_MAN,IDAS_MANPOWER_MANUAL_UPLOAD,MANPOWER_MANUAL_UPLOAD,PERIOD_KEY,,,,,,,
MAN,IDAS_MANPOWER_MANUAL_UPLOAD,FLAG,,,BRZ_MAN,IDAS_MANPOWER_MANUAL_UPLOAD,FLAG,,,Direct,SLV_MAN,IDAS_MANPOWER_MANUAL_UPLOAD,MANPOWER_MANUAL_UPLOAD,KEY,,,,,,,
MAN,IDAS_MANPOWER_MANUAL_UPLOAD,Category,,,BRZ_MAN,IDAS_MANPOWER_MANUAL_UPLOAD,Category,,,Direct,SLV_MAN,IDAS_MANPOWER_MANUAL_UPLOAD,MANPOWER_MANUAL_UPLOAD,REG_CAT,,,,,,,
MAN,IDAS_MANPOWER_MANUAL_UPLOAD,Region Name,,,BRZ_MAN,IDAS_MANPOWER_MANUAL_UPLOAD,Region Name,,,Direct,SLV_MAN,IDAS_MANPOWER_MANUAL_UPLOAD,MANPOWER_MANUAL_UPLOAD,REG_NM,,,,,,,
MAN,IDAS_MANPOWER_MANUAL_UPLOAD,RSM Branch,,,BRZ_MAN,IDAS_MANPOWER_MANUAL_UPLOAD,RSM Branch,,,Direct,SLV_MAN,IDAS_MANPOWER_MANUAL_UPLOAD,MANPOWER_MANUAL_UPLOAD,RSM_BRANCH_ID,,,,,,,
MAN,IDAS_MANPOWER_MANUAL_UPLOAD,RSM Branch Type,,,BRZ_MAN,IDAS_MANPOWER_MANUAL_UPLOAD,RSM Branch Type,,,Direct,SLV_MAN,IDAS_MANPOWER_MANUAL_UPLOAD,MANPOWER_MANUAL_UPLOAD,RSM_BRANCH_TYPE,,,,,,,
MAN,IDAS_MANPOWER_MANUAL_UPLOAD,RSM Branch Name,,,BRZ_MAN,IDAS_MANPOWER_MANUAL_UPLOAD,RSM Branch Name,,,Direct,SLV_MAN,IDAS_MANPOWER_MANUAL_UPLOAD,MANPOWER_MANUAL_UPLOAD,RSM_BRANCH_NM,,,,,,,
MAN,IDAS_MANPOWER_MANUAL_UPLOAD,RSM Name,,,BRZ_MAN,IDAS_MANPOWER_MANUAL_UPLOAD,RSM Name,,,Direct,SLV_MAN,IDAS_MANPOWER_MANUAL_UPLOAD,MANPOWER_MANUAL_UPLOAD,RSM_NM,,,,,,,
MAN,IDAS_MANPOWER_MANUAL_UPLOAD,RSM Code,,,BRZ_MAN,IDAS_MANPOWER_MANUAL_UPLOAD,RSM Code,,,Direct,SLV_MAN,IDAS_MANPOWER_MANUAL_UPLOAD,MANPOWER_MANUAL_UPLOAD,RSM_CD,,,,,,,
MAN,IDAS_MANPOWER_MANUAL_UPLOAD,DSM Name,,,BRZ_MAN,IDAS_MANPOWER_MANUAL_UPLOAD,DSM Name,,,Direct,SLV_MAN,IDAS_MANPOWER_MANUAL_UPLOAD,MANPOWER_MANUAL_UPLOAD,DSM_NM,,,,,,,
MAN,IDAS_MANPOWER_MANUAL_UPLOAD,DSM Code,,,BRZ_MAN,IDAS_MANPOWER_MANUAL_UPLOAD,DSM Code,,,Direct,SLV_MAN,IDAS_MANPOWER_MANUAL_UPLOAD,MANPOWER_MANUAL_UPLOAD,DSM_CD,,,,,,,
MAN,IDAS_MANPOWER_MANUAL_UPLOAD,Area BM,,,BRZ_MAN,IDAS_MANPOWER_MANUAL_UPLOAD,Area BM,,,Direct,SLV_MAN,IDAS_MANPOWER_MANUAL_UPLOAD,MANPOWER_MANUAL_UPLOAD,AREA_BM_ID,,,,,,,
MAN,IDAS_MANPOWER_MANUAL_UPLOAD,ASM Branch,,,BRZ_MAN,IDAS_MANPOWER_MANUAL_UPLOAD,ASM Branch,,,Direct,SLV_MAN,IDAS_MANPOWER_MANUAL_UPLOAD,MANPOWER_MANUAL_UPLOAD,ASM_BRANCH_ID,,,,,,,
MAN,IDAS_MANPOWER_MANUAL_UPLOAD,ASM Branch Type,,,BRZ_MAN,IDAS_MANPOWER_MANUAL_UPLOAD,ASM Branch Type,,,Direct,SLV_MAN,IDAS_MANPOWER_MANUAL_UPLOAD,MANPOWER_MANUAL_UPLOAD,ASM_BRANCH_TYPE,,,,,,,
MAN,IDAS_MANPOWER_MANUAL_UPLOAD,Branch Name,,,BRZ_MAN,IDAS_MANPOWER_MANUAL_UPLOAD,Branch Name,,,Direct,SLV_MAN,IDAS_MANPOWER_MANUAL_UPLOAD,MANPOWER_MANUAL_UPLOAD,ASM_BRANCH_NM,,,,,,,
MAN,IDAS_MANPOWER_MANUAL_UPLOAD,ASM Name,,,BRZ_MAN,IDAS_MANPOWER_MANUAL_UPLOAD,ASM Name,,,Direct,SLV_MAN,IDAS_MANPOWER_MANUAL_UPLOAD,MANPOWER_MANUAL_UPLOAD,ASM_NM,,,,,,,
MAN,IDAS_MANPOWER_MANUAL_UPLOAD,ASM Code,,,BRZ_MAN,IDAS_MANPOWER_MANUAL_UPLOAD,ASM Code,,,Direct,SLV_MAN,IDAS_MANPOWER_MANUAL_UPLOAD,MANPOWER_MANUAL_UPLOAD,ASM_CD,,,,,,,
MAN,IDAS_MANPOWER_MANUAL_UPLOAD,Branch Code1,,,BRZ_MAN,IDAS_MANPOWER_MANUAL_UPLOAD,Branch Code1,,,Direct,SLV_MAN,IDAS_MANPOWER_MANUAL_UPLOAD,MANPOWER_MANUAL_UPLOAD,BRANCH_ID,,,,,,,
MAN,IDAS_MANPOWER_MANUAL_UPLOAD,Branch Type,,,BRZ_MAN,IDAS_MANPOWER_MANUAL_UPLOAD,Branch Type,,,Direct,SLV_MAN,IDAS_MANPOWER_MANUAL_UPLOAD,MANPOWER_MANUAL_UPLOAD,BRANCH_TYPE,,,,,,,
MAN,IDAS_MANPOWER_MANUAL_UPLOAD,Branch Name1,,,BRZ_MAN,IDAS_MANPOWER_MANUAL_UPLOAD,Branch Name1,,,Direct,SLV_MAN,IDAS_MANPOWER_MANUAL_UPLOAD,MANPOWER_MANUAL_UPLOAD,BRANCH_NM,,,,,,,
MAN,IDAS_MANPOWER_MANUAL_UPLOAD,Sales Force Name,,,BRZ_MAN,IDAS_MANPOWER_MANUAL_UPLOAD,Sales Force Name,,,Direct,SLV_MAN,IDAS_MANPOWER_MANUAL_UPLOAD,MANPOWER_MANUAL_UPLOAD,SALES_FORCE_NM,,,,,,,
MAN,IDAS_MANPOWER_MANUAL_UPLOAD,Sales Force Code,,,BRZ_MAN,IDAS_MANPOWER_MANUAL_UPLOAD,Sales Force Code,,,Direct,SLV_MAN,IDAS_MANPOWER_MANUAL_UPLOAD,MANPOWER_MANUAL_UPLOAD,SALES_FORCE_CD,,,,,,,
MAN,IDAS_MANPOWER_MANUAL_UPLOAD,Sales Force Type,,,BRZ_MAN,IDAS_MANPOWER_MANUAL_UPLOAD,Sales Force Type,,,Direct,SLV_MAN,IDAS_MANPOWER_MANUAL_UPLOAD,MANPOWER_MANUAL_UPLOAD,SALES_FORCE_TYPE,,,,,,,
MAN,IDAS_MANPOWER_MANUAL_UPLOAD,Sales Force E-mail,,,BRZ_MAN,IDAS_MANPOWER_MANUAL_UPLOAD,Sales Force E-mail,,,Direct,SLV_MAN,IDAS_MANPOWER_MANUAL_UPLOAD,MANPOWER_MANUAL_UPLOAD,SALES_FORCE_EMAIL,,,,,,,
MAN,IDAS_MANPOWER_MANUAL_UPLOAD,FA Code,,,BRZ_MAN,IDAS_MANPOWER_MANUAL_UPLOAD,FA Code,,,Direct,SLV_MAN,IDAS_MANPOWER_MANUAL_UPLOAD,MANPOWER_MANUAL_UPLOAD,FA_CD,,,,,,,
MAN,IDAS_MANPOWER_MANUAL_UPLOAD,Gender,,,BRZ_MAN,IDAS_MANPOWER_MANUAL_UPLOAD,Gender,,,Direct,SLV_MAN,IDAS_MANPOWER_MANUAL_UPLOAD,MANPOWER_MANUAL_UPLOAD,FA_GENDER,,,,,,,
MAN,IDAS_MANPOWER_MANUAL_UPLOAD,LOS,,,BRZ_MAN,IDAS_MANPOWER_MANUAL_UPLOAD,LOS,,,Direct,SLV_MAN,IDAS_MANPOWER_MANUAL_UPLOAD,MANPOWER_MANUAL_UPLOAD,FA_LOS,,,,,,,
MAN,IDAS_MANPOWER_MANUAL_UPLOAD,DOB,,,BRZ_MAN,IDAS_MANPOWER_MANUAL_UPLOAD,DOB,,,Direct,SLV_MAN,IDAS_MANPOWER_MANUAL_UPLOAD,MANPOWER_MANUAL_UPLOAD,FA_DOB,,,,,,,
MAN,IDAS_MANPOWER_MANUAL_UPLOAD,Thn Lahir,,,BRZ_MAN,IDAS_MANPOWER_MANUAL_UPLOAD,Thn Lahir,,,Direct,SLV_MAN,IDAS_MANPOWER_MANUAL_UPLOAD,MANPOWER_MANUAL_UPLOAD,FA_YOB,,,,,,,
MAN,IDAS_MANPOWER_MANUAL_UPLOAD,Age,,,BRZ_MAN,IDAS_MANPOWER_MANUAL_UPLOAD,Age,,,Direct,SLV_MAN,IDAS_MANPOWER_MANUAL_UPLOAD,MANPOWER_MANUAL_UPLOAD,FA_AGE,,,,,,,
MAN,IDAS_MANPOWER_MANUAL_UPLOAD,Batch,,,BRZ_MAN,IDAS_MANPOWER_MANUAL_UPLOAD,Batch,,,Direct,SLV_MAN,IDAS_MANPOWER_MANUAL_UPLOAD,MANPOWER_MANUAL_UPLOAD,BATCH_ID,,,,,,,
MAN,IDAS_MANPOWER_MANUAL_UPLOAD,Month Deploy,,,BRZ_MAN,IDAS_MANPOWER_MANUAL_UPLOAD,Month Deploy,,,Direct,SLV_MAN,IDAS_MANPOWER_MANUAL_UPLOAD,MANPOWER_MANUAL_UPLOAD,MONTH_DEPLOY,,,,,,,
MAN,IDAS_MANPOWER_MANUAL_UPLOAD,Type,,,BRZ_MAN,IDAS_MANPOWER_MANUAL_UPLOAD,Type,,,Direct,SLV_MAN,IDAS_MANPOWER_MANUAL_UPLOAD,MANPOWER_MANUAL_UPLOAD,FA_TYPE,,,,,,,
MAN,IDAS_MANPOWER_MANUAL_UPLOAD,LOGDATE,,,BRZ_MAN,IDAS_MANPOWER_MANUAL_UPLOAD,LOGDATE,,,Direct,SLV_MAN,IDAS_MANPOWER_MANUAL_UPLOAD,MANPOWER_MANUAL_UPLOAD,LOG_DT,,,,,,,
MAN,IDAS_MANPOWER_MANUAL_UPLOAD,ASM Status,,,BRZ_MAN,IDAS_MANPOWER_MANUAL_UPLOAD,ASM Status,,,Direct,SLV_MAN,IDAS_MANPOWER_MANUAL_UPLOAD,MANPOWER_MANUAL_UPLOAD,ASM_STATUS,,,,,,,
MDM,C_B_POLICY,ROWID_OBJECT,bigint,,BRZ_MDM,C_B_POLICY,ROWID_OBJECT,bigint,,Direct,SLV_MDM,C_B_POLICY,C_B_POLICY,ROWID_OBJ,,,bigint,,,,
MDM,C_B_POLICY,CREATOR,nvarchar,50,BRZ_MDM,C_B_POLICY,CREATOR,varchar,,Direct,SLV_MDM,C_B_POLICY,C_B_POLICY,CREATOR,,,varchar,,,,
MDM,C_B_POLICY,CREATE_DATE,varchar,75,BRZ_MDM,C_B_POLICY,CREATE_DATE,varchar,,Direct,SLV_MDM,C_B_POLICY,C_B_POLICY,CREATE_DT,,,varchar,,,,
MDM,C_B_POLICY,UPDATED_BY,nvarchar,50,BRZ_MDM,C_B_POLICY,UPDATED_BY,varchar,,Direct,SLV_MDM,C_B_POLICY,C_B_POLICY,UPDATED_BY,,,varchar,,,,
MDM,C_B_POLICY,LAST_UPDATE_DATE,varchar,75,BRZ_MDM,C_B_POLICY,LAST_UPDATE_DATE,varchar,,Direct,SLV_MDM,C_B_POLICY,C_B_POLICY,LAST_UPDATE_DT,,,varchar,,,,
MDM,C_B_POLICY,CONSOLIDATION_IND,numeric,"38, 0",BRZ_MDM,C_B_POLICY,CONSOLIDATION_IND,number,"38, 0",Direct,SLV_MDM,C_B_POLICY,C_B_POLICY,CONSOLIDATION_IND,,,number,"38, 0",,,
MDM,C_B_POLICY,DELETED_IND,numeric,"38, 0",BRZ_MDM,C_B_POLICY,DELETED_IND,number,"38, 0",Direct,SLV_MDM,C_B_POLICY,C_B_POLICY,DELETED_IND,,,number,"38, 0",,,
MDM,C_B_POLICY,DELETED_BY,nvarchar,50,BRZ_MDM,C_B_POLICY,DELETED_BY,varchar,,Direct,SLV_MDM,C_B_POLICY,C_B_POLICY,DELETED_BY,,,varchar,,,,
MDM,C_B_POLICY,DELETED_DATE,varchar,75,BRZ_MDM,C_B_POLICY,DELETED_DATE,varchar,,Direct,SLV_MDM,C_B_POLICY,C_B_POLICY,DELETED_DT,,,varchar,,,,
MDM,C_B_POLICY,LAST_ROWID_SYSTEM,nvarchar,14,BRZ_MDM,C_B_POLICY,LAST_ROWID_SYSTEM,varchar,,Direct,SLV_MDM,C_B_POLICY,C_B_POLICY,LAST_ROWID_SYSTEM,,,varchar,,,,
MDM,C_B_POLICY,DIRTY_IND,numeric,"38, 0",BRZ_MDM,C_B_POLICY,DIRTY_IND,number,"38, 0",Direct,SLV_MDM,C_B_POLICY,C_B_POLICY,DIRTY_IND,,,number,"38, 0",,,
MDM,C_B_POLICY,INTERACTION_ID,numeric,"38, 0",BRZ_MDM,C_B_POLICY,INTERACTION_ID,number,"38, 0",Direct,SLV_MDM,C_B_POLICY,C_B_POLICY,INTERACTION_ID,,,number,"38, 0",,,
MDM,C_B_POLICY,HUB_STATE_IND,numeric,"38, 0",BRZ_MDM,C_B_POLICY,HUB_STATE_IND,number,"38, 0",Direct,SLV_MDM,C_B_POLICY,C_B_POLICY,HUB_STATE_IND,,,number,"38, 0",,,
MDM,C_B_POLICY,CM_DIRTY_IND,numeric,"38, 0",BRZ_MDM,C_B_POLICY,CM_DIRTY_IND,number,"38, 0",Direct,SLV_MDM,C_B_POLICY,C_B_POLICY,CM_DIRTY_IND,,,number,"38, 0",,,
MDM,C_B_POLICY,POLICY_STAT_CD,nvarchar,10,BRZ_MDM,C_B_POLICY,POLICY_STAT_CD,varchar,,Direct,SLV_MDM,C_B_POLICY,C_B_POLICY,POLICY_STATUS_CD,,,varchar,,,,
MDM,C_B_POLICY,PROD_NM,nvarchar,50,BRZ_MDM,C_B_POLICY,PROD_NM,varchar,,Direct,SLV_MDM,C_B_POLICY,C_B_POLICY,PROD_NM,,,varchar,,,,
MDM,C_B_POLICY,COMPANY_CD,nvarchar,10,BRZ_MDM,C_B_POLICY,COMPANY_CD,varchar,,Direct,SLV_MDM,C_B_POLICY,C_B_POLICY,COMP_CD,,,varchar,,,,
MDM,C_B_POLICY,ENTITY_CD,nvarchar,10,BRZ_MDM,C_B_POLICY,ENTITY_CD,varchar,,Direct,SLV_MDM,C_B_POLICY,C_B_POLICY,ENTITY_CD,,,varchar,,,,
MDM,C_B_POLICY,POLICY_ISSUE_DT,datetime,,BRZ_MDM,C_B_POLICY,POLICY_ISSUE_DT,timestamp_ntz,,Direct,SLV_MDM,C_B_POLICY,C_B_POLICY,POLICY_ISSUE_DT,,,timestamp_ntz,,,,
MDM,C_B_POLICY,POLICY_NO,nvarchar,150,BRZ_MDM,C_B_POLICY,POLICY_NO,varchar,,Direct,SLV_MDM,C_B_POLICY,C_B_POLICY,POLICY_NO,,,varchar,,,,
MDM,C_B_POLICY,POLICY_EFF_DT,datetime,,BRZ_MDM,C_B_POLICY,POLICY_EFF_DT,timestamp_ntz,,Direct,SLV_MDM,C_B_POLICY,C_B_POLICY,POLICY_EFF_DT,,,timestamp_ntz,,,,
MDM,C_B_POLICY,POLICY_TERMINATION_DT,datetime,,BRZ_MDM,C_B_POLICY,POLICY_TERMINATION_DT,timestamp_ntz,,Direct,SLV_MDM,C_B_POLICY,C_B_POLICY,POLICY_TERMINATION_DT,,,timestamp_ntz,,,,
MDM,C_B_POLICY,DEL_FLAG,nvarchar,1,BRZ_MDM,C_B_POLICY,DEL_FLAG,varchar,,Direct,SLV_MDM,C_B_POLICY,C_B_POLICY,DEL_FLAG,,,varchar,,,,
MDM,C_B_POLICY,STD_POLICY_STAT_CD,nvarchar,10,BRZ_MDM,C_B_POLICY,STD_POLICY_STAT_CD,varchar,,Direct,SLV_MDM,C_B_POLICY,C_B_POLICY,STD_POLICY_STAT_CD,,,varchar,,,,
MDM,C_B_POLICY,VALID_FROM_DTTM,datetime,,BRZ_MDM,C_B_POLICY,VALID_FROM_DTTM,timestamp_ntz,,Direct,SLV_MDM,C_B_POLICY,C_B_POLICY,VALID_FROM_DTTM,,,timestamp_ntz,,,,
MDM,C_B_POLICY,VALID_TO_DTTM,datetime,,BRZ_MDM,C_B_POLICY,VALID_TO_DTTM,timestamp_ntz,,Direct,SLV_MDM,C_B_POLICY,C_B_POLICY,VALID_TO_DTTM,,,timestamp_ntz,,,,
MDM,C_B_POLICY,TRANS_NO,numeric,"38, 0",BRZ_MDM,C_B_POLICY,TRANS_NO,number,"38, 0",Direct,SLV_MDM,C_B_POLICY,C_B_POLICY,TRANS_NO,,,number,"38, 0",,,
MDM,C_B_POLICY,CHANNEL_CD,nvarchar,10,BRZ_MDM,C_B_POLICY,CHANNEL_CD,varchar,,Direct,SLV_MDM,C_B_POLICY,C_B_POLICY,CHANNEL_CD,,,varchar,,,,
MDM,C_B_POLICY,POLICY_EXPIRATION_DT,datetime,,BRZ_MDM,C_B_POLICY,POLICY_EXPIRATION_DT,timestamp_ntz,,Direct,SLV_MDM,C_B_POLICY,C_B_POLICY,POLICY_EXPIRATION_DT,,,timestamp_ntz,,,,
MDM,C_B_POLICY,REF_POLICY_PKEY_SRC,nvarchar,255,BRZ_MDM,C_B_POLICY,REF_POLICY_PKEY_SRC,varchar,,Direct,SLV_MDM,C_B_POLICY,C_B_POLICY,REF_POLICY_PKEY_SRC,,,varchar,,,,
MDM,C_B_POLICY,POLICY_EXCL_CD,nvarchar,100,BRZ_MDM,C_B_POLICY,POLICY_EXCL_CD,varchar,,Direct,SLV_MDM,C_B_POLICY,C_B_POLICY,POLICY_EXCL_CD,,,varchar,,,,
MDM,C_B_POLICY,STD_POLICY_EXCL_CD,nvarchar,100,BRZ_MDM,C_B_POLICY,STD_POLICY_EXCL_CD,varchar,,Direct,SLV_MDM,C_B_POLICY,C_B_POLICY,STD_POLICY_EXCL_CD,,,varchar,,,,
MDM,C_B_POLICY,NATURE_OF_BUSINESS,nvarchar,20,BRZ_MDM,C_B_POLICY,NATURE_OF_BUSINESS,varchar,,Direct,SLV_MDM,C_B_POLICY,C_B_POLICY,NATURE_OF_BUSINESS,,,varchar,,,,
MDM,C_B_POLICY,AGENT_CD1,nvarchar,300,BRZ_MDM,C_B_POLICY,AGENT_CD1,varchar,,Direct,SLV_MDM,C_B_POLICY,C_B_POLICY,AGENT_CD1,,,varchar,,,,
MDM,C_B_POLICY,AGENT_CD2,nvarchar,300,BRZ_MDM,C_B_POLICY,AGENT_CD2,varchar,,Direct,SLV_MDM,C_B_POLICY,C_B_POLICY,AGENT_CD2,,,varchar,,,,
MDM,C_B_POLICY,LOGDATE,datetime,,BRZ_MDM,C_B_POLICY,LOGDATE,timestamp_ntz,,Direct,SLV_MDM,C_B_POLICY,C_B_POLICY,LOGDATE,,,timestamp_ntz,,,,
MDM,C_B_APPLICATION,ROWID_OBJECT,bigint,,BRZ_MDM,C_B_APPLICATION,ROWID_OBJECT,bigint,,Direct,SLV_MDM,C_B_APPLICATION,C_B_APPLICATION,ROWID_OBJ,,,bigint,,,,
MDM,C_B_APPLICATION,CREATOR,nvarchar,50,BRZ_MDM,C_B_APPLICATION,CREATOR,varchar,,Direct,SLV_MDM,C_B_APPLICATION,C_B_APPLICATION,,,,varchar,,,,
MDM,C_B_APPLICATION,CREATE_DATE,varchar,75,BRZ_MDM,C_B_APPLICATION,CREATE_DATE,varchar,,Direct,SLV_MDM,C_B_APPLICATION,C_B_APPLICATION,,,,varchar,,,,
MDM,C_B_APPLICATION,UPDATED_BY,nvarchar,50,BRZ_MDM,C_B_APPLICATION,UPDATED_BY,varchar,,Direct,SLV_MDM,C_B_APPLICATION,C_B_APPLICATION,,,,varchar,,,,
MDM,C_B_APPLICATION,LAST_UPDATE_DATE,varchar,75,BRZ_MDM,C_B_APPLICATION,LAST_UPDATE_DATE,varchar,,Direct,SLV_MDM,C_B_APPLICATION,C_B_APPLICATION,,,,varchar,,,,
MDM,C_B_APPLICATION,CONSOLIDATION_IND,numeric,"38, 0",BRZ_MDM,C_B_APPLICATION,CONSOLIDATION_IND,number,"38, 0",Direct,SLV_MDM,C_B_APPLICATION,C_B_APPLICATION,,,,number,"38, 0",,,
MDM,C_B_APPLICATION,DELETED_IND,numeric,"38, 0",BRZ_MDM,C_B_APPLICATION,DELETED_IND,number,"38, 0",Direct,SLV_MDM,C_B_APPLICATION,C_B_APPLICATION,,,,number,"38, 0",,,
MDM,C_B_APPLICATION,DELETED_BY,nvarchar,50,BRZ_MDM,C_B_APPLICATION,DELETED_BY,varchar,,Direct,SLV_MDM,C_B_APPLICATION,C_B_APPLICATION,,,,varchar,,,,
MDM,C_B_APPLICATION,DELETED_DATE,varchar,75,BRZ_MDM,C_B_APPLICATION,DELETED_DATE,varchar,,Direct,SLV_MDM,C_B_APPLICATION,C_B_APPLICATION,,,,varchar,,,,
MDM,C_B_APPLICATION,LAST_ROWID_SYSTEM,nvarchar,14,BRZ_MDM,C_B_APPLICATION,LAST_ROWID_SYSTEM,varchar,,Direct,SLV_MDM,C_B_APPLICATION,C_B_APPLICATION,,,,varchar,,,,
MDM,C_B_APPLICATION,DIRTY_IND,numeric,"38, 0",BRZ_MDM,C_B_APPLICATION,DIRTY_IND,number,"38, 0",Direct,SLV_MDM,C_B_APPLICATION,C_B_APPLICATION,,,,number,"38, 0",,,
MDM,C_B_APPLICATION,INTERACTION_ID,numeric,"38, 0",BRZ_MDM,C_B_APPLICATION,INTERACTION_ID,number,"38, 0",Direct,SLV_MDM,C_B_APPLICATION,C_B_APPLICATION,,,,number,"38, 0",,,
MDM,C_B_APPLICATION,HUB_STATE_IND,numeric,"38, 0",BRZ_MDM,C_B_APPLICATION,HUB_STATE_IND,number,"38, 0",Direct,SLV_MDM,C_B_APPLICATION,C_B_APPLICATION,,,,number,"38, 0",,,
MDM,C_B_APPLICATION,CM_DIRTY_IND,numeric,"38, 0",BRZ_MDM,C_B_APPLICATION,CM_DIRTY_IND,number,"38, 0",Direct,SLV_MDM,C_B_APPLICATION,C_B_APPLICATION,,,,number,"38, 0",,,
MDM,C_B_APPLICATION,APPL_NO,nvarchar,150,BRZ_MDM,C_B_APPLICATION,APPL_NO,varchar,,Direct,SLV_MDM,C_B_APPLICATION,C_B_APPLICATION,,,,varchar,,,,
MDM,C_B_APPLICATION,COMPANY_CD,nvarchar,10,BRZ_MDM,C_B_APPLICATION,COMPANY_CD,varchar,,Direct,SLV_MDM,C_B_APPLICATION,C_B_APPLICATION,,,,varchar,,,,
MDM,C_B_APPLICATION,ENTITY_CD,nvarchar,10,BRZ_MDM,C_B_APPLICATION,ENTITY_CD,varchar,,Direct,SLV_MDM,C_B_APPLICATION,C_B_APPLICATION,,,,varchar,,,,
MDM,C_B_APPLICATION,DEL_FLAG,nvarchar,1,BRZ_MDM,C_B_APPLICATION,DEL_FLAG,varchar,,Direct,SLV_MDM,C_B_APPLICATION,C_B_APPLICATION,,,,varchar,,,,
MDM,C_B_APPLICATION,APPL_STAT_CD,nvarchar,3,BRZ_MDM,C_B_APPLICATION,APPL_STAT_CD,varchar,,Direct,SLV_MDM,C_B_APPLICATION,C_B_APPLICATION,,,,varchar,,,,
MDM,C_B_APPLICATION,STD_APPL_STAT_CD,nvarchar,10,BRZ_MDM,C_B_APPLICATION,STD_APPL_STAT_CD,varchar,,Direct,SLV_MDM,C_B_APPLICATION,C_B_APPLICATION,,,,varchar,,,,
MDM,C_B_APPLICATION,BO_CLASS_CODE,nvarchar,255,BRZ_MDM,C_B_APPLICATION,BO_CLASS_CODE,varchar,,Direct,SLV_MDM,C_B_APPLICATION,C_B_APPLICATION,,,,varchar,,,,
MDM,C_B_APPLICATION,PROD_NM,nvarchar,100,BRZ_MDM,C_B_APPLICATION,PROD_NM,varchar,,Direct,SLV_MDM,C_B_APPLICATION,C_B_APPLICATION,,,,varchar,,,,
MDM,C_B_APPLICATION,AGENT_CD1,nvarchar,300,BRZ_MDM,C_B_APPLICATION,AGENT_CD1,varchar,,Direct,SLV_MDM,C_B_APPLICATION,C_B_APPLICATION,,,,varchar,,,,
MDM,C_B_APPLICATION,AGENT_CD2,nvarchar,300,BRZ_MDM,C_B_APPLICATION,AGENT_CD2,varchar,,Direct,SLV_MDM,C_B_APPLICATION,C_B_APPLICATION,,,,varchar,,,,
MDM,C_B_APPLICATION,APPL_ISSUE_DATE,datetime,,BRZ_MDM,C_B_APPLICATION,APPL_ISSUE_DATE,timestamp_ntz,,Direct,SLV_MDM,C_B_APPLICATION,C_B_APPLICATION,,,,timestamp_ntz,,,,
MDM,C_B_APPLICATION,APPL_EFF_DATE,datetime,,BRZ_MDM,C_B_APPLICATION,APPL_EFF_DATE,timestamp_ntz,,Direct,SLV_MDM,C_B_APPLICATION,C_B_APPLICATION,,,,timestamp_ntz,,,,
MDM,C_B_APPLICATION,APPL_EXPIRATION_DATE,datetime,,BRZ_MDM,C_B_APPLICATION,APPL_EXPIRATION_DATE,timestamp_ntz,,Direct,SLV_MDM,C_B_APPLICATION,C_B_APPLICATION,,,,timestamp_ntz,,,,
MDM,C_B_APPLICATION,LOGDATE,datetime,,BRZ_MDM,C_B_APPLICATION,LOGDATE,timestamp_ntz,,Direct,SLV_MDM,C_B_APPLICATION,C_B_APPLICATION,,,,timestamp_ntz,,,,
MDM,C_B_PARTY,ROWID_OBJECT,bigint,,BRZ_MDM,C_B_PARTY,ROWID_OBJECT,bigint,,Direct,SLV_MDM,C_B_PARTY,C_B_PARTY,ROWID_OBJECT,,,bigint,,,,
MDM,C_B_PARTY,CREATOR,nvarchar,50,BRZ_MDM,C_B_PARTY,CREATOR,varchar,,Direct,SLV_MDM,C_B_PARTY,C_B_PARTY,CREATOR,,,varchar,,,,
MDM,C_B_PARTY,CREATE_DATE,varchar,75,BRZ_MDM,C_B_PARTY,CREATE_DATE,varchar,,Direct,SLV_MDM,C_B_PARTY,C_B_PARTY,CREATE_DT,,,varchar,,,,
MDM,C_B_PARTY,UPDATED_BY,nvarchar,50,BRZ_MDM,C_B_PARTY,UPDATED_BY,varchar,,Direct,SLV_MDM,C_B_PARTY,C_B_PARTY,UPDATED_BY,,,varchar,,,,
MDM,C_B_PARTY,LAST_UPDATE_DATE,varchar,75,BRZ_MDM,C_B_PARTY,LAST_UPDATE_DATE,varchar,,Direct,SLV_MDM,C_B_PARTY,C_B_PARTY,LAST_UPDATE_DT,,,varchar,,,,
MDM,C_B_PARTY,CONSOLIDATION_IND,numeric,"38, 0",BRZ_MDM,C_B_PARTY,CONSOLIDATION_IND,number,"38, 0",Direct,SLV_MDM,C_B_PARTY,C_B_PARTY,CONSOLIDATION_IND,,,number,"38, 0",,,
MDM,C_B_PARTY,DELETED_IND,numeric,"38, 0",BRZ_MDM,C_B_PARTY,DELETED_IND,number,"38, 0",Direct,SLV_MDM,C_B_PARTY,C_B_PARTY,DELETED_IND,,,number,"38, 0",,,
MDM,C_B_PARTY,DELETED_BY,nvarchar,50,BRZ_MDM,C_B_PARTY,DELETED_BY,varchar,,Direct,SLV_MDM,C_B_PARTY,C_B_PARTY,DELETED_BY,,,varchar,,,,
MDM,C_B_PARTY,DELETED_DATE,varchar,75,BRZ_MDM,C_B_PARTY,DELETED_DATE,varchar,,Direct,SLV_MDM,C_B_PARTY,C_B_PARTY,DELETED_DT,,,varchar,,,,
MDM,C_B_PARTY,LAST_ROWID_SYSTEM,nvarchar,14,BRZ_MDM,C_B_PARTY,LAST_ROWID_SYSTEM,varchar,,Direct,SLV_MDM,C_B_PARTY,C_B_PARTY,LAST_ROWID_SYSTEM,,,varchar,,,,
MDM,C_B_PARTY,DIRTY_IND,numeric,"38, 0",BRZ_MDM,C_B_PARTY,DIRTY_IND,number,"38, 0",Direct,SLV_MDM,C_B_PARTY,C_B_PARTY,DIRTY_IND,,,number,"38, 0",,,
MDM,C_B_PARTY,INTERACTION_ID,numeric,"38, 0",BRZ_MDM,C_B_PARTY,INTERACTION_ID,number,"38, 0",Direct,SLV_MDM,C_B_PARTY,C_B_PARTY,INTERACTION_ID,,,number,"38, 0",,,
MDM,C_B_PARTY,HUB_STATE_IND,numeric,"38, 0",BRZ_MDM,C_B_PARTY,HUB_STATE_IND,number,"38, 0",Direct,SLV_MDM,C_B_PARTY,C_B_PARTY,HUB_STATE_IND,,,number,"38, 0",,,
MDM,C_B_PARTY,CM_DIRTY_IND,numeric,"38, 0",BRZ_MDM,C_B_PARTY,CM_DIRTY_IND,number,"38, 0",Direct,SLV_MDM,C_B_PARTY,C_B_PARTY,CM_DIRTY_IND,,,number,"38, 0",,,
MDM,C_B_PARTY,COMPANY_CD,nvarchar,10,BRZ_MDM,C_B_PARTY,COMPANY_CD,varchar,,Direct,SLV_MDM,C_B_PARTY,C_B_PARTY,COMPANY_CD,,,varchar,,,,
MDM,C_B_PARTY,COUNTRY_OF_RESIDENCE_CD,nvarchar,30,BRZ_MDM,C_B_PARTY,COUNTRY_OF_RESIDENCE_CD,varchar,,Direct,SLV_MDM,C_B_PARTY,C_B_PARTY,COUNTRY_OF_RESIDENCE_CD,,,varchar,,,,
MDM,C_B_PARTY,MDM_ID,nvarchar,14,BRZ_MDM,C_B_PARTY,MDM_ID,varchar,,Direct,SLV_MDM,C_B_PARTY,C_B_PARTY,MDM_ID,,,varchar,,,,
MDM,C_B_PARTY,PARTY_TYPE_CD,nvarchar,10,BRZ_MDM,C_B_PARTY,PARTY_TYPE_CD,varchar,,Direct,SLV_MDM,C_B_PARTY,C_B_PARTY,PARTY_TYPE_CD,,,varchar,,,,
MDM,C_B_PARTY,FIRST_NM,nvarchar,300,BRZ_MDM,C_B_PARTY,FIRST_NM,varchar,,Direct,SLV_MDM,C_B_PARTY,C_B_PARTY,FIRST_NM,,,varchar,,,,
MDM,C_B_PARTY,LAST_NM,nvarchar,600,BRZ_MDM,C_B_PARTY,LAST_NM,varchar,,Direct,SLV_MDM,C_B_PARTY,C_B_PARTY,LAST_NM,,,varchar,,,,
MDM,C_B_PARTY,DISPLAY_NM_FORMAT,nvarchar,20,BRZ_MDM,C_B_PARTY,DISPLAY_NM_FORMAT,varchar,,Direct,SLV_MDM,C_B_PARTY,C_B_PARTY,DISPLAY_NM_FORMAT,,,varchar,,,,
MDM,C_B_PARTY,LOCAL_FIRST_NM,nvarchar,300,BRZ_MDM,C_B_PARTY,LOCAL_FIRST_NM,varchar,,Direct,SLV_MDM,C_B_PARTY,C_B_PARTY,LOCAL_FIRST_NM,,,varchar,,,,
MDM,C_B_PARTY,GEO_DEMOGRAPHIC_CD,nvarchar,10,BRZ_MDM,C_B_PARTY,GEO_DEMOGRAPHIC_CD,varchar,,Direct,SLV_MDM,C_B_PARTY,C_B_PARTY,GEO_DEMOGRAPHIC_CD,,,varchar,,,,
MDM,C_B_PARTY,LOCAL_LAST_NM,nvarchar,300,BRZ_MDM,C_B_PARTY,LOCAL_LAST_NM,varchar,,Direct,SLV_MDM,C_B_PARTY,C_B_PARTY,LOCAL_LAST_NM,,,varchar,,,,
MDM,C_B_PARTY,EDUCATION_LEVEL_CD,nvarchar,10,BRZ_MDM,C_B_PARTY,EDUCATION_LEVEL_CD,varchar,,Direct,SLV_MDM,C_B_PARTY,C_B_PARTY,EDUCATION_LEVEL_CD,,,varchar,,,,
MDM,C_B_PARTY,LOCAL_DISPLAY_NM_FORMAT,nvarchar,20,BRZ_MDM,C_B_PARTY,LOCAL_DISPLAY_NM_FORMAT,varchar,,Direct,SLV_MDM,C_B_PARTY,C_B_PARTY,LOCAL_DISPLAY_NM_FORMAT,,,varchar,,,,
MDM,C_B_PARTY,BIRTH_DT,datetime,,BRZ_MDM,C_B_PARTY,BIRTH_DT,timestamp_ntz,,Direct,SLV_MDM,C_B_PARTY,C_B_PARTY,BIRTH_DT,,,timestamp_ntz,,,,
MDM,C_B_PARTY,FRAUD_CD,nvarchar,3,BRZ_MDM,C_B_PARTY,FRAUD_CD,varchar,,Direct,SLV_MDM,C_B_PARTY,C_B_PARTY,FRAUD_CD,,,varchar,,,,
MDM,C_B_PARTY,GENDER_CD,nvarchar,20,BRZ_MDM,C_B_PARTY,GENDER_CD,varchar,,Direct,SLV_MDM,C_B_PARTY,C_B_PARTY,GENDER_CD,,,varchar,,,,
MDM,C_B_PARTY,MIDDLE_NM,nvarchar,300,BRZ_MDM,C_B_PARTY,MIDDLE_NM,varchar,,Direct,SLV_MDM,C_B_PARTY,C_B_PARTY,MIDDLE_NM,,,varchar,,,,
MDM,C_B_PARTY,LOCAL_MIDDLE_NM,nvarchar,300,BRZ_MDM,C_B_PARTY,LOCAL_MIDDLE_NM,varchar,,Direct,SLV_MDM,C_B_PARTY,C_B_PARTY,LOCAL_MIDDLE_NM,,,varchar,,,,
MDM,C_B_PARTY,NATIONALITY_CD,nvarchar,300,BRZ_MDM,C_B_PARTY,NATIONALITY_CD,varchar,,Direct,SLV_MDM,C_B_PARTY,C_B_PARTY,NATIONALITY_CD,,,varchar,,,,
MDM,C_B_PARTY,PARTY_STAT_CD,nvarchar,10,BRZ_MDM,C_B_PARTY,PARTY_STAT_CD,varchar,,Direct,SLV_MDM,C_B_PARTY,C_B_PARTY,PARTY_STAT_CD,,,varchar,,,,
MDM,C_B_PARTY,OCCUPATION_CLASS_CD,nvarchar,50,BRZ_MDM,C_B_PARTY,OCCUPATION_CLASS_CD,varchar,,Direct,SLV_MDM,C_B_PARTY,C_B_PARTY,OCCUPATION_CLASS_CD,,,varchar,,,,
MDM,C_B_PARTY,MARITAL_STAT_CD,nvarchar,15,BRZ_MDM,C_B_PARTY,MARITAL_STAT_CD,varchar,,Direct,SLV_MDM,C_B_PARTY,C_B_PARTY,MARITAL_STAT_CD,,,varchar,,,,
MDM,C_B_PARTY,SALUTATION_TXT,nvarchar,20,BRZ_MDM,C_B_PARTY,SALUTATION_TXT,varchar,,Direct,SLV_MDM,C_B_PARTY,C_B_PARTY,SALUTATION_TXT,,,varchar,,,,
MDM,C_B_PARTY,DECEASED_FLG,nvarchar,1,BRZ_MDM,C_B_PARTY,DECEASED_FLG,varchar,,Direct,SLV_MDM,C_B_PARTY,C_B_PARTY,DECEASED_FLG,,,varchar,,,,
MDM,C_B_PARTY,DEATH_DT,datetime,,BRZ_MDM,C_B_PARTY,DEATH_DT,timestamp_ntz,,Direct,SLV_MDM,C_B_PARTY,C_B_PARTY,DEATH_DT,,,timestamp_ntz,,,,
MDM,C_B_PARTY,BNKRPTCY_FLG,nvarchar,1,BRZ_MDM,C_B_PARTY,BNKRPTCY_FLG,varchar,,Direct,SLV_MDM,C_B_PARTY,C_B_PARTY,BNKRPTCY_FLG,,,varchar,,,,
MDM,C_B_PARTY,ALERT_RECEIVER_NM,nvarchar,300,BRZ_MDM,C_B_PARTY,ALERT_RECEIVER_NM,varchar,,Direct,SLV_MDM,C_B_PARTY,C_B_PARTY,ALERT_RECEIVER_NM,,,varchar,,,,
MDM,C_B_PARTY,SOURCE_OF_INCOME,nvarchar,20,BRZ_MDM,C_B_PARTY,SOURCE_OF_INCOME,varchar,,Direct,SLV_MDM,C_B_PARTY,C_B_PARTY,SOURCE_OF_INCOME,,,varchar,,,,
MDM,C_B_PARTY,ANNUAL_INCOME_RANGE_CD,nvarchar,10,BRZ_MDM,C_B_PARTY,ANNUAL_INCOME_RANGE_CD,varchar,,Direct,SLV_MDM,C_B_PARTY,C_B_PARTY,ANNUAL_INCOME_RANGE_CD,,,varchar,,,,
MDM,C_B_PARTY,PREF_CONTACT_METHOD_CD,nvarchar,10,BRZ_MDM,C_B_PARTY,PREF_CONTACT_METHOD_CD,varchar,,Direct,SLV_MDM,C_B_PARTY,C_B_PARTY,PREF_CONTACT_METHOD_CD,,,varchar,,,,
MDM,C_B_PARTY,ENTITY_CD,nvarchar,10,BRZ_MDM,C_B_PARTY,ENTITY_CD,varchar,,Direct,SLV_MDM,C_B_PARTY,C_B_PARTY,ENTITY_CD,,,varchar,,,,
MDM,C_B_PARTY,ANNUAL_INCOME_AMT,numeric,"25, 5",BRZ_MDM,C_B_PARTY,ANNUAL_INCOME_AMT,number,"25, 5",Direct,SLV_MDM,C_B_PARTY,C_B_PARTY,ANNUAL_INCOME_AMT,,,number,"25, 5",,,
MDM,C_B_PARTY,HEIGHT_IN_MTR,numeric,"4, 2",BRZ_MDM,C_B_PARTY,HEIGHT_IN_MTR,number,"4, 2",Direct,SLV_MDM,C_B_PARTY,C_B_PARTY,HEIGHT_IN_MTR,,,number,"4, 2",,,
MDM,C_B_PARTY,WEIGHT_IN_KG,numeric,"4, 2",BRZ_MDM,C_B_PARTY,WEIGHT_IN_KG,number,"4, 2",Direct,SLV_MDM,C_B_PARTY,C_B_PARTY,WEIGHT_IN_KG,,,number,"4, 2",,,
MDM,C_B_PARTY,VIP_FLG,nvarchar,1,BRZ_MDM,C_B_PARTY,VIP_FLG,varchar,,Direct,SLV_MDM,C_B_PARTY,C_B_PARTY,VIP_FLG,,,varchar,,,,
MDM,C_B_PARTY,STF_NO,nvarchar,32,BRZ_MDM,C_B_PARTY,STF_NO,varchar,,Direct,SLV_MDM,C_B_PARTY,C_B_PARTY,STF_NO,,,varchar,,,,
MDM,C_B_PARTY,STF_FLG,nvarchar,1,BRZ_MDM,C_B_PARTY,STF_FLG,varchar,,Direct,SLV_MDM,C_B_PARTY,C_B_PARTY,STF_FLG,,,varchar,,,,
MDM,C_B_PARTY,PRIMARY_LANG_CD,nvarchar,10,BRZ_MDM,C_B_PARTY,PRIMARY_LANG_CD,varchar,,Direct,SLV_MDM,C_B_PARTY,C_B_PARTY,PRIMARY_LANG_CD,,,varchar,,,,
MDM,C_B_PARTY,SPCL_NEED_CD,nvarchar,10,BRZ_MDM,C_B_PARTY,SPCL_NEED_CD,varchar,,Direct,SLV_MDM,C_B_PARTY,C_B_PARTY,SPCL_NEED_CD,,,varchar,,,,
MDM,C_B_PARTY,SPCL_CASE_CD,nvarchar,3,BRZ_MDM,C_B_PARTY,SPCL_CASE_CD,varchar,,Direct,SLV_MDM,C_B_PARTY,C_B_PARTY,SPCL_CASE_CD,,,varchar,,,,
MDM,C_B_PARTY,FORM_60_FLG,nvarchar,1,BRZ_MDM,C_B_PARTY,FORM_60_FLG,varchar,,Direct,SLV_MDM,C_B_PARTY,C_B_PARTY,FORM_60_FLG,,,varchar,,,,
MDM,C_B_PARTY,IDENTITY_PROOF_IND,nvarchar,1,BRZ_MDM,C_B_PARTY,IDENTITY_PROOF_IND,varchar,,Direct,SLV_MDM,C_B_PARTY,C_B_PARTY,IDENTITY_PROOF_IND,,,varchar,,,,
MDM,C_B_PARTY,SMOKING_HABIT,nvarchar,1,BRZ_MDM,C_B_PARTY,SMOKING_HABIT,varchar,,Direct,SLV_MDM,C_B_PARTY,C_B_PARTY,SMOKING_HABIT,,,varchar,,,,
MDM,C_B_PARTY,STD_GENDER_CD,nvarchar,10,BRZ_MDM,C_B_PARTY,STD_GENDER_CD,varchar,,Direct,SLV_MDM,C_B_PARTY,C_B_PARTY,STD_GENDER_CD,,,varchar,,,,
MDM,C_B_PARTY,STD_MARITAL_STAT_CD,nvarchar,15,BRZ_MDM,C_B_PARTY,STD_MARITAL_STAT_CD,varchar,,Direct,SLV_MDM,C_B_PARTY,C_B_PARTY,STD_MARITAL_STAT_CD,,,varchar,,,,
MDM,C_B_PARTY,STD_NATIONALITY_CD,nvarchar,10,BRZ_MDM,C_B_PARTY,STD_NATIONALITY_CD,varchar,,Direct,SLV_MDM,C_B_PARTY,C_B_PARTY,STD_NATIONALITY_CD,,,varchar,,,,
MDM,C_B_PARTY,STD_OCCUPATION_CLASS_CD,nvarchar,10,BRZ_MDM,C_B_PARTY,STD_OCCUPATION_CLASS_CD,varchar,,Direct,SLV_MDM,C_B_PARTY,C_B_PARTY,STD_OCCUPATION_CLASS_CD,,,varchar,,,,
MDM,C_B_PARTY,STD_GEO_DEMOGRAPHIC_CD,nvarchar,10,BRZ_MDM,C_B_PARTY,STD_GEO_DEMOGRAPHIC_CD,varchar,,Direct,SLV_MDM,C_B_PARTY,C_B_PARTY,STD_GEO_DEMOGRAPHIC_CD,,,varchar,,,,
MDM,C_B_PARTY,STD_EDUCATION_LEVEL_CD,nvarchar,10,BRZ_MDM,C_B_PARTY,STD_EDUCATION_LEVEL_CD,varchar,,Direct,SLV_MDM,C_B_PARTY,C_B_PARTY,STD_EDUCATION_LEVEL_CD,,,varchar,,,,
MDM,C_B_PARTY,STD_PRIMARY_LANG_CD,nvarchar,10,BRZ_MDM,C_B_PARTY,STD_PRIMARY_LANG_CD,varchar,,Direct,SLV_MDM,C_B_PARTY,C_B_PARTY,STD_PRIMARY_LANG_CD,,,varchar,,,,
MDM,C_B_PARTY,STD_SPCL_NEED_CD,nvarchar,10,BRZ_MDM,C_B_PARTY,STD_SPCL_NEED_CD,varchar,,Direct,SLV_MDM,C_B_PARTY,C_B_PARTY,STD_SPCL_NEED_CD,,,varchar,,,,
MDM,C_B_PARTY,STD_PREF_CONTACT_METHOD_CD,nvarchar,10,BRZ_MDM,C_B_PARTY,STD_PREF_CONTACT_METHOD_CD,varchar,,Direct,SLV_MDM,C_B_PARTY,C_B_PARTY,STD_PREF_CONTACT_METHOD_CD,,,varchar,,,,
MDM,C_B_PARTY,MOTHER_MAIDEN_NAME,nvarchar,600,BRZ_MDM,C_B_PARTY,MOTHER_MAIDEN_NAME,varchar,,Direct,SLV_MDM,C_B_PARTY,C_B_PARTY,MOTHER_MAIDEN_NAME,,,varchar,,,,
MDM,C_B_PARTY,VIRTUAL_ACCOUNT,nvarchar,100,BRZ_MDM,C_B_PARTY,VIRTUAL_ACCOUNT,varchar,,Direct,SLV_MDM,C_B_PARTY,C_B_PARTY,VIRTUAL_ACCOUNT,,,varchar,,,,
MDM,C_B_PARTY,BIRTH_PLACE,nvarchar,100,BRZ_MDM,C_B_PARTY,BIRTH_PLACE,varchar,,Direct,SLV_MDM,C_B_PARTY,C_B_PARTY,BIRTH_PLACE,,,varchar,,,,
MDM,C_B_PARTY,SUBSIDIARY_NO,nvarchar,25,BRZ_MDM,C_B_PARTY,SUBSIDIARY_NO,varchar,,Direct,SLV_MDM,C_B_PARTY,C_B_PARTY,SUBSIDIARY_NO,,,varchar,,,,
MDM,C_B_PARTY,SRC_CUSTOMER_ID,nvarchar,150,BRZ_MDM,C_B_PARTY,SRC_CUSTOMER_ID,varchar,,Direct,SLV_MDM,C_B_PARTY,C_B_PARTY,SRC_CUSTOMER_ID,,,varchar,,,,
MDM,C_B_PARTY_ROLE_POLICY,ROWID_OBJECT,bigint,,BRZ_MDM,C_B_PARTY_ROLE_POLICY,ROWID_OBJECT,bigint,,Direct,SLV_MDM,C_B_PARTY_ROLE_POLICY,C_B_PARTY_ROLE_POLICY,ROWID_OBJ,,,bigint,,,,
MDM,C_B_PARTY_ROLE_POLICY,CREATOR,nvarchar,50,BRZ_MDM,C_B_PARTY_ROLE_POLICY,CREATOR,varchar,,Direct,SLV_MDM,C_B_PARTY_ROLE_POLICY,C_B_PARTY_ROLE_POLICY,CREATOR,,,varchar,,,,
MDM,C_B_PARTY_ROLE_POLICY,CREATE_DATE,varchar,75,BRZ_MDM,C_B_PARTY_ROLE_POLICY,CREATE_DATE,varchar,,Direct,SLV_MDM,C_B_PARTY_ROLE_POLICY,C_B_PARTY_ROLE_POLICY,CREATE_DT,,,varchar,,,,
MDM,C_B_PARTY_ROLE_POLICY,UPDATED_BY,nvarchar,50,BRZ_MDM,C_B_PARTY_ROLE_POLICY,UPDATED_BY,varchar,,Direct,SLV_MDM,C_B_PARTY_ROLE_POLICY,C_B_PARTY_ROLE_POLICY,UPDATED_BY,,,varchar,,,,
MDM,C_B_PARTY_ROLE_POLICY,LAST_UPDATE_DATE,varchar,75,BRZ_MDM,C_B_PARTY_ROLE_POLICY,LAST_UPDATE_DATE,varchar,,Direct,SLV_MDM,C_B_PARTY_ROLE_POLICY,C_B_PARTY_ROLE_POLICY,LAST_UPDATE_DT,,,varchar,,,,
MDM,C_B_PARTY_ROLE_POLICY,CONSOLIDATION_IND,numeric,"38, 0",BRZ_MDM,C_B_PARTY_ROLE_POLICY,CONSOLIDATION_IND,number,"38, 0",Direct,SLV_MDM,C_B_PARTY_ROLE_POLICY,C_B_PARTY_ROLE_POLICY,CONSOLIDATION_IND,,,number,"38, 0",,,
MDM,C_B_PARTY_ROLE_POLICY,DELETED_IND,numeric,"38, 0",BRZ_MDM,C_B_PARTY_ROLE_POLICY,DELETED_IND,number,"38, 0",Direct,SLV_MDM,C_B_PARTY_ROLE_POLICY,C_B_PARTY_ROLE_POLICY,DELETED_IND,,,number,"38, 0",,,
MDM,C_B_PARTY_ROLE_POLICY,DELETED_BY,nvarchar,50,BRZ_MDM,C_B_PARTY_ROLE_POLICY,DELETED_BY,varchar,,Direct,SLV_MDM,C_B_PARTY_ROLE_POLICY,C_B_PARTY_ROLE_POLICY,DELETED_BY,,,varchar,,,,
MDM,C_B_PARTY_ROLE_POLICY,DELETED_DATE,varchar,75,BRZ_MDM,C_B_PARTY_ROLE_POLICY,DELETED_DATE,varchar,,Direct,SLV_MDM,C_B_PARTY_ROLE_POLICY,C_B_PARTY_ROLE_POLICY,DELETED_DT,,,varchar,,,,
MDM,C_B_PARTY_ROLE_POLICY,LAST_ROWID_SYSTEM,nvarchar,14,BRZ_MDM,C_B_PARTY_ROLE_POLICY,LAST_ROWID_SYSTEM,varchar,,Direct,SLV_MDM,C_B_PARTY_ROLE_POLICY,C_B_PARTY_ROLE_POLICY,LAST_ROWID_SYSTEM,,,varchar,,,,
MDM,C_B_PARTY_ROLE_POLICY,DIRTY_IND,numeric,"38, 0",BRZ_MDM,C_B_PARTY_ROLE_POLICY,DIRTY_IND,number,"38, 0",Direct,SLV_MDM,C_B_PARTY_ROLE_POLICY,C_B_PARTY_ROLE_POLICY,DIRTY_IND,,,number,"38, 0",,,
MDM,C_B_PARTY_ROLE_POLICY,INTERACTION_ID,numeric,"38, 0",BRZ_MDM,C_B_PARTY_ROLE_POLICY,INTERACTION_ID,number,"38, 0",Direct,SLV_MDM,C_B_PARTY_ROLE_POLICY,C_B_PARTY_ROLE_POLICY,INTERACTION_ID,,,number,"38, 0",,,
MDM,C_B_PARTY_ROLE_POLICY,HUB_STATE_IND,numeric,"38, 0",BRZ_MDM,C_B_PARTY_ROLE_POLICY,HUB_STATE_IND,number,"38, 0",Direct,SLV_MDM,C_B_PARTY_ROLE_POLICY,C_B_PARTY_ROLE_POLICY,HUB_STATE_IND,,,number,"38, 0",,,
MDM,C_B_PARTY_ROLE_POLICY,CM_DIRTY_IND,numeric,"38, 0",BRZ_MDM,C_B_PARTY_ROLE_POLICY,CM_DIRTY_IND,number,"38, 0",Direct,SLV_MDM,C_B_PARTY_ROLE_POLICY,C_B_PARTY_ROLE_POLICY,CM_DIRTY_IND,,,number,"38, 0",,,
MDM,C_B_PARTY_ROLE_POLICY,AFFILIATE_CD,nvarchar,10,BRZ_MDM,C_B_PARTY_ROLE_POLICY,AFFILIATE_CD,varchar,,Direct,SLV_MDM,C_B_PARTY_ROLE_POLICY,C_B_PARTY_ROLE_POLICY,AFFILIATE_CD,,,varchar,,,,
MDM,C_B_PARTY_ROLE_POLICY,CERTIFICATE_NO,nvarchar,10,BRZ_MDM,C_B_PARTY_ROLE_POLICY,CERTIFICATE_NO,varchar,,Direct,SLV_MDM,C_B_PARTY_ROLE_POLICY,C_B_PARTY_ROLE_POLICY,CERTIFICATE_NO,,,varchar,,,,
MDM,C_B_PARTY_ROLE_POLICY,DEPENDENT_NO,nvarchar,3,BRZ_MDM,C_B_PARTY_ROLE_POLICY,DEPENDENT_NO,varchar,,Direct,SLV_MDM,C_B_PARTY_ROLE_POLICY,C_B_PARTY_ROLE_POLICY,DEPENDENT_NO,,,varchar,,,,
MDM,C_B_PARTY_ROLE_POLICY,ENTITY_CD,nvarchar,10,BRZ_MDM,C_B_PARTY_ROLE_POLICY,ENTITY_CD,varchar,,Direct,SLV_MDM,C_B_PARTY_ROLE_POLICY,C_B_PARTY_ROLE_POLICY,ENTITY_CD,,,varchar,,,,
MDM,C_B_PARTY_ROLE_POLICY,PARTY_ROLE_CD,nvarchar,10,BRZ_MDM,C_B_PARTY_ROLE_POLICY,PARTY_ROLE_CD,varchar,,Direct,SLV_MDM,C_B_PARTY_ROLE_POLICY,C_B_PARTY_ROLE_POLICY,PARTY_ROLE_CD,,,varchar,,,,
MDM,C_B_PARTY_ROLE_POLICY,ROWID_POLICY,bigint,,BRZ_MDM,C_B_PARTY_ROLE_POLICY,ROWID_POLICY,bigint,,Direct,SLV_MDM,C_B_PARTY_ROLE_POLICY,C_B_PARTY_ROLE_POLICY,ROWID_POLICY,,,bigint,,,,
MDM,C_B_PARTY_ROLE_POLICY,ROWID_PARTY,bigint,,BRZ_MDM,C_B_PARTY_ROLE_POLICY,ROWID_PARTY,bigint,,Direct,SLV_MDM,C_B_PARTY_ROLE_POLICY,C_B_PARTY_ROLE_POLICY,ROWID_PARTY,,,bigint,,,,
MDM,C_B_PARTY_ROLE_POLICY,BENEFICIARY_ID,nvarchar,32,BRZ_MDM,C_B_PARTY_ROLE_POLICY,BENEFICIARY_ID,varchar,,Direct,SLV_MDM,C_B_PARTY_ROLE_POLICY,C_B_PARTY_ROLE_POLICY,BENEFICIARY_ID,,,varchar,,,,
MDM,C_B_PARTY_ROLE_POLICY,PARTY_ROLE_EXIT_DT,datetime,,BRZ_MDM,C_B_PARTY_ROLE_POLICY,PARTY_ROLE_EXIT_DT,timestamp_ntz,,Direct,SLV_MDM,C_B_PARTY_ROLE_POLICY,C_B_PARTY_ROLE_POLICY,PARTY_ROLE_EXIT_DT,,,timestamp_ntz,,,,
MDM,C_B_PARTY_ROLE_POLICY,PARTY_ROLE_TERMINATION_DT,datetime,,BRZ_MDM,C_B_PARTY_ROLE_POLICY,PARTY_ROLE_TERMINATION_DT,timestamp_ntz,,Direct,SLV_MDM,C_B_PARTY_ROLE_POLICY,C_B_PARTY_ROLE_POLICY,PARTY_ROLE_TERMINATION_DT,,,timestamp_ntz,,,,
MDM,C_B_PARTY_ROLE_POLICY,PARTY_ROLE_START_DT,datetime,,BRZ_MDM,C_B_PARTY_ROLE_POLICY,PARTY_ROLE_START_DT,timestamp_ntz,,Direct,SLV_MDM,C_B_PARTY_ROLE_POLICY,C_B_PARTY_ROLE_POLICY,PARTY_ROLE_START_DT,,,timestamp_ntz,,,,
MDM,C_B_PARTY_ROLE_POLICY,VALID_TO_DTTM,datetime,,BRZ_MDM,C_B_PARTY_ROLE_POLICY,VALID_TO_DTTM,timestamp_ntz,,Direct,SLV_MDM,C_B_PARTY_ROLE_POLICY,C_B_PARTY_ROLE_POLICY,VALID_TO_DTTM,,,timestamp_ntz,,,,
MDM,C_B_PARTY_ROLE_POLICY,VALID_FROM_DTTM,datetime,,BRZ_MDM,C_B_PARTY_ROLE_POLICY,VALID_FROM_DTTM,timestamp_ntz,,Direct,SLV_MDM,C_B_PARTY_ROLE_POLICY,C_B_PARTY_ROLE_POLICY,VALID_FROM_DTTM,,,timestamp_ntz,,,,
MDM,C_B_PARTY_ROLE_POLICY,TRANS_NO,numeric,"38, 0",BRZ_MDM,C_B_PARTY_ROLE_POLICY,TRANS_NO,number,"38, 0",Direct,SLV_MDM,C_B_PARTY_ROLE_POLICY,C_B_PARTY_ROLE_POLICY,TRANS_NO,,,number,"38, 0",,,
MDM,C_B_PARTY_ROLE_POLICY,PARTY_ROLE_STAT_CD,nvarchar,10,BRZ_MDM,C_B_PARTY_ROLE_POLICY,PARTY_ROLE_STAT_CD,varchar,,Direct,SLV_MDM,C_B_PARTY_ROLE_POLICY,C_B_PARTY_ROLE_POLICY,PARTY_ROLE_STAT_CD,,,varchar,,,,
MDM,C_B_PARTY_ROLE_POLICY,STD_PARTY_ROLE_STAT_CD,nvarchar,10,BRZ_MDM,C_B_PARTY_ROLE_POLICY,STD_PARTY_ROLE_STAT_CD,varchar,,Direct,SLV_MDM,C_B_PARTY_ROLE_POLICY,C_B_PARTY_ROLE_POLICY,STD_PARTY_ROLE_STAT_CD,,,varchar,,,,
RLS,LFPCRSM,C2PNO,,,BRZ_RLS,LFPCRSM,C2PNO,,,Direct,SLV_RLS,LFPCRSM,POLICY_CRS_INFO,LOGDATE,,POLICY NUMBER,,,,,
RLS,LFPCRSM,C2OWN,,,BRZ_RLS,LFPCRSM,C2OWN,,,Direct,SLV_RLS,LFPCRSM,POLICY_CRS_INFO,OWN_NM,,OWN NAME,,,,,
RLS,LFPCRSM,C2CRSTYP,,,BRZ_RLS,LFPCRSM,C2CRSTYP,,,Direct,SLV_RLS,LFPCRSM,POLICY_CRS_INFO,CRS_TYPE,,CRS TYPE,,,,,
RLS,LFPCRSM,C2CLMTYP,,,BRZ_RLS,LFPCRSM,C2CLMTYP,,,Direct,SLV_RLS,LFPCRSM,POLICY_CRS_INFO,CLAIM_TYPE,,CLAIM TYPE,,,,,
RLS,LFPCRSM,C2EMAIL,,,BRZ_RLS,LFPCRSM,C2EMAIL,,,Direct,SLV_RLS,LFPCRSM,POLICY_CRS_INFO,OWN_EMAIL,,Email ID,,,,,
RLS,LFPCRSM,C2MOBN,,,BRZ_RLS,LFPCRSM,C2MOBN,,,Direct,SLV_RLS,LFPCRSM,POLICY_CRS_INFO,OWN_MOBILE_NO,,Mobile Number,,,,,
RLS,LFPCRSM,C2DOB,,,BRZ_RLS,LFPCRSM,C2DOB,,,Direct,SLV_RLS,LFPCRSM,POLICY_CRS_INFO,OWN_DOB,,Date of Birth,,,,,
RLS,LFPCRSM,C2TXRS,,,BRZ_RLS,LFPCRSM,C2TXRS,,,Direct,SLV_RLS,LFPCRSM,POLICY_CRS_INFO,OWN_TAX_RESIDENCE,,TAX RESIDENCY,,,,,
RLS,LFPCRSM,C2TIN,,,BRZ_RLS,LFPCRSM,C2TIN,,,Direct,SLV_RLS,LFPCRSM,POLICY_CRS_INFO,OWN_TAX_NO,,TIN,,,,,
RLS,LFPCRSM,C2POB,,,BRZ_RLS,LFPCRSM,C2POB,,,Direct,SLV_RLS,LFPCRSM,POLICY_CRS_INFO,PLACE_BIRTH_INCORPORATION,,PLACE OF BIRTH/ INCORPORATION,,,,,
RLS,LFPCRSM,C2IFU,,,BRZ_RLS,LFPCRSM,C2IFU,,,Direct,SLV_RLS,LFPCRSM,POLICY_CRS_INFO,INDICA_FOLLOW_UP,,INDICA FOLLOW UP,,,,,
RLS,LFPCRSM,C2RMK,,,BRZ_RLS,LFPCRSM,C2RMK,,,Direct,SLV_RLS,LFPCRSM,POLICY_CRS_INFO,REMARK_FOR_REASONABLE_TEST,,REMARK FOR REASONABLE TEST,,,,,
RLS,LFPCRSM,C2ENT,,,BRZ_RLS,LFPCRSM,C2ENT,,,Direct,SLV_RLS,LFPCRSM,POLICY_CRS_INFO,ENTITY,,ENTITY,,,,,
RLS,LFPCRSM,C2CRSSTU,,,BRZ_RLS,LFPCRSM,C2CRSSTU,,,Direct,SLV_RLS,LFPCRSM,POLICY_CRS_INFO,CRS_STATUS,,CRS STATUS,,,,,
RLS,LFPCRSM,C2FATCA,,,BRZ_RLS,LFPCRSM,C2FATCA,,,Direct,SLV_RLS,LFPCRSM,POLICY_CRS_INFO,FATCA_STATUS,,FATCA STATUS,,,,,
RLS,LFPCRSM,C2ENTTYP,,,BRZ_RLS,LFPCRSM,C2ENTTYP,,,Direct,SLV_RLS,LFPCRSM,POLICY_CRS_INFO,ENTITY_TYPE,,ENTITY TYPE,,,,,
RLS,LFPCRSM,C2FUI,,,BRZ_RLS,LFPCRSM,C2FUI,,,Direct,SLV_RLS,LFPCRSM,POLICY_CRS_INFO,FOLLOW_UP_INITIATED,,FOLLOW UP INITIATED,,,,,
RLS,LFPCRSM,C2FUSTRDT,,,BRZ_RLS,LFPCRSM,C2FUSTRDT,,,Direct,SLV_RLS,LFPCRSM,POLICY_CRS_INFO,FOLLOW_UP_START_DT,,FOLLOW UP START DATE,,,,,
RLS,LFPCRSM,C2LASTUPBY,,,BRZ_RLS,LFPCRSM,C2LASTUPBY,,,Direct,SLV_RLS,LFPCRSM,POLICY_CRS_INFO,LAST_UPDATE_BY,,LAST UPDATE BY,,,,,
RLS,LFPCRSM,C2LASTUPDT,,,BRZ_RLS,LFPCRSM,C2LASTUPDT,,,Direct,SLV_RLS,LFPCRSM,POLICY_CRS_INFO,LAST_UPDATE_DT,,LAST UPDATE DATE,,,,,
RLS,LFPCRSM,C2CLPAY,,,BRZ_RLS,LFPCRSM,C2CLPAY,,,Direct,SLV_RLS,LFPCRSM,POLICY_CRS_INFO,IN_POLICY_CCY_AMT,,AMOUNT IN POL. CCY,,,,,
RLS,LFPCRSM,C2CLCLM,,,BRZ_RLS,LFPCRSM,C2CLCLM,,,Direct,SLV_RLS,LFPCRSM,POLICY_CRS_INFO,CLAIM_NO,,CLAIM NO,,,,,
RLS,LFPCRSM,C2REASON,,,BRZ_RLS,LFPCRSM,C2REASON,,,Direct,SLV_RLS,LFPCRSM,POLICY_CRS_INFO,TIN_REASON_NO,,NO TIN REASON,,,,,
RLS,LFPCRSM,C2CNTE,,,BRZ_RLS,LFPCRSM,C2CNTE,,,Direct,SLV_RLS,LFPCRSM,POLICY_CRS_INFO,EMPLOYER_CTY,,EMPLOYER CTY,,,,,
RLS,LFPCRSM,C2ADDR1,,,BRZ_RLS,LFPCRSM,C2ADDR1,,,Direct,SLV_RLS,LFPCRSM,POLICY_CRS_INFO,CLAIMAINT_ADDR_1,,CLAIMAINT ADDR 1,,,,,
RLS,LFPCRSM,C2ADDR2,,,BRZ_RLS,LFPCRSM,C2ADDR2,,,Direct,SLV_RLS,LFPCRSM,POLICY_CRS_INFO,CLAIMAINT_ADDR_2,,CLAIMAINT ADDR 2,,,,,
RLS,LFPCRSM,C2ADDR3,,,BRZ_RLS,LFPCRSM,C2ADDR3,,,Direct,SLV_RLS,LFPCRSM,POLICY_CRS_INFO,CLAIMAINT_ADDR_3,,CLAIMAINT ADDR 3,,,,,
RLS,LFPCRSM,C2ADDR4,,,BRZ_RLS,LFPCRSM,C2ADDR4,,,Direct,SLV_RLS,LFPCRSM,POLICY_CRS_INFO,CLAIMAINT_ADDR_4,,CLAIMAINT ADDR 4,,,,,
RLS,LFPCRSM,C2CCTY,,,BRZ_RLS,LFPCRSM,C2CCTY,,,Direct,SLV_RLS,LFPCRSM,POLICY_CRS_INFO,CLAIMAINT_CITY,,CLAIMAINT CITY,,,,,
RLS,LFPCRSM,C2CTY,,,BRZ_RLS,LFPCRSM,C2CTY,,,Direct,SLV_RLS,LFPCRSM,POLICY_CRS_INFO,CITY_TOWN,,CITY/TOWN,,,,,
RLS,LFPCRSM,C2CONFLG,,,BRZ_RLS,LFPCRSM,C2CONFLG,,,Direct,SLV_RLS,LFPCRSM,POLICY_CRS_INFO,IS_CONSENT,,CONSENT FLAG,,,,,
RLS,CIPSPLF1B,A4CUID,,,BRZ_RLS,CIPSPLF1B,A4CUID,,,Direct,SLV_RLS,CIPSPLF1B,SERVICE_PROFILE,CUST_ID,,CUSTOMER ID,,,,,
RLS,CIPSPLF1B,A4PNO,,,BRZ_RLS,CIPSPLF1B,A4PNO,,,Direct,SLV_RLS,CIPSPLF1B,SERVICE_PROFILE,POLICY_NO,,POLICY NUMBER,,,,,
RLS,CIPSPLF1B,A4CRED,,,BRZ_RLS,CIPSPLF1B,A4CRED,,,Direct,SLV_RLS,CIPSPLF1B,SERVICE_PROFILE,CREDIT_CARD_NO,,CREDIT CARD NUMBER,,,,,
RLS,CIPSPLF1B,A4INSF,,,BRZ_RLS,CIPSPLF1B,A4INSF,,,Direct,SLV_RLS,CIPSPLF1B,SERVICE_PROFILE,IS_CUST_INS,,INSURED FLAG,,,,,
RLS,CIPSPLF1B,A4OWNF,,,BRZ_RLS,CIPSPLF1B,A4OWNF,,,Direct,SLV_RLS,CIPSPLF1B,SERVICE_PROFILE,IS_CUST_OWN,,OWN FLAG,,,,,
RLS,CIPSPLF1B,A4DEPF,,,BRZ_RLS,CIPSPLF1B,A4DEPF,,,Direct,SLV_RLS,CIPSPLF1B,SERVICE_PROFILE,IS_DEPENDENT,,DEPENDENT FLAG,,,,,
RLS,CIPSPLF1B,A4BNYF,,,BRZ_RLS,CIPSPLF1B,A4BNYF,,,Direct,SLV_RLS,CIPSPLF1B,SERVICE_PROFILE,IS_BENEFICIARY,,BENEFICIARY FLAG,,,,,
RLS,CIPSPLF1B,A4PSEQ,,,BRZ_RLS,CIPSPLF1B,A4PSEQ,,,Direct,SLV_RLS,CIPSPLF1B,SERVICE_PROFILE,PENDING_SEQUENCE,,PENDING SEQUENCE,,,,,
RLS,CIPSPLF1B,A4CDAT,,,BRZ_RLS,CIPSPLF1B,A4CDAT,,,Direct,SLV_RLS,CIPSPLF1B,SERVICE_PROFILE,CAPTURE_DT,,CAPTURE DATE,,,,,
RLS,CIPSPLF1B,A4CTIM,,,BRZ_RLS,CIPSPLF1B,A4CTIM,,,Direct,SLV_RLS,CIPSPLF1B,SERVICE_PROFILE,CAPTURE_TIME,,CAPTURE TIME,,,,,
RLS,CIPSPLF1B,A4CUSR,,,BRZ_RLS,CIPSPLF1B,A4CUSR,,,Direct,SLV_RLS,CIPSPLF1B,SERVICE_PROFILE,CAPTURE_USER,,CAPTURE USER,,,,,
RLS,CIPSPLF1B,A4CDPT,,,BRZ_RLS,CIPSPLF1B,A4CDPT,,,Direct,SLV_RLS,CIPSPLF1B,SERVICE_PROFILE,CAPTURE_USER_DEPT,,CAPTURE USER DEPT,,,,,
RLS,CIPSPLF1B,A4CSRC,,,BRZ_RLS,CIPSPLF1B,A4CSRC,,,Direct,SLV_RLS,CIPSPLF1B,SERVICE_PROFILE,CAPTURE_SOURCE,,CAPTURE SOURCE,,,,,
RLS,CIPCUSPFB,A0CUID,,,BRZ_RLS,CIPCUSPFB,A0CUID,,,Direct,SLV_RLS,CIPCUSPFB,CUSTOMER_PROFILE,CUST_ID,,CUSTOMER ID,,,,,
RLS,CIPCUSPFB,A0NAME,,,BRZ_RLS,CIPCUSPFB,A0NAME,,,Direct,SLV_RLS,CIPCUSPFB,CUSTOMER_PROFILE,NM,,NAME,,,,,
RLS,CIPCUSPFB,A0DOB,,,BRZ_RLS,CIPCUSPFB,A0DOB,,,Direct,SLV_RLS,CIPCUSPFB,CUSTOMER_PROFILE,BIRTH_DT,,DATE OF BIRTH,,,,,
RLS,CIPCUSPFB,A0IDNO,,,BRZ_RLS,CIPCUSPFB,A0IDNO,,,Direct,SLV_RLS,CIPCUSPFB,CUSTOMER_PROFILE,ID_NO,,ID NO.,,,,,
RLS,CIPCUSPFB,A0SEX,,,BRZ_RLS,CIPCUSPFB,A0SEX,,,Direct,SLV_RLS,CIPCUSPFB,CUSTOMER_PROFILE,CUST_GENDER,,SEX,,,,,
RLS,CIPCUSPFB,A0STU,,,BRZ_RLS,CIPCUSPFB,A0STU,,,Direct,SLV_RLS,CIPCUSPFB,CUSTOMER_PROFILE,STATUS,,STATUS,,,,,
RLS,CIPCUSPFB,A0MRST,,,BRZ_RLS,CIPCUSPFB,A0MRST,,,Direct,SLV_RLS,CIPCUSPFB,CUSTOMER_PROFILE,CUST_MARITAL_STAT_CD,,MARITAL STATUS CODE,,,,,
RLS,CIPCUSPFB,A0FMMB,,,BRZ_RLS,CIPCUSPFB,A0FMMB,,,Direct,SLV_RLS,CIPCUSPFB,CUSTOMER_PROFILE,FAMILY_MEMBERS_NO,,NO. OF FAMILY MEMBERS,,,,,
RLS,CIPCUSPFB,A0OCIC,,,BRZ_RLS,CIPCUSPFB,A0OCIC,,,Direct,SLV_RLS,CIPCUSPFB,CUSTOMER_PROFILE,CUST_OCCUP_INDUSTRY_CD,,OCCUPATION (INDUSTRY) CODE,,,,,
RLS,CIPCUSPFB,A0OCPC,,,BRZ_RLS,CIPCUSPFB,A0OCPC,,,Direct,SLV_RLS,CIPCUSPFB,CUSTOMER_PROFILE,CUST_OCCUP_POSITION_CD,,OCCUPATION (POSITION) CODE,,,,,
RLS,CIPCUSPFB,A0INCL,,,BRZ_RLS,CIPCUSPFB,A0INCL,,,Direct,SLV_RLS,CIPCUSPFB,CUSTOMER_PROFILE,CUST_INCOME,,INCOME IN LOCAL CURRENCY,,,,,
RLS,CIPCUSPFB,A0CTZC,,,BRZ_RLS,CIPCUSPFB,A0CTZC,,,Direct,SLV_RLS,CIPCUSPFB,CUSTOMER_PROFILE,CUST_CITIZEN_CD,,CITIZEN CODE,,,,,
RLS,CIPCUSPFB,A0RLGC,,,BRZ_RLS,CIPCUSPFB,A0RLGC,,,Direct,SLV_RLS,CIPCUSPFB,CUSTOMER_PROFILE,CUST_RELIGION_CD,,RELIGION CODE,,,,,
RLS,CIPCUSPFB,A0CLCF,,,BRZ_RLS,CIPCUSPFB,A0CLCF,,,Direct,SLV_RLS,CIPCUSPFB,CUSTOMER_PROFILE,IS_CLC,,CLC FLAG,,,,,
RLS,CIPCUSPFB,A0CLCE,,,BRZ_RLS,CIPCUSPFB,A0CLCE,,,Direct,SLV_RLS,CIPCUSPFB,CUSTOMER_PROFILE,CLC_EXP_DT,,CLC EXPIRY DATE,,,,,
RLS,CIPCUSPFB,A0PSEQ,,,BRZ_RLS,CIPCUSPFB,A0PSEQ,,,Direct,SLV_RLS,CIPCUSPFB,CUSTOMER_PROFILE,PENDING_SEQ,,PENDING SEQUENCE,,,,,
RLS,CIPCUSPFB,A0CDAT,,,BRZ_RLS,CIPCUSPFB,A0CDAT,,,Direct,SLV_RLS,CIPCUSPFB,CUSTOMER_PROFILE,CAPTURE_DT,,CAPTURE DATE,,,,,
RLS,CIPCUSPFB,A0CTIM,,,BRZ_RLS,CIPCUSPFB,A0CTIM,,,Direct,SLV_RLS,CIPCUSPFB,CUSTOMER_PROFILE,CAPTURE_TM,,CAPTURE TIME,,,,,
RLS,CIPCUSPFB,A0CUSR,,,BRZ_RLS,CIPCUSPFB,A0CUSR,,,Direct,SLV_RLS,CIPCUSPFB,CUSTOMER_PROFILE,CAPTURE_USER,,CAPTURE USER,,,,,
RLS,CIPCUSPFB,A0CDPT,,,BRZ_RLS,CIPCUSPFB,A0CDPT,,,Direct,SLV_RLS,CIPCUSPFB,CUSTOMER_PROFILE,CAPTURE_USER_DEPT,,CAPTURE USER DEPT,,,,,
RLS,CIPCUSPFB,A0CSRC,,,BRZ_RLS,CIPCUSPFB,A0CSRC,,,Direct,SLV_RLS,CIPCUSPFB,CUSTOMER_PROFILE,CAPTURE_SRC,,CAPTURE SCOURCE,,,,,
RLS,CIPCUSPFB,A0LDAT,,,BRZ_RLS,CIPCUSPFB,A0LDAT,,,Direct,SLV_RLS,CIPCUSPFB,CUSTOMER_PROFILE,LAST_UPDATE_DT,,LAST UPDATE DATE,,,,,
RLS,CIPCUSPFB,A0LTIM,,,BRZ_RLS,CIPCUSPFB,A0LTIM,,,Direct,SLV_RLS,CIPCUSPFB,CUSTOMER_PROFILE,LAST_UPDATE_TM,,LAST UPDATE TIME,,,,,
RLS,CIPCUSPFB,A0LUSR,,,BRZ_RLS,CIPCUSPFB,A0LUSR,,,Direct,SLV_RLS,CIPCUSPFB,CUSTOMER_PROFILE,LAST_UPDATE_USER,,LAST UPDATE USER,,,,,
RLS,CIPCUSPFB,A0LDPT,,,BRZ_RLS,CIPCUSPFB,A0LDPT,,,Direct,SLV_RLS,CIPCUSPFB,CUSTOMER_PROFILE,LAST_UPDATE_USER_DEPT,,LAST UPDATE USER DEPT,,,,,
RLS,CIPCUSPFB,A0LSRC,,,BRZ_RLS,CIPCUSPFB,A0LSRC,,,Direct,SLV_RLS,CIPCUSPFB,CUSTOMER_PROFILE,LAST_UPDATE_SRC,,LAST UPDATE SOURCE,,,,,
RLS,CIPCUSPFB,A0SDAT,,,BRZ_RLS,CIPCUSPFB,A0SDAT,,,Direct,SLV_RLS,CIPCUSPFB,CUSTOMER_PROFILE,STAT_UPDATE_DT,,STATUS UPDATE DATE,,,,,
RLS,CIPCUSPFB,A0STIM,,,BRZ_RLS,CIPCUSPFB,A0STIM,,,Direct,SLV_RLS,CIPCUSPFB,CUSTOMER_PROFILE,STAT_UPDATE_TM,,STATUS UPDATE TIME,,,,,
RLS,CIPCUSPFB,A0SUSR,,,BRZ_RLS,CIPCUSPFB,A0SUSR,,,Direct,SLV_RLS,CIPCUSPFB,CUSTOMER_PROFILE,STAT_UPDATE_USER,,STATUS UPDATE USER,,,,,
RLS,CIPCUSPFB,A0SDPT,,,BRZ_RLS,CIPCUSPFB,A0SDPT,,,Direct,SLV_RLS,CIPCUSPFB,CUSTOMER_PROFILE,STAT_UPDATE_USER_DEPT,,STATUS UPDATE USER DEPT,,,,,
RLS,CIPCUSPFB,A0SSRC,,,BRZ_RLS,CIPCUSPFB,A0SSRC,,,Direct,SLV_RLS,CIPCUSPFB,CUSTOMER_PROFILE,STAT_UPDATE_SRC,,STATUS UPDATE SOURCE,,,,,
DMTM,CUSTOMER,CUSTOMERID,varchar,50,BRZ_DMTM,CUSTOMER,CUSTOMERID,varchar,,Direct,SLV_DMTM,CUSTOMER,CUSTOMER,CUSTOMER_ID,,,varchar,,,,
DMTM,CUSTOMER,NPWP,varchar,25,BRZ_DMTM,CUSTOMER,NPWP,varchar,,Direct,SLV_DMTM,CUSTOMER,CUSTOMER,NPWP,,,varchar,,,,
DMTM,CUSTOMER,IDENTITYNO,varchar,100,BRZ_DMTM,CUSTOMER,IDENTITYNO,varchar,,Direct,SLV_DMTM,CUSTOMER,CUSTOMER,IDENTITY_NO,,,varchar,,,,
DMTM,CUSTOMER,FIRSTNAME,varchar,100,BRZ_DMTM,CUSTOMER,FIRSTNAME,varchar,,Direct,SLV_DMTM,CUSTOMER,CUSTOMER,FIRST_NM,,,varchar,,,,
DMTM,CUSTOMER,LASTNAME,varchar,100,BRZ_DMTM,CUSTOMER,LASTNAME,varchar,,Direct,SLV_DMTM,CUSTOMER,CUSTOMER,LAST_NM,,,varchar,,,,
DMTM,CUSTOMER,BIRTHPLACE,varchar,100,BRZ_DMTM,CUSTOMER,BIRTHPLACE,varchar,,Direct,SLV_DMTM,CUSTOMER,CUSTOMER,BIRTH_PLACE,,,varchar,,,,
DMTM,CUSTOMER,BIRTHDATE,datetime,,BRZ_DMTM,CUSTOMER,BIRTHDATE,timestamp_ntz,,Direct,SLV_DMTM,CUSTOMER,CUSTOMER,BIRTH_DT,,,timestamp_ntz,,,,
DMTM,CUSTOMER,HOMEPHONE,varchar,50,BRZ_DMTM,CUSTOMER,HOMEPHONE,varchar,,Direct,SLV_DMTM,CUSTOMER,CUSTOMER,HOME_PHONE,,,varchar,,,,
DMTM,CUSTOMER,FAX,varchar,50,BRZ_DMTM,CUSTOMER,FAX,varchar,,Direct,SLV_DMTM,CUSTOMER,CUSTOMER,FAX,,,varchar,,,,
DMTM,CUSTOMER,EMAIL,varchar,200,BRZ_DMTM,CUSTOMER,EMAIL,varchar,,Direct,SLV_DMTM,CUSTOMER,CUSTOMER,EMAIL,,,varchar,,,,
DMTM,CUSTOMER,MOBILEPHONE,varchar,50,BRZ_DMTM,CUSTOMER,MOBILEPHONE,varchar,,Direct,SLV_DMTM,CUSTOMER,CUSTOMER,MOBILE_PHONE,,,varchar,,,,
DMTM,CUSTOMER,OFFICEPHONE,varchar,50,BRZ_DMTM,CUSTOMER,OFFICEPHONE,varchar,,Direct,SLV_DMTM,CUSTOMER,CUSTOMER,OFFICE_PHONE,,,varchar,,,,
DMTM,CUSTOMER,ACCOUNTNO,varchar,50,BRZ_DMTM,CUSTOMER,ACCOUNTNO,varchar,,Direct,SLV_DMTM,CUSTOMER,CUSTOMER,ACCOUNT_NO,,,varchar,,,,
DMTM,CUSTOMER,ACCOUNTNAME,varchar,100,BRZ_DMTM,CUSTOMER,ACCOUNTNAME,varchar,,Direct,SLV_DMTM,CUSTOMER,CUSTOMER,ACCOUNT_NM,,,varchar,,,,
DMTM,CUSTOMER,CARDNO,varchar,50,BRZ_DMTM,CUSTOMER,CARDNO,varchar,,Direct,SLV_DMTM,CUSTOMER,CUSTOMER,CARD_NO,,,varchar,,,,
DMTM,CUSTOMER,CARDNAME,varchar,100,BRZ_DMTM,CUSTOMER,CARDNAME,varchar,,Direct,SLV_DMTM,CUSTOMER,CUSTOMER,CARD_NM,,,varchar,,,,
DMTM,CUSTOMER,PREFIX,varchar,25,BRZ_DMTM,CUSTOMER,PREFIX,varchar,,Direct,SLV_DMTM,CUSTOMER,CUSTOMER,PREFIX,,,varchar,,,,
DMTM,CUSTOMER,SUFIX,varchar,25,BRZ_DMTM,CUSTOMER,SUFIX,varchar,,Direct,SLV_DMTM,CUSTOMER,CUSTOMER,SUFFIX,,,varchar,,,,
DMTM,CUSTOMER,OCCUPATIONID,varchar,15,BRZ_DMTM,CUSTOMER,OCCUPATIONID,varchar,,Direct,SLV_DMTM,CUSTOMER,CUSTOMER,OCCUPATION_ID,,,varchar,,,,
DMTM,CUSTOMER,OCCUPATIONFIELD,varchar,500,BRZ_DMTM,CUSTOMER,OCCUPATIONFIELD,varchar,,Direct,SLV_DMTM,CUSTOMER,CUSTOMER,OCCUPATION_FIELD,,,varchar,,,,
DMTM,CUSTOMER,OCCUPATIONLENGTH,char,10,BRZ_DMTM,CUSTOMER,OCCUPATIONLENGTH,varchar,,Direct,SLV_DMTM,CUSTOMER,CUSTOMER,OCCUPATION_LENGTH,,,varchar,,,,
DMTM,CUSTOMER,INCOMERANGE,float,,BRZ_DMTM,CUSTOMER,INCOMERANGE,float,,Direct,SLV_DMTM,CUSTOMER,CUSTOMER,INCOME_RANGE,,,float,,,,
DMTM,CUSTOMER,INCOMESOURCEID,varchar,25,BRZ_DMTM,CUSTOMER,INCOMESOURCEID,varchar,,Direct,SLV_DMTM,CUSTOMER,CUSTOMER,INCOME_SOURCE_ID,,,varchar,,,,
DMTM,CUSTOMER,ADDRESSID,bigint,,BRZ_DMTM,CUSTOMER,ADDRESSID,bigint,,Direct,SLV_DMTM,CUSTOMER,CUSTOMER,ADDR_ID,,,bigint,,,,
DMTM,CUSTOMER,TITLEID,varchar,3,BRZ_DMTM,CUSTOMER,TITLEID,varchar,,Direct,SLV_DMTM,CUSTOMER,CUSTOMER,TITLE_ID,,,varchar,,,,
DMTM,CUSTOMER,IDENTITYTYPEID,varchar,3,BRZ_DMTM,CUSTOMER,IDENTITYTYPEID,varchar,,Direct,SLV_DMTM,CUSTOMER,CUSTOMER,IDENTITY_TYPE_ID,,,varchar,,,,
DMTM,CUSTOMER,CARDTYPEID,varchar,3,BRZ_DMTM,CUSTOMER,CARDTYPEID,varchar,,Direct,SLV_DMTM,CUSTOMER,CUSTOMER,CARD_TYPE_ID,,,varchar,,,,
DMTM,CUSTOMER,SEXID,varchar,2,BRZ_DMTM,CUSTOMER,SEXID,varchar,,Direct,SLV_DMTM,CUSTOMER,CUSTOMER,SEX_ID,,,varchar,,,,
DMTM,CUSTOMER,DEFAULTADDRESSTYPEID,varchar,2,BRZ_DMTM,CUSTOMER,DEFAULTADDRESSTYPEID,varchar,,Direct,SLV_DMTM,CUSTOMER,CUSTOMER,DEFAULT_ADDR_TYPE_ID,,,varchar,,,,
DMTM,CUSTOMER,RELIGIONID,varchar,3,BRZ_DMTM,CUSTOMER,RELIGIONID,varchar,,Direct,SLV_DMTM,CUSTOMER,CUSTOMER,RELIGION_ID,,,varchar,,,,
DMTM,CUSTOMER,BANKBRANCHID,varchar,15,BRZ_DMTM,CUSTOMER,BANKBRANCHID,varchar,,Direct,SLV_DMTM,CUSTOMER,CUSTOMER,BANK_BRANCH_ID,,,varchar,,,,
DMTM,CUSTOMER,BANKID,varchar,15,BRZ_DMTM,CUSTOMER,BANKID,varchar,,Direct,SLV_DMTM,CUSTOMER,CUSTOMER,BANK_ID,,,varchar,,,,
DMTM,CUSTOMER,CREATEBY,varchar,15,BRZ_DMTM,CUSTOMER,CREATEBY,varchar,,Direct,SLV_DMTM,CUSTOMER,CUSTOMER,CREATE_BY,,,varchar,,,,
DMTM,CUSTOMER,CREATEDATE,datetime,,BRZ_DMTM,CUSTOMER,CREATEDATE,timestamp_ntz,,Direct,SLV_DMTM,CUSTOMER,CUSTOMER,CREATE_DT,,,timestamp_ntz,,,,
DMTM,CUSTOMER,MODIFYBY,varchar,15,BRZ_DMTM,CUSTOMER,MODIFYBY,varchar,,Direct,SLV_DMTM,CUSTOMER,CUSTOMER,MODIFY_BY,,,varchar,,,,
DMTM,CUSTOMER,MODIFYDATE,datetime,,BRZ_DMTM,CUSTOMER,MODIFYDATE,timestamp_ntz,,Direct,SLV_DMTM,CUSTOMER,CUSTOMER,MODIFY_DT,,,timestamp_ntz,,,,
DMTM,CUSTOMER,CIFNO,varchar,25,BRZ_DMTM,CUSTOMER,CIFNO,varchar,,Direct,SLV_DMTM,CUSTOMER,CUSTOMER,CIF_NO,,,varchar,,,,
DMTM,CUSTOMER,CARDEXPDATE,varchar,5,BRZ_DMTM,CUSTOMER,CARDEXPDATE,varchar,,Direct,SLV_DMTM,CUSTOMER,CUSTOMER,CARD_EXP_DT,,,varchar,,,,
DMTM,CUSTOMER,POSITION,varchar,100,BRZ_DMTM,CUSTOMER,POSITION,varchar,,Direct,SLV_DMTM,CUSTOMER,CUSTOMER,POSITION,,,varchar,,,,
DMTM,CUSTOMER,COMPANY,varchar,50,BRZ_DMTM,CUSTOMER,COMPANY,varchar,,Direct,SLV_DMTM,CUSTOMER,CUSTOMER,COMPANY,,,varchar,,,,
DMTM,CUSTOMER,ISBILLINGHOLD,bit,,BRZ_DMTM,CUSTOMER,ISBILLINGHOLD,varchar,,Direct,SLV_DMTM,CUSTOMER,CUSTOMER,IS_BILLING_HOLD,,,boolean,,,,
DMTM,CUSTOMER,HOMEPHONE2,varchar,50,BRZ_DMTM,CUSTOMER,HOMEPHONE2,varchar,,Direct,SLV_DMTM,CUSTOMER,CUSTOMER,HOME_PHONE_2,,,varchar,,,,
DMTM,CUSTOMER,OFFICEPHONE2,varchar,50,BRZ_DMTM,CUSTOMER,OFFICEPHONE2,varchar,,Direct,SLV_DMTM,CUSTOMER,CUSTOMER,OFFICE_PHONE_2,,,varchar,,,,
DMTM,CUSTOMER,MOBILEPHONE2,varchar,50,BRZ_DMTM,CUSTOMER,MOBILEPHONE2,varchar,,Direct,SLV_DMTM,CUSTOMER,CUSTOMER,MOBILE_PHONE_2,,,varchar,,,,
DMTM,CUSTOMER,TOKEN,varchar,300,BRZ_DMTM,CUSTOMER,TOKEN,varchar,,Direct,SLV_DMTM,CUSTOMER,CUSTOMER,TOKEN,,,varchar,,,,
DMTM,CUSTOMER,ACCOUNTNUMBER2,nvarchar,400,BRZ_DMTM,CUSTOMER,ACCOUNTNUMBER2,varchar,,Direct,SLV_DMTM,CUSTOMER,CUSTOMER,ACCOUNT_NO_1,,,varchar,,,,
DMTM,CUSTOMER,FLAGNUMBER,varchar,50,BRZ_DMTM,CUSTOMER,FLAGNUMBER,varchar,,Direct,SLV_DMTM,CUSTOMER,CUSTOMER,FLAG_NO,,,varchar,,,,
DMTM,CUSTOMER,ACCOUNTNO2,varchar,50,BRZ_DMTM,CUSTOMER,ACCOUNTNO2,varchar,,Direct,SLV_DMTM,CUSTOMER,CUSTOMER,ACCOUNT_NO_2,,,varchar,,,,
DMTM,CUSTOMER,ACCOUNTNAME2,varchar,100,BRZ_DMTM,CUSTOMER,ACCOUNTNAME2,varchar,,Direct,SLV_DMTM,CUSTOMER,CUSTOMER,ACCOUNT_NM_2,,,varchar,,,,
DMTM,CUSTOMER,VirtualAccountToken,varchar,-1,BRZ_DMTM,CUSTOMER,VirtualAccountToken,varchar,,Direct,SLV_DMTM,CUSTOMER,CUSTOMER,VIRTUAL_ACCOUNT_TOKEN,,,varchar,,,,
DMTM,CUSTOMER,BANKID2,varchar,15,BRZ_DMTM,CUSTOMER,BANKID2,varchar,,Direct,SLV_DMTM,CUSTOMER,CUSTOMER,BANK_ID_2,,,varchar,,,,
DMTM,CUSTOMER,BANKBRANCHID2,varchar,15,BRZ_DMTM,CUSTOMER,BANKBRANCHID2,varchar,,Direct,SLV_DMTM,CUSTOMER,CUSTOMER,BANK_BRANCH_ID_2,,,varchar,,,,
DMTM,CUSTOMER,COUNTRYID,varchar,15,BRZ_DMTM,CUSTOMER,COUNTRYID,varchar,,Direct,SLV_DMTM,CUSTOMER,CUSTOMER,COUNTRY_ID,,,varchar,,,,
DMTM,CUSTOMER,INCOMERANGEID,varchar,3,BRZ_DMTM,CUSTOMER,INCOMERANGEID,varchar,,Direct,SLV_DMTM,CUSTOMER,CUSTOMER,INCOME_RANGE_ID,,,,,,,
DMTM,CUSTOMER,FIELDOFBUSINESS,varchar,100,BRZ_DMTM,CUSTOMER,FIELDOFBUSINESS,varchar,,Direct,SLV_DMTM,CUSTOMER,CUSTOMER,FIELD_OF_BUSINESS,,,,,,,
DMTM,CUSTOMER,INCOME,float,,BRZ_DMTM,CUSTOMER,INCOME,float,,Direct,SLV_DMTM,CUSTOMER,CUSTOMER,INCOME,,,,,,,
DMTM,CUSTOMER,MARITALID,varchar,3,BRZ_DMTM,CUSTOMER,MARITALID,varchar,,Direct,SLV_DMTM,CUSTOMER,CUSTOMER,MARITAL_ID,,,,,,,
DMTM,CUSTOMER,PARTNERID,varchar,50,BRZ_DMTM,CUSTOMER,PARTNERID,varchar,,Direct,SLV_DMTM,CUSTOMER,CUSTOMER,PARTNER_ID,,,varchar,,,,
DMTM,ADDRESS,ADDRESSID,,,BRZ_DMTM,ADDRESS,ADDRESSID,,,Direct,SLV_DMTM,ADDRESS,ADDRESS,ADDR_ID,,,,,,,
DMTM,ADDRESS,LINE1,,,BRZ_DMTM,ADDRESS,LINE1,,,Direct,SLV_DMTM,ADDRESS,ADDRESS,ADDR_LINE_1,,,,,,,
DMTM,ADDRESS,LINE2,,,BRZ_DMTM,ADDRESS,LINE2,,,Direct,SLV_DMTM,ADDRESS,ADDRESS,ADDR_LINE_2,,,,,,,
DMTM,ADDRESS,LINE3,,,BRZ_DMTM,ADDRESS,LINE3,,,Direct,SLV_DMTM,ADDRESS,ADDRESS,ADDR_LINE_3,,,,,,,
DMTM,ADDRESS,LINE4,,,BRZ_DMTM,ADDRESS,LINE4,,,Direct,SLV_DMTM,ADDRESS,ADDRESS,ADDR_LINE_4,,,,,,,
DMTM,ADDRESS,CITY,,,BRZ_DMTM,ADDRESS,CITY,,,Direct,SLV_DMTM,ADDRESS,ADDRESS,CITY,,,,,,,
DMTM,ADDRESS,ZIPCODE,,,BRZ_DMTM,ADDRESS,ZIPCODE,,,Direct,SLV_DMTM,ADDRESS,ADDRESS,ZIP_CD,,,,,,,
DMTM,ADDRESS,PHONE,,,BRZ_DMTM,ADDRESS,PHONE,,,Direct,SLV_DMTM,ADDRESS,ADDRESS,PHONE,,,,,,,
DMTM,ADDRESS,PROVINCEID,,,BRZ_DMTM,ADDRESS,PROVINCEID,,,Direct,SLV_DMTM,ADDRESS,ADDRESS,PROVINCE_CD,,,,,,,
DMTM,ADDRESS,TYPEID,,,BRZ_DMTM,ADDRESS,TYPEID,,,Direct,SLV_DMTM,ADDRESS,ADDRESS,TYPE_ID,,,,,,,
DMTM,ADDRESS,CLASSNAME,,,BRZ_DMTM,ADDRESS,CLASSNAME,,,Direct,SLV_DMTM,ADDRESS,ADDRESS,CLASS_NM,,,,,,,
DMTM,ADDRESS,CLASSID,,,BRZ_DMTM,ADDRESS,CLASSID,,,Direct,SLV_DMTM,ADDRESS,ADDRESS,CLASS_ID,,,,,,,
DMTM,ADDRESS,COUNTRYID,,,BRZ_DMTM,ADDRESS,COUNTRYID,,,Direct,SLV_DMTM,ADDRESS,ADDRESS,COUNTRY_CD,,,,,,,
DMTM,ADDRESS,IPSOURCE,,,BRZ_DMTM,ADDRESS,IPSOURCE,,,Direct,SLV_DMTM,ADDRESS,ADDRESS,IP_SRC,,,,,,,
DMTM,ADDRESS,DISTRICT,,,BRZ_DMTM,ADDRESS,DISTRICT,,,Direct,SLV_DMTM,ADDRESS,ADDRESS,DISTRICT,,,,,,,
DMTM,ADDRESS,SUBDISTRICT,,,BRZ_DMTM,ADDRESS,SUBDISTRICT,,,Direct,SLV_DMTM,ADDRESS,ADDRESS,SUBDISTRICT,,,,,,,
DMTM,ADDRESS,VILLAGE,,,BRZ_DMTM,ADDRESS,VILLAGE,,,Direct,SLV_DMTM,ADDRESS,ADDRESS,VILLAGE,,,,,,,
RLS,DRLSUNITFB,UTODAY,,,BRZ_RLS,DRLSUNITFB,UTODAY,,,Direct,SLV_RLS,DRLSUNITFB,UNIT_VALUE_DOWNLOAD,GROUP_BENEFIT,,RUN DATE,,,,,
RLS,DRLSUNITFB,UPNO,,,BRZ_RLS,DRLSUNITFB,UPNO,,,Direct,SLV_RLS,DRLSUNITFB,UNIT_VALUE_DOWNLOAD,PENSION_CD,,POLICY NO,,,,,
RLS,DRLSUNITFB,UPSOUR,,,BRZ_RLS,DRLSUNITFB,UPSOUR,,,Direct,SLV_RLS,DRLSUNITFB,UNIT_VALUE_DOWNLOAD,NM_CLUB_MEMBERSHIP,,SOURCE CODE,,,,,
RLS,DRLSUNITFB,UPCCY,,,BRZ_RLS,DRLSUNITFB,UPCCY,,,Direct,SLV_RLS,DRLSUNITFB,UNIT_VALUE_DOWNLOAD,VERIFY_CD,,POL CURRENCY,,,,,
RLS,DRLSUNITFB,UINSNM,,,BRZ_RLS,DRLSUNITFB,UINSNM,,,Direct,SLV_RLS,DRLSUNITFB,UNIT_VALUE_DOWNLOAD,USER_ID,,INSURED,,,,,
RLS,DRLSUNITFB,UOWNER,,,BRZ_RLS,DRLSUNITFB,UOWNER,,,Direct,SLV_RLS,DRLSUNITFB,UNIT_VALUE_DOWNLOAD,CONTACT_ADDR_1,,POLICY OWNER,,,,,
RLS,DRLSUNITFB,UACCNT,,,BRZ_RLS,DRLSUNITFB,UACCNT,,,Direct,SLV_RLS,DRLSUNITFB,UNIT_VALUE_DOWNLOAD,CONTACT_ADDR_2,,CUST. ACCOUNT NO,,,,,
RLS,DRLSUNITFB,UACOWN,,,BRZ_RLS,DRLSUNITFB,UACOWN,,,Direct,SLV_RLS,DRLSUNITFB,UNIT_VALUE_DOWNLOAD,CONTACT_ADDR_3,,ACCOUNT OWNER,,,,,
RLS,DRLSUNITFB,UPLAN,,,BRZ_RLS,DRLSUNITFB,UPLAN,,,Direct,SLV_RLS,DRLSUNITFB,UNIT_VALUE_DOWNLOAD,CONTACT_POSTAL_CD,,PLAND,,,,,
RLS,DRLSUNITFB,UPLAND,,,BRZ_RLS,DRLSUNITFB,UPLAND,,,Direct,SLV_RLS,DRLSUNITFB,UNIT_VALUE_DOWNLOAD,CONTACT_TEL_NO,,PLAN DESCRIPTION,,,,,
RLS,DRLSUNITFB,UPMODE,,,BRZ_RLS,DRLSUNITFB,UPMODE,,,Direct,SLV_RLS,DRLSUNITFB,UNIT_VALUE_DOWNLOAD,EMERGENCY_CONTACT,,PAYMENT MODE,,,,,
RLS,DRLSUNITFB,UAGENT,,,BRZ_RLS,DRLSUNITFB,UAGENT,,,Direct,SLV_RLS,DRLSUNITFB,UNIT_VALUE_DOWNLOAD,AGENT_CERTIFICATE_NO,,AGENT CODE,,,,,
RLS,DRLSUNITFB,UFCOD1,,,BRZ_RLS,DRLSUNITFB,UFCOD1,,,Direct,SLV_RLS,DRLSUNITFB,UNIT_VALUE_DOWNLOAD,AGENT_PERMIT_NO,,FUND CODE 1,,,,,
RLS,DRLSUNITFB,UFUNT1,,,BRZ_RLS,DRLSUNITFB,UFUNT1,,,Direct,SLV_RLS,DRLSUNITFB,UNIT_VALUE_DOWNLOAD,DA_EFF_DT,,FUND UNIT 1,,,,,
RLS,DRLSUNITFB,UFPRC1,,,BRZ_RLS,DRLSUNITFB,UFPRC1,,,Direct,SLV_RLS,DRLSUNITFB,UNIT_VALUE_DOWNLOAD,STATUS,,FUND PRICE 1,,,,,
RLS,DRLSUNITFB,UFALC1,,,BRZ_RLS,DRLSUNITFB,UFALC1,,,Direct,SLV_RLS,DRLSUNITFB,UNIT_VALUE_DOWNLOAD,BANK_NO,,FUND ALLOCATION 1,,,,,
RLS,DRLSUNITFB,UFCOD2,,,BRZ_RLS,DRLSUNITFB,UFCOD2,,,Direct,SLV_RLS,DRLSUNITFB,UNIT_VALUE_DOWNLOAD,BRANCH_NO,,FUND CODE 2,,,,,
RLS,DRLSUNITFB,UFUNT2,,,BRZ_RLS,DRLSUNITFB,UFUNT2,,,Direct,SLV_RLS,DRLSUNITFB,UNIT_VALUE_DOWNLOAD,LIMIT,,FUND UNIT 2,,,,,
RLS,DRLSUNITFB,UFPRC2,,,BRZ_RLS,DRLSUNITFB,UFPRC2,,,Direct,SLV_RLS,DRLSUNITFB,UNIT_VALUE_DOWNLOAD,COLLECTION_BANK,,FUND PRICE 2,,,,,
RLS,DRLSUNITFB,UFALC2,,,BRZ_RLS,DRLSUNITFB,UFALC2,,,Direct,SLV_RLS,DRLSUNITFB,UNIT_VALUE_DOWNLOAD,DA_PROCESS_DT,,FUND ALLOCATION 2,,,,,
RLS,DRLSUNITFB,UFCOD3,,,BRZ_RLS,DRLSUNITFB,UFCOD3,,,Direct,SLV_RLS,DRLSUNITFB,UNIT_VALUE_DOWNLOAD,REJECTION_DT,,FUND CODE 3,,,,,
RLS,DRLSUNITFB,UFUNT3,,,BRZ_RLS,DRLSUNITFB,UFUNT3,,,Direct,SLV_RLS,DRLSUNITFB,UNIT_VALUE_DOWNLOAD,REJECTION_CD,,FUND UNIT 3,,,,,
RLS,DRLSUNITFB,UFPRC3,,,BRZ_RLS,DRLSUNITFB,UFPRC3,,,Direct,SLV_RLS,DRLSUNITFB,UNIT_VALUE_DOWNLOAD,SECTION_CD,,FUND PRICE 3,,,,,
RLS,DRLSUNITFB,UFALC3,,,BRZ_RLS,DRLSUNITFB,UFALC3,,,Direct,SLV_RLS,DRLSUNITFB,UNIT_VALUE_DOWNLOAD,CAPTURE_LAST_CHANGE_DT,,FUND ALLOCATION 3,,,,,
RLS,DRLSUNITFB,UFCOD4,,,BRZ_RLS,DRLSUNITFB,UFCOD4,,,Direct,SLV_RLS,DRLSUNITFB,UNIT_VALUE_DOWNLOAD,DOB,,FUND CODE 4,,,,,
RLS,DRLSUNITFB,UFUNT4,,,BRZ_RLS,DRLSUNITFB,UFUNT4,,,Direct,SLV_RLS,DRLSUNITFB,UNIT_VALUE_DOWNLOAD,ID_NO,,FUND UNIT 4,,,,,
RLS,DRLSUNITFB,UFPRC4,,,BRZ_RLS,DRLSUNITFB,UFPRC4,,,Direct,SLV_RLS,DRLSUNITFB,UNIT_VALUE_DOWNLOAD,BENEFY_APPOINT_FLG,,FUND PRICE 4,,,,,
RLS,DRLSUNITFB,UFALC4,,,BRZ_RLS,DRLSUNITFB,UFALC4,,,Direct,SLV_RLS,DRLSUNITFB,UNIT_VALUE_DOWNLOAD,ID,,FUND ALLOCATION 4,,,,,
RLS,DRLSUNITFB,UFCOD5,,,BRZ_RLS,DRLSUNITFB,UFCOD5,,,Direct,SLV_RLS,DRLSUNITFB,UNIT_VALUE_DOWNLOAD,ID_CHECK_DIGIT,,FUND CODE 5,,,,,
RLS,DRLSUNITFB,UFUNT5,,,BRZ_RLS,DRLSUNITFB,UFUNT5,,,Direct,SLV_RLS,DRLSUNITFB,UNIT_VALUE_DOWNLOAD,EFF_APPOINTMENT_NOMINATION_DT,,FUND UNIT 5,,,,,
RLS,DRLSUNITFB,UFPRC5,,,BRZ_RLS,DRLSUNITFB,UFPRC5,,,Direct,SLV_RLS,DRLSUNITFB,UNIT_VALUE_DOWNLOAD,NOTIFICATION_DT,,FUND PRICE 5,,,,,
RLS,DRLSUNITFB,UFALC5,,,BRZ_RLS,DRLSUNITFB,UFALC5,,,Direct,SLV_RLS,DRLSUNITFB,UNIT_VALUE_DOWNLOAD,CONTACT_NO,,FUND ALLOCATION 5,,,,,
RLS,DRLSUNITFB,UFCOD6,,,BRZ_RLS,DRLSUNITFB,UFCOD6,,,Direct,SLV_RLS,DRLSUNITFB,UNIT_VALUE_DOWNLOAD,CHANGE_TRAN_EFF_DT,,FUND CODE 6,,,,,
RLS,DRLSUNITFB,UFUNT6,,,BRZ_RLS,DRLSUNITFB,UFUNT6,,,Direct,SLV_RLS,DRLSUNITFB,UNIT_VALUE_DOWNLOAD,CHANGE_TRAN_REF_NO,,FUND UNIT 6,,,,,
RLS,DRLSUNITFB,UFPRC6,,,BRZ_RLS,DRLSUNITFB,UFPRC6,,,Direct,SLV_RLS,DRLSUNITFB,UNIT_VALUE_DOWNLOAD,DEPENDENT_NO,,FUND PRICE 6,,,,,
RLS,DRLSUNITFB,UFALC6,,,BRZ_RLS,DRLSUNITFB,UFALC6,,,Direct,SLV_RLS,DRLSUNITFB,UNIT_VALUE_DOWNLOAD,APPLICATION_DT,,FUND ALLOCATION 6,,,,,
RLS,DRLSUNITFB,UFPTD,,,BRZ_RLS,DRLSUNITFB,UFPTD,,,Direct,SLV_RLS,DRLSUNITFB,UNIT_VALUE_DOWNLOAD,CHECK_DIGIT_ID,,DUE DATE,,,,,
RLS,DRLSUNITFB,UNAVDT,,,BRZ_RLS,DRLSUNITFB,UNAVDT,,,Direct,SLV_RLS,DRLSUNITFB,UNIT_VALUE_DOWNLOAD,OWNERSHIP,,NAV DATE,,,,,
RLS,DRLSUNITFB,UPAYDB,,,BRZ_RLS,DRLSUNITFB,UPAYDB,,,Direct,SLV_RLS,DRLSUNITFB,UNIT_VALUE_DOWNLOAD,INSURED_NO,,OWNER DOB,,,,,
RLS,DRLSUNITFB,UMPREM,,,BRZ_RLS,DRLSUNITFB,UMPREM,,,Direct,SLV_RLS,DRLSUNITFB,UNIT_VALUE_DOWNLOAD,OWNER_ID_CHK_DIGIT,,MODAL REG PREMIUM,,,,,
RLS,DRLSUNITFB,UANPREM,,,BRZ_RLS,DRLSUNITFB,UANPREM,,,Direct,SLV_RLS,DRLSUNITFB,UNIT_VALUE_DOWNLOAD,INS_ID_INDICATOR,,ANNUAL REG PREMIUM,,,,,
RLS,DRLSUNITFB,URTUPRM,,,BRZ_RLS,DRLSUNITFB,URTUPRM,,,Direct,SLV_RLS,DRLSUNITFB,UNIT_VALUE_DOWNLOAD,OWN_ID_INDICATOR,,RTU REG PREMIUM,,,,,
RLS,DRLSUNITFB,UILSPRM,,,BRZ_RLS,DRLSUNITFB,UILSPRM,,,Direct,SLV_RLS,DRLSUNITFB,UNIT_VALUE_DOWNLOAD,HEIGHT_IN_METRE_FOR_OWNER,,INIT LS PREMIUM,,,,,
DMTM,INSURED,POLICYNO,,,BRZ_DMTM,INSURED,POLICYNO,,,Direct,SLV_DMTM,INSURED,INSURED,WEIGHT_IN_KG_FOR_OWNER,,,,,,,
DMTM,INSURED,INSUREDID,,,BRZ_DMTM,INSURED,INSUREDID,,,Direct,SLV_DMTM,INSURED,INSURED,OCC_CLASS_FOR_OWNER,,,,,,,
DMTM,INSURED,INSUREDAMOUNT,,,BRZ_DMTM,INSURED,INSUREDAMOUNT,,,Direct,SLV_DMTM,INSURED,INSURED,MONTHLY_INCOME_FOR_PAYOR,,,,,,,
DMTM,INSURED,ETHNICITYID,,,BRZ_DMTM,INSURED,ETHNICITYID,,,Direct,SLV_DMTM,INSURED,INSURED,DECLINE_QUESTION_FOR_PAYOR,,,,,,,
DMTM,INSURED,FIRSTNAME,,,BRZ_DMTM,INSURED,FIRSTNAME,,,Direct,SLV_DMTM,INSURED,INSURED,AVOCATION_QUESTION_FOR_PAYOR,,,,,,,
DMTM,INSURED,LASTNAME,,,BRZ_DMTM,INSURED,LASTNAME,,,Direct,SLV_DMTM,INSURED,INSURED,HEALTH_QUESTION_FOR_PAYOR,,,,,,,
DMTM,INSURED,IDENTITYNO,,,BRZ_DMTM,INSURED,IDENTITYNO,,,Direct,SLV_DMTM,INSURED,INSURED,PREVIOUS_EXAM_FOR_PAYOR,,,,,,,
DMTM,INSURED,BIRTHPLACE,,,BRZ_DMTM,INSURED,BIRTHPLACE,,,Direct,SLV_DMTM,INSURED,INSURED,PREVIOUS_EXAM_REASON_FOR_PAYOR,,,,,,,
DMTM,INSURED,BIRTHDATE,,,BRZ_DMTM,INSURED,BIRTHDATE,,,Direct,SLV_DMTM,INSURED,INSURED,PREVIOUS_EXAM_RESULT_FOR_PAYOR,,,,,,,
DMTM,INSURED,PLANID,,,BRZ_DMTM,INSURED,PLANID,,,Direct,SLV_DMTM,INSURED,INSURED,CIGARETTE_PER_DAY_FOR_PAYOR_NO,,,,,,,
DMTM,INSURED,HEIGHT,,,BRZ_DMTM,INSURED,HEIGHT,,,Direct,SLV_DMTM,INSURED,INSURED,TOBACCO_QUESTION_FOR_PAYOR,,,,,,,
DMTM,INSURED,WEIGHT,,,BRZ_DMTM,INSURED,WEIGHT,,,Direct,SLV_DMTM,INSURED,INSURED,TOBACCO_UNITS_DAY_FOR_PAYOR,,,,,,,
DMTM,INSURED,PREMIUM,,,BRZ_DMTM,INSURED,PREMIUM,,,Direct,SLV_DMTM,INSURED,INSURED,HEALTH_QUESTION,,,,,,,
DMTM,INSURED,DISCOUNT,,,BRZ_DMTM,INSURED,DISCOUNT,,,Direct,SLV_DMTM,INSURED,INSURED,CIGARETTE_PER_DAY_NO,,,,,,,
DMTM,INSURED,ISSMOKER,,,BRZ_DMTM,INSURED,ISSMOKER,,,Direct,SLV_DMTM,INSURED,INSURED,AVOCATION_QUESTION,,,,,,,
DMTM,INSURED,POSITION,,,BRZ_DMTM,INSURED,POSITION,,,Direct,SLV_DMTM,INSURED,INSURED,DECLINE_QUESTION,,,,,,,
DMTM,INSURED,OCCUPATIONID,,,BRZ_DMTM,INSURED,OCCUPATIONID,,,Direct,SLV_DMTM,INSURED,INSURED,DI_QUESTION,,,,,,,
DMTM,INSURED,PREFIX,,,BRZ_DMTM,INSURED,PREFIX,,,Direct,SLV_DMTM,INSURED,INSURED,TRUST_DECLARATION,,,,,,,
DMTM,INSURED,SUFIX,,,BRZ_DMTM,INSURED,SUFIX,,,Direct,SLV_DMTM,INSURED,INSURED,CUSTOMER_PROTECTION_DECLARATION,,,,,,,
DMTM,INSURED,COUNTRYID,,,BRZ_DMTM,INSURED,COUNTRYID,,,Direct,SLV_DMTM,INSURED,INSURED,AGENT_REPORT,,,,,,,
DMTM,INSURED,REMARK,,,BRZ_DMTM,INSURED,REMARK,,,Direct,SLV_DMTM,INSURED,INSURED,TOP_UP_FLG,,,,,,,
DMTM,INSURED,COVERAGEUNTIL,,,BRZ_DMTM,INSURED,COVERAGEUNTIL,,,Direct,SLV_DMTM,INSURED,INSURED,DATEBACK_FLG,,,,,,,
DMTM,INSURED,TYPEID,,,BRZ_DMTM,INSURED,TYPEID,,,Direct,SLV_DMTM,INSURED,INSURED,HEIGHT_IN_METRE_FOR_INS_SPO_DEP,,,,,,,
DMTM,INSURED,TITLEID,,,BRZ_DMTM,INSURED,TITLEID,,,Direct,SLV_DMTM,INSURED,INSURED,WEIGHT_IN_KG_FOR_INS_SPO_DEP,,,,,,,
DMTM,INSURED,SEXID,,,BRZ_DMTM,INSURED,SEXID,,,Direct,SLV_DMTM,INSURED,INSURED,MONTHLY_INCOME_FOR_INS_DEP_IN_HKD,,,,,,,
DMTM,INSURED,RELATIONSHIPID,,,BRZ_DMTM,INSURED,RELATIONSHIPID,,,Direct,SLV_DMTM,INSURED,INSURED,OCC_CLASS_FOR_INS_DEP,,,,,,,
DMTM,INSURED,PRODUCTID,,,BRZ_DMTM,INSURED,PRODUCTID,,,Direct,SLV_DMTM,INSURED,INSURED,DOB_PROOF,,,,,,,
DMTM,INSURED,MARITALSTATUSID,,,BRZ_DMTM,INSURED,MARITALSTATUSID,,,Direct,SLV_DMTM,INSURED,INSURED,PREVIOUS_SUM_INSURED,,,,,,,
DMTM,INSURED,STATUSID,,,BRZ_DMTM,INSURED,STATUSID,,,Direct,SLV_DMTM,INSURED,INSURED,CITIZEN_TYPE,,,,,,,
DMTM,INSURED,IDENTITYTYPEID,,,BRZ_DMTM,INSURED,IDENTITYTYPEID,,,Direct,SLV_DMTM,INSURED,INSURED,RESIDENCE_DECLARATION_CD,,,,,,,
DMTM,INSURED,CREATEBY,,,BRZ_DMTM,INSURED,CREATEBY,,,Direct,SLV_DMTM,INSURED,INSURED,TOBACCO_QUESTION,,,,,,,
DMTM,INSURED,CREATEDATE,,,BRZ_DMTM,INSURED,CREATEDATE,,,Direct,SLV_DMTM,INSURED,INSURED,TOBACCO_UNITS_DAY,,,,,,,
DMTM,INSURED,MODIFYBY,,,BRZ_DMTM,INSURED,MODIFYBY,,,Direct,SLV_DMTM,INSURED,INSURED,SUPPRESS_ENDORSEMENT_FLG,,,,,,,
DMTM,INSURED,MODIFYDATE,,,BRZ_DMTM,INSURED,MODIFYDATE,,,Direct,SLV_DMTM,INSURED,INSURED,LAST_DOC_DT,,,,,,,
DMTM,INSURED,RATINGFACTORID1,,,BRZ_DMTM,INSURED,RATINGFACTORID1,,,Direct,SLV_DMTM,INSURED,INSURED,LIFE_CONVERTED_SI,,,,,,,
DMTM,INSURED,RATINGFACTORID2,,,BRZ_DMTM,INSURED,RATINGFACTORID2,,,Direct,SLV_DMTM,INSURED,INSURED,LI_CONVERTED_SI,,,,,,,
DMTM,INSURED,BASICPREMIUM,,,BRZ_DMTM,INSURED,BASICPREMIUM,,,Direct,SLV_DMTM,INSURED,INSURED,ADDITIONAL_LIFE_SI,,,,,,,
DMTM,INSURED,ADDRESSID,,,BRZ_DMTM,INSURED,ADDRESSID,,,Direct,SLV_DMTM,INSURED,INSURED,ADDITIONAL_LI_SI,,,,,,,
DMTM,INSURED,LOGDATE,,,BRZ_DMTM,INSURED,LOGDATE,,,Direct,SLV_DMTM,INSURED,INSURED,PROVISION_START_DT,,,,,,,
DMTM,INSURED,IPSOURCE,,,BRZ_DMTM,INSURED,IPSOURCE,,,Direct,SLV_DMTM,INSURED,INSURED,MEDICAL_UW_SKILL,,,,,,,
DMTM,INSURED,NATIONALTAXNO,,,BRZ_DMTM,INSURED,NATIONALTAXNO,,,Direct,SLV_DMTM,INSURED,INSURED,ASSIGNEE_ID_CHECK_DIGIT,,,,,,,
DMTM,INSURED,EMAIL,,,BRZ_DMTM,INSURED,EMAIL,,,Direct,SLV_DMTM,INSURED,INSURED,INSURED_RESIDENTIAL_ADDR_1,,,,,,,
DMTM,INSURED,MOBILEPHONE,,,BRZ_DMTM,INSURED,MOBILEPHONE,,,Direct,SLV_DMTM,INSURED,INSURED,INSURED_RESIDENTIAL_ADDR_2,,,,,,,
DMTM,INSURED,ACCOUNTNO,,,BRZ_DMTM,INSURED,ACCOUNTNO,,,Direct,SLV_DMTM,INSURED,INSURED,INSURED_RESIDENTIAL_ADDR_3,,,,,,,
DMTM,INSURED,COVERAGEUNTILTERM,,,BRZ_DMTM,INSURED,COVERAGEUNTILTERM,,,Direct,SLV_DMTM,INSURED,INSURED,INSURED_RESIDENTIAL_ADDR_4,,,,,,,
RLS,AGPCONXB,AGUNT,,,BRZ_RLS,AGPCONXB,AGUNT,,,Direct,SLV_RLS,AGPCONXB,CURRENT_CONTRACT_EMPLOYEE,UNIT_CD,,UNIT CODE,,,,,
RLS,AGPCONXB,AGLVL,,,BRZ_RLS,AGPCONXB,AGLVL,,,Direct,SLV_RLS,AGPCONXB,CURRENT_CONTRACT_EMPLOYEE,LVL_CD,,SOURCE CODE,,,,,
RLS,AGPCONXB,AGAGC,,,BRZ_RLS,AGPCONXB,AGAGC,,,Direct,SLV_RLS,AGPCONXB,CURRENT_CONTRACT_EMPLOYEE,AGENT_NO,,AGENT NO.,,,,,
RLS,AGPCONXB,AGAGN,,,BRZ_RLS,AGPCONXB,AGAGN,,,Direct,SLV_RLS,AGPCONXB,CURRENT_CONTRACT_EMPLOYEE,AGENCY_ID,,AGENCY CODE,,,,,
RLS,AGPCONXB,AGCTY,,,BRZ_RLS,AGPCONXB,AGCTY,,,Direct,SLV_RLS,AGPCONXB,CURRENT_CONTRACT_EMPLOYEE,CITY_ID,,CITY CODE,,,,,
RLS,AGPCONXB,AGTER,,,BRZ_RLS,AGPCONXB,AGTER,,,Direct,SLV_RLS,AGPCONXB,CURRENT_CONTRACT_EMPLOYEE,TERRITORY_CD,,TERRITORY CODE,,,,,
RLS,AGPCONXB,AGRGN,,,BRZ_RLS,AGPCONXB,AGRGN,,,Direct,SLV_RLS,AGPCONXB,CURRENT_CONTRACT_EMPLOYEE,REGION_CD,,REGION CODE,,,,,
RLS,AGPCONXB,AGAREA,,,BRZ_RLS,AGPCONXB,AGAREA,,,Direct,SLV_RLS,AGPCONXB,CURRENT_CONTRACT_EMPLOYEE,AREA_CD,,AREA CODE,,,,,
RLS,AGPCONXB,AGMEFF,,,BRZ_RLS,AGPCONXB,AGMEFF,,,Direct,SLV_RLS,AGPCONXB,CURRENT_CONTRACT_EMPLOYEE,EFF_DT,,MAINT EFF DATE,,,,,
RLS,AGPCONXB,AGTYP,,,BRZ_RLS,AGPCONXB,AGTYP,,,Direct,SLV_RLS,AGPCONXB,CURRENT_CONTRACT_EMPLOYEE,AGENT_TYPE_CD,,AGENT TYPE,,,,,
RLS,AGPCONXB,AGORG,,,BRZ_RLS,AGPCONXB,AGORG,,,Direct,SLV_RLS,AGPCONXB,CURRENT_CONTRACT_EMPLOYEE,ORGANIZER_CD,,ORGANIZER CODE,,,,,
RLS,AGPCONXB,AGACT,,,BRZ_RLS,AGPCONXB,AGACT,,,Direct,SLV_RLS,AGPCONXB,CURRENT_CONTRACT_EMPLOYEE,ACTING_CD,,ACTING CODE,,,,,
RLS,AGPCONXB,AGMECD,,,BRZ_RLS,AGPCONXB,AGMECD,,,Direct,SLV_RLS,AGPCONXB,CURRENT_CONTRACT_EMPLOYEE,ME_ID,,ME CODE,,,,,
RLS,AGPCONXB,AGEAR,,,BRZ_RLS,AGPCONXB,AGEAR,,,Direct,SLV_RLS,AGPCONXB,CURRENT_CONTRACT_EMPLOYEE,EARLY_AGENT_RECRUITER_ID,,EARLY AGENT RECRUITER CODE,,,,,
RLS,AGPCONXB,AGRFCD,,,BRZ_RLS,AGPCONXB,AGRFCD,,,Direct,SLV_RLS,AGPCONXB,CURRENT_CONTRACT_EMPLOYEE,REFFERAL_ID,,REFERRAL CODE,,,,,
RLS,AGPCONXB,AGSTU,,,BRZ_RLS,AGPCONXB,AGSTU,,,Direct,SLV_RLS,AGPCONXB,CURRENT_CONTRACT_EMPLOYEE,AGENT_STATUS_CD,,STATUS,,,,,
RLS,AGPCONXB,AGTRMC,,,BRZ_RLS,AGPCONXB,AGTRMC,,,Direct,SLV_RLS,AGPCONXB,CURRENT_CONTRACT_EMPLOYEE,TERMINATION_CD,,TERMINATION CODE,,,,,
RLS,AGPCONXB,AGTRMD,,,BRZ_RLS,AGPCONXB,AGTRMD,,,Direct,SLV_RLS,AGPCONXB,CURRENT_CONTRACT_EMPLOYEE,TERMINATION_DT,,TERMINATION DATE,,,,,
RLS,AGPCONXB,AGCEFF,,,BRZ_RLS,AGPCONXB,AGCEFF,,,Direct,SLV_RLS,AGPCONXB,CURRENT_CONTRACT_EMPLOYEE,CONTRACT_EFF_DT,,CONTRACT EFF DATE,,,,,
RLS,AGPCONXB,AGPEFF,,,BRZ_RLS,AGPCONXB,AGPEFF,,,Direct,SLV_RLS,AGPCONXB,CURRENT_CONTRACT_EMPLOYEE,PERSISTENCY_EFF_DT,,PERSISTENCY EFF DATE,,,,,
RLS,AGPCONXB,AGLEFF,,,BRZ_RLS,AGPCONXB,AGLEFF,,,Direct,SLV_RLS,AGPCONXB,CURRENT_CONTRACT_EMPLOYEE,LEADER_EFF_DT,,LEADER EFF DATE,,,,,
RLS,AGPCONXB,AGNAME,,,BRZ_RLS,AGPCONXB,AGNAME,,,Direct,SLV_RLS,AGPCONXB,CURRENT_CONTRACT_EMPLOYEE,AGENT_NM,,AGENT NAME,,,,,
RLS,AGPCONXB,AGLF,,,BRZ_RLS,AGPCONXB,AGLF,,,Direct,SLV_RLS,AGPCONXB,CURRENT_CONTRACT_EMPLOYEE,LIFE_CD,,LIFE CODE,,,,,
RLS,AGPCONXB,AGFC,,,BRZ_RLS,AGPCONXB,AGFC,,,Direct,SLV_RLS,AGPCONXB,CURRENT_CONTRACT_EMPLOYEE,FINANCE_CD,,FINANCE CODE,,,,,
RLS,AGPCONXB,AGSC,,,BRZ_RLS,AGPCONXB,AGSC,,,Direct,SLV_RLS,AGPCONXB,CURRENT_CONTRACT_EMPLOYEE,SENIOR_AGENT_CD,,SENIOR AGT CODE,,,,,
RLS,AGPCONXB,AGSAF,,,BRZ_RLS,AGPCONXB,AGSAF,,,Direct,SLV_RLS,AGPCONXB,CURRENT_CONTRACT_EMPLOYEE,IS_SA_ALLOWANCE,,SA ALLOWANCE FLAG,,,,,
RLS,AGPCONXB,AGSOF,,,BRZ_RLS,AGPCONXB,AGSOF,,,Direct,SLV_RLS,AGPCONXB,CURRENT_CONTRACT_EMPLOYEE,IS_SA_OVERIDER,,SA OVERIDER FLAG,,,,,
RLS,AGPCONXB,AGPADT,,,BRZ_RLS,AGPCONXB,AGPADT,,,Direct,SLV_RLS,AGPCONXB,CURRENT_CONTRACT_EMPLOYEE,SA_OVERIDER_EFF_DT,,SA OVERIDER EFF DATE,,,,,
RLS,AGPCONXB,AGPACD,,,BRZ_RLS,AGPCONXB,AGPACD,,,Direct,SLV_RLS,AGPCONXB,CURRENT_CONTRACT_EMPLOYEE,PROD_AGENT_LAST_CHG_DT,,PROD AGT LAST CHG. DATE,,,,,
RLS,AGPCONXB,AGSEFG,,,BRZ_RLS,AGPCONXB,AGSEFG,,,Direct,SLV_RLS,AGPCONXB,CURRENT_CONTRACT_EMPLOYEE,IS_PROD_AGENT_SP_EXEMP,,PROD AGT SP EXEMP FLAG,,,,,
RLS,AGPCONXB,AGPOS,,,BRZ_RLS,AGPCONXB,AGPOS,,,Direct,SLV_RLS,AGPCONXB,CURRENT_CONTRACT_EMPLOYEE,POSITION_CD,,POSITION CODE,,,,,
RLS,AGPCONXB,AGPOSD,,,BRZ_RLS,AGPCONXB,AGPOSD,,,Direct,SLV_RLS,AGPCONXB,CURRENT_CONTRACT_EMPLOYEE,POSITION_CD_LAST_CHG_DT,,POS CODE LAST CHG. DATE,,,,,
RLS,AGPCONXB,AGMAL,,,BRZ_RLS,AGPCONXB,AGMAL,,,Direct,SLV_RLS,AGPCONXB,CURRENT_CONTRACT_EMPLOYEE,MONTHLY_ALLOWANCE_AMT,,MONTHLY ALLOWANCE,,,,,
RLS,AGPCONXB,AGRAL,,,BRZ_RLS,AGPCONXB,AGRAL,,,Direct,SLV_RLS,AGPCONXB,CURRENT_CONTRACT_EMPLOYEE,RENEWAL_ALLOWANCE_AMT,,RENEWAL ALLOWANCE,,,,,
RLS,AGPCONXB,AGSAL,,,BRZ_RLS,AGPCONXB,AGSAL,,,Direct,SLV_RLS,AGPCONXB,CURRENT_CONTRACT_EMPLOYEE,SECRETARIAL_ALLOWANCE_AMT,,SECRETARIAL ALLOWANCE,,,,,
RLS,AGPCONXB,AGPBON,,,BRZ_RLS,AGPCONXB,AGPBON,,,Direct,SLV_RLS,AGPCONXB,CURRENT_CONTRACT_EMPLOYEE,PERSISTENCY_BONUS_AMT,,PERSISTENCY BONUS,,,,,
RLS,AGPCONXB,AGPBF,,,BRZ_RLS,AGPCONXB,AGPBF,,,Direct,SLV_RLS,AGPCONXB,CURRENT_CONTRACT_EMPLOYEE,FOSTER_UNIT_PERS_BONUS_AMT,,FOSTER UNIT PERS BONUS,,,,,
RLS,AGPCONXB,AGQTA,,,BRZ_RLS,AGPCONXB,AGQTA,,,Direct,SLV_RLS,AGPCONXB,CURRENT_CONTRACT_EMPLOYEE,QUOTA_AMT,,QUOTA,,,,,
RLS,AGPCONXB,AGQTAF,,,BRZ_RLS,AGPCONXB,AGQTAF,,,Direct,SLV_RLS,AGPCONXB,CURRENT_CONTRACT_EMPLOYEE,,,QUOTA FOSTER UNIT,,,,,
RLS,AGPCONXB,AGORC,,,BRZ_RLS,AGPCONXB,AGORC,,,Direct,SLV_RLS,AGPCONXB,CURRENT_CONTRACT_EMPLOYEE,,,C/O UNIT,,,,,
RLS,AGPCONXB,AGORM,,,BRZ_RLS,AGPCONXB,AGORM,,,Direct,SLV_RLS,AGPCONXB,CURRENT_CONTRACT_EMPLOYEE,,,O/R MSA UNIT,,,,,
RLS,AGPCONXB,AGORQ,,,BRZ_RLS,AGPCONXB,AGORQ,,,Direct,SLV_RLS,AGPCONXB,CURRENT_CONTRACT_EMPLOYEE,,,O/R QSA UNIT,,,,,
RLS,AGPCONXB,AGORM2,,,BRZ_RLS,AGPCONXB,AGORM2,,,Direct,SLV_RLS,AGPCONXB,CURRENT_CONTRACT_EMPLOYEE,,,O/R MSA(GA) UNIT,,,,,
RLS,AGPCONXB,AGEAF,,,BRZ_RLS,AGPCONXB,AGEAF,,,Direct,SLV_RLS,AGPCONXB,CURRENT_CONTRACT_EMPLOYEE,,,40% E.A. UNIT,,,,,
RLS,AGPCONXB,AGOMF,,,BRZ_RLS,AGPCONXB,AGOMF,,,Direct,SLV_RLS,AGPCONXB,CURRENT_CONTRACT_EMPLOYEE,,,40% O/R MSA UNIT,,,,,
RLS,AGPCONXB,AGOQF,,,BRZ_RLS,AGPCONXB,AGOQF,,,Direct,SLV_RLS,AGPCONXB,CURRENT_CONTRACT_EMPLOYEE,,,40% O/R QSA UNIT,,,,,
RLS,AGPCONXB,AGOGF,,,BRZ_RLS,AGPCONXB,AGOGF,,,Direct,SLV_RLS,AGPCONXB,CURRENT_CONTRACT_EMPLOYEE,,,40% O/R MSA (3RD TIER) UNIT,,,,,
RLS,AGPCONXB,AGOMF2,,,BRZ_RLS,AGPCONXB,AGOMF2,,,Direct,SLV_RLS,AGPCONXB,CURRENT_CONTRACT_EMPLOYEE,,,40% O/R MSA FOSTER UNIT,,,,,
RLS,AGPCONXB,AGOQF2,,,BRZ_RLS,AGPCONXB,AGOQF2,,,Direct,SLV_RLS,AGPCONXB,CURRENT_CONTRACT_EMPLOYEE,,,40% O/R QSA FOSTER UNIT,,,,,
RLS,AGPCONXB,AGOGF2,,,BRZ_RLS,AGPCONXB,AGOGF2,,,Direct,SLV_RLS,AGPCONXB,CURRENT_CONTRACT_EMPLOYEE,,,40% O/R MSA (3RD TIER) FOSTER UNIT,,,,,
RLS,AGPCONXB,AGMCD,,,BRZ_RLS,AGPCONXB,AGMCD,,,Direct,SLV_RLS,AGPCONXB,CURRENT_CONTRACT_EMPLOYEE,,,MAINT CODE,,,,,
RLS,AGPCONXB,AGMDT,,,BRZ_RLS,AGPCONXB,AGMDT,,,Direct,SLV_RLS,AGPCONXB,CURRENT_CONTRACT_EMPLOYEE,,,MAINT DATE,,,,"TRY_TO_DATE(TO_VARCHAR(NULLIF(AGMDT, 0)), 'YYYYMMDD')",
RLS,AGPCONXB,AGVER,,,BRZ_RLS,AGPCONXB,AGVER,,,Direct,SLV_RLS,AGPCONXB,CURRENT_CONTRACT_EMPLOYEE,,,VERIFY CODE,,,,,
RLS,AGPCONXB,AGUSER,,,BRZ_RLS,AGPCONXB,AGUSER,,,Direct,SLV_RLS,AGPCONXB,CURRENT_CONTRACT_EMPLOYEE,,,USER-ID,,,,,
RLS,AGPAGMSTXB,AGAGC,NUMERIC,,BRZ_RLS,AGPAGMSTXB,AGAGC,number,0,Direct,SLV_RLS,AGPAGMSTXB,MASTER_AGENT,HEALTH_QUESTION_FOR_PAYOR,,AGENT NO.,number,0,,,
RLS,AGPAGMSTXB,AGSTU,CHAR,,BRZ_RLS,AGPAGMSTXB,AGSTU,varchar,,Direct,SLV_RLS,AGPAGMSTXB,MASTER_AGENT,PREVIOUS_EXAM_FOR_PAYOR,,STATUS,varchar,,,,
RLS,AGPAGMSTXB,AGNAME,CHAR,,BRZ_RLS,AGPAGMSTXB,AGNAME,varchar,,Direct,SLV_RLS,AGPAGMSTXB,MASTER_AGENT,PREVIOUS_EXAM_REASON_FOR_PAYOR,,AGENT NAME,varchar,,,,
RLS,AGPAGMSTXB,AGID,CHAR,,BRZ_RLS,AGPAGMSTXB,AGID,varchar,,Direct,SLV_RLS,AGPAGMSTXB,MASTER_AGENT,PREVIOUS_EXAM_RESULT_FOR_PAYOR,,ID NO.,varchar,,,,
RLS,AGPAGMSTXB,AGSEX,CHAR,,BRZ_RLS,AGPAGMSTXB,AGSEX,varchar,,Direct,SLV_RLS,AGPAGMSTXB,MASTER_AGENT,CIGARETTE_PER_DAY_FOR_PAYOR_NO,,SEX,varchar,,,,
RLS,AGPAGMSTXB,AGDOB,DECIMAL,,BRZ_RLS,AGPAGMSTXB,AGDOB,number,0,Direct,SLV_RLS,AGPAGMSTXB,MASTER_AGENT,TOBACCO_QUESTION_FOR_PAYOR,,DATE OF BIRTH,number,,,"TRY_TO_DATE(
    CASE 
        WHEN AGDOB = 0 OR LENGTH(TO_VARCHAR(AGDOB)) <> 8 THEN NULL
        ELSE TO_VARCHAR(AGDOB)
    END,
    'YYYYMMDD'
)",
RLS,AGPAGMSTXB,AGPOB,CHAR,,BRZ_RLS,AGPAGMSTXB,AGPOB,varchar,,Direct,SLV_RLS,AGPAGMSTXB,MASTER_AGENT,TOBACCO_UNITS_DAY_FOR_PAYOR,,PLACE OF BIRTH,varchar,,,,
RLS,AGPAGMSTXB,AGNAT,CHAR,,BRZ_RLS,AGPAGMSTXB,AGNAT,varchar,,Direct,SLV_RLS,AGPAGMSTXB,MASTER_AGENT,DOB_PROOF,,NATIONALITY,varchar,,,,
RLS,AGPAGMSTXB,AGVISA,DECIMAL,,BRZ_RLS,AGPAGMSTXB,AGVISA,number,0,Direct,SLV_RLS,AGPAGMSTXB,MASTER_AGENT,PREVIOUS_SUM_INSURED,,VISA EXPIRY DATE,number,,,,
RLS,AGPAGMSTXB,AGMS,CHAR,,BRZ_RLS,AGPAGMSTXB,AGMS,varchar,,Direct,SLV_RLS,AGPAGMSTXB,MASTER_AGENT,CITIZEN_TYPE,,MARITAL STATUS,varchar,,,,
RLS,AGPAGMSTXB,AGDEPT,CHAR,,BRZ_RLS,AGPAGMSTXB,AGDEPT,varchar,,Direct,SLV_RLS,AGPAGMSTXB,MASTER_AGENT,RESIDENCE_DECLARATION_CD,,DEPARTMENT CODE,varchar,,,,
RLS,AGPAGMSTXB,AGCONT,CHAR,,BRZ_RLS,AGPAGMSTXB,AGCONT,varchar,,Direct,SLV_RLS,AGPAGMSTXB,MASTER_AGENT,TOBACCO_QUESTION,,CONTACT PERSON,varchar,,,,
RLS,AGPAGMSTXB,AGTAXR,CHAR,,BRZ_RLS,AGPAGMSTXB,AGTAXR,varchar,,Direct,SLV_RLS,AGPAGMSTXB,MASTER_AGENT,TOBACCO_UNITS_DAY,,NAME ON TAX RETURN,varchar,,,,
RLS,AGPAGMSTXB,AGADD1,CHAR,,BRZ_RLS,AGPAGMSTXB,AGADD1,varchar,,Direct,SLV_RLS,AGPAGMSTXB,MASTER_AGENT,SUPPRESS_ENDORSEMENT_FLG,,ADDRESS 1,varchar,,,,
RLS,AGPAGMSTXB,AGADD2,CHAR,,BRZ_RLS,AGPAGMSTXB,AGADD2,varchar,,Direct,SLV_RLS,AGPAGMSTXB,MASTER_AGENT,LAST_DOC_DT,,ADDRESS 2,varchar,,,,
RLS,AGPAGMSTXB,AGADD3,CHAR,,BRZ_RLS,AGPAGMSTXB,AGADD3,varchar,,Direct,SLV_RLS,AGPAGMSTXB,MASTER_AGENT,LIFE_CONVERTED_SI,,ADDRESS 3,varchar,,,,
RLS,AGPAGMSTXB,AGADD4,CHAR,,BRZ_RLS,AGPAGMSTXB,AGADD4,varchar,,Direct,SLV_RLS,AGPAGMSTXB,MASTER_AGENT,LI_CONVERTED_SI,,ADDRESS 4,varchar,,,,
RLS,AGPAGMSTXB,AGPCOD,CHAR,,BRZ_RLS,AGPAGMSTXB,AGPCOD,varchar,,Direct,SLV_RLS,AGPAGMSTXB,MASTER_AGENT,ADDITIONAL_LIFE_SI,,POSTAL CODE,varchar,,,,
RLS,AGPAGMSTXB,AGTEL1,CHAR,,BRZ_RLS,AGPAGMSTXB,AGTEL1,varchar,,Direct,SLV_RLS,AGPAGMSTXB,MASTER_AGENT,ADDITIONAL_LI_SI,,RESIDENCE TEL NO.,varchar,,,,
RLS,AGPAGMSTXB,AGTEL2,CHAR,,BRZ_RLS,AGPAGMSTXB,AGTEL2,varchar,,Direct,SLV_RLS,AGPAGMSTXB,MASTER_AGENT,PROVISION_START_DT,,OFFICE TEL NO.,varchar,,,,
RLS,AGPAGMSTXB,AGTEL3,CHAR,,BRZ_RLS,AGPAGMSTXB,AGTEL3,varchar,,Direct,SLV_RLS,AGPAGMSTXB,MASTER_AGENT,MEDICAL_UW_SKILL,,MOBILE TEL NO.,varchar,,,,
RLS,AGPAGMSTXB,AGTEL4,CHAR,,BRZ_RLS,AGPAGMSTXB,AGTEL4,varchar,,Direct,SLV_RLS,AGPAGMSTXB,MASTER_AGENT,ASSIGNEE_ID_CHECK_DIGIT,,PAGER NUMBER,varchar,,,,
RLS,AGPAGMSTXB,AGEMIL,CHAR,,BRZ_RLS,AGPAGMSTXB,AGEMIL,varchar,,Direct,SLV_RLS,AGPAGMSTXB,MASTER_AGENT,INSURED_RESIDENTIAL_ADDR_1,,EMAIL ADDRESS,varchar,,,,
RLS,AGPAGMSTXB,AGBRNO,CHAR,,BRZ_RLS,AGPAGMSTXB,AGBRNO,varchar,,Direct,SLV_RLS,AGPAGMSTXB,MASTER_AGENT,INSURED_RESIDENTIAL_ADDR_2,,BUSINESS REGISTRATION NUMBER,varchar,,,,
RLS,AGPAGMSTXB,AGSNAM,CHAR,,BRZ_RLS,AGPAGMSTXB,AGSNAM,varchar,,Direct,SLV_RLS,AGPAGMSTXB,MASTER_AGENT,INSURED_RESIDENTIAL_ADDR_3,,SPOUSE NAME,varchar,,,,
RLS,AGPAGMSTXB,AGSID,CHAR,,BRZ_RLS,AGPAGMSTXB,AGSID,varchar,,Direct,SLV_RLS,AGPAGMSTXB,MASTER_AGENT,INSURED_RESIDENTIAL_ADDR_4,,SPOUSE ID,varchar,,,,
RLS,AGPAGMSTXB,AGSDOB,DECIMAL,,BRZ_RLS,AGPAGMSTXB,AGSDOB,number,0,Direct,SLV_RLS,AGPAGMSTXB,MASTER_AGENT,INSURED_RESIDENTIAL_CITY,,SPOUSE DOB,number,,,,
RLS,AGPAGMSTXB,AGDB,CHAR,,BRZ_RLS,AGPAGMSTXB,AGDB,varchar,,Direct,SLV_RLS,AGPAGMSTXB,MASTER_AGENT,VULNERABLE_CUSTOMER_FLG,,A/C'S NAME,varchar,,,,
RLS,AGPAGMSTXB,AGBANK,NUMERIC,,BRZ_RLS,AGPAGMSTXB,AGBANK,number,0,Direct,SLV_RLS,AGPAGMSTXB,MASTER_AGENT,UNSUITABILITY_CUSTOMER_FLG,,BANK NO.,number,0,,,
RLS,AGPAGMSTXB,AGBRN,NUMERIC,,BRZ_RLS,AGPAGMSTXB,AGBRN,number,0,Direct,SLV_RLS,AGPAGMSTXB,MASTER_AGENT,PREVIOUS_EXAM_FOR_INSURED,,BRANCH NO.,number,0,,,
RLS,AGPAGMSTXB,AGAC,CHAR,,BRZ_RLS,AGPAGMSTXB,AGAC,varchar,,Direct,SLV_RLS,AGPAGMSTXB,MASTER_AGENT,PREVIOUS_EXAM_REASON_FOR_INSURED,,ACCOUNT NO.,varchar,,,,
RLS,AGPAGMSTXB,AGDWEL,CHAR,,BRZ_RLS,AGPAGMSTXB,AGDWEL,varchar,,Direct,SLV_RLS,AGPAGMSTXB,MASTER_AGENT,PREVIOUS_EXAM_RESULT_FOR_INSURED,,DWELLING,varchar,,,,
RLS,AGPAGMSTXB,AGDEPD,DECIMAL,,BRZ_RLS,AGPAGMSTXB,AGDEPD,number,0,Direct,SLV_RLS,AGPAGMSTXB,MASTER_AGENT,TERM_CONVERTED_PLAN_CD,,NO. OF DEPENDENTS,number,,,,
RLS,AGPAGMSTXB,AGEDUC,CHAR,,BRZ_RLS,AGPAGMSTXB,AGEDUC,varchar,,Direct,SLV_RLS,AGPAGMSTXB,MASTER_AGENT,OPTION_INVEST_AFTER_COOL_OFF_EXP,,ACADEMIC LEVEL,varchar,,,,
RLS,AGPAGMSTXB,AGQUL1,CHAR,,BRZ_RLS,AGPAGMSTXB,AGQUL1,varchar,,Direct,SLV_RLS,AGPAGMSTXB,MASTER_AGENT,INVEST_AFTER_COOL_OFF_PROCESSING_STS,,PROFESSIONAL QUALIFICATION 1,varchar,,,,
RLS,AGPAGMSTXB,AGQUL2,CHAR,,BRZ_RLS,AGPAGMSTXB,AGQUL2,varchar,,Direct,SLV_RLS,AGPAGMSTXB,MASTER_AGENT,E_POLICY_DELIVERY_FLG,,PROFESSIONAL QUALIFICATION 2,varchar,,,,
RLS,AGPAGMSTXB,AGJOBN,CHAR,,BRZ_RLS,AGPAGMSTXB,AGJOBN,varchar,,Direct,SLV_RLS,AGPAGMSTXB,MASTER_AGENT,OWNER_CITIZENSHIP,,PREVIOUS JOB NATURE,varchar,,,,
RLS,AGPAGMSTXB,AGEMPS,CHAR,,BRZ_RLS,AGPAGMSTXB,AGEMPS,varchar,,Direct,SLV_RLS,AGPAGMSTXB,MASTER_AGENT,TRAN_DT,,EMPLOYMENT STATUS,varchar,,,,
RLS,AGPAGMSTXB,AGIND,CHAR,,BRZ_RLS,AGPAGMSTXB,AGIND,varchar,,Direct,SLV_RLS,AGPAGMSTXB,MASTER_AGENT,COMPANY_CD,,INDUSTRY,varchar,,,,
RLS,AGPAGMSTXB,AGINCO,DECIMAL,,BRZ_RLS,AGPAGMSTXB,AGINCO,number,0,Direct,SLV_RLS,AGPAGMSTXB,MASTER_AGENT,TRAN_EFF_DT,,PAST ANNUAL INCOME,number,,,,
RLS,AGPAGMSTXB,AGWEXP,DECIMAL,,BRZ_RLS,AGPAGMSTXB,AGWEXP,number,0,Direct,SLV_RLS,AGPAGMSTXB,MASTER_AGENT,U_L_FUND_CD,,WORKING EXPERIENCE,number,,,,
RLS,AGPAGMSTXB,AGMEXP,DECIMAL,,BRZ_RLS,AGPAGMSTXB,AGMEXP,number,0,Direct,SLV_RLS,AGPAGMSTXB,MASTER_AGENT,FUND_PRICE_FOR_FUND_SYSTEM_DT,,MANAGEMENT EXPERIENCE,number,,,,
RLS,AGPAGMSTXB,AGLSI,DECIMAL,,BRZ_RLS,AGPAGMSTXB,AGLSI,number,0,Direct,SLV_RLS,AGPAGMSTXB,MASTER_AGENT,U_L_VALUATION_DT,,LIFE INSURANCE BROUGH,number,,,,
RLS,AGPAGMSTXB,AGREF,DECIMAL,,BRZ_RLS,AGPAGMSTXB,AGREF,number,0,Direct,SLV_RLS,AGPAGMSTXB,MASTER_AGENT,UNIT_PRICE,,REG. EFFECTIVE DATE,number,,,,
RLS,AGPAGMSTXB,AGRREF,DECIMAL,,BRZ_RLS,AGPAGMSTXB,AGRREF,number,0,Direct,SLV_RLS,AGPAGMSTXB,MASTER_AGENT,SPREAD_PCT,,REG. RENEWAL DATE,number,,,,
RLS,AGPAGMSTXB,AGELIG,CHAR,,BRZ_RLS,AGPAGMSTXB,AGELIG,varchar,,Direct,SLV_RLS,AGPAGMSTXB,MASTER_AGENT,PRICE_INDICATOR,,ELIGIBILITY FLAG,varchar,,,,
RLS,AGPAGMSTXB,AGREXM,CHAR,,BRZ_RLS,AGPAGMSTXB,AGREXM,varchar,,Direct,SLV_RLS,AGPAGMSTXB,MASTER_AGENT,FUND_TRAN_DT,,REG. EXEMPTION FLAG,varchar,,,,
RLS,AGPAGMSTXB,AGPPDT,DECIMAL,,BRZ_RLS,AGPAGMSTXB,AGPPDT,number,0,Direct,SLV_RLS,AGPAGMSTXB,MASTER_AGENT,EXCH_RATE,,IIQE PP DATE,number,,,,
RLS,AGPAGMSTXB,AGLTDT,DECIMAL,,BRZ_RLS,AGPAGMSTXB,AGLTDT,number,0,Direct,SLV_RLS,AGPAGMSTXB,MASTER_AGENT,TRAN_IN_UNIT,,IIQE LT DATE,number,,,,
RLS,AGPAGMSTXB,AGPLFG,CHAR,,BRZ_RLS,AGPAGMSTXB,AGPLFG,varchar,,Direct,SLV_RLS,AGPAGMSTXB,MASTER_AGENT,PROCESSING_MODE,,IIQE PP/LT EXEMPTION FLAG,varchar,,,,
RLS,AGPAGMSTXB,AGGIDT,DECIMAL,,BRZ_RLS,AGPAGMSTXB,AGGIDT,number,0,Direct,SLV_RLS,AGPAGMSTXB,MASTER_AGENT,U_L_FUND_PRICE_DT,,IIQE GI DATE,number,,,,
RLS,AGPAGMSTXB,AGGIFG,CHAR,,BRZ_RLS,AGPAGMSTXB,AGGIFG,varchar,,Direct,SLV_RLS,AGPAGMSTXB,MASTER_AGENT,U_L_DEALING_DT,,IIQE GI EXEMPTION FLAG,varchar,,,,
RLS,AGPAGMSTXB,AGILDT,DECIMAL,,BRZ_RLS,AGPAGMSTXB,AGILDT,number,0,Direct,SLV_RLS,AGPAGMSTXB,MASTER_AGENT,PLAN_EFF_DT,,IIQE IL DATE,number,,,,
RLS,AGPAGMSTXB,AGILFG,CHAR,,BRZ_RLS,AGPAGMSTXB,AGILFG,varchar,,Direct,SLV_RLS,AGPAGMSTXB,MASTER_AGENT,PLAN_TERMINATION_DT,,IIQE IL EXEMPTION FLAG,varchar,,,,
RLS,AGPAGMSTXB,AGRGNO,CHAR,,BRZ_RLS,AGPAGMSTXB,AGRGNO,varchar,,Direct,SLV_RLS,AGPAGMSTXB,MASTER_AGENT,DIRECT_MARKETING_FLG,,IARB REGISTRATION NUMBER,varchar,,,,
RLS,AGPAGMSTXB,AGMLID,DECIMAL,,BRZ_RLS,AGPAGMSTXB,AGMLID,number,0,Direct,SLV_RLS,AGPAGMSTXB,MASTER_AGENT,VALUATION_RESERVE_TABLE,,MACAU LICENCE DATE,number,,,,
RLS,AGPAGMSTXB,AGMELI,CHAR,,BRZ_RLS,AGPAGMSTXB,AGMELI,varchar,,Direct,SLV_RLS,AGPAGMSTXB,MASTER_AGENT,AT_AGE,,MACAU ELIGIBILITY FLAG,varchar,,,,
RLS,AGPAGMSTXB,AGSLAA,DECIMAL,,BRZ_RLS,AGPAGMSTXB,AGSLAA,number,0,Direct,SLV_RLS,AGPAGMSTXB,MASTER_AGENT,AT_AGE,,SLAA DATE,number,,,,
RLS,AGPAGMSTXB,AGMC1,DECIMAL,,BRZ_RLS,AGPAGMSTXB,AGMC1,number,0,Direct,SLV_RLS,AGPAGMSTXB,MASTER_AGENT,AT_AGE,,ENTRY NON-MED DATE,number,,,,
RLS,AGPAGMSTXB,AGMC2,DECIMAL,,BRZ_RLS,AGPAGMSTXB,AGMC2,number,0,Direct,SLV_RLS,AGPAGMSTXB,MASTER_AGENT,TARGET_SAVING_PERIOD,,INTERMEDIATE/ BAD NON-MED,number,,,,
RLS,AGPAGMSTXB,AGMC3,DECIMAL,,BRZ_RLS,AGPAGMSTXB,AGMC3,number,0,Direct,SLV_RLS,AGPAGMSTXB,MASTER_AGENT,TSP_AT_AGE_YR,,SUPREME NON-MED,number,,,,
RLS,AGPAGMSTXB,AGMCR,CHAR,,BRZ_RLS,AGPAGMSTXB,AGMCR,varchar,,Direct,SLV_RLS,AGPAGMSTXB,MASTER_AGENT,PREMI_ADJ_FLG,,U/W REMARKS,varchar,,,,
RLS,AGPAGMSTXB,AGFCRT,DECIMAL,,BRZ_RLS,AGPAGMSTXB,AGFCRT,number,0,Direct,SLV_RLS,AGPAGMSTXB,MASTER_AGENT,APPLY_MODAL_FACTOR,,UNIT TRUST CERT DATE,number,,,,
RLS,AGPAGMSTXB,AGGC,CHAR,,BRZ_RLS,AGPAGMSTXB,AGGC,varchar,,Direct,SLV_RLS,AGPAGMSTXB,MASTER_AGENT,CONTRACT_TERM,,GROUP BENEFIT,varchar,,,,
RLS,AGPAGMSTXB,AGPC,CHAR,,BRZ_RLS,AGPAGMSTXB,AGPC,varchar,,Direct,SLV_RLS,AGPAGMSTXB,MASTER_AGENT,CONVERTIBLE_FLG,,PENSION CODE,varchar,,,,
RLS,AGPAGMSTXB,AGCC,CHAR,,BRZ_RLS,AGPAGMSTXB,AGCC,varchar,,Direct,SLV_RLS,AGPAGMSTXB,MASTER_AGENT,RENEWABLE_FLG,,NM CLUB MEMBERSHIP,varchar,,,,
RLS,AGPAGMSTXB,AGMCD,CHAR,,BRZ_RLS,AGPAGMSTXB,AGMCD,varchar,,Direct,SLV_RLS,AGPAGMSTXB,MASTER_AGENT,RENEWABLE_RATE_FLG,,MAINT CODE,varchar,,,,
RLS,AGPAGMSTXB,AGMDT,DECIMAL,,BRZ_RLS,AGPAGMSTXB,AGMDT,number,0,Direct,SLV_RLS,AGPAGMSTXB,MASTER_AGENT,VARIABLE_SUM_INSURED_FLG,,MAINT DATE,number,,,"TRY_TO_DATE(
    CASE 
        WHEN AGMDT = 0 OR LENGTH(TO_VARCHAR(AGMDT)) <> 8 THEN NULL
        ELSE TO_VARCHAR(AGMDT)
    END,
    'YYYYMMDD'
)",
RLS,AGPAGMSTXB,AGVER,CHAR,,BRZ_RLS,AGPAGMSTXB,AGVER,varchar,,Direct,SLV_RLS,AGPAGMSTXB,MASTER_AGENT,PARTICIPATING_FLG,,VERIFY CODE,varchar,,,,
RLS,AGPAGMSTXB,AGUSER,CHAR,,BRZ_RLS,AGPAGMSTXB,AGUSER,varchar,,Direct,SLV_RLS,AGPAGMSTXB,MASTER_AGENT,RB_RATE,,USER-ID,varchar,,,,
RLS,AGPAGMSTXB,AGCON1,CHAR,,BRZ_RLS,AGPAGMSTXB,AGCON1,varchar,,Direct,SLV_RLS,AGPAGMSTXB,MASTER_AGENT,SIMPLE_OR_COMPOUND,,CONTACT ADDRESS 1,varchar,,,,
RLS,AGPAGMSTXB,AGCON2,CHAR,,BRZ_RLS,AGPAGMSTXB,AGCON2,varchar,,Direct,SLV_RLS,AGPAGMSTXB,MASTER_AGENT,YRS_NO,,CONTACT ADDRESS 2,varchar,,,,
RLS,AGPAGMSTXB,AGCON3,CHAR,,BRZ_RLS,AGPAGMSTXB,AGCON3,varchar,,Direct,SLV_RLS,AGPAGMSTXB,MASTER_AGENT,LOAN_RATE,,CONTACT ADDRESS 3,varchar,,,,
RLS,AGPAGMSTXB,AGCPCO,CHAR,,BRZ_RLS,AGPAGMSTXB,AGCPCO,varchar,,Direct,SLV_RLS,AGPAGMSTXB,MASTER_AGENT,PRICING_INTEREST_RATE,,CONTACT POSTAL CODE,varchar,,,,
RLS,AGPAGMSTXB,AGCTEL,CHAR,,BRZ_RLS,AGPAGMSTXB,AGCTEL,varchar,,Direct,SLV_RLS,AGPAGMSTXB,MASTER_AGENT,CV_FLG,,CONTACT TEL NO,varchar,,,,
RLS,AGPAGMSTXB,AGCONE,CHAR,,BRZ_RLS,AGPAGMSTXB,AGCONE,varchar,,Direct,SLV_RLS,AGPAGMSTXB,MASTER_AGENT,NAAR_FLG,,EMERGENCY CONTACT,varchar,,,,
RLS,AGPAGMSTXB,AGCERT,NUMERIC,,BRZ_RLS,AGPAGMSTXB,AGCERT,number,0,Direct,SLV_RLS,AGPAGMSTXB,MASTER_AGENT,GUARANTEED_DVD_YR,,AGENT CERTIFICATE NO.,number,0,,,
RLS,AGPAGMSTXB,AGPMT,CHAR,,BRZ_RLS,AGPAGMSTXB,AGPMT,varchar,,Direct,SLV_RLS,AGPAGMSTXB,MASTER_AGENT,GUARANTEED_DVD_S_A_PCT,,AGENT PERMIT NO.,varchar,,,,
RLS,RFPACCNOB,PNO,,,BRZ_RLS,RFPACCNOB,PNO,,,Direct,SLV_RLS,RFPACCNOB,BANK_ACCOUNT_NO,POLICY_NO,,POLICY NO.,,,,,
RLS,RFPACCNOB,AEFF,,,BRZ_RLS,RFPACCNOB,AEFF,,,Direct,SLV_RLS,RFPACCNOB,BANK_ACCOUNT_NO,DA_EFF_DT,,DA EFF DATE,,,,,
RLS,RFPACCNOB,ASTATU,,,BRZ_RLS,RFPACCNOB,ASTATU,,,Direct,SLV_RLS,RFPACCNOB,BANK_ACCOUNT_NO,ACCT_STATUS,,STATUS,,,,,
RLS,RFPACCNOB,ANAME,,,BRZ_RLS,RFPACCNOB,ANAME,,,Direct,SLV_RLS,RFPACCNOB,BANK_ACCOUNT_NO,ACCT_NM,,DEBTOR'S NAME,,,,,
RLS,RFPACCNOB,ABANK,,,BRZ_RLS,RFPACCNOB,ABANK,,,Direct,SLV_RLS,RFPACCNOB,BANK_ACCOUNT_NO,BANK_NO,,BANK NO.,,,,,
RLS,RFPACCNOB,ABRN,,,BRZ_RLS,RFPACCNOB,ABRN,,,Direct,SLV_RLS,RFPACCNOB,BANK_ACCOUNT_NO,BRANCH_NO,,BRANCH NO.,,,,,
RLS,RFPACCNOB,AAC,,,BRZ_RLS,RFPACCNOB,AAC,,,Direct,SLV_RLS,RFPACCNOB,BANK_ACCOUNT_NO,ACCT_NO,,ACCOUNT NO.,,,,,
RLS,RFPACCNOB,ALIMIT,,,BRZ_RLS,RFPACCNOB,ALIMIT,,,Direct,SLV_RLS,RFPACCNOB,BANK_ACCOUNT_NO,LIMIT_AMT,,LIMIT,,,,,
RLS,RFPACCNOB,ACBANK,,,BRZ_RLS,RFPACCNOB,ACBANK,,,Direct,SLV_RLS,RFPACCNOB,BANK_ACCOUNT_NO,BANK_COLL_CD,,COLLECTION BANK,,,,,
RLS,RFPACCNOB,ADATE,,,BRZ_RLS,RFPACCNOB,ADATE,,,Direct,SLV_RLS,RFPACCNOB,BANK_ACCOUNT_NO,PROCESS_DT,,DA PROCESS DATE,,,,,
RLS,RFPACCNOB,ARDATE,,,BRZ_RLS,RFPACCNOB,ARDATE,,,Direct,SLV_RLS,RFPACCNOB,BANK_ACCOUNT_NO,REJECTION_DT,,REJECTION DATE,,,,,
RLS,RFPACCNOB,ARCODE,,,BRZ_RLS,RFPACCNOB,ARCODE,,,Direct,SLV_RLS,RFPACCNOB,BANK_ACCOUNT_NO,REJECTION_CD,,REJECTION CODE,,,,,
RLS,RFPACCNOB,ASECT,,,BRZ_RLS,RFPACCNOB,ASECT,,,Direct,SLV_RLS,RFPACCNOB,BANK_ACCOUNT_NO,,,SECTION CODE,,,,,
RLS,RFPACCNOB,AMDATE,,,BRZ_RLS,RFPACCNOB,AMDATE,,,Direct,SLV_RLS,RFPACCNOB,BANK_ACCOUNT_NO,,,CAPTURE/ LAST CHANGE DATE,,,,,
RLS,RFPACCNOB,ADOBR,,,BRZ_RLS,RFPACCNOB,ADOBR,,,Direct,SLV_RLS,RFPACCNOB,BANK_ACCOUNT_NO,,,DOB,,,,,
RLS,RFPACCNOB,ACCIN,,,BRZ_RLS,RFPACCNOB,ACCIN,,,Direct,SLV_RLS,RFPACCNOB,BANK_ACCOUNT_NO,,,ID NO.,,,,,
RLS,LFPBNFYB,BNPNO,,,BRZ_RLS,LFPBNFYB,BNPNO,,,Direct,SLV_RLS,LFPBNFYB,POLICY_BENEFICIARY,4TH_INT_PYMT_YR,,POLICY NO.,,,,,
RLS,LFPBNFYB,BNBNFF,,,BRZ_RLS,LFPBNFYB,BNBNFF,,,Direct,SLV_RLS,LFPBNFYB,POLICY_BENEFICIARY,INTERIM_PYMT_4,,FIRST NAME,,,,,
RLS,LFPBNFYB,BNBNFY,,,BRZ_RLS,LFPBNFYB,BNBNFY,,,Direct,SLV_RLS,LFPBNFYB,POLICY_BENEFICIARY,5TH_INT_PYMT_YR,,NAME,,,,,
RLS,LFPBNFYB,BNRELATN,,,BRZ_RLS,LFPBNFYB,BNRELATN,,,Direct,SLV_RLS,LFPBNFYB,POLICY_BENEFICIARY,INTERIM_PYMT_5,,RELATIONSHIP,,,,,
RLS,LFPBNFYB,BNBAFL,,,BRZ_RLS,LFPBNFYB,BNBAFL,,,Direct,SLV_RLS,LFPBNFYB,POLICY_BENEFICIARY,FULLY_PAID_PYMT_RATE,,BENEFY/'APPOINT FLAG,,,,,
RLS,LFPBNFYB,BNUPD,,,BRZ_RLS,LFPBNFYB,BNUPD,,,Direct,SLV_RLS,LFPBNFYB,POLICY_BENEFICIARY,MATURITY_PYMT_RATE,,LAST UPDATE DATE,,,,,
RLS,LFPBNFYB,BNBTID,,,BRZ_RLS,LFPBNFYB,BNBTID,,,Direct,SLV_RLS,LFPBNFYB,POLICY_BENEFICIARY,SPECIAL_INVESTMENT_BONUS_FLG,,ID,,,,,
RLS,LFPBNFYB,BNBTDGT,,,BRZ_RLS,LFPBNFYB,BNBTDGT,,,Direct,SLV_RLS,LFPBNFYB,POLICY_BENEFICIARY,SPECIAL_INVESTMENT_BONUS_YRS,,ID CHECK DIGIT,,,,,
RLS,LFPBNFYB,BNBTDB,,,BRZ_RLS,LFPBNFYB,BNBTDB,,,Direct,SLV_RLS,LFPBNFYB,POLICY_BENEFICIARY,SPECIAL_INVESTMENT_BONUS_AT_AGE,,BIRTH DATE,,,,,
RLS,LFPBNFYB,BNBNFPC,,,BRZ_RLS,LFPBNFYB,BNBNFPC,,,Direct,SLV_RLS,LFPBNFYB,POLICY_BENEFICIARY,LOYALTY_BONUS_TABLE,,BENEFIT%,,,,,
RLS,LFPBNFYB,BNBNFGEN,,,BRZ_RLS,LFPBNFYB,BNBNFGEN,,,Direct,SLV_RLS,LFPBNFYB,POLICY_BENEFICIARY,STARTUP_BONUS_TABLE,,BENEFICIARY GENDER,,,,,
RLS,LFPBNFYB,BNBNFTYP,,,BRZ_RLS,LFPBNFYB,BNBNFTYP,,,Direct,SLV_RLS,LFPBNFYB,POLICY_BENEFICIARY,MIN_ISSUE_AGE,,BENEFICIARY TYPE,,,,,
RLS,LFPBNFYB,BNADR1,,,BRZ_RLS,LFPBNFYB,BNADR1,,,Direct,SLV_RLS,LFPBNFYB,POLICY_BENEFICIARY,MAX_ISSUE_AGE,,BENEFICIARY/ TRUSTEE ADDRESS 1,,,,,
RLS,LFPBNFYB,BNADR2,,,BRZ_RLS,LFPBNFYB,BNADR2,,,Direct,SLV_RLS,LFPBNFYB,POLICY_BENEFICIARY,MAX_ISSUE_AMTOPUPSD,,BENEFICIARY/ TRUSTEE ADDRESS 2,,,,,
RLS,LFPBNFYB,BNADR3,,,BRZ_RLS,LFPBNFYB,BNADR3,,,Direct,SLV_RLS,LFPBNFYB,POLICY_BENEFICIARY,MAX_ISSUE_LCL_CCY_AMT,,BENEFICIARY/ TRUSTEE ADDRESS 3,,,,,
RLS,LFPBNFYB,BNADR4,,,BRZ_RLS,LFPBNFYB,BNADR4,,,Direct,SLV_RLS,LFPBNFYB,POLICY_BENEFICIARY,MAX_AGE_FOR_SEGMENT_GENERATION,,BENEFICIARY/ TRUSTEE ADDRESS 4,,,,,
RLS,LFPBNFYB,BNCTY,,,BRZ_RLS,LFPBNFYB,BNCTY,,,Direct,SLV_RLS,LFPBNFYB,POLICY_BENEFICIARY,MAX_YR_FOR_SEGMENT_GENERATION,,CITY,,,,,
RLS,LFPBNFYB,BNDAT,,,BRZ_RLS,LFPBNFYB,BNDAT,,,Direct,SLV_RLS,LFPBNFYB,POLICY_BENEFICIARY,FREE_RIDER_BENEFIT_1,,EFFECTIVE  DATE OF APPOINTMENT /NOMINATION,,,,,
RLS,LFPBNFYB,BNDNT,,,BRZ_RLS,LFPBNFYB,BNDNT,,,Direct,SLV_RLS,LFPBNFYB,POLICY_BENEFICIARY,FREE_RIDER_BENEFIT_2,,NOTIFICATION DATE,,,,,
RLS,LFPBNFYB,BNDRT,,,BRZ_RLS,LFPBNFYB,BNDRT,,,Direct,SLV_RLS,LFPBNFYB,POLICY_BENEFICIARY,FREE_RIDER_BENEFIT_3,,REGISTRATION DATE,,,,,
RLS,LFPBNFYB,BNCONTNM,,,BRZ_RLS,LFPBNFYB,BNCONTNM,,,Direct,SLV_RLS,LFPBNFYB,POLICY_BENEFICIARY,RIDER_CD,,CONTACT NUMBER,,,,,
RLS,LFPBNFYB,BNCTEFF,,,BRZ_RLS,LFPBNFYB,BNCTEFF,,,Direct,SLV_RLS,LFPBNFYB,POLICY_BENEFICIARY,RETIREMENT_AGE,,CHANGE TXN. EFF. DATE,,,,,
RLS,LFPBNFYB,BNCREFF,,,BRZ_RLS,LFPBNFYB,BNCREFF,,,Direct,SLV_RLS,LFPBNFYB,POLICY_BENEFICIARY,RETIREMENT_INCOME_FLG,,CHANGE TXN. REF. NO.,,,,,
RLS,LFPAPPUSB,USPNO,,,BRZ_RLS,LFPAPPUSB,USPNO,,,Direct,SLV_RLS,LFPAPPUSB,UW_SUPP_APPLICATION,POLICY_NO,,POLICY NO.,,,,,
RLS,LFPAPPUSB,USDEP,,,BRZ_RLS,LFPAPPUSB,USDEP,,,Direct,SLV_RLS,LFPAPPUSB,UW_SUPP_APPLICATION,DEPENDENT_NO,,DEPENDENT NO.,,,,,
RLS,LFPAPPUSB,USDAPP,,,BRZ_RLS,LFPAPPUSB,USDAPP,,,Direct,SLV_RLS,LFPAPPUSB,UW_SUPP_APPLICATION,APPLICATION_DT,,APPLICATION DATE,,,,,
RLS,LFPAPPUSB,USDIGT,,,BRZ_RLS,LFPAPPUSB,USDIGT,,,Direct,SLV_RLS,LFPAPPUSB,UW_SUPP_APPLICATION,ID_DIGIT,,CHECK DIGIT OF ID,,,,,
RLS,LFPAPPUSB,USOSHP,,,BRZ_RLS,LFPAPPUSB,USOSHP,,,Direct,SLV_RLS,LFPAPPUSB,UW_SUPP_APPLICATION,OWN_CD,,OWNERSHIP,,,,,
RLS,LFPAPPUSB,USINO,,,BRZ_RLS,LFPAPPUSB,USINO,,,Direct,SLV_RLS,LFPAPPUSB,UW_SUPP_APPLICATION,INS_NO,,INSURED NUMBER,,,,,
RLS,LFPAPPUSB,USDIGT1,,,BRZ_RLS,LFPAPPUSB,USDIGT1,,,Direct,SLV_RLS,LFPAPPUSB,UW_SUPP_APPLICATION,OWN_ID_DIGIT,,OWNER ID CHK DIGIT,,,,,
RLS,LFPAPPUSB,USIDINC,,,BRZ_RLS,LFPAPPUSB,USIDINC,,,Direct,SLV_RLS,LFPAPPUSB,UW_SUPP_APPLICATION,INS_CUST_ID,,INS ID INDICATOR,,,,,
RLS,LFPAPPUSB,USOWNIDINC,,,BRZ_RLS,LFPAPPUSB,USOWNIDINC,,,Direct,SLV_RLS,LFPAPPUSB,UW_SUPP_APPLICATION,OWN_CUST_ID,,OWN ID INDICATOR,,,,,
RLS,LFPAPPUSB,USOHGT,,,BRZ_RLS,LFPAPPUSB,USOHGT,,,Direct,SLV_RLS,LFPAPPUSB,UW_SUPP_APPLICATION,OWN_HEIGHT_MTR,,HEIGHT IN METRE FOR OWNER,,,,,
RLS,LFPAPPUSB,USOWGT,,,BRZ_RLS,LFPAPPUSB,USOWGT,,,Direct,SLV_RLS,LFPAPPUSB,UW_SUPP_APPLICATION,OWN_WEIGHT_KG,,WEIGHT IN KG FOR OWNER,,,,,
RLS,LFPAPPUSB,USOOCL,,,BRZ_RLS,LFPAPPUSB,USOOCL,,,Direct,SLV_RLS,LFPAPPUSB,UW_SUPP_APPLICATION,OWN_CLASS_CD,,OCC. CLASS FOR OWNER,,,,,
RLS,LFPAPPUSB,USPINC,,,BRZ_RLS,LFPAPPUSB,USPINC,,,Direct,SLV_RLS,LFPAPPUSB,UW_SUPP_APPLICATION,PAYOR_MONTHLY_INCOME_AMT,,MONTHLY INCOME FOR PAYOR,,,,,
RLS,LFPAPPUSB,USPDECL,,,BRZ_RLS,LFPAPPUSB,USPDECL,,,Direct,SLV_RLS,LFPAPPUSB,UW_SUPP_APPLICATION,PAYOR_QUEST_DECLINE,,DECLINE QUESTION FOR PAYOR,,,,,
RLS,LFPAPPUSB,USPAVOC,,,BRZ_RLS,LFPAPPUSB,USPAVOC,,,Direct,SLV_RLS,LFPAPPUSB,UW_SUPP_APPLICATION,PAYOR_QUEST_AVOCATION,,AVOCATION QUESTION FOR PAYOR,,,,,
RLS,LFPAPPUSB,USPHLTH,,,BRZ_RLS,LFPAPPUSB,USPHLTH,,,Direct,SLV_RLS,LFPAPPUSB,UW_SUPP_APPLICATION,PAYOR_QUEST_HEALTH,,HEALTH QUESTION FOR PAYOR,,,,,
RLS,LFPAPPUSB,USPPVEXM,,,BRZ_RLS,LFPAPPUSB,USPPVEXM,,,Direct,SLV_RLS,LFPAPPUSB,UW_SUPP_APPLICATION,PAYOR_PREV_EXAM,,PREVIOUS EXAM FOR PAYOR,,,,,
RLS,LFPAPPUSB,USPEXMRSN,,,BRZ_RLS,LFPAPPUSB,USPEXMRSN,,,Direct,SLV_RLS,LFPAPPUSB,UW_SUPP_APPLICATION,PAYOR_PREV_EXAM_REASON,,PREVIOUS EXAM REASON FOR PAYOR,,,,,
RLS,LFPAPPUSB,USPEXMRST,,,BRZ_RLS,LFPAPPUSB,USPEXMRST,,,Direct,SLV_RLS,LFPAPPUSB,UW_SUPP_APPLICATION,PAYOR_PREV_EXAM_RESULT,,PREVIOUS EXAM RESULT FOR PAYOR,,,,,
RLS,LFPAPPUSB,USPSMKE,,,BRZ_RLS,LFPAPPUSB,USPSMKE,,,Direct,SLV_RLS,LFPAPPUSB,UW_SUPP_APPLICATION,IS_PAYOR_SMOKING,,SMOKING QUESTION FOR PAYOR,,,,,CASE WHEN USPSMKE ='Y' THEN 1 ELSE 0 END
RLS,LFPAPPUSB,USPSKQY,,,BRZ_RLS,LFPAPPUSB,USPSKQY,,,Direct,SLV_RLS,LFPAPPUSB,UW_SUPP_APPLICATION,PAYOR_SMOKING_CNT_DAY,,NO. OF CIGARETTE PER DAY FOR PAYOR,,,,,
RLS,LFPAPPUSB,USPALCQ,,,BRZ_RLS,LFPAPPUSB,USPALCQ,,,Direct,SLV_RLS,LFPAPPUSB,UW_SUPP_APPLICATION,IS_PAYOR_ALCOHOL,,ALCOHOL QUESTION FOR PAYOR,,,,,CASE WHEN USPALCQ ='Y' THEN 1 ELSE 0 END
RLS,LFPAPPUSB,USPALCU,,,BRZ_RLS,LFPAPPUSB,USPALCU,,,Direct,SLV_RLS,LFPAPPUSB,UW_SUPP_APPLICATION,PAYOR_ALCOHOL_CNT_WEEK,,ALCOHOL UNITS/WEEK FOR PAYOR,,,,,
RLS,LFPAPPUSB,USPTBCQ,,,BRZ_RLS,LFPAPPUSB,USPTBCQ,,,Direct,SLV_RLS,LFPAPPUSB,UW_SUPP_APPLICATION,IS_PAYOR_TOBACCO,,TOBACCO QUESTION FOR PAYOR,,,,,
RLS,LFPAPPUSB,USPTBCU,,,BRZ_RLS,LFPAPPUSB,USPTBCU,,,Direct,SLV_RLS,LFPAPPUSB,UW_SUPP_APPLICATION,PAYOR_TOBACCO_CNT_DAY,,TOBACCO UNITS/DAY FOR PAYOR,,,,,
RLS,LFPAPPUSB,USHLTH,,,BRZ_RLS,LFPAPPUSB,USHLTH,,,Direct,SLV_RLS,LFPAPPUSB,UW_SUPP_APPLICATION,IS_HEALTH,,HEALTH QUESTION,,,,,
RLS,LFPAPPUSB,USSMKE,,,BRZ_RLS,LFPAPPUSB,USSMKE,,,Direct,SLV_RLS,LFPAPPUSB,UW_SUPP_APPLICATION,IS_SMOKING,,SMOKING QUESTION,,,,,CASE WHEN USSMKE ='Y' THEN 1 ELSE 0 END
RLS,LFPAPPUSB,USSKQY,,,BRZ_RLS,LFPAPPUSB,USSKQY,,,Direct,SLV_RLS,LFPAPPUSB,UW_SUPP_APPLICATION,SMOKING_CNT_DAY,,NO. OF CIGARETTE PER DAY,,,,,
RLS,LFPAPPUSB,USAVOC,,,BRZ_RLS,LFPAPPUSB,USAVOC,,,Direct,SLV_RLS,LFPAPPUSB,UW_SUPP_APPLICATION,AVOCATION_QUEST,,AVOCATION QUESTION,,,,,
RLS,LFPAPPUSB,USDECL,,,BRZ_RLS,LFPAPPUSB,USDECL,,,Direct,SLV_RLS,LFPAPPUSB,UW_SUPP_APPLICATION,DECLINE_QUEST,,DECLINE QUESTION,,,,,
RLS,LFPAPPUSB,USDI,,,BRZ_RLS,LFPAPPUSB,USDI,,,Direct,SLV_RLS,LFPAPPUSB,UW_SUPP_APPLICATION,DI_QUEST,,DI QUESTION,,,,,
RLS,LFPAPPUSB,USTRST,,,BRZ_RLS,LFPAPPUSB,USTRST,,,Direct,SLV_RLS,LFPAPPUSB,UW_SUPP_APPLICATION,TRUST_DECLARATION,,TRUST DECLARATION,,,,,
RLS,LFPAPPUSB,USCPD,,,BRZ_RLS,LFPAPPUSB,USCPD,,,Direct,SLV_RLS,LFPAPPUSB,UW_SUPP_APPLICATION,CUST_PROTECTION_DECLARATION,,CUSTOMER PROTECTION DECLARATION,,,,,
RLS,LFPAPPUSB,USAGT,,,BRZ_RLS,LFPAPPUSB,USAGT,,,Direct,SLV_RLS,LFPAPPUSB,UW_SUPP_APPLICATION,AGENT_REPORT,,AGENT REPORT,,,,,
RLS,LFPAPPUSB,USTPUP,,,BRZ_RLS,LFPAPPUSB,USTPUP,,,Direct,SLV_RLS,LFPAPPUSB,UW_SUPP_APPLICATION,IS_TOPUP,,TOP UP FLAG,,,,,
RLS,LFPAPPUSB,USDBK,,,BRZ_RLS,LFPAPPUSB,USDBK,,,Direct,SLV_RLS,LFPAPPUSB,UW_SUPP_APPLICATION,IS_DTBACK,,DATEBACK FLAG,,,,,
RLS,LFPAPPUSB,USHGT,,,BRZ_RLS,LFPAPPUSB,USHGT,,,Direct,SLV_RLS,LFPAPPUSB,UW_SUPP_APPLICATION,INS_HEIGHT_MTR,,HEIGHT IN METRE FOR INS/SPO/DEP,,,,,
RLS,LFPAPPUSB,USWGT,,,BRZ_RLS,LFPAPPUSB,USWGT,,,Direct,SLV_RLS,LFPAPPUSB,UW_SUPP_APPLICATION,INS_WEIGHT_KG,,WEIGHT IN KG FOR INS/SPO/DEP,,,,,
RLS,LFPAPPUSB,USINC,,,BRZ_RLS,LFPAPPUSB,USINC,,,Direct,SLV_RLS,LFPAPPUSB,UW_SUPP_APPLICATION,INS_INCOME,,MONTHLY INCOME FOR INS/DEP IN HKD,,,,,
RLS,LFPAPPUSB,USOCL,,,BRZ_RLS,LFPAPPUSB,USOCL,,,Direct,SLV_RLS,LFPAPPUSB,UW_SUPP_APPLICATION,INS_CLASS_CD,,OCC. CLASS FOR INS/DEP,,,,,
RLS,LFPAPPUSB,USDOBP,,,BRZ_RLS,LFPAPPUSB,USDOBP,,,Direct,SLV_RLS,LFPAPPUSB,UW_SUPP_APPLICATION,DOB_PROFF,,DOB  PROOF,,,,,
RLS,LFPAPPUSB,USPRVSI,,,BRZ_RLS,LFPAPPUSB,USPRVSI,,,Direct,SLV_RLS,LFPAPPUSB,UW_SUPP_APPLICATION,PREV_SUM_INSURED_AMT,,PREVIOUS SUM INSURED,,,,,
RLS,LFPAPPUSB,USCTZ,,,BRZ_RLS,LFPAPPUSB,USCTZ,,,Direct,SLV_RLS,LFPAPPUSB,UW_SUPP_APPLICATION,CITIZEN_TYPE,,CITIZEN TYPE,,,,,
RLS,LFPAPPUSB,USRESDEC,,,BRZ_RLS,LFPAPPUSB,USRESDEC,,,Direct,SLV_RLS,LFPAPPUSB,UW_SUPP_APPLICATION,RESIDENCE_DECLARATION_CD,,RESIDENCE DECLARATION CODE,,,,,
RLS,LFPAPPUSB,USALCQ,,,BRZ_RLS,LFPAPPUSB,USALCQ,,,Direct,SLV_RLS,LFPAPPUSB,UW_SUPP_APPLICATION,IS_INS_ALCOHOL,,ALCOHOL QUESTION,,,,,CASE WHEN USALCQ ='Y' THEN 1 ELSE 0 END
RLS,LFPAPPUSB,USALCU,,,BRZ_RLS,LFPAPPUSB,USALCU,,,Direct,SLV_RLS,LFPAPPUSB,UW_SUPP_APPLICATION,INS_ALCOHOL_CNT_WEEK,,ALCOHOL UNITS/WEEK,,,,,
RLS,LFPAPPUSB,USTBCQ,,,BRZ_RLS,LFPAPPUSB,USTBCQ,,,Direct,SLV_RLS,LFPAPPUSB,UW_SUPP_APPLICATION,IS_INS_TOBACCO,,TOBACCO QUESTION,,,,,
RLS,LFPAPPUSB,USTBCU,,,BRZ_RLS,LFPAPPUSB,USTBCU,,,Direct,SLV_RLS,LFPAPPUSB,UW_SUPP_APPLICATION,INS_TOBACCO_CNT_DAY,,TOBACCO UNITS/DAY,,,,,
RLS,LFPAPPUSB,USENFLG,,,BRZ_RLS,LFPAPPUSB,USENFLG,,,Direct,SLV_RLS,LFPAPPUSB,UW_SUPP_APPLICATION,IS_SURPRESS_ENDORSMENT,,SUPPRESS  ENDORSEMENT FLAG,,,,,
RLS,LFPAPPUSB,USDOCDT,,,BRZ_RLS,LFPAPPUSB,USDOCDT,,,Direct,SLV_RLS,LFPAPPUSB,UW_SUPP_APPLICATION,LAST_DOC_DT,,LAST DOC DATE,,,,,
RLS,LFPAPPUSB,USLCNVSI,,,BRZ_RLS,LFPAPPUSB,USLCNVSI,,,Direct,SLV_RLS,LFPAPPUSB,UW_SUPP_APPLICATION,LIFE_CONVERTED_SI,,LIFE CONVERTED SI,,,,,
RLS,LFPAPPUSB,USLICNVSI,,,BRZ_RLS,LFPAPPUSB,USLICNVSI,,,Direct,SLV_RLS,LFPAPPUSB,UW_SUPP_APPLICATION,LI_CONVERTED_SI,,LI CONVERTED SI,,,,,
RLS,LFPAPPUSB,USADNLSI,,,BRZ_RLS,LFPAPPUSB,USADNLSI,,,Direct,SLV_RLS,LFPAPPUSB,UW_SUPP_APPLICATION,ADDITIONAL_LIFE_SI,,ADDITIONAL LIFE SI,,,,,
RLS,LFPAPPUSB,USADNLLISI,,,BRZ_RLS,LFPAPPUSB,USADNLLISI,,,Direct,SLV_RLS,LFPAPPUSB,UW_SUPP_APPLICATION,ADDITIONAL_LI_SI,,ADDITIONAL LI SI,,,,,
RLS,LFPAPPUSB,USPRSTDT,,,BRZ_RLS,LFPAPPUSB,USPRSTDT,,,Direct,SLV_RLS,LFPAPPUSB,UW_SUPP_APPLICATION,PROVISION_START_DT,,PROVISION START DATE,,,,,
RLS,LFPAPPUSB,USMEDSK,,,BRZ_RLS,LFPAPPUSB,USMEDSK,,,Direct,SLV_RLS,LFPAPPUSB,UW_SUPP_APPLICATION,MEDICAL_UW_SKILL,,MEDICAL UW SKILL,,,,,
RLS,LFPAPPUSB,USASSDGT,,,BRZ_RLS,LFPAPPUSB,USASSDGT,,,Direct,SLV_RLS,LFPAPPUSB,UW_SUPP_APPLICATION,ASSIGNEE_ID_DIGIT,,ASSIGNEE ID CHECK DIGIT,,,,,
RLS,LFPAPPUSB,USIADDR1,,,BRZ_RLS,LFPAPPUSB,USIADDR1,,,Direct,SLV_RLS,LFPAPPUSB,UW_SUPP_APPLICATION,INS_ADDRESS1,,INSURED RESIDENTIAL ADDRESS 1,,,,,
RLS,LFPAPPUSB,USIADDR2,,,BRZ_RLS,LFPAPPUSB,USIADDR2,,,Direct,SLV_RLS,LFPAPPUSB,UW_SUPP_APPLICATION,INS_ADDRESS2,,INSURED RESIDENTIAL ADDRESS 2,,,,,
RLS,LFPAPPUSB,USIADDR3,,,BRZ_RLS,LFPAPPUSB,USIADDR3,,,Direct,SLV_RLS,LFPAPPUSB,UW_SUPP_APPLICATION,INS_ADDRESS3,,INSURED RESIDENTIAL ADDRESS 3,,,,,
RLS,LFPAPPUSB,USIADDR4,,,BRZ_RLS,LFPAPPUSB,USIADDR4,,,Direct,SLV_RLS,LFPAPPUSB,UW_SUPP_APPLICATION,INS_ADDRESS4,,INSURED RESIDENTIAL ADDRESS 4,,,,,
RLS,LFPAPPUSB,USCITY,,,BRZ_RLS,LFPAPPUSB,USCITY,,,Direct,SLV_RLS,LFPAPPUSB,UW_SUPP_APPLICATION,INS_CITY,,INSURED RESIDENTIAL CITY,,,,,
RLS,LFPAPPUSB,USVCF,,,BRZ_RLS,LFPAPPUSB,USVCF,,,Direct,SLV_RLS,LFPAPPUSB,UW_SUPP_APPLICATION,IS VULNERABLE_CUST,,VULNERABLE CUSTOMER (VC) FLAG,,,,,
RLS,LFPAPPUSB,USUSF,,,BRZ_RLS,LFPAPPUSB,USUSF,,,Direct,SLV_RLS,LFPAPPUSB,UW_SUPP_APPLICATION,IS_UNSUITABLE_CUST,,UNSUITABILITY CUSTOMER (US) FLAG,,,,,
RLS,LFPAPPUSB,USVCAGE,,,BRZ_RLS,LFPAPPUSB,USVCAGE,,,Direct,SLV_RLS,LFPAPPUSB,UW_SUPP_APPLICATION,VULNERABLE_CUST_AGE,,VULNERABLE CUSTOMER AGE,,,,,
RLS,LFPAPPUSB,USVCSC,,,BRZ_RLS,LFPAPPUSB,USVCSC,,,Direct,SLV_RLS,LFPAPPUSB,UW_SUPP_APPLICATION,IS_SUITABILITY_CUST,,SUITABILITY CUSTOMER FLAG,,,,,
RLS,LFPAPPUSB,USVCEDU,,,BRZ_RLS,LFPAPPUSB,USVCEDU,,,Direct,SLV_RLS,LFPAPPUSB,UW_SUPP_APPLICATION,IS_VULNERABLE_CUST_EDUCATION,,VULNERABLE CUSTOMER EDUCATION FLAG,,,,,
RLS,LFPAPPUSB,USVCRP,,,BRZ_RLS,LFPAPPUSB,USVCRP,,,Direct,SLV_RLS,LFPAPPUSB,UW_SUPP_APPLICATION,IS_VULNERABLE_CUST_RP,,VULNERABLE CUSTOMER RP FLAG,,,,,
RLS,LFPAPPUSB,USVCSP,,,BRZ_RLS,LFPAPPUSB,USVCSP,,,Direct,SLV_RLS,LFPAPPUSB,UW_SUPP_APPLICATION,IS_VULNERABLE_CUST_SP,,VULNERABLE CUSTOMER SP FLAG,,,,,
RLS,LFPAPPUSB,USCOMP,,,BRZ_RLS,LFPAPPUSB,USCOMP,,,Direct,SLV_RLS,LFPAPPUSB,UW_SUPP_APPLICATION,IS_COMPLETENESS,,COMPLETENESS FLAG,,,,,
RLS,LFPAPPUSB,USADOPT,,,BRZ_RLS,LFPAPPUSB,USADOPT,,,Direct,SLV_RLS,LFPAPPUSB,UW_SUPP_APPLICATION,AD_OPT,,AD OPTION,,,,,
RLS,LFPAPPUSB,USILASF,,,BRZ_RLS,LFPAPPUSB,USILASF,,,Direct,SLV_RLS,LFPAPPUSB,UW_SUPP_APPLICATION,IS_ILAS,,ILAS FLAG,,,,,
RLS,LFPAPPUSB,USPVEXM,,,BRZ_RLS,LFPAPPUSB,USPVEXM,,,Direct,SLV_RLS,LFPAPPUSB,UW_SUPP_APPLICATION,INS_PREV_EXAM,,PREVIOUS EXAM FOR INSURED,,,,,
RLS,LFPAPPUSB,USEXMRSN,,,BRZ_RLS,LFPAPPUSB,USEXMRSN,,,Direct,SLV_RLS,LFPAPPUSB,UW_SUPP_APPLICATION,INS_PREV_EXAM_REASON,,PREVIOUS EXAM REASON FOR INSURED,,,,,
RLS,LFPAPPUSB,USEXMRST,,,BRZ_RLS,LFPAPPUSB,USEXMRST,,,Direct,SLV_RLS,LFPAPPUSB,UW_SUPP_APPLICATION,INS_PREV_EXAM_RESULT,,PREVIOUS EXAM RESULT FOR INSURED,,,,,
RLS,LFPAPPUSB,USTCPLN,,,BRZ_RLS,LFPAPPUSB,USTCPLN,,,Direct,SLV_RLS,LFPAPPUSB,UW_SUPP_APPLICATION,TERM_CONVERT_PLAN_CD,,TERM CONVERTED PLAN CODE,,,,,
RLS,LFPAPPUSB,USINVOPT,,,BRZ_RLS,LFPAPPUSB,USINVOPT,,,Direct,SLV_RLS,LFPAPPUSB,UW_SUPP_APPLICATION,OPT_INVEST_AFTER_COOL_OFF,,OPTION TO INVEST AFTER COOL-OFF EXP,,,,,
RLS,LFPAPPUSB,USINVSTS,,,BRZ_RLS,LFPAPPUSB,USINVSTS,,,Direct,SLV_RLS,LFPAPPUSB,UW_SUPP_APPLICATION,INVEST_AFTER_COOL_OFF_STAT,,INVEST AFTER COOL OFF PROCESSING STS,,,,,
RLS,LFPAPPUSB,USPPDM,,,BRZ_RLS,LFPAPPUSB,USPPDM,,,Direct,SLV_RLS,LFPAPPUSB,UW_SUPP_APPLICATION,POLICY_DELIV_MTHD,,POLICY DELIVERY METHOD,,,,,
RLS,LFPAPPUSB,USCLPNO,,,BRZ_RLS,LFPAPPUSB,USCLPNO,,,Direct,SLV_RLS,LFPAPPUSB,UW_SUPP_APPLICATION,CLUSTER_POLICY_NO,,CLUSTER POLICY NO.,,,,,
RLS,LFPAPPUSB,USOWNCTZ,,,BRZ_RLS,LFPAPPUSB,USOWNCTZ,,,Direct,SLV_RLS,LFPAPPUSB,UW_SUPP_APPLICATION,OWN_CITIZENSHIP_CD,,OWNER CITIZENSHIP,,,,,
RLS,LFPAPPUSB,USPAYOR,,,BRZ_RLS,LFPAPPUSB,USPAYOR,,,Direct,SLV_RLS,LFPAPPUSB,UW_SUPP_APPLICATION,PAYOR_NM,,PAYOR NAME,,,,,
RLS,LFPAPPUSB,USPAYDB,,,BRZ_RLS,LFPAPPUSB,USPAYDB,,,Direct,SLV_RLS,LFPAPPUSB,UW_SUPP_APPLICATION,PAYOR_DOB,,PAYOR DOB,,,,,
RLS,LFPAPPUSB,USPRRLTN,,,BRZ_RLS,LFPAPPUSB,USPRRLTN,,,Direct,SLV_RLS,LFPAPPUSB,UW_SUPP_APPLICATION,PAYOR_RELATIONSHIP,,PAYOR RELATIONSHIP,,,,,
RLS,LFPAPPUSB,USPEPOL,,,BRZ_RLS,LFPAPPUSB,USPEPOL,,,Direct,SLV_RLS,LFPAPPUSB,UW_SUPP_APPLICATION,IS_EPOLICY_DELIV,,E-POLICY DELIVERY FLAG,,,,,
RLS,LFPPOLUSB,USPNO,,,BRZ_RLS,LFPPOLUSB,USPNO,,,Direct,SLV_RLS,LFPPOLUSB,UW_SUPP_BEFORE_CHANGE,POLICY_NO,,POLICY NO.,,,,,
RLS,LFPPOLUSB,USTREF,,,BRZ_RLS,LFPPOLUSB,USTREF,,,Direct,SLV_RLS,LFPPOLUSB,UW_SUPP_BEFORE_CHANGE,TRAN_REF_NO,,TRAN. REF NO.,,,,,
RLS,LFPPOLUSB,USDEP,,,BRZ_RLS,LFPPOLUSB,USDEP,,,Direct,SLV_RLS,LFPPOLUSB,UW_SUPP_BEFORE_CHANGE,DEPENDENT_NO,,DEPENDENT NO.,,,,,
RLS,LFPPOLUSB,USDAPP,,,BRZ_RLS,LFPPOLUSB,USDAPP,,,Direct,SLV_RLS,LFPPOLUSB,UW_SUPP_BEFORE_CHANGE,APPLICATION_DT,,APPLICATION DATE,,,,,
RLS,LFPPOLUSB,USDIGT,,,BRZ_RLS,LFPPOLUSB,USDIGT,,,Direct,SLV_RLS,LFPPOLUSB,UW_SUPP_BEFORE_CHANGE,ID_DIGIT,,CHECK DIGIT OF ID,,,,,
RLS,LFPPOLUSB,USOSHP,,,BRZ_RLS,LFPPOLUSB,USOSHP,,,Direct,SLV_RLS,LFPPOLUSB,UW_SUPP_BEFORE_CHANGE,OWN_CD,,OWNERSHIP,,,,,
RLS,LFPPOLUSB,USIDINC,,,BRZ_RLS,LFPPOLUSB,USIDINC,,,Direct,SLV_RLS,LFPPOLUSB,UW_SUPP_BEFORE_CHANGE,INS_CUST_ID,,INS ID INDICATOR,,,,,
RLS,LFPPOLUSB,USOWNIDINC,,,BRZ_RLS,LFPPOLUSB,USOWNIDINC,,,Direct,SLV_RLS,LFPPOLUSB,UW_SUPP_BEFORE_CHANGE,OWN_CUST_ID,,OWN ID INDICATOR,,,,,
RLS,LFPPOLUSB,USOHGT,,,BRZ_RLS,LFPPOLUSB,USOHGT,,,Direct,SLV_RLS,LFPPOLUSB,UW_SUPP_BEFORE_CHANGE,OWN_HEIGHT_MTR,,HEIGHT IN METRE FOR OWNER,,,,,
RLS,LFPPOLUSB,USOWGT,,,BRZ_RLS,LFPPOLUSB,USOWGT,,,Direct,SLV_RLS,LFPPOLUSB,UW_SUPP_BEFORE_CHANGE,OWN_WEIGHT_KG,,WEIGHT IN KG FOR OWNER,,,,,
RLS,LFPPOLUSB,USOOCL,,,BRZ_RLS,LFPPOLUSB,USOOCL,,,Direct,SLV_RLS,LFPPOLUSB,UW_SUPP_BEFORE_CHANGE,OWN_CLASS_CD,,OCC. CLASS FOR OWNER,,,,,
RLS,LFPPOLUSB,USHLTH,,,BRZ_RLS,LFPPOLUSB,USHLTH,,,Direct,SLV_RLS,LFPPOLUSB,UW_SUPP_BEFORE_CHANGE,IS_HEALTH,,HEALTH QUESTION,,,,,
RLS,LFPPOLUSB,USSMKE,,,BRZ_RLS,LFPPOLUSB,USSMKE,,,Direct,SLV_RLS,LFPPOLUSB,UW_SUPP_BEFORE_CHANGE,IS_SMOKING,,SMOKING QUESTION,,,,,CASE WHEN USSMKE ='Y' THEN 1 ELSE 0 END
RLS,LFPPOLUSB,USSKQY,,,BRZ_RLS,LFPPOLUSB,USSKQY,,,Direct,SLV_RLS,LFPPOLUSB,UW_SUPP_BEFORE_CHANGE,SMOKING_CNT_DAY,,NO. OF CIGARETTE PER DAY,,,,,
RLS,LFPPOLUSB,USAVOC,,,BRZ_RLS,LFPPOLUSB,USAVOC,,,Direct,SLV_RLS,LFPPOLUSB,UW_SUPP_BEFORE_CHANGE,AVOCATION_QUEST,,AVOCATION QUESTION,,,,,
RLS,LFPPOLUSB,USDECL,,,BRZ_RLS,LFPPOLUSB,USDECL,,,Direct,SLV_RLS,LFPPOLUSB,UW_SUPP_BEFORE_CHANGE,DECLINE_QUEST,,DECLINE QUESTION,,,,,
RLS,LFPPOLUSB,USDI,,,BRZ_RLS,LFPPOLUSB,USDI,,,Direct,SLV_RLS,LFPPOLUSB,UW_SUPP_BEFORE_CHANGE,DI_QUEST,,DI QUESTION,,,,,
RLS,LFPPOLUSB,USTRST,,,BRZ_RLS,LFPPOLUSB,USTRST,,,Direct,SLV_RLS,LFPPOLUSB,UW_SUPP_BEFORE_CHANGE,TRUST_DECLARATION,,TRUST DECLARATION,,,,,
RLS,LFPPOLUSB,USCPD,,,BRZ_RLS,LFPPOLUSB,USCPD,,,Direct,SLV_RLS,LFPPOLUSB,UW_SUPP_BEFORE_CHANGE,CUST_PROTECTION_DECLARATION,,CUSTOMER PROTECTION DECLARATION,,,,,
RLS,LFPPOLUSB,USAGT,,,BRZ_RLS,LFPPOLUSB,USAGT,,,Direct,SLV_RLS,LFPPOLUSB,UW_SUPP_BEFORE_CHANGE,AGENT_REPORT,,AGENT REPORT,,,,,
RLS,LFPPOLUSB,USORP,,,BRZ_RLS,LFPPOLUSB,USORP,,,Direct,SLV_RLS,LFPPOLUSB,UW_SUPP_BEFORE_CHANGE,IS_ORPHAN,,ORPHAN FLAG,,,,,
RLS,LFPPOLUSB,USTPUP,,,BRZ_RLS,LFPPOLUSB,USTPUP,,,Direct,SLV_RLS,LFPPOLUSB,UW_SUPP_BEFORE_CHANGE,IS_TOPUP,,TOP UP FLAG,,,,,
RLS,LFPPOLUSB,USDBK,,,BRZ_RLS,LFPPOLUSB,USDBK,,,Direct,SLV_RLS,LFPPOLUSB,UW_SUPP_BEFORE_CHANGE,IS_DTBACK,,DATEBACK FLAG,,,,,
RLS,LFPPOLUSB,USHGT,,,BRZ_RLS,LFPPOLUSB,USHGT,,,Direct,SLV_RLS,LFPPOLUSB,UW_SUPP_BEFORE_CHANGE,INS_HEIGHT_MTR,,HEIGHT IN METRE FOR INS/SPO/DEP,,,,,
RLS,LFPPOLUSB,USWGT,,,BRZ_RLS,LFPPOLUSB,USWGT,,,Direct,SLV_RLS,LFPPOLUSB,UW_SUPP_BEFORE_CHANGE,INS_WEIGHT_KG,,WEIGHT IN KG FOR INS/SPO/DEP,,,,,
RLS,LFPPOLUSB,USINC,,,BRZ_RLS,LFPPOLUSB,USINC,,,Direct,SLV_RLS,LFPPOLUSB,UW_SUPP_BEFORE_CHANGE,INS_INCOME,,MONTHLY INCOME FOR INS/DEP IN HKD,,,,,
RLS,LFPPOLUSB,USOCL,,,BRZ_RLS,LFPPOLUSB,USOCL,,,Direct,SLV_RLS,LFPPOLUSB,UW_SUPP_BEFORE_CHANGE,INS_CLASS_CD,,OCC. CLASS FOR INS/DEP,,,,,
RLS,LFPPOLUSB,USINO,,,BRZ_RLS,LFPPOLUSB,USINO,,,Direct,SLV_RLS,LFPPOLUSB,UW_SUPP_BEFORE_CHANGE,INS_NO,,INSURED NUMBER,,,,,
RLS,LFPPOLUSB,USDIGT1,,,BRZ_RLS,LFPPOLUSB,USDIGT1,,,Direct,SLV_RLS,LFPPOLUSB,UW_SUPP_BEFORE_CHANGE,OWN_ID_DIGIT,,OWNER ID CHK DIGIT,,,,,
RLS,LFPPOLUSB,USPINC,,,BRZ_RLS,LFPPOLUSB,USPINC,,,Direct,SLV_RLS,LFPPOLUSB,UW_SUPP_BEFORE_CHANGE,PAYOR_MONTHLY_INCOME_AMT,,MONTHLY INCOME FOR PAYOR,,,,,
RLS,LFPPOLUSB,USPDECL,,,BRZ_RLS,LFPPOLUSB,USPDECL,,,Direct,SLV_RLS,LFPPOLUSB,UW_SUPP_BEFORE_CHANGE,PAYOR_QUEST_DECLINE,,DECLINE QUESTION FOR PAYOR,,,,,
RLS,LFPPOLUSB,USPAVOC,,,BRZ_RLS,LFPPOLUSB,USPAVOC,,,Direct,SLV_RLS,LFPPOLUSB,UW_SUPP_BEFORE_CHANGE,PAYOR_QUEST_AVOCATION,,AVOCATION QUESTION FOR PAYOR,,,,,
RLS,LFPPOLUSB,USPHLTH,,,BRZ_RLS,LFPPOLUSB,USPHLTH,,,Direct,SLV_RLS,LFPPOLUSB,UW_SUPP_BEFORE_CHANGE,PAYOR_QUEST_HEALTH,,HEALTH QUESTION FOR PAYOR,,,,,
RLS,LFPPOLUSB,USPPVEXM,,,BRZ_RLS,LFPPOLUSB,USPPVEXM,,,Direct,SLV_RLS,LFPPOLUSB,UW_SUPP_BEFORE_CHANGE,PAYOR_PREV_EXAM,,PREVIOUS EXAM FOR PAYOR,,,,,
RLS,LFPPOLUSB,USPEXMRSN,,,BRZ_RLS,LFPPOLUSB,USPEXMRSN,,,Direct,SLV_RLS,LFPPOLUSB,UW_SUPP_BEFORE_CHANGE,PAYOR_PREV_EXAM_REASON,,PREVIOUS EXAM REASON FOR PAYOR,,,,,
RLS,LFPPOLUSB,USPEXMRST,,,BRZ_RLS,LFPPOLUSB,USPEXMRST,,,Direct,SLV_RLS,LFPPOLUSB,UW_SUPP_BEFORE_CHANGE,PAYOR_PREV_EXAM_RESULT,,PREVIOUS EXAM RESULT FOR PAYOR,,,,,
RLS,LFPPOLUSB,USPSMKE,,,BRZ_RLS,LFPPOLUSB,USPSMKE,,,Direct,SLV_RLS,LFPPOLUSB,UW_SUPP_BEFORE_CHANGE,IS_PAYOR_SMOKING,,SMOKING QUESTION FOR PAYOR,,,,,CASE WHEN USPSMKE ='Y' THEN 1 ELSE 0 END
RLS,LFPPOLUSB,USPSKQY,,,BRZ_RLS,LFPPOLUSB,USPSKQY,,,Direct,SLV_RLS,LFPPOLUSB,UW_SUPP_BEFORE_CHANGE,PAYOR_SMOKING_CNT_DAY,,NO. OF CIGARETTE PER DAY FOR PAYOR,,,,,
RLS,LFPPOLUSB,USPALCQ,,,BRZ_RLS,LFPPOLUSB,USPALCQ,,,Direct,SLV_RLS,LFPPOLUSB,UW_SUPP_BEFORE_CHANGE,IS_PAYOR_ALCOHOL,,ALCOHOL QUESTION FOR PAYOR,,,,,CASE WHEN USPALCQ ='Y' THEN 1 ELSE 0 END
RLS,LFPPOLUSB,USPALCU,,,BRZ_RLS,LFPPOLUSB,USPALCU,,,Direct,SLV_RLS,LFPPOLUSB,UW_SUPP_BEFORE_CHANGE,PAYOR_ALCOHOL_CNT_WEEK,,ALCOHOL UNITS/WEEK FOR PAYOR,,,,,
RLS,LFPPOLUSB,USPTBCQ,,,BRZ_RLS,LFPPOLUSB,USPTBCQ,,,Direct,SLV_RLS,LFPPOLUSB,UW_SUPP_BEFORE_CHANGE,IS_PAYOR_TOBACCO,,TOBACCO QUESTION FOR PAYOR,,,,,
RLS,LFPPOLUSB,USPTBCU,,,BRZ_RLS,LFPPOLUSB,USPTBCU,,,Direct,SLV_RLS,LFPPOLUSB,UW_SUPP_BEFORE_CHANGE,PAYOR_TOBACCO_CNT_DAY,,TOBACCO UNITS/DAY FOR PAYOR,,,,,
RLS,LFPPOLUSB,USDOBP,,,BRZ_RLS,LFPPOLUSB,USDOBP,,,Direct,SLV_RLS,LFPPOLUSB,UW_SUPP_BEFORE_CHANGE,DOB_PROFF,,DOB  PROOF,,,,,
RLS,LFPPOLUSB,USPRVSI,,,BRZ_RLS,LFPPOLUSB,USPRVSI,,,Direct,SLV_RLS,LFPPOLUSB,UW_SUPP_BEFORE_CHANGE,PREV_SUM_INSURED_AMT,,PREVIOUS SUM INSURED,,,,,
RLS,LFPPOLUSB,USCTZ,,,BRZ_RLS,LFPPOLUSB,USCTZ,,,Direct,SLV_RLS,LFPPOLUSB,UW_SUPP_BEFORE_CHANGE,CITIZEN_TYPE,,CITIZEN TYPE,,,,,
RLS,LFPPOLUSB,USRESDEC,,,BRZ_RLS,LFPPOLUSB,USRESDEC,,,Direct,SLV_RLS,LFPPOLUSB,UW_SUPP_BEFORE_CHANGE,RESIDENCE_DECLARATION_CD,,RESIDENCE DECLARATION CODE,,,,,
RLS,LFPPOLUSB,USALCQ,,,BRZ_RLS,LFPPOLUSB,USALCQ,,,Direct,SLV_RLS,LFPPOLUSB,UW_SUPP_BEFORE_CHANGE,IS_INS_ALCOHOL,,ALCOHOL QUESTION,,,,,CASE WHEN USALCQ ='Y' THEN 1 ELSE 0 END
RLS,LFPPOLUSB,USALCU,,,BRZ_RLS,LFPPOLUSB,USALCU,,,Direct,SLV_RLS,LFPPOLUSB,UW_SUPP_BEFORE_CHANGE,INS_ALCOHOL_CNT_WEEK,,ALCOHOL UNITS/WEEK,,,,,
RLS,LFPPOLUSB,USTBCQ,,,BRZ_RLS,LFPPOLUSB,USTBCQ,,,Direct,SLV_RLS,LFPPOLUSB,UW_SUPP_BEFORE_CHANGE,IS_INS_TOBACCO,,TOBACCO QUESTION,,,,,
RLS,LFPPOLUSB,USTBCU,,,BRZ_RLS,LFPPOLUSB,USTBCU,,,Direct,SLV_RLS,LFPPOLUSB,UW_SUPP_BEFORE_CHANGE,INS_TOBACCO_CNT_DAY,,TOBACCO UNITS/DAY,,,,,
RLS,LFPPOLUSB,USENFLG,,,BRZ_RLS,LFPPOLUSB,USENFLG,,,Direct,SLV_RLS,LFPPOLUSB,UW_SUPP_BEFORE_CHANGE,IS_SURPRESS_ENDORSMENT,,SUPPRESS  ENDORSEMENT FLAG,,,,,
RLS,LFPPOLUSB,USDOCDT,,,BRZ_RLS,LFPPOLUSB,USDOCDT,,,Direct,SLV_RLS,LFPPOLUSB,UW_SUPP_BEFORE_CHANGE,LAST_DOC_DT,,LAST DOC DATE,,,,,
RLS,LFPPOLUSB,USLCNVSI,,,BRZ_RLS,LFPPOLUSB,USLCNVSI,,,Direct,SLV_RLS,LFPPOLUSB,UW_SUPP_BEFORE_CHANGE,LIFE_CONVERTED_SI,,LIFE CONVERTED SI,,,,,
RLS,LFPPOLUSB,USLICNVSI,,,BRZ_RLS,LFPPOLUSB,USLICNVSI,,,Direct,SLV_RLS,LFPPOLUSB,UW_SUPP_BEFORE_CHANGE,LI_CONVERTED_SI,,LI CONVERTED SI,,,,,
RLS,LFPPOLUSB,USADNLSI,,,BRZ_RLS,LFPPOLUSB,USADNLSI,,,Direct,SLV_RLS,LFPPOLUSB,UW_SUPP_BEFORE_CHANGE,ADDITIONAL_LIFE_SI,,ADDITIONAL LIFE SI,,,,,
RLS,LFPPOLUSB,USADNLLISI,,,BRZ_RLS,LFPPOLUSB,USADNLLISI,,,Direct,SLV_RLS,LFPPOLUSB,UW_SUPP_BEFORE_CHANGE,ADDITIONAL_LI_SI,,ADDITIONAL LI SI,,,,,
RLS,LFPPOLUSB,USPRSTDT,,,BRZ_RLS,LFPPOLUSB,USPRSTDT,,,Direct,SLV_RLS,LFPPOLUSB,UW_SUPP_BEFORE_CHANGE,PROVISION_START_DT,,PROVISION START DATE,,,,,
RLS,LFPPOLUSB,USMEDSK,,,BRZ_RLS,LFPPOLUSB,USMEDSK,,,Direct,SLV_RLS,LFPPOLUSB,UW_SUPP_BEFORE_CHANGE,MEDICAL_UW_SKILL,,MEDICAL UW SKILL,,,,,
RLS,LFPPOLUSB,USASSDGT,,,BRZ_RLS,LFPPOLUSB,USASSDGT,,,Direct,SLV_RLS,LFPPOLUSB,UW_SUPP_BEFORE_CHANGE,ASSIGNEE_ID_DIGIT,,ASSIGNEE ID CHECK DIGIT,,,,,
RLS,LFPPOLUSB,USIADDR1,,,BRZ_RLS,LFPPOLUSB,USIADDR1,,,Direct,SLV_RLS,LFPPOLUSB,UW_SUPP_BEFORE_CHANGE,INS_ADDRESS1,,INSURED RESIDENTIAL ADDRESS 1,,,,,
RLS,LFPPOLUSB,USIADDR2,,,BRZ_RLS,LFPPOLUSB,USIADDR2,,,Direct,SLV_RLS,LFPPOLUSB,UW_SUPP_BEFORE_CHANGE,INS_ADDRESS2,,INSURED RESIDENTIAL ADDRESS 2,,,,,
RLS,LFPPOLUSB,USIADDR3,,,BRZ_RLS,LFPPOLUSB,USIADDR3,,,Direct,SLV_RLS,LFPPOLUSB,UW_SUPP_BEFORE_CHANGE,INS_ADDRESS3,,INSURED RESIDENTIAL ADDRESS 3,,,,,
RLS,LFPPOLUSB,USIADDR4,,,BRZ_RLS,LFPPOLUSB,USIADDR4,,,Direct,SLV_RLS,LFPPOLUSB,UW_SUPP_BEFORE_CHANGE,INS_ADDRESS4,,INSURED RESIDENTIAL ADDRESS 4,,,,,
RLS,LFPPOLUSB,USCITY,,,BRZ_RLS,LFPPOLUSB,USCITY,,,Direct,SLV_RLS,LFPPOLUSB,UW_SUPP_BEFORE_CHANGE,INS_CITY,,INSURED RESIDENTIAL CITY,,,,,
RLS,LFPPOLUSB,USVCF,,,BRZ_RLS,LFPPOLUSB,USVCF,,,Direct,SLV_RLS,LFPPOLUSB,UW_SUPP_BEFORE_CHANGE,IS VULNERABLE_CUST,,VULNERABLE CUSTOMER (VC)'FLAG,,,,,
RLS,LFPPOLUSB,USUSF,,,BRZ_RLS,LFPPOLUSB,USUSF,,,Direct,SLV_RLS,LFPPOLUSB,UW_SUPP_BEFORE_CHANGE,IS_UNSUITABLE_CUST,,UNSUITABILITY CUSTOMER (US) FLAG,,,,,
RLS,LFPPOLUSB,USPVEXM,,,BRZ_RLS,LFPPOLUSB,USPVEXM,,,Direct,SLV_RLS,LFPPOLUSB,UW_SUPP_BEFORE_CHANGE,INS_PREV_EXAM,,PREVIOUS EXAM FOR INSURED,,,,,
RLS,LFPPOLUSB,USEXMRSN,,,BRZ_RLS,LFPPOLUSB,USEXMRSN,,,Direct,SLV_RLS,LFPPOLUSB,UW_SUPP_BEFORE_CHANGE,INS_PREV_EXAM_REASON,,PREVIOUS EXAM REASON FOR INSURED,,,,,
RLS,LFPPOLUSB,USEXMRST,,,BRZ_RLS,LFPPOLUSB,USEXMRST,,,Direct,SLV_RLS,LFPPOLUSB,UW_SUPP_BEFORE_CHANGE,INS_PREV_EXAM_RESULT,,PREVIOUS EXAM RESULT FOR INSURED,,,,,
RLS,LFPPOLUSB,USTCPLN,,,BRZ_RLS,LFPPOLUSB,USTCPLN,,,Direct,SLV_RLS,LFPPOLUSB,UW_SUPP_BEFORE_CHANGE,TERM_CONVERT_PLAN_CD,,TERM CONVERTED PLAN CODE,,,,,
RLS,LFPPOLUSB,USINVOPT,,,BRZ_RLS,LFPPOLUSB,USINVOPT,,,Direct,SLV_RLS,LFPPOLUSB,UW_SUPP_BEFORE_CHANGE,OPT_INVEST_AFTER_COOL_OFF,,OPTION TO INVEST AFTER COOL-OFF EXP,,,,,
RLS,LFPPOLUSB,USINVSTS,,,BRZ_RLS,LFPPOLUSB,USINVSTS,,,Direct,SLV_RLS,LFPPOLUSB,UW_SUPP_BEFORE_CHANGE,INVEST_AFTER_COOL_OFF_STAT,,INVEST AFTER COOL OFF PROCESSING STS,,,,,
RLS,LFPPOLUSB,USPEPOL,,,BRZ_RLS,LFPPOLUSB,USPEPOL,,,Direct,SLV_RLS,LFPPOLUSB,UW_SUPP_BEFORE_CHANGE,IS_EPOLICY_DELIV,,E-POLICY DELIVERY FLAG,,,,,
RLS,LFPPOLUSB,USOWNCTZ,,,BRZ_RLS,LFPPOLUSB,USOWNCTZ,,,Direct,SLV_RLS,LFPPOLUSB,UW_SUPP_BEFORE_CHANGE,OWN_CITIZENSHIP_CD,,OWNER CITIZENSHIP,,,,,
RLS,LFPPOLUSB,USTRNDT,,,BRZ_RLS,LFPPOLUSB,USTRNDT,,,Direct,SLV_RLS,LFPPOLUSB,UW_SUPP_BEFORE_CHANGE,TRAN_DT,,TRANSACTION DATE,,,,,
RLS,LFPUFTDH_DI,M2PCO,,,BRZ_RLS,LFPUFTDH_DI,M2PCO,,,Direct,SLV_RLS,LFPUFTDH_DI,UL_FUND_TRAN_DETAIL_HIST,APPROVAL_REMARK_2,,,,,,,
RLS,LFPUFTDH_DI,M2PNO,,,BRZ_RLS,LFPUFTDH_DI,M2PNO,,,Direct,SLV_RLS,LFPUFTDH_DI,UL_FUND_TRAN_DETAIL_HIST,APPROVAL_REMARK_1_CD,,,,,,,
RLS,LFPUFTDH_DI,M2EFFD,,,BRZ_RLS,LFPUFTDH_DI,M2EFFD,,,Direct,SLV_RLS,LFPUFTDH_DI,UL_FUND_TRAN_DETAIL_HIST,APPROVAL_REMARK_2_CD,,,,,,,
RLS,LFPUFTDH_DI,M2TDAT,,,BRZ_RLS,LFPUFTDH_DI,M2TDAT,,,Direct,SLV_RLS,LFPUFTDH_DI,UL_FUND_TRAN_DETAIL_HIST,DECLINE_REASON,,,,,,,
RLS,LFPUFTDH_DI,M2PTYP,,,BRZ_RLS,LFPUFTDH_DI,M2PTYP,,,Direct,SLV_RLS,LFPUFTDH_DI,UL_FUND_TRAN_DETAIL_HIST,CN_REPLY_CD,,,,,,,
RLS,LFPUFTDH_DI,M2TCOD,,,BRZ_RLS,LFPUFTDH_DI,M2TCOD,,,Direct,SLV_RLS,LFPUFTDH_DI,UL_FUND_TRAN_DETAIL_HIST,PAR_RIDER_FLG,,,,,,,
RLS,LFPUFTDH_DI,M2CODE,,,BRZ_RLS,LFPUFTDH_DI,M2CODE,,,Direct,SLV_RLS,LFPUFTDH_DI,UL_FUND_TRAN_DETAIL_HIST,R_I_ADJUSTMENT_AT_CLAIM_AMT,,,,,,,
RLS,LFPUFTDH_DI,M2FCCY,,,BRZ_RLS,LFPUFTDH_DI,M2FCCY,,,Direct,SLV_RLS,LFPUFTDH_DI,UL_FUND_TRAN_DETAIL_HIST,CN_FLG,,,,,,,
RLS,LFPUFTDH_DI,M2FPRD,,,BRZ_RLS,LFPUFTDH_DI,M2FPRD,,,Direct,SLV_RLS,LFPUFTDH_DI,UL_FUND_TRAN_DETAIL_HIST,TOT_ANNUITY_INSTALLMENT_AMT,,,,,,,
RLS,LFPUFTDH_DI,M2UPRD,,,BRZ_RLS,LFPUFTDH_DI,M2UPRD,,,Direct,SLV_RLS,LFPUFTDH_DI,UL_FUND_TRAN_DETAIL_HIST,PAYABLE_SA_PCT,,,,,,,
RLS,LFPUFTDH_DI,M2UPRC,,,BRZ_RLS,LFPUFTDH_DI,M2UPRC,,,Direct,SLV_RLS,LFPUFTDH_DI,UL_FUND_TRAN_DETAIL_HIST,DEPENDENT_NO,,,,,,,
RLS,LFPUFTDH_DI,M2SPRD,,,BRZ_RLS,LFPUFTDH_DI,M2SPRD,,,Direct,SLV_RLS,LFPUFTDH_DI,UL_FUND_TRAN_DETAIL_HIST,PRODUCT_TYPE,,,,,,,
RLS,LFPUFTDH_DI,M2PIND,,,BRZ_RLS,LFPUFTDH_DI,M2PIND,,,Direct,SLV_RLS,LFPUFTDH_DI,UL_FUND_TRAN_DETAIL_HIST,DOCTOR_CD,,,,,,,
RLS,LFPUFTDH_DI,M2FTRD,,,BRZ_RLS,LFPUFTDH_DI,M2FTRD,,,Direct,SLV_RLS,LFPUFTDH_DI,UL_FUND_TRAN_DETAIL_HIST,PYMT_DT,,,,,,,
RLS,LFPUFTDH_DI,M2EXCH,,,BRZ_RLS,LFPUFTDH_DI,M2EXCH,,,Direct,SLV_RLS,LFPUFTDH_DI,UL_FUND_TRAN_DETAIL_HIST,REMARK,,,,,,,
RLS,LFPUFTDH_DI,M2AMTF,,,BRZ_RLS,LFPUFTDH_DI,M2AMTF,,,Direct,SLV_RLS,LFPUFTDH_DI,UL_FUND_TRAN_DETAIL_HIST,BNF_EFF_DT,,,,,,,
RLS,LFPUFTDH_DI,M2AMTP,,,BRZ_RLS,LFPUFTDH_DI,M2AMTP,,,Direct,SLV_RLS,LFPUFTDH_DI,UL_FUND_TRAN_DETAIL_HIST,POLICY_CCY,,,,,,,
RLS,LFPUFTDH_DI,M2AMTU,,,BRZ_RLS,LFPUFTDH_DI,M2AMTU,,,Direct,SLV_RLS,LFPUFTDH_DI,UL_FUND_TRAN_DETAIL_HIST,RECEIPT_CCY,,,,,,,
RLS,LFPUFTDH_DI,M2PMOD,,,BRZ_RLS,LFPUFTDH_DI,M2PMOD,,,Direct,SLV_RLS,LFPUFTDH_DI,UL_FUND_TRAN_DETAIL_HIST,HI_REMARKS,,,,,,,
RLS,LFPUFTDH_DI,M2OUPD,,,BRZ_RLS,LFPUFTDH_DI,M2OUPD,,,Direct,SLV_RLS,LFPUFTDH_DI,UL_FUND_TRAN_DETAIL_HIST,HI_IC_REMARKS,,,,,,,
RLS,LFPUFTDH_DI,M2DEAL,,,BRZ_RLS,LFPUFTDH_DI,M2DEAL,,,Direct,SLV_RLS,LFPUFTDH_DI,UL_FUND_TRAN_DETAIL_HIST,R_B_RECEIPT_AMT,,,,,,,
RLS,IDAS_SFDC_call_line__C,Id,,,BRZ_RLS,IDAS_SFDC_call_line__C,ID,,,Direct,SLV_RLS,IDAS_SFDC_call_line__C,CALL_LINE,ID,#REF!,,,,,,
RLS,IDAS_SFDC_call_line__C,Policy_No__c,,,BRZ_RLS,IDAS_SFDC_call_line__C,POLICY_NO__C,,,Direct,SLV_RLS,IDAS_SFDC_call_line__C,CALL_LINE,POLICY_NO,#REF!,,,,,,
RLS,IDAS_SFDC_call_line__C,Name,,,BRZ_RLS,IDAS_SFDC_call_line__C,NAME,,,Direct,SLV_RLS,IDAS_SFDC_call_line__C,CALL_LINE,NAME,#REF!,,,,,,
RLS,IDAS_SFDC_call_line__C,Call_List__c,,,BRZ_RLS,IDAS_SFDC_call_line__C,CALL_LIST__C,,,Direct,SLV_RLS,IDAS_SFDC_call_line__C,CALL_LINE,CALL_LIST,#REF!,,,,,,
RLS,IDAS_SFDC_call_line__C,Priority__c,,,BRZ_RLS,IDAS_SFDC_call_line__C,PRIORITY__C,,,Direct,SLV_RLS,IDAS_SFDC_call_line__C,CALL_LINE,PRIORITY,#REF!,,,,,,
RLS,IDAS_SFDC_call_line__C,Case_Type__c,,,BRZ_RLS,IDAS_SFDC_call_line__C,CASE_TYPE__C,,,Direct,SLV_RLS,IDAS_SFDC_call_line__C,CALL_LINE,CASE_TYPE,#REF!,,,,,,
RLS,IDAS_SFDC_call_line__C,Call_Status_Config__c,,,BRZ_RLS,IDAS_SFDC_call_line__C,CALL_STATUS_CONFIG__C,,,Direct,SLV_RLS,IDAS_SFDC_call_line__C,CALL_LINE,CALL_STATUS_CONFIG,#REF!,,,,,,
RLS,IDAS_SFDC_call_line__C,Activity__c,,,BRZ_RLS,IDAS_SFDC_call_line__C,ACTIVITY__C,,,Direct,SLV_RLS,IDAS_SFDC_call_line__C,CALL_LINE,ACTIVITY,#REF!,,,,,,
RLS,IDAS_SFDC_call_line__C,Description__c,,,BRZ_RLS,IDAS_SFDC_call_line__C,DESCRIPTION__C,,,Direct,SLV_RLS,IDAS_SFDC_call_line__C,CALL_LINE,DESC_CUSTOM,#REF!,,,,,,
RLS,IDAS_SFDC_call_line__C,Call_Date__c,,,BRZ_RLS,IDAS_SFDC_call_line__C,CALL_DATE__C,,,Direct,SLV_RLS,IDAS_SFDC_call_line__C,CALL_LINE,CALL_DT,#REF!,,,,,,
RLS,IDAS_SFDC_call_line__C,Call_End_Datetime__c,,,BRZ_RLS,IDAS_SFDC_call_line__C,CALL_END_DATETIME__C,,,Direct,SLV_RLS,IDAS_SFDC_call_line__C,CALL_LINE,CALL_END_DTTM,#REF!,,,,,,
RLS,IDAS_SFDC_call_line__C,Last_Modified_Date_Time__c,,,BRZ_RLS,IDAS_SFDC_call_line__C,LAST_MODIFIED_DATE_TIME__C,,,Direct,SLV_RLS,IDAS_SFDC_call_line__C,CALL_LINE,LAST_MODIFIED_DTTM,#REF!,,,,,,
RLS,IDAS_SFDC_call_line__C,Chanel__c,,,BRZ_RLS,IDAS_SFDC_call_line__C,CHANEL__C,,,Direct,SLV_RLS,IDAS_SFDC_call_line__C,CALL_LINE,CHANNEL,#REF!,,,,,,
RLS,IDAS_SFDC_call_line__C,Agent_ID__c,,,BRZ_RLS,IDAS_SFDC_call_line__C,AGENT_ID__C,,,Direct,SLV_RLS,IDAS_SFDC_call_line__C,CALL_LINE,AGENT_ID,#REF!,,,,,,
RLS,IDAS_SFDC_call_line__C,Agent__c,,,BRZ_RLS,IDAS_SFDC_call_line__C,AGENT__C,,,Direct,SLV_RLS,IDAS_SFDC_call_line__C,CALL_LINE,AGENT,#REF!,,,,,,
RLS,IDAS_SFDC_call_line__C,Amount_Retain_Redemption__c,,,BRZ_RLS,IDAS_SFDC_call_line__C,AMOUNT_RETAIN_REDEMPTION__C,,,Direct,SLV_RLS,IDAS_SFDC_call_line__C,CALL_LINE,RETAIN_REDEMPTION_AMT,#REF!,,,,,,
RLS,IDAS_SFDC_call_line__C,Amount_Retain_Withdrawal__c,,,BRZ_RLS,IDAS_SFDC_call_line__C,AMOUNT_RETAIN_WITHDRAWAL__C,,,Direct,SLV_RLS,IDAS_SFDC_call_line__C,CALL_LINE,RETAIN_WITHDRAWAL_AMT,#REF!,,,,,,
RLS,IDAS_SFDC_call_line__C,APE__c,,,BRZ_RLS,IDAS_SFDC_call_line__C,APE__C,,,Direct,SLV_RLS,IDAS_SFDC_call_line__C,CALL_LINE,APE,#REF!,,,,,,
RLS,IDAS_SFDC_call_line__C,APE_Convert__c,,,BRZ_RLS,IDAS_SFDC_call_line__C,APE_CONVERT__C,,,Direct,SLV_RLS,IDAS_SFDC_call_line__C,CALL_LINE,APE_CONVERT,#REF!,,,,,,
RLS,IDAS_SFDC_call_line__C,Bersedia_Diverivikasi__c,,,BRZ_RLS,IDAS_SFDC_call_line__C,BERSEDIA_DIVERIVIKASI__C,,,Direct,SLV_RLS,IDAS_SFDC_call_line__C,CALL_LINE,IS_WILLING_TO_VERIFY,#REF!,,boolean,,,,
RLS,IDAS_SFDC_call_line__C,WelcomeCall_Call_Line_Status__c,,,BRZ_RLS,IDAS_SFDC_call_line__C,WELCOMECALL_CALL_LINE_STATUS__C,,,Direct,SLV_RLS,IDAS_SFDC_call_line__C,CALL_LINE,WELCOMECALL_CALL_LINE_STATUS,#REF!,,,,,,
RLS,IDAS_SFDC_call_line__C,Call_Line_Status_TelUW__c,,,BRZ_RLS,IDAS_SFDC_call_line__C,CALL_LINE_STATUS_TELUW__C,,,Direct,SLV_RLS,IDAS_SFDC_call_line__C,CALL_LINE,CALL_LINE_STATUS_TELUW,#REF!,,,,,,
RLS,IDAS_SFDC_call_line__C,Call_Notes_1__c,,,BRZ_RLS,IDAS_SFDC_call_line__C,CALL_NOTES_1__C,,,Direct,SLV_RLS,IDAS_SFDC_call_line__C,CALL_LINE,CALL_NOTES_1,#REF!,,,,,,
RLS,IDAS_SFDC_call_line__C,Call_Notes_2__c,,,BRZ_RLS,IDAS_SFDC_call_line__C,CALL_NOTES_2__C,,,Direct,SLV_RLS,IDAS_SFDC_call_line__C,CALL_LINE,CALL_NOTES_2,#REF!,,,,,,
RLS,IDAS_SFDC_call_line__C,Call_Notes_3__c,,,BRZ_RLS,IDAS_SFDC_call_line__C,CALL_NOTES_3__C,,,Direct,SLV_RLS,IDAS_SFDC_call_line__C,CALL_LINE,CALL_NOTES_3,#REF!,,,,,,
RLS,IDAS_SFDC_call_line__C,Campaign_Generated_Date__c,,,BRZ_RLS,IDAS_SFDC_call_line__C,CAMPAIGN_GENERATED_DATE__C,,,Direct,SLV_RLS,IDAS_SFDC_call_line__C,CALL_LINE,CAMPAIGN_GENERATED_DT,#REF!,,,,,,
RLS,IDAS_SFDC_call_line__C,Campaign_Name__c,,,BRZ_RLS,IDAS_SFDC_call_line__C,CAMPAIGN_NAME__C,,,Direct,SLV_RLS,IDAS_SFDC_call_line__C,CALL_LINE,CAMPAIGN_NM,#REF!,,,,,,
RLS,IDAS_SFDC_call_line__C,Case__c,,,BRZ_RLS,IDAS_SFDC_call_line__C,CASE__C,,,Direct,SLV_RLS,IDAS_SFDC_call_line__C,CALL_LINE,CASE,#REF!,,,,,,
RLS,IDAS_SFDC_call_line__C,Contact__c,,,BRZ_RLS,IDAS_SFDC_call_line__C,CONTACT__C,,,Direct,SLV_RLS,IDAS_SFDC_call_line__C,CALL_LINE,CONTACT,#REF!,,,,,,
RLS,IDAS_SFDC_call_line__C,Contact_Email__c,,,BRZ_RLS,IDAS_SFDC_call_line__C,CONTACT_EMAIL__C,,,Direct,SLV_RLS,IDAS_SFDC_call_line__C,CALL_LINE,CONTACT_EMAIL,#REF!,,,,,,
RLS,IDAS_SFDC_call_line__C,WelcomeCall_Cooling_Off__c,,,BRZ_RLS,IDAS_SFDC_call_line__C,WELCOMECALL_COOLING_OFF__C,,,Direct,SLV_RLS,IDAS_SFDC_call_line__C,CALL_LINE,WELCOMECALL_COOLING_OFF,#REF!,,,,,,
RLS,IDAS_SFDC_call_line__C,WelcomeCall_Criteria__c,,,BRZ_RLS,IDAS_SFDC_call_line__C,WELCOMECALL_CRITERIA__C,,,Direct,SLV_RLS,IDAS_SFDC_call_line__C,CALL_LINE,WELCOMECALL_CRITERIA,#REF!,,,,,,
RLS,IDAS_SFDC_call_line__C,Currency__c,,,BRZ_RLS,IDAS_SFDC_call_line__C,CURRENCY__C,,,Direct,SLV_RLS,IDAS_SFDC_call_line__C,CALL_LINE,CCY,#REF!,,,,,,
RLS,IDAS_SFDC_call_line__C,WelcomeCall_Customer_Satisfaction__c,,,BRZ_RLS,IDAS_SFDC_call_line__C,WELCOMECALL_CUSTOMER_SATISFACTION__C,,,Direct,SLV_RLS,IDAS_SFDC_call_line__C,CALL_LINE,WELCOMECALL_CUST_SATISFACTION,#REF!,,,,,,
RLS,IDAS_SFDC_call_line__C,Customer_Segmentation__c,,,BRZ_RLS,IDAS_SFDC_call_line__C,CUSTOMER_SEGMENTATION__C,,,Direct,SLV_RLS,IDAS_SFDC_call_line__C,CALL_LINE,CUST_SEGMENTATION,#REF!,,,,,,
RLS,IDAS_SFDC_call_line__C,Date_Time__c,,,BRZ_RLS,IDAS_SFDC_call_line__C,DATE_TIME__C,,,Direct,SLV_RLS,IDAS_SFDC_call_line__C,CALL_LINE,DTTM,#REF!,,,,,,
RLS,IDAS_SFDC_call_line__C,Dateline__c,,,BRZ_RLS,IDAS_SFDC_call_line__C,DATELINE__C,,,Direct,SLV_RLS,IDAS_SFDC_call_line__C,CALL_LINE,DATELINE,#REF!,,,,,,
RLS,IDAS_SFDC_call_line__C,Date_When_Customer_Call__c,,,BRZ_RLS,IDAS_SFDC_call_line__C,DATE_WHEN_CUSTOMER_CALL__C,,,Direct,SLV_RLS,IDAS_SFDC_call_line__C,CALL_LINE,CUST_CALL_DT,#REF!,,,,,,
RLS,IDAS_SFDC_call_line__C,WelcomeCall_Detail_Status__c,,,BRZ_RLS,IDAS_SFDC_call_line__C,WELCOMECALL_DETAIL_STATUS__C,,,Direct,SLV_RLS,IDAS_SFDC_call_line__C,CALL_LINE,WELCOMECALL_DETAIL_STATUS,#REF!,,,,,,
RLS,IDAS_SFDC_call_line__C,Effective_Date__c,,,BRZ_RLS,IDAS_SFDC_call_line__C,EFFECTIVE_DATE__C,,,Direct,SLV_RLS,IDAS_SFDC_call_line__C,CALL_LINE,EFF_DT,#REF!,,,,,,
RLS,IDAS_SFDC_call_line__C,Email_upload__c,,,BRZ_RLS,IDAS_SFDC_call_line__C,EMAIL_UPLOAD__C,,,Direct,SLV_RLS,IDAS_SFDC_call_line__C,CALL_LINE,EMAIL_UPLOAD,#REF!,,,,,,
RLS,IDAS_SFDC_call_line__C,Emoticon__c,,,BRZ_RLS,IDAS_SFDC_call_line__C,EMOTICON__C,,,Direct,SLV_RLS,IDAS_SFDC_call_line__C,CALL_LINE,EMOTICON,#REF!,,,,,,
RLS,IDAS_SFDC_call_line__C,Entity__c,,,BRZ_RLS,IDAS_SFDC_call_line__C,ENTITY__C,,,Direct,SLV_RLS,IDAS_SFDC_call_line__C,CALL_LINE,ENTITY,#REF!,,,,,,
RLS,IDAS_SFDC_call_line__C,Error_Agent_Validation__c,,,BRZ_RLS,IDAS_SFDC_call_line__C,ERROR_AGENT_VALIDATION__C,,,Direct,SLV_RLS,IDAS_SFDC_call_line__C,CALL_LINE,ERROR_AGENT_VALIDATION,#REF!,,,,,,
RLS,IDAS_SFDC_call_line__C,Error_Alamat__c,,,BRZ_RLS,IDAS_SFDC_call_line__C,ERROR_ALAMAT__C,,,Direct,SLV_RLS,IDAS_SFDC_call_line__C,CALL_LINE,ERROR_ADDRESS,#REF!,,,,,,
RLS,IDAS_SFDC_call_line__C,Error_DOB__c,,,BRZ_RLS,IDAS_SFDC_call_line__C,ERROR_DOB__C,,,Direct,SLV_RLS,IDAS_SFDC_call_line__C,CALL_LINE,ERROR_DOB,#REF!,,,,,,
RLS,IDAS_SFDC_call_line__C,Error_Email__c,,,BRZ_RLS,IDAS_SFDC_call_line__C,ERROR_EMAIL__C,,,Direct,SLV_RLS,IDAS_SFDC_call_line__C,CALL_LINE,ERROR_EMAIL,#REF!,,,,,,
RLS,IDAS_SFDC_call_line__C,Error_ePolicy_Buku_Polis__c,,,BRZ_RLS,IDAS_SFDC_call_line__C,ERROR_EPOLICY_BUKU_POLIS__C,,,Direct,SLV_RLS,IDAS_SFDC_call_line__C,CALL_LINE,ERROR_EPOLICY_POLICY_BOOK,#REF!,,,,,,
RLS,IDAS_SFDC_call_line__C,Error_Nama_PP_TT__c,,,BRZ_RLS,IDAS_SFDC_call_line__C,ERROR_NAMA_PP_TT__C,,,Direct,SLV_RLS,IDAS_SFDC_call_line__C,CALL_LINE,ERROR_NAME_PP_TT,#REF!,,,,,,
RLS,IDAS_SFDC_call_line__C,Error_Telepon__c,,,BRZ_RLS,IDAS_SFDC_call_line__C,ERROR_TELEPON__C,,,Direct,SLV_RLS,IDAS_SFDC_call_line__C,CALL_LINE,ERROR_PHONE,#REF!,,,,,,
RLS,IDAS_SFDC_call_line__C,Error_Understand_Product__c,,,BRZ_RLS,IDAS_SFDC_call_line__C,ERROR_UNDERSTAND_PRODUCT__C,,,Direct,SLV_RLS,IDAS_SFDC_call_line__C,CALL_LINE,ERROR_UNDERSTAND_PRODUCT,#REF!,,,,,,
RLS,IDAS_SFDC_call_line__C,WelcomeCall_Fg_Schedule__c,,,BRZ_RLS,IDAS_SFDC_call_line__C,WELCOMECALL_FG_SCHEDULE__C,,,Direct,SLV_RLS,IDAS_SFDC_call_line__C,CALL_LINE,WELCOMECALL_FG_SCHEDULE,#REF!,,,,,,
RLS,IDAS_SFDC_call_line__C,WelcomeCall_First_Call_Date__c,,,BRZ_RLS,IDAS_SFDC_call_line__C,WELCOMECALL_FIRST_CALL_DATE__C,,,Direct,SLV_RLS,IDAS_SFDC_call_line__C,CALL_LINE,WELCOMECALL_FIRST_CALL_DT,#REF!,,,,,,
RLS,IDAS_SFDC_call_line__C,Formula_Product__c,,,BRZ_RLS,IDAS_SFDC_call_line__C,FORMULA_PRODUCT__C,,,Direct,SLV_RLS,IDAS_SFDC_call_line__C,CALL_LINE,FORMULA_PRODUCT,#REF!,,,,,,
RLS,IDAS_SFDC_call_line__C,F_User_Detail__c,,,BRZ_RLS,IDAS_SFDC_call_line__C,F_USER_DETAIL__C,,,Direct,SLV_RLS,IDAS_SFDC_call_line__C,CALL_LINE,F_USER_DETAIL,#REF!,,,,,,
RLS,IDAS_SFDC_call_line__C,Generate_Date__c,,,BRZ_RLS,IDAS_SFDC_call_line__C,GENERATE_DATE__C,,,Direct,SLV_RLS,IDAS_SFDC_call_line__C,CALL_LINE,GENERATE_DT,#REF!,,,,,,
RLS,IDAS_SFDC_call_line__C,HOMEPHONE__c,,,BRZ_RLS,IDAS_SFDC_call_line__C,HOMEPHONE__C,,,Direct,SLV_RLS,IDAS_SFDC_call_line__C,CALL_LINE,HOMEPHONE,#REF!,,,,,,
RLS,IDAS_SFDC_call_line__C,Identity_No__c,,,BRZ_RLS,IDAS_SFDC_call_line__C,IDENTITY_NO__C,,,Direct,SLV_RLS,IDAS_SFDC_call_line__C,CALL_LINE,IDENTITY_NO,#REF!,,,,,,
RLS,IDAS_SFDC_call_line__C,Insured_Name__c,,,BRZ_RLS,IDAS_SFDC_call_line__C,INSURED_NAME__C,,,Direct,SLV_RLS,IDAS_SFDC_call_line__C,CALL_LINE,INSURED_NM,#REF!,,,,,,
RLS,IDAS_SFDC_call_line__C,Jawaban_Agent_Validation__c,,,BRZ_RLS,IDAS_SFDC_call_line__C,JAWABAN_AGENT_VALIDATION__C,,,Direct,SLV_RLS,IDAS_SFDC_call_line__C,CALL_LINE,ANSWER_AGENT_VALIDATION,,,,,,,
RLS,IDAS_SFDC_call_line__C,Jawaban_Alamat__c,,,BRZ_RLS,IDAS_SFDC_call_line__C,JAWABAN_ALAMAT__C,,,Direct,SLV_RLS,IDAS_SFDC_call_line__C,CALL_LINE,ANSWER_ADDRESS,,,,,,,
RLS,IDAS_SFDC_call_line__C,Jawaban_DOB__c,,,BRZ_RLS,IDAS_SFDC_call_line__C,JAWABAN_DOB__C,,,Direct,SLV_RLS,IDAS_SFDC_call_line__C,CALL_LINE,ANSWER_DOB,,,,,,,
RLS,IDAS_SFDC_call_line__C,Jawaban_Email__c,,,BRZ_RLS,IDAS_SFDC_call_line__C,JAWABAN_EMAIL__C,,,Direct,SLV_RLS,IDAS_SFDC_call_line__C,CALL_LINE,ANSWER_EMAIL,,,,,,,
RLS,IDAS_SFDC_call_line__C,Jawaban_ePolicy_Buku_Polis__c,,,BRZ_RLS,IDAS_SFDC_call_line__C,JAWABAN_EPOLICY_BUKU_POLIS__C,,,Direct,SLV_RLS,IDAS_SFDC_call_line__C,CALL_LINE,ANSWER_EPOLICY_POLICY_BOOK,,,,,,,
RLS,IDAS_SFDC_call_line__C,Jawaban_Nama_PP_TT__c,,,BRZ_RLS,IDAS_SFDC_call_line__C,JAWABAN_NAMA_PP_TT__C,,,Direct,SLV_RLS,IDAS_SFDC_call_line__C,CALL_LINE,ANSWER_NAME_PP_TT,,,,,,,
RLS,IDAS_SFDC_call_line__C,Jawaban_Telepon__c,,,BRZ_RLS,IDAS_SFDC_call_line__C,JAWABAN_TELEPON__C,,,Direct,SLV_RLS,IDAS_SFDC_call_line__C,CALL_LINE,ANSWER_PHONE,,,,,,,
RLS,IDAS_SFDC_call_line__C,Jawaban_Understand_Product__c,,,BRZ_RLS,IDAS_SFDC_call_line__C,JAWABAN_UNDERSTAND_PRODUCT__C,,,Direct,SLV_RLS,IDAS_SFDC_call_line__C,CALL_LINE,ANSWER_UNDERSTAND_PRODUCT,,,,,,,
RLS,IDAS_SFDC_call_line__C,Keterangan__c,,,BRZ_RLS,IDAS_SFDC_call_line__C,KETERANGAN__C,,,Direct,SLV_RLS,IDAS_SFDC_call_line__C,CALL_LINE,REMARKS,,,,,,,
RLS,IDAS_SFDC_call_line__C,KTP__c,,,BRZ_RLS,IDAS_SFDC_call_line__C,KTP__C,,,Direct,SLV_RLS,IDAS_SFDC_call_line__C,CALL_LINE,KTP,,,,,,,
RLS,IDAS_SFDC_call_line__C,Last_Answer__c,,,BRZ_RLS,IDAS_SFDC_call_line__C,LAST_ANSWER__C,,,Direct,SLV_RLS,IDAS_SFDC_call_line__C,CALL_LINE,LAST_ANSWER,,,,,,,
RLS,IDAS_SFDC_call_line__C,Last_Call__c,,,BRZ_RLS,IDAS_SFDC_call_line__C,LAST_CALL__C,,,Direct,SLV_RLS,IDAS_SFDC_call_line__C,CALL_LINE,LAST_CALL,#REF!,,,,,,
RLS,IDAS_SFDC_call_line__C,Last_Case__c,,,BRZ_RLS,IDAS_SFDC_call_line__C,LAST_CASE__C,,,Direct,SLV_RLS,IDAS_SFDC_call_line__C,CALL_LINE,LAST_CASE,#REF!,,,,,,
RLS,IDAS_SFDC_call_line__C,Last_Response_Date__c,,,BRZ_RLS,IDAS_SFDC_call_line__C,LAST_RESPONSE_DATE__C,,,Direct,SLV_RLS,IDAS_SFDC_call_line__C,CALL_LINE,LAST_RESPONSE_DT,#REF!,,,,,,
RLS,IDAS_SFDC_call_line__C,Last_SMS__c,,,BRZ_RLS,IDAS_SFDC_call_line__C,LAST_SMS__C,,,Direct,SLV_RLS,IDAS_SFDC_call_line__C,CALL_LINE,LAST_SMS,#REF!,,,,,,
RLS,IDAS_SFDC_call_line__C,Last_Status_Date_Field__c,,,BRZ_RLS,IDAS_SFDC_call_line__C,LAST_STATUS_DATE_FIELD__C,,,Direct,SLV_RLS,IDAS_SFDC_call_line__C,CALL_LINE,LAST_STATUS_FIELD_DT,#REF!,,,,,,
RLS,IDAS_SFDC_call_line__C,Last_Status_Field__c,,,BRZ_RLS,IDAS_SFDC_call_line__C,LAST_STATUS_FIELD__C,,,Direct,SLV_RLS,IDAS_SFDC_call_line__C,CALL_LINE,LAST_STATUS_FIELD,#REF!,,,,,,
RLS,IDAS_SFDC_call_line__C,Last_Survey_Type__c,,,BRZ_RLS,IDAS_SFDC_call_line__C,LAST_SURVEY_TYPE__C,,,Direct,SLV_RLS,IDAS_SFDC_call_line__C,CALL_LINE,LAST_SURVEY_TYPE,#REF!,,,,,,
RLS,IDAS_SFDC_call_line__C,Message__c,,,BRZ_RLS,IDAS_SFDC_call_line__C,MESSAGE__C,,,Direct,SLV_RLS,IDAS_SFDC_call_line__C,CALL_LINE,MESSAGE,#REF!,,,,,,
RLS,IDAS_SFDC_call_line__C,Method__c,,,BRZ_RLS,IDAS_SFDC_call_line__C,METHOD__C,,,Direct,SLV_RLS,IDAS_SFDC_call_line__C,CALL_LINE,METHOD,#REF!,,,,,,
RLS,IDAS_SFDC_call_line__C,Contacted_Number__c,,,BRZ_RLS,IDAS_SFDC_call_line__C,CONTACTED_NUMBER__C,,,Direct,SLV_RLS,IDAS_SFDC_call_line__C,CALL_LINE,CONTACTED_NO,#REF!,,,,,,
RLS,IDAS_SFDC_call_line__C,Nilai_Conservation__c,,,BRZ_RLS,IDAS_SFDC_call_line__C,NILAI_CONSERVATION__C,,,Direct,SLV_RLS,IDAS_SFDC_call_line__C,CALL_LINE,CONSERVATION_AMT,#REF!,,,,,,
RLS,IDAS_SFDC_call_line__C,Nilai_Withdrawal__c,,,BRZ_RLS,IDAS_SFDC_call_line__C,NILAI_WITHDRAWAL__C,,,Direct,SLV_RLS,IDAS_SFDC_call_line__C,CALL_LINE,WITHDRAWAL_AMT,#REF!,,,,,,
RLS,IDAS_SFDC_call_line__C,No__c,,,BRZ_RLS,IDAS_SFDC_call_line__C,NO__C,,,Direct,SLV_RLS,IDAS_SFDC_call_line__C,CALL_LINE,NO,#REF!,,,,,,
RLS,IDAS_SFDC_call_line__C,No_Interaction_ICF__c,,,BRZ_RLS,IDAS_SFDC_call_line__C,NO_INTERACTION_ICF__C,,,Direct,SLV_RLS,IDAS_SFDC_call_line__C,CALL_LINE,NO_INTERACTION_ICF,#REF!,,,,,,
RLS,IDAS_SFDC_call_line__C,Notes__c,,,BRZ_RLS,IDAS_SFDC_call_line__C,NOTES__C,,,Direct,SLV_RLS,IDAS_SFDC_call_line__C,CALL_LINE,NOTES,#REF!,,,,,,
RLS,IDAS_SFDC_call_line__C,Offering_Retain__c,,,BRZ_RLS,IDAS_SFDC_call_line__C,OFFERING_RETAIN__C,,,Direct,SLV_RLS,IDAS_SFDC_call_line__C,CALL_LINE,OFFERING_RETAIN,#REF!,,,,,,
RLS,IDAS_SFDC_call_line__C,OFFICEPHONE__c,,,BRZ_RLS,IDAS_SFDC_call_line__C,OFFICEPHONE__C,,,Direct,SLV_RLS,IDAS_SFDC_call_line__C,CALL_LINE,OFFICEPHONE,#REF!,,,,,,
RLS,IDAS_SFDC_call_line__C,Other_Phone__c,,,BRZ_RLS,IDAS_SFDC_call_line__C,OTHER_PHONE__C,,,Direct,SLV_RLS,IDAS_SFDC_call_line__C,CALL_LINE,OTHER_PHONE,#REF!,,,,,,
RLS,IDAS_SFDC_call_line__C,Owner__c,,,BRZ_RLS,IDAS_SFDC_call_line__C,OWNER__C,,,Direct,SLV_RLS,IDAS_SFDC_call_line__C,CALL_LINE,OWNER,#REF!,,,,,,
RLS,IDAS_SFDC_call_line__C,Owner_Entity__c,,,BRZ_RLS,IDAS_SFDC_call_line__C,OWNER_ENTITY__C,,,Direct,SLV_RLS,IDAS_SFDC_call_line__C,CALL_LINE,OWNER_ENTITY,#REF!,,,,,,
RLS,IDAS_SFDC_call_line__C,PaidToDate__c,,,BRZ_RLS,IDAS_SFDC_call_line__C,PAIDTODATE__C,,,Direct,SLV_RLS,IDAS_SFDC_call_line__C,CALL_LINE,PAIDTODATE,#REF!,,,,,,
RLS,IDAS_SFDC_call_line__C,Parent__c,,,BRZ_RLS,IDAS_SFDC_call_line__C,PARENT__C,,,Direct,SLV_RLS,IDAS_SFDC_call_line__C,CALL_LINE,PARENT,#REF!,,,,,,
RLS,IDAS_SFDC_call_line__C,Parent_Call_Line__c,,,BRZ_RLS,IDAS_SFDC_call_line__C,PARENT_CALL_LINE__C,,,Direct,SLV_RLS,IDAS_SFDC_call_line__C,CALL_LINE,PARENT_CALL_LINE,#REF!,,,,,,
RLS,IDAS_SFDC_call_line__C,Parent_Campaign__c,,,BRZ_RLS,IDAS_SFDC_call_line__C,PARENT_CAMPAIGN__C,,,Direct,SLV_RLS,IDAS_SFDC_call_line__C,CALL_LINE,PARENT_CAMPAIGN,#REF!,,,,,,
RLS,IDAS_SFDC_call_line__C,Phone__c,,,BRZ_RLS,IDAS_SFDC_call_line__C,PHONE__C,,,Direct,SLV_RLS,IDAS_SFDC_call_line__C,CALL_LINE,PHONE,#REF!,,,,,,
RLS,IDAS_SFDC_call_line__C,Phone_Sending_SMS__c,,,BRZ_RLS,IDAS_SFDC_call_line__C,PHONE_SENDING_SMS__C,,,Direct,SLV_RLS,IDAS_SFDC_call_line__C,CALL_LINE,PHONE_SENDING_SMS,#REF!,,,,,,
RLS,IDAS_SFDC_call_line__C,Policy_Effective_Date__c,,,BRZ_RLS,IDAS_SFDC_call_line__C,POLICY_EFFECTIVE_DATE__C,,,Direct,SLV_RLS,IDAS_SFDC_call_line__C,CALL_LINE,POLICY_EFFECTIVE_DT,#REF!,,,,,,
RLS,IDAS_SFDC_call_line__C,Policy_Holder_Name__c,,,BRZ_RLS,IDAS_SFDC_call_line__C,POLICY_HOLDER_NAME__C,,,Direct,SLV_RLS,IDAS_SFDC_call_line__C,CALL_LINE,POLICY_HOLDER_NM,#REF!,,,,,,
RLS,IDAS_SFDC_call_line__C,PostCode__c,,,BRZ_RLS,IDAS_SFDC_call_line__C,POSTCODE__C,,,Direct,SLV_RLS,IDAS_SFDC_call_line__C,CALL_LINE,POSTCODE,#REF!,,,,,,
RLS,IDAS_SFDC_call_line__C,Preferred_Phone__c,,,BRZ_RLS,IDAS_SFDC_call_line__C,PREFERRED_PHONE__C,,,Direct,SLV_RLS,IDAS_SFDC_call_line__C,CALL_LINE,PREFERRED_PHONE,#REF!,,,,,,
RLS,IDAS_SFDC_call_line__C,Premium__c,,,BRZ_RLS,IDAS_SFDC_call_line__C,PREMIUM__C,,,Direct,SLV_RLS,IDAS_SFDC_call_line__C,CALL_LINE,PREMIUM,#REF!,,,,,,
RLS,IDAS_SFDC_call_line__C,Priority_Customer__c,,,BRZ_RLS,IDAS_SFDC_call_line__C,PRIORITY_CUSTOMER__C,,,Direct,SLV_RLS,IDAS_SFDC_call_line__C,CALL_LINE,PRIORITY_CUSTOMER,#REF!,,,,,,
RLS,IDAS_SFDC_call_line__C,Product__c,,,BRZ_RLS,IDAS_SFDC_call_line__C,PRODUCT__C,,,Direct,SLV_RLS,IDAS_SFDC_call_line__C,CALL_LINE,PRODUCT,#REF!,,,,,,
RLS,IDAS_SFDC_call_line__C,WelcomeCall_Reason_Detail_Status__c,,,BRZ_RLS,IDAS_SFDC_call_line__C,WELCOMECALL_REASON_DETAIL_STATUS__C,,,Direct,SLV_RLS,IDAS_SFDC_call_line__C,CALL_LINE,WELCOMECALL_REASON_DETAIL_STATUS,#REF!,,,,,,
RLS,IDAS_SFDC_call_line__C,Reason_Status_Config__c,,,BRZ_RLS,IDAS_SFDC_call_line__C,REASON_STATUS_CONFIG__C,,,Direct,SLV_RLS,IDAS_SFDC_call_line__C,CALL_LINE,REASON_STATUS_CONFIG,#REF!,,,,,,
RLS,IDAS_SFDC_call_line__C,WelcomeCall_Reference__c,,,BRZ_RLS,IDAS_SFDC_call_line__C,WELCOMECALL_REFERENCE__C,,,Direct,SLV_RLS,IDAS_SFDC_call_line__C,CALL_LINE,WELCOMECALL_REFERENCE,#REF!,,,,,,
RLS,IDAS_SFDC_call_line__C,Remark_Hold_Debet__c,,,BRZ_RLS,IDAS_SFDC_call_line__C,REMARK_HOLD_DEBET__C,,,Direct,SLV_RLS,IDAS_SFDC_call_line__C,CALL_LINE,REMARK_HOLD_DEBIT,#REF!,,,,,,
RLS,IDAS_SFDC_call_line__C,Call_Remarks__c,,,BRZ_RLS,IDAS_SFDC_call_line__C,CALL_REMARKS__C,,,Direct,SLV_RLS,IDAS_SFDC_call_line__C,CALL_LINE,CALL_REMARKS,#REF!,,,,,,
RLS,IDAS_SFDC_call_line__C,Request_Date__c,,,BRZ_RLS,IDAS_SFDC_call_line__C,REQUEST_DATE__C,,,Direct,SLV_RLS,IDAS_SFDC_call_line__C,CALL_LINE,REQUEST_DT,#REF!,,,,,,
RLS,IDAS_SFDC_call_line__C,Request_No_Interaction_ICF__c,,,BRZ_RLS,IDAS_SFDC_call_line__C,REQUEST_NO_INTERACTION_ICF__C,,,Direct,SLV_RLS,IDAS_SFDC_call_line__C,CALL_LINE,REQUEST_NO_INTERACTION_ICF,#REF!,,,,,,
RLS,IDAS_SFDC_call_line__C,Reschedule_Date__c,,,BRZ_RLS,IDAS_SFDC_call_line__C,RESCHEDULE_DATE__C,,,Direct,SLV_RLS,IDAS_SFDC_call_line__C,CALL_LINE,RESCHEDULE_DT,#REF!,,,,,,
RLS,IDAS_SFDC_call_line__C,WelcomeCall_Reschedule_Source__c,,,BRZ_RLS,IDAS_SFDC_call_line__C,WELCOMECALL_RESCHEDULE_SOURCE__C,,,Direct,SLV_RLS,IDAS_SFDC_call_line__C,CALL_LINE,WELCOMECALL_RESCHEDULE_SRC,#REF!,,,,,,
RLS,IDAS_SFDC_call_line__C,Result__c,,,BRZ_RLS,IDAS_SFDC_call_line__C,RESULT__C,,,Direct,SLV_RLS,IDAS_SFDC_call_line__C,CALL_LINE,RESULT,#REF!,,,,,,
RLS,IDAS_SFDC_call_line__C,Result_Verification__c,,,BRZ_RLS,IDAS_SFDC_call_line__C,RESULT_VERIFICATION__C,,,Direct,SLV_RLS,IDAS_SFDC_call_line__C,CALL_LINE,RESULT_VERIFICATION,#REF!,,,,,,
RLS,IDAS_SFDC_call_line__C,Retention_Alasan_Pembatalan__c,,,BRZ_RLS,IDAS_SFDC_call_line__C,RETENTION_ALASAN_PEMBATALAN__C,,,Direct,SLV_RLS,IDAS_SFDC_call_line__C,CALL_LINE,RETENTION_CANCEL_REASON,#REF!,,,,,,
RLS,IDAS_SFDC_call_line__C,Retention_FC__c,,,BRZ_RLS,IDAS_SFDC_call_line__C,RETENTION_FC__C,,,Direct,SLV_RLS,IDAS_SFDC_call_line__C,CALL_LINE,RETENTION_FC,#REF!,,,,,,
RLS,IDAS_SFDC_call_line__C,Retention_Follow_Up_Date__c,,,BRZ_RLS,IDAS_SFDC_call_line__C,RETENTION_FOLLOW_UP_DATE__C,,,Direct,SLV_RLS,IDAS_SFDC_call_line__C,CALL_LINE,RETENTION_FOLLOW_UP_DT,#REF!,,,,,,
RLS,IDAS_SFDC_call_line__C,Retention_Note__c,,,BRZ_RLS,IDAS_SFDC_call_line__C,RETENTION_NOTE__C,,,Direct,SLV_RLS,IDAS_SFDC_call_line__C,CALL_LINE,RETENTION_NOTE,#REF!,,,,,,
RLS,IDAS_SFDC_call_line__C,Retention_Program__c,,,BRZ_RLS,IDAS_SFDC_call_line__C,RETENTION_PROGRAM__C,,,Direct,SLV_RLS,IDAS_SFDC_call_line__C,CALL_LINE,RETENTION_PROGRAM,#REF!,,,,,,
RLS,IDAS_SFDC_call_line__C,Retention_Remark__c,,,BRZ_RLS,IDAS_SFDC_call_line__C,RETENTION_REMARK__C,,,Direct,SLV_RLS,IDAS_SFDC_call_line__C,CALL_LINE,RETENTION_REMARK,#REF!,,,,,,
RLS,IDAS_SFDC_call_line__C,Retention_Request_Date__c,,,BRZ_RLS,IDAS_SFDC_call_line__C,RETENTION_REQUEST_DATE__C,,,Direct,SLV_RLS,IDAS_SFDC_call_line__C,CALL_LINE,RETENTION_REQUEST_DT,#REF!,,,,,,
RLS,IDAS_SFDC_call_line__C,Retention_Result__c,,,BRZ_RLS,IDAS_SFDC_call_line__C,RETENTION_RESULT__C,,,Direct,SLV_RLS,IDAS_SFDC_call_line__C,CALL_LINE,RETENTION_RESULT,#REF!,,,,,,
RLS,IDAS_SFDC_call_line__C,Retention_Result_Status__c,,,BRZ_RLS,IDAS_SFDC_call_line__C,RETENTION_RESULT_STATUS__C,,,Direct,SLV_RLS,IDAS_SFDC_call_line__C,CALL_LINE,RETENTION_RESULT_STATUS,#REF!,,,,,,
RLS,IDAS_SFDC_call_line__C,WelcomeCall_Schedule_Date__c,,,BRZ_RLS,IDAS_SFDC_call_line__C,WELCOMECALL_SCHEDULE_DATE__C,,,Direct,SLV_RLS,IDAS_SFDC_call_line__C,CALL_LINE,WELCOMECALL_SCHEDULE_DT,#REF!,,,,,,
RLS,IDAS_SFDC_call_line__C,Selisih__c,,,BRZ_RLS,IDAS_SFDC_call_line__C,SELISIH__C,,,Direct,SLV_RLS,IDAS_SFDC_call_line__C,CALL_LINE,DIFF,#REF!,,,,,,
RLS,IDAS_SFDC_call_line__C,Status_has_call__c,,,BRZ_RLS,IDAS_SFDC_call_line__C,STATUS_HAS_CALL__C,,,Direct,SLV_RLS,IDAS_SFDC_call_line__C,CALL_LINE,STATUS_HAS_CALL,#REF!,,,,,,
RLS,IDAS_SFDC_call_line__C,Status_Paid_Not_Paid__c,,,BRZ_RLS,IDAS_SFDC_call_line__C,STATUS_PAID_NOT_PAID__C,,,Direct,SLV_RLS,IDAS_SFDC_call_line__C,CALL_LINE,STATUS_PAID_NOT_PAID,#REF!,,,,,,
RLS,IDAS_SFDC_call_line__C,Status_Polis__c,,,BRZ_RLS,IDAS_SFDC_call_line__C,STATUS_POLIS__C,,,Direct,SLV_RLS,IDAS_SFDC_call_line__C,CALL_LINE,POLICY_STATUS_CD,#REF!,,,,,,
RLS,IDAS_SFDC_call_line__C,Status_Request_No_Interaction__c,,,BRZ_RLS,IDAS_SFDC_call_line__C,STATUS_REQUEST_NO_INTERACTION__C,,,Direct,SLV_RLS,IDAS_SFDC_call_line__C,CALL_LINE,STATUS_REQUEST_NO_INTERACTION,#REF!,,,,,,
RLS,IDAS_SFDC_call_line__C,Status_Retry__c,,,BRZ_RLS,IDAS_SFDC_call_line__C,STATUS_RETRY__C,,,Direct,SLV_RLS,IDAS_SFDC_call_line__C,CALL_LINE,STATUS_RETRY,#REF!,,,,,,
RLS,IDAS_SFDC_call_line__C,Survey_ID__c,,,BRZ_RLS,IDAS_SFDC_call_line__C,SURVEY_ID__C,,,Direct,SLV_RLS,IDAS_SFDC_call_line__C,CALL_LINE,SURVEY_ID,#REF!,,,,,,
RLS,IDAS_SFDC_call_line__C,Survey_Method__c,,,BRZ_RLS,IDAS_SFDC_call_line__C,SURVEY_METHOD__C,,,Direct,SLV_RLS,IDAS_SFDC_call_line__C,CALL_LINE,SURVEY_MTHD,#REF!,,,,,,
RLS,IDAS_SFDC_call_line__C,Survey_Name__c,,,BRZ_RLS,IDAS_SFDC_call_line__C,SURVEY_NAME__C,,,Direct,SLV_RLS,IDAS_SFDC_call_line__C,CALL_LINE,SURVEY_NM,#REF!,,,,,,
RLS,IDAS_SFDC_call_line__C,Survey_Submethod__c,,,BRZ_RLS,IDAS_SFDC_call_line__C,SURVEY_SUBMETHOD__C,,,Direct,SLV_RLS,IDAS_SFDC_call_line__C,CALL_LINE,SURVEY_SUBMTHD,#REF!,,,,,,
RLS,IDAS_SFDC_call_line__C,Survey_Type__c,,,BRZ_RLS,IDAS_SFDC_call_line__C,SURVEY_TYPE__C,,,Direct,SLV_RLS,IDAS_SFDC_call_line__C,CALL_LINE,SURVEY_TYPE,#REF!,,,,,,
RLS,IDAS_SFDC_call_line__C,Survey_URL__c,,,BRZ_RLS,IDAS_SFDC_call_line__C,SURVEY_URL__C,,,Direct,SLV_RLS,IDAS_SFDC_call_line__C,CALL_LINE,SURVEY_URL,#REF!,,,,,,
RLS,IDAS_SFDC_call_line__C,Tanggal_Debet__c,,,BRZ_RLS,IDAS_SFDC_call_line__C,TANGGAL_DEBET__C,,,Direct,SLV_RLS,IDAS_SFDC_call_line__C,CALL_LINE,DEBIT_DT,#REF!,,,,,,
RLS,IDAS_SFDC_call_line__C,Tanggal_Hold_Debet__c,,,BRZ_RLS,IDAS_SFDC_call_line__C,TANGGAL_HOLD_DEBET__C,,,Direct,SLV_RLS,IDAS_SFDC_call_line__C,CALL_LINE,HOLD_DEBIT_DT,#REF!,,,,,,
RLS,IDAS_SFDC_call_line__C,TelUW_Status_Call__c,,,BRZ_RLS,IDAS_SFDC_call_line__C,TELUW_STATUS_CALL__C,,,Direct,SLV_RLS,IDAS_SFDC_call_line__C,CALL_LINE,TELUW_STATUS_CALL,#REF!,,,,,,
RLS,IDAS_SFDC_call_line__C,Tidak_Bersedia_Diverifikasi__c,,,BRZ_RLS,IDAS_SFDC_call_line__C,TIDAK_BERSEDIA_DIVERIFIKASI__C,,,Direct,SLV_RLS,IDAS_SFDC_call_line__C,CALL_LINE,IS_UNWILLING_TO_VERIFY,#REF!,,boolean,,,,
RLS,IDAS_SFDC_call_line__C,Time_Reschedule__c,,,BRZ_RLS,IDAS_SFDC_call_line__C,TIME_RESCHEDULE__C,,,Direct,SLV_RLS,IDAS_SFDC_call_line__C,CALL_LINE,TIME_RESCHEDULE,#REF!,,,,,,
RLS,IDAS_SFDC_call_line__C,isContacted__c,,,BRZ_RLS,IDAS_SFDC_call_line__C,ISCONTACTED__C,,,Direct,SLV_RLS,IDAS_SFDC_call_line__C,CALL_LINE,IS_CONTACTED,#REF!,,boolean,,,,
RLS,IDAS_SFDC_call_line__C,Total_Retain_Redemption__c,,,BRZ_RLS,IDAS_SFDC_call_line__C,TOTAL_RETAIN_REDEMPTION__C,,,Direct,SLV_RLS,IDAS_SFDC_call_line__C,CALL_LINE,TOT_RETAIN_REDEMPTION,#REF!,,,,,,
RLS,IDAS_SFDC_call_line__C,Total_Retain_Withdrawal__c,,,BRZ_RLS,IDAS_SFDC_call_line__C,TOTAL_RETAIN_WITHDRAWAL__C,,,Direct,SLV_RLS,IDAS_SFDC_call_line__C,CALL_LINE,TOT_RETAIN_WITHDRAWAL,#REF!,,,,,,
RLS,IDAS_SFDC_call_line__C,Total_Uncontacted__c,,,BRZ_RLS,IDAS_SFDC_call_line__C,TOTAL_UNCONTACTED__C,,,Direct,SLV_RLS,IDAS_SFDC_call_line__C,CALL_LINE,TOT_UNCONTACTED,#REF!,,,,,,
RLS,IDAS_SFDC_call_line__C,WelcomeCall_Hour_Schedule_Date__c,,,BRZ_RLS,IDAS_SFDC_call_line__C,WELCOMECALL_HOUR_SCHEDULE_DATE__C,,,Direct,SLV_RLS,IDAS_SFDC_call_line__C,CALL_LINE,WELCOMECALL_HOUR_SCHEDULE_DT,#REF!,,,,,,
RLS,IDAS_SFDC_call_line__C,WelcomeCall_Period_Day__c,,,BRZ_RLS,IDAS_SFDC_call_line__C,WELCOMECALL_PERIOD_DAY__C,,,Direct,SLV_RLS,IDAS_SFDC_call_line__C,CALL_LINE,WELCOMECALL_PERIOD_DAY,#REF!,,,,,,
RLS,IDAS_SFDC_call_line__C,ZIPCODE__c,,,BRZ_RLS,IDAS_SFDC_call_line__C,ZIPCODE__C,,,Direct,SLV_RLS,IDAS_SFDC_call_line__C,CALL_LINE,ZIPCODE,#REF!,,,,,,
RLS,IDAS_SFDC_call_line__C,RecordType_Name,,,BRZ_RLS,IDAS_SFDC_call_line__C,RECORDTYPE_NAME,,,Direct,SLV_RLS,IDAS_SFDC_call_line__C,CALL_LINE,CAMPAIGN_TYPE,#REF!,,,,,,
RLS,IDAS_SFDC_call_line__C,Campaign_Type__c,,,BRZ_RLS,IDAS_SFDC_call_line__C,CAMPAIGN_TYPE__C,,,Direct,SLV_RLS,IDAS_SFDC_call_line__C,CALL_LINE,LASTMODIFIEDBY_NM,#REF!,,,,,,
RLS,IDAS_SFDC_call_line__C,CreatedBy_Name,,,BRZ_RLS,IDAS_SFDC_call_line__C,CREATEDBY_NAME,,,Direct,SLV_RLS,IDAS_SFDC_call_line__C,CALL_LINE,OWNER_NM,#REF!,,,,,,
RLS,IDAS_SFDC_call_line__C,LastModifiedBy_Name,,,BRZ_RLS,IDAS_SFDC_call_line__C,LASTMODIFIEDBY_NAME,,,Direct,SLV_RLS,IDAS_SFDC_call_line__C,CALL_LINE,YR_OF_POLICY_EFF_DT,#REF!,,,,,,
RLS,IDAS_SFDC_call_line__C,Owner_Name,,,BRZ_RLS,IDAS_SFDC_call_line__C,OWNER_NAME,,,Direct,SLV_RLS,IDAS_SFDC_call_line__C,CALL_LINE,RECORDTYPE_ID,#REF!,,,,,,
RLS,IDAS_SFDC_call_line__C,Year_of_Policy_Effective_Date__c,,,BRZ_RLS,IDAS_SFDC_call_line__C,YEAR_OF_POLICY_EFFECTIVE_DATE__C,,,Direct,SLV_RLS,IDAS_SFDC_call_line__C,CALL_LINE,CREATEDBY_ID,#REF!,,,,,,
RLS,IDAS_SFDC_call_line__C,RecordType_Id,,,BRZ_RLS,IDAS_SFDC_call_line__C,RECORDTYPE_ID,,,Direct,SLV_RLS,IDAS_SFDC_call_line__C,CALL_LINE,LASTMODIFIEDBY_ID,#REF!,,,,,,
RLS,IDAS_SFDC_call_line__C,CreatedBy_Id,,,BRZ_RLS,IDAS_SFDC_call_line__C,CREATEDBY_ID,,,Direct,SLV_RLS,IDAS_SFDC_call_line__C,CALL_LINE,OWNER_ID,#REF!,,,,,,
RLS,IDAS_SFDC_call_line__C,LastModifiedBy_Id,,,BRZ_RLS,IDAS_SFDC_call_line__C,LASTMODIFIEDBY_ID,,,Direct,SLV_RLS,IDAS_SFDC_call_line__C,CALL_LINE,CALL_LIST_ID,#REF!,,,,,,
RLS,IDAS_SFDC_call_line__C,Owner_Id,,,BRZ_RLS,IDAS_SFDC_call_line__C,OWNER_ID,,,Direct,SLV_RLS,IDAS_SFDC_call_line__C,CALL_LINE,CONTACT_NM,#REF!,,,,,,
RLS,IDAS_SFDC_call_line__C,call_list__r_Id,,,BRZ_RLS,IDAS_SFDC_call_line__C,CALL_LIST__R_ID,,,Direct,SLV_RLS,IDAS_SFDC_call_line__C,CALL_LINE,COLL_CALL_DT,#REF!,,,,,,
RLS,IDAS_SFDC_call_line__C,logdate,,,BRZ_RLS,IDAS_SFDC_call_line__C,LOGDATE,,,Direct,SLV_RLS,IDAS_SFDC_call_line__C,CALL_LINE,AGENT_NM,#REF!,,,,,,
RLS,IDAS_SFDC_call_line__C,contact__r.Name,,,BRZ_RLS,IDAS_SFDC_call_line__C,CONTACT__R.NAME,,,Direct,SLV_RLS,IDAS_SFDC_call_line__C,CALL_LINE,WELCOMECALL_CUST_EXPECTATION,#REF!,,,,,,
RLS,IDAS_SFDC_call_line__C,Collection_Call_Date__c,,,BRZ_RLS,IDAS_SFDC_call_line__C,COLLECTION_CALL_DATE__C,,,Direct,SLV_RLS,IDAS_SFDC_call_line__C,CALL_LINE,ACTIVITY_RESULT,#REF!,,,,,,
RLS,IDAS_SFDC_call_line__C,agent__r.name,,,BRZ_RLS,IDAS_SFDC_call_line__C,AGENT__R.NAME,,,Direct,SLV_RLS,IDAS_SFDC_call_line__C,CALL_LINE,VERIFICATION,#REF!,,,,,,
RLS,IDAS_SFDC_call_line__C,WelcomeCall_Customer_Expectation__c,,,BRZ_RLS,IDAS_SFDC_call_line__C,WELCOMECALL_CUSTOMER_EXPECTATION__C,,,Direct,SLV_RLS,IDAS_SFDC_call_line__C,CALL_LINE,WELCOMECALL_COOLING_OFF_2,#REF!,,,,,,
RLS,IDAS_SFDC_call_line__C,Activity_Result__c,,,BRZ_RLS,IDAS_SFDC_call_line__C,ACTIVITY_RESULT__C,,,Direct,SLV_RLS,IDAS_SFDC_call_line__C,CALL_LINE,ACTIVITY_RESULT,#REF!,,,,,,
RLS,IDAS_SFDC_call_line__C,Verification__c,,,BRZ_RLS,IDAS_SFDC_call_line__C,VERIFICATION__C,,,Direct,SLV_RLS,IDAS_SFDC_call_line__C,CALL_LINE,VERIFICATION,#REF!,,,,,,
RLS,IDAS_SFDC_call_line__C,WelcomeCall_Cooling_Off2__c,,,BRZ_RLS,IDAS_SFDC_call_line__C,WELCOMECALL_COOLING_OFF2__C,,,Direct,SLV_RLS,IDAS_SFDC_call_line__C,CALL_LINE,WELCOMECALL_COOLING_OFF_2,#REF!,,,,,,
RLS,IDAS_SFDC_call_line__C,LastModifiedDate,,,BRZ_RLS,IDAS_SFDC_call_line__C,LASTMODIFIEDDATE,,,Direct,SLV_RLS,IDAS_SFDC_call_line__C,CALL_LINE,LAST_MODIFIED_DT,#REF!,,,,,,
RLS,IDAS_SFDC_call_line__C,Batch_No__c,,,BRZ_RLS,IDAS_SFDC_call_line__C,BATCH_NO__C,,,Direct,SLV_RLS,IDAS_SFDC_call_line__C,CALL_LINE,BATCH_NO,#REF!,,,,,,
RLS,IDAS_SFDC_call_line__C,Info_Pendingan__c,,,BRZ_RLS,IDAS_SFDC_call_line__C,INFO_PENDINGAN__C,,,Direct,SLV_RLS,IDAS_SFDC_call_line__C,CALL_LINE,PENDING_INFO,#REF!,,,,,,
RLS,IDAS_SFDC_call_line__C,WelcomeCall_Attempt__c,,,BRZ_RLS,IDAS_SFDC_call_line__C,WELCOMECALL_ATTEMPT__C,,,Direct,SLV_RLS,IDAS_SFDC_call_line__C,CALL_LINE,WELCOMECALL_ATTEMPT,#REF!,,,,,,
RLS,IDAS_SFDC_call_line__C,Is_Expired__c,,,BRZ_RLS,IDAS_SFDC_call_line__C,IS_EXPIRED__C,,,Direct,SLV_RLS,IDAS_SFDC_call_line__C,CALL_LINE,IS_EXPIRED,#REF!,,boolean,,,,
RLS,IDAS_SFDC_call_line__C,Expired_Date__c,,,BRZ_RLS,IDAS_SFDC_call_line__C,EXPIRED_DATE__C,,,Direct,SLV_RLS,IDAS_SFDC_call_line__C,CALL_LINE,EXPIRED_DT,#REF!,,,,,,
RLS,IDAS_SFDC_call_line__C,Progress__c,,,BRZ_RLS,IDAS_SFDC_call_line__C,PROGRESS__C,,,Direct,SLV_RLS,IDAS_SFDC_call_line__C,CALL_LINE,PROGRESS,#REF!,,,,,,
RLS,IDAS_SFDC_call_line__C,Used_Phone__c,,,BRZ_RLS,IDAS_SFDC_call_line__C,USED_PHONE__C,,,Direct,SLV_RLS,IDAS_SFDC_call_line__C,CALL_LINE,USED_PHONE,#REF!,,,,,,
RLS,IDAS_SFDC_call_line__C,Campaign_Case_Type__c,,,BRZ_RLS,IDAS_SFDC_call_line__C,CAMPAIGN_CASE_TYPE__C,,,Direct,SLV_RLS,IDAS_SFDC_call_line__C,CALL_LINE,CAMPAIGN_CASE_TYPE,#REF!,,,,,,
RLS,IDAS_SFDC_call_line__C,TelUW_Issued_Date__c,,,BRZ_RLS,IDAS_SFDC_call_line__C,TELUW_ISSUED_DATE__C,,,Direct,SLV_RLS,IDAS_SFDC_call_line__C,CALL_LINE,TELUW_ISSUED_DT,#REF!,,,,,,
RLS,IDAS_SFDC_call_line__C,call_list__r.Name,,,BRZ_RLS,IDAS_SFDC_call_line__C,CALL_LIST__R.NAME,,,Direct,SLV_RLS,IDAS_SFDC_call_line__C,CALL_LINE,CALL_LIST_NM,#REF!,,,,,,
RLS,IDAS_SFDC_call_line__C,Contact_Name,,,BRZ_RLS,IDAS_SFDC_call_line__C,CONTACT_NAME,,,Direct,SLV_RLS,IDAS_SFDC_call_line__C,CALL_LINE,CONTACT_NM,#REF!,,,,,,
RLS,IDAS_SFDC_call_line__C,Amount__c,,,BRZ_RLS,IDAS_SFDC_call_line__C,AMOUNT__C,,,Direct,SLV_RLS,IDAS_SFDC_call_line__C,CALL_LINE,AMT,#REF!,,,,,,
RLS,IDAS_SFDC_call_line__C,Issued_Date_Contact__c,,,BRZ_RLS,IDAS_SFDC_call_line__C,ISSUED_DATE_CONTACT__C,,,Direct,SLV_RLS,IDAS_SFDC_call_line__C,CALL_LINE,ISSUED_CONTACT_DT,#REF!,,,,,,
RLS,IDAS_SFDC_call_line__C,Createddate,,,BRZ_RLS,IDAS_SFDC_call_line__C,CREATEDDATE,,,Direct,SLV_RLS,IDAS_SFDC_call_line__C,CALL_LINE,CREATED_DT,#REF!,,,,,,
RLS,IDAS_SFDC_call_line__C,modified_date__c,,,BRZ_RLS,IDAS_SFDC_call_line__C,MODIFIED_DATE__C,,,Direct,SLV_RLS,IDAS_SFDC_call_line__C,CALL_LINE,MODIFIED_DT,#REF!,,,,,,
RLS,IDAS_SFDC_CASE,Policy_Number__c,,,BRZ_RLS,IDAS_SFDC_CASE,POLICY_NUMBER__C,,,Direct,SLV_RLS,IDAS_SFDC_CASE,CASE,POLICY_NUMBER,POLICY_NUMBER,,,,,,
RLS,IDAS_SFDC_CASE,CaseNumber,,,BRZ_RLS,IDAS_SFDC_CASE,CASENUMBER,,,Direct,SLV_RLS,IDAS_SFDC_CASE,CASE,CASE_NO,CASE_NO,,,,,,
RLS,IDAS_SFDC_CASE,Priority,,,BRZ_RLS,IDAS_SFDC_CASE,PRIORITY,,,Direct,SLV_RLS,IDAS_SFDC_CASE,CASE,PRIORITY,PRIORITY,,,,,,
RLS,IDAS_SFDC_CASE,Type,,,BRZ_RLS,IDAS_SFDC_CASE,TYPE,,,Direct,SLV_RLS,IDAS_SFDC_CASE,CASE,TYPE,TYPE,,,,,,
RLS,IDAS_SFDC_CASE,Case_Type__c,,,BRZ_RLS,IDAS_SFDC_CASE,CASE_TYPE__C,,,Direct,SLV_RLS,IDAS_SFDC_CASE,CASE,CASE_TYPE,CASE_TYPE,,,,,,
RLS,IDAS_SFDC_CASE,Complaint_Description__c,,,BRZ_RLS,IDAS_SFDC_CASE,COMPLAINT_DESCRIPTION__C,,,Direct,SLV_RLS,IDAS_SFDC_CASE,CASE,COMPLAINT_DESC,COMPLAINT_DESC,,,,,,
RLS,IDAS_SFDC_CASE,Description__c,,,BRZ_RLS,IDAS_SFDC_CASE,DESCRIPTION__C,,,Direct,SLV_RLS,IDAS_SFDC_CASE,CASE,DESC_CUSTOM,DESC_CUSTOM,,,,,,
RLS,IDAS_SFDC_CASE,ClosedDate,,,BRZ_RLS,IDAS_SFDC_CASE,CLOSEDDATE,,,Direct,SLV_RLS,IDAS_SFDC_CASE,CASE,CLOSED_DT,CLOSED_DT,,,,,,
RLS,IDAS_SFDC_CASE,CreatedDate,,,BRZ_RLS,IDAS_SFDC_CASE,CREATEDDATE,,,Direct,SLV_RLS,IDAS_SFDC_CASE,CASE,CREATED_DT,CREATED_DT,,,,,,
RLS,IDAS_SFDC_CASE,Due_Date__c,,,BRZ_RLS,IDAS_SFDC_CASE,DUE_DATE__C,,,Direct,SLV_RLS,IDAS_SFDC_CASE,CASE,DUE_DT,DUE_DT,,,,,,
RLS,IDAS_SFDC_CASE,Category_Config__c,,,BRZ_RLS,IDAS_SFDC_CASE,CATEGORY_CONFIG__C,,,Direct,SLV_RLS,IDAS_SFDC_CASE,CASE,CATEGORY_CONFIG,CATEGORY_CONFIG,,,,,,
RLS,IDAS_SFDC_CASE,Nature_Config__c,,,BRZ_RLS,IDAS_SFDC_CASE,NATURE_CONFIG__C,,,Direct,SLV_RLS,IDAS_SFDC_CASE,CASE,NATURE_CONFIG,NATURE_CONFIG,,,,,,
RLS,IDAS_SFDC_CASE,Complaint_Decision__c,,,BRZ_RLS,IDAS_SFDC_CASE,COMPLAINT_DECISION__C,,,Direct,SLV_RLS,IDAS_SFDC_CASE,CASE,COMPLAINT_DECISION,COMPLAINT_DECISION,,,,,,
RLS,IDAS_SFDC_CASE,Case_Owner__c,,,BRZ_RLS,IDAS_SFDC_CASE,CASE_OWNER__C,,,Direct,SLV_RLS,IDAS_SFDC_CASE,CASE,CASE_OWNER,CASE_OWNER,,,,,,
RLS,IDAS_SFDC_CASE,Business_channel__c,,,BRZ_RLS,IDAS_SFDC_CASE,BUSINESS_CHANNEL__C,,,Direct,SLV_RLS,IDAS_SFDC_CASE,CASE,BUSINESS_CHANNEL,BUSINESS_CHANNEL,,,,,,
RLS,IDAS_SFDC_CASE,Channel__c,,,BRZ_RLS,IDAS_SFDC_CASE,CHANNEL__C,,,Direct,SLV_RLS,IDAS_SFDC_CASE,CASE,CHANNEL,CHANNEL,,,,,,
RLS,IDAS_SFDC_CASE,Agent_Code__c,,,BRZ_RLS,IDAS_SFDC_CASE,AGENT_CODE__C,,,Direct,SLV_RLS,IDAS_SFDC_CASE,CASE,AGENT_CD,AGENT_CD,,,,,,
RLS,IDAS_SFDC_CASE,Agent_Name__c,,,BRZ_RLS,IDAS_SFDC_CASE,AGENT_NAME__C,,,Direct,SLV_RLS,IDAS_SFDC_CASE,CASE,AGENT_NM,AGENT_NM,,,,,,
RLS,IDAS_SFDC_CASE,Agent_Status__c,,,BRZ_RLS,IDAS_SFDC_CASE,AGENT_STATUS__C,,,Direct,SLV_RLS,IDAS_SFDC_CASE,CASE,AGENT_STATUS,AGENT_STATUS,,,,,,
RLS,IDAS_SFDC_CASE,Pending_Status__c,,,BRZ_RLS,IDAS_SFDC_CASE,PENDING_STATUS__C,,,Direct,SLV_RLS,IDAS_SFDC_CASE,CASE,PENDING_STATUS,PENDING_STATUS,,,,,,
RLS,IDAS_SFDC_CASE,Cust_Segmentation__c,,,BRZ_RLS,IDAS_SFDC_CASE,CUST_SEGMENTATION__C,,,Direct,SLV_RLS,IDAS_SFDC_CASE,CASE,CUST_SEGMENTATION,CUST_SEGMENTATION,,,,,,
RLS,IDAS_SFDC_CASE,Sub_Status__c,,,BRZ_RLS,IDAS_SFDC_CASE,SUB_STATUS__C,,,Direct,SLV_RLS,IDAS_SFDC_CASE,CASE,SUB_STATUS,SUB_STATUS,,,,,,
RLS,IDAS_SFDC_CASE,Occupation__c,,,BRZ_RLS,IDAS_SFDC_CASE,OCCUPATION__C,,,Direct,SLV_RLS,IDAS_SFDC_CASE,CASE,OCCUPATION,OCCUPATION,,,,,,
RLS,IDAS_SFDC_CASE,Last_Named_User__c,,,BRZ_RLS,IDAS_SFDC_CASE,LAST_NAMED_USER__C,,,Direct,SLV_RLS,IDAS_SFDC_CASE,CASE,LAST_NAMED_USER,LAST_NAMED_USER,,,,,,
RLS,IDAS_SFDC_CASE,TAT__c,,,BRZ_RLS,IDAS_SFDC_CASE,TAT__C,,,Direct,SLV_RLS,IDAS_SFDC_CASE,CASE,TAT,TAT,,,,,,
RLS,IDAS_SFDC_CASE,Due_Date_Time__c,,,BRZ_RLS,IDAS_SFDC_CASE,DUE_DATE_TIME__C,,,Direct,SLV_RLS,IDAS_SFDC_CASE,CASE,DUE_DT_TIME,DUE_DT_TIME,,,,,,
RLS,IDAS_SFDC_CASE,SlaExitDate,,,BRZ_RLS,IDAS_SFDC_CASE,SLAEXITDATE,,,Direct,SLV_RLS,IDAS_SFDC_CASE,CASE,SLA_EXIT_DT,SLA_EXIT_DT,,,,,,
RLS,IDAS_SFDC_CASE,SlaStartDate,,,BRZ_RLS,IDAS_SFDC_CASE,SLASTARTDATE,,,Direct,SLV_RLS,IDAS_SFDC_CASE,CASE,SLA_START_DT,SLA_START_DT,,,,,,
RLS,IDAS_SFDC_CASE,Lampiran__c,,,BRZ_RLS,IDAS_SFDC_CASE,LAMPIRAN__C,,,Direct,SLV_RLS,IDAS_SFDC_CASE,CASE,LAMPIRAN,LAMPIRAN,,,,,,
RLS,IDAS_SFDC_CASE,Case_Escalation__c,,,BRZ_RLS,IDAS_SFDC_CASE,CASE_ESCALATION__C,,,Direct,SLV_RLS,IDAS_SFDC_CASE,CASE,CASE_ESCALATION,CASE_ESCALATION,,,,,,
RLS,IDAS_SFDC_CASE,SLA_Case_Closed__c,,,BRZ_RLS,IDAS_SFDC_CASE,SLA_CASE_CLOSED__C,,,Direct,SLV_RLS,IDAS_SFDC_CASE,CASE,SLA_CASE_CLOSED,SLA_CASE_CLOSED,,,,,,
RLS,IDAS_SFDC_CASE,Customer_Signature_Date__c,,,BRZ_RLS,IDAS_SFDC_CASE,CUSTOMER_SIGNATURE_DATE__C,,,Direct,SLV_RLS,IDAS_SFDC_CASE,CASE,CUSTOMER_SIGNATURE_DT,CUSTOMER_SIGNATURE_DT,,,,,,
RLS,IDAS_SFDC_CASE,Complainant__c,,,BRZ_RLS,IDAS_SFDC_CASE,COMPLAINANT__C,,,Direct,SLV_RLS,IDAS_SFDC_CASE,CASE,COMPLAINANT,COMPLAINANT,,,,,,
RLS,IDAS_SFDC_CASE,Product__c,,,BRZ_RLS,IDAS_SFDC_CASE,PRODUCT__C,,,Direct,SLV_RLS,IDAS_SFDC_CASE,CASE,PRODUCT,PRODUCT,,,,,,
RLS,IDAS_SFDC_CASE,Delivery_Tracking__c,,,BRZ_RLS,IDAS_SFDC_CASE,DELIVERY_TRACKING__C,,,Direct,SLV_RLS,IDAS_SFDC_CASE,CASE,DELIVERY_TRACKING,DELIVERY_TRACKING,,,,,,
RLS,IDAS_SFDC_CASE,Appeal__c,,,BRZ_RLS,IDAS_SFDC_CASE,APPEAL__C,,,Direct,SLV_RLS,IDAS_SFDC_CASE,CASE,APPEAL,APPEAL,,,,,,
RLS,IDAS_SFDC_CASE,Description,,,BRZ_RLS,IDAS_SFDC_CASE,DESCRIPTION,,,Direct,SLV_RLS,IDAS_SFDC_CASE,CASE,DESC,DESC,,,,,,
RLS,IDAS_SFDC_CASE,IsStopped,,,BRZ_RLS,IDAS_SFDC_CASE,ISSTOPPED,,,Direct,SLV_RLS,IDAS_SFDC_CASE,CASE,IS_STOPPED,IS_STOPPED,,boolean,,,,
RLS,IDAS_SFDC_CASE,Related_ticket__c,,,BRZ_RLS,IDAS_SFDC_CASE,RELATED_TICKET__C,,,Direct,SLV_RLS,IDAS_SFDC_CASE,CASE,RELATED_TICKET,RELATED_TICKET,,,,,,
RLS,IDAS_SFDC_CASE,Origin,,,BRZ_RLS,IDAS_SFDC_CASE,ORIGIN,,,Direct,SLV_RLS,IDAS_SFDC_CASE,CASE,ORIGIN,ORIGIN,,,,,,
RLS,IDAS_SFDC_CASE,Reason,,,BRZ_RLS,IDAS_SFDC_CASE,REASON,,,Direct,SLV_RLS,IDAS_SFDC_CASE,CASE,REASON,REASON,,,,,,
RLS,IDAS_SFDC_CASE,ContactEmail,,,BRZ_RLS,IDAS_SFDC_CASE,CONTACTEMAIL,,,Direct,SLV_RLS,IDAS_SFDC_CASE,CASE,CONTACT_EMAIL,CONTACT_EMAIL,,,,,,
RLS,IDAS_SFDC_CASE,Named_User__c,,,BRZ_RLS,IDAS_SFDC_CASE,NAMED_USER__C,,,Direct,SLV_RLS,IDAS_SFDC_CASE,CASE,NAMED_USER,NAMED_USER,,,,,,
RLS,IDAS_SFDC_CASE,IsEscalated,,,BRZ_RLS,IDAS_SFDC_CASE,ISESCALATED,,,Direct,SLV_RLS,IDAS_SFDC_CASE,CASE,IS_ESCALATED,IS_ESCALATED,,boolean,,,,
RLS,IDAS_SFDC_CASE,Comments,,,BRZ_RLS,IDAS_SFDC_CASE,COMMENTS,,,Direct,SLV_RLS,IDAS_SFDC_CASE,CASE,COMMENTS,COMMENTS,,,,,,
RLS,IDAS_SFDC_CASE,Language,,,BRZ_RLS,IDAS_SFDC_CASE,LANGUAGE,,,Direct,SLV_RLS,IDAS_SFDC_CASE,CASE,LANGUAGE,LANGUAGE,,,,,,
RLS,IDAS_SFDC_CASE,Reason_Root_Cause__c,,,BRZ_RLS,IDAS_SFDC_CASE,REASON_ROOT_CAUSE__C,,,Direct,SLV_RLS,IDAS_SFDC_CASE,CASE,REASON_ROOT_CAUSE,REASON_ROOT_CAUSE,,,,,,
RLS,IDAS_SFDC_CASE,Status,,,BRZ_RLS,IDAS_SFDC_CASE,STATUS,,,Direct,SLV_RLS,IDAS_SFDC_CASE,CASE,STATUS,STATUS,,,,,,
RLS,IDAS_SFDC_CASE,Subject,,,BRZ_RLS,IDAS_SFDC_CASE,SUBJECT,,,Direct,SLV_RLS,IDAS_SFDC_CASE,CASE,SUBJECT,SUBJECT,,,,,,
RLS,IDAS_SFDC_CASE,Branch_Code__c,,,BRZ_RLS,IDAS_SFDC_CASE,BRANCH_CODE__C,,,Direct,SLV_RLS,IDAS_SFDC_CASE,CASE,BRANCH_CD,BRANCH_CD,,,,,,
RLS,IDAS_SFDC_CASE,Branch_Name__c,,,BRZ_RLS,IDAS_SFDC_CASE,BRANCH_NAME__C,,,Direct,SLV_RLS,IDAS_SFDC_CASE,CASE,BRANCH_NM,BRANCH_NM,,,,,,
RLS,IDAS_SFDC_CASE,Document_Request_Revise__c,,,BRZ_RLS,IDAS_SFDC_CASE,DOCUMENT_REQUEST_REVISE__C,,,Direct,SLV_RLS,IDAS_SFDC_CASE,CASE,DOCUMENT_REQUEST_REVISE,DOCUMENT_REQUEST_REVISE,,,,,,
RLS,IDAS_SFDC_CASE,Document_Checklist__c,,,BRZ_RLS,IDAS_SFDC_CASE,DOCUMENT_CHECKLIST__C,,,Direct,SLV_RLS,IDAS_SFDC_CASE,CASE,DOCUMENT_CHECKLIST,DOCUMENT_CHECKLIST,,,,,,
RLS,IDAS_SFDC_CASE,Case_Age__c,,,BRZ_RLS,IDAS_SFDC_CASE,CASE_AGE__C,,,Direct,SLV_RLS,IDAS_SFDC_CASE,CASE,CASE_AGE,CASE_AGE,,,,,,
RLS,IDAS_SFDC_CASE,Case_Error__c,,,BRZ_RLS,IDAS_SFDC_CASE,CASE_ERROR__C,,,Direct,SLV_RLS,IDAS_SFDC_CASE,CASE,CASE_ERROR,CASE_ERROR,,,,,,
RLS,IDAS_SFDC_CASE,Case_Group_No__c,,,BRZ_RLS,IDAS_SFDC_CASE,CASE_GROUP_NO__C,,,Direct,SLV_RLS,IDAS_SFDC_CASE,CASE,CASE_GROUP_NO,CASE_GROUP_NO,,,,,,
RLS,IDAS_SFDC_CASE,Case_Id_External__c,,,BRZ_RLS,IDAS_SFDC_CASE,CASE_ID_EXTERNAL__C,,,Direct,SLV_RLS,IDAS_SFDC_CASE,CASE,CASE_ID_EXTERNAL,CASE_ID_EXTERNAL,,,,,,
RLS,IDAS_SFDC_CASE,Case_Owner_CCC__c,,,BRZ_RLS,IDAS_SFDC_CASE,CASE_OWNER_CCC__C,,,Direct,SLV_RLS,IDAS_SFDC_CASE,CASE,CASE_OWNER_CCC,CASE_OWNER_CCC,,,,,,
RLS,IDAS_SFDC_CASE,Case_Sensitive_Customer__c,,,BRZ_RLS,IDAS_SFDC_CASE,CASE_SENSITIVE_CUSTOMER__C,,,Direct,SLV_RLS,IDAS_SFDC_CASE,CASE,CASE_SENSITIVE_CUSTOMER,CASE_SENSITIVE_CUSTOMER,,,,,,
RLS,IDAS_SFDC_CASE,Level_Sensitive__c,,,BRZ_RLS,IDAS_SFDC_CASE,LEVEL_SENSITIVE__C,,,Direct,SLV_RLS,IDAS_SFDC_CASE,CASE,LEVEL_SENSITIVE,LEVEL_SENSITIVE,,,,,,
RLS,IDAS_SFDC_CASE,Cause_Complaint__c,,,BRZ_RLS,IDAS_SFDC_CASE,CAUSE_COMPLAINT__C,,,Direct,SLV_RLS,IDAS_SFDC_CASE,CASE,CAUSE_COMPLAINT,CAUSE_COMPLAINT,,,,,,
RLS,IDAS_SFDC_CASE,Chronological__c,,,BRZ_RLS,IDAS_SFDC_CASE,CHRONOLOGICAL__C,,,Direct,SLV_RLS,IDAS_SFDC_CASE,CASE,CHRONOLOGICAL,CHRONOLOGICAL,,,,,,
RLS,IDAS_SFDC_CASE,Demand__c,,,BRZ_RLS,IDAS_SFDC_CASE,DEMAND__C,,,Direct,SLV_RLS,IDAS_SFDC_CASE,CASE,DEMAND,DEMAND,,,,,,
RLS,IDAS_SFDC_CASE,Financial_Lost__c,,,BRZ_RLS,IDAS_SFDC_CASE,FINANCIAL_LOST__C,,,Direct,SLV_RLS,IDAS_SFDC_CASE,CASE,FINANCIAL_LOST,FINANCIAL_LOST,,,,,,
RLS,IDAS_SFDC_CASE,Financial_Lost_Currency__c,,,BRZ_RLS,IDAS_SFDC_CASE,FINANCIAL_LOST_CURRENCY__C,,,Direct,SLV_RLS,IDAS_SFDC_CASE,CASE,FINANCIAL_LOST_CCY,FINANCIAL_LOST_CCY,,,,,,
RLS,IDAS_SFDC_CASE,Complaint__c,,,BRZ_RLS,IDAS_SFDC_CASE,COMPLAINT__C,,,Direct,SLV_RLS,IDAS_SFDC_CASE,CASE,COMPLAINT,COMPLAINT,,,,,,
RLS,IDAS_SFDC_CASE,Complaint_type__c,,,BRZ_RLS,IDAS_SFDC_CASE,COMPLAINT_TYPE__C,,,Direct,SLV_RLS,IDAS_SFDC_CASE,CASE,COMPLAINT_TYPE,COMPLAINT_TYPE,,,,,,
RLS,IDAS_SFDC_CASE,Complaint_Validity__c,,,BRZ_RLS,IDAS_SFDC_CASE,COMPLAINT_VALIDITY__C,,,Direct,SLV_RLS,IDAS_SFDC_CASE,CASE,COMPLAINT_VALIDITY,COMPLAINT_VALIDITY,,,,,,
RLS,IDAS_SFDC_CASE,Conclusion__c,,,BRZ_RLS,IDAS_SFDC_CASE,CONCLUSION__C,,,Direct,SLV_RLS,IDAS_SFDC_CASE,CASE,CONCLUSION,CONCLUSION,,,,,,
RLS,IDAS_SFDC_CASE,Contact_Mobile__c,,,BRZ_RLS,IDAS_SFDC_CASE,CONTACT_MOBILE__C,,,Direct,SLV_RLS,IDAS_SFDC_CASE,CASE,CONTACT_MOBILE_CUSTOM,CONTACT_MOBILE_CUSTOM,,,,,,
RLS,IDAS_SFDC_CASE,Courier__c,,,BRZ_RLS,IDAS_SFDC_CASE,COURIER__C,,,Direct,SLV_RLS,IDAS_SFDC_CASE,CASE,COURIER,COURIER,,,,,,
RLS,IDAS_SFDC_CASE,Customer__c,,,BRZ_RLS,IDAS_SFDC_CASE,CUSTOMER__C,,,Direct,SLV_RLS,IDAS_SFDC_CASE,CASE,CUSTOMER,CUSTOMER,,,,,,
RLS,IDAS_SFDC_CASE,Customer_Explanation__c,,,BRZ_RLS,IDAS_SFDC_CASE,CUSTOMER_EXPLANATION__C,,,Direct,SLV_RLS,IDAS_SFDC_CASE,CASE,CUSTOMER_EXPLANATION,CUSTOMER_EXPLANATION,,,,,,
RLS,IDAS_SFDC_CASE,Customer_Level__c,,,BRZ_RLS,IDAS_SFDC_CASE,CUSTOMER_LEVEL__C,,,Direct,SLV_RLS,IDAS_SFDC_CASE,CASE,CUSTOMER_LEVEL,CUSTOMER_LEVEL,,,,,,
RLS,IDAS_SFDC_CASE,Paid_Amount__c,,,BRZ_RLS,IDAS_SFDC_CASE,PAID_AMOUNT__C,,,Direct,SLV_RLS,IDAS_SFDC_CASE,CASE,PAID_AMT,PAID_AMT,,,,,,
RLS,IDAS_SFDC_CASE,Customer_type__c,,,BRZ_RLS,IDAS_SFDC_CASE,CUSTOMER_TYPE__C,,,Direct,SLV_RLS,IDAS_SFDC_CASE,CASE,CUSTOMER_TYPE,CUSTOMER_TYPE,,,,,,
RLS,IDAS_SFDC_CASE,e2cEmailFrom__c,,,BRZ_RLS,IDAS_SFDC_CASE,E2CEMAILFROM__C,,,Direct,SLV_RLS,IDAS_SFDC_CASE,CASE,E2CEMAILFROM,E2CEMAILFROM,,,,,,
RLS,IDAS_SFDC_CASE,e2cEmailReplied__c,,,BRZ_RLS,IDAS_SFDC_CASE,E2CEMAILREPLIED__C,,,Direct,SLV_RLS,IDAS_SFDC_CASE,CASE,E2CEMAILREPLIED,E2CEMAILREPLIED,,,,,,
RLS,IDAS_SFDC_CASE,e2cEmailTo__c,,,BRZ_RLS,IDAS_SFDC_CASE,E2CEMAILTO__C,,,Direct,SLV_RLS,IDAS_SFDC_CASE,CASE,E2CEMAILTO,E2CEMAILTO,,,,,,
RLS,IDAS_SFDC_CASE,Entity__c,,,BRZ_RLS,IDAS_SFDC_CASE,ENTITY__C,,,Direct,SLV_RLS,IDAS_SFDC_CASE,CASE,ENTITY,ENTITY,,,,,,
RLS,IDAS_SFDC_CASE,Entity_Backup__c,,,BRZ_RLS,IDAS_SFDC_CASE,ENTITY_BACKUP__C,,,Direct,SLV_RLS,IDAS_SFDC_CASE,CASE,ENTITY_BACKUP,ENTITY_BACKUP,,,,,,
RLS,IDAS_SFDC_CASE,FA_Branch_Code__c,,,BRZ_RLS,IDAS_SFDC_CASE,FA_BRANCH_CODE__C,,,Direct,SLV_RLS,IDAS_SFDC_CASE,CASE,FA_BRANCH_CD,FA_BRANCH_CD,,,,,,
RLS,IDAS_SFDC_CASE,FA_Branch_Name__c,,,BRZ_RLS,IDAS_SFDC_CASE,FA_BRANCH_NAME__C,,,Direct,SLV_RLS,IDAS_SFDC_CASE,CASE,FA_BRANCH_NM,FA_BRANCH_NM,,,,,,
RLS,IDAS_SFDC_CASE,FA_Code__c,,,BRZ_RLS,IDAS_SFDC_CASE,FA_CODE__C,,,Direct,SLV_RLS,IDAS_SFDC_CASE,CASE,FA_CD,FA_CD,,,,,,
RLS,IDAS_SFDC_CASE,FA_Name__c,,,BRZ_RLS,IDAS_SFDC_CASE,FA_NAME__C,,,Direct,SLV_RLS,IDAS_SFDC_CASE,CASE,FA_NM,FA_NM,,,,,,
RLS,IDAS_SFDC_CASE,FCR__c,,,BRZ_RLS,IDAS_SFDC_CASE,FCR__C,,,Direct,SLV_RLS,IDAS_SFDC_CASE,CASE,FCR,FCR,,,,,,
RLS,IDAS_SFDC_CASE,FCR2__c,,,BRZ_RLS,IDAS_SFDC_CASE,FCR2__C,,,Direct,SLV_RLS,IDAS_SFDC_CASE,CASE,FCR2,FCR2,,,,,,
RLS,IDAS_SFDC_CASE,First_Interaction__c,,,BRZ_RLS,IDAS_SFDC_CASE,FIRST_INTERACTION__C,,,Direct,SLV_RLS,IDAS_SFDC_CASE,CASE,FIRST_INTERACTION,FIRST_INTERACTION,,,,,,
RLS,IDAS_SFDC_CASE,Insured_Name__c,,,BRZ_RLS,IDAS_SFDC_CASE,INSURED_NAME__C,,,Direct,SLV_RLS,IDAS_SFDC_CASE,CASE,INS_NM,INS_NM,,,,,,
RLS,IDAS_SFDC_CASE,Is_Customer__c,,,BRZ_RLS,IDAS_SFDC_CASE,IS_CUSTOMER__C,,,Direct,SLV_RLS,IDAS_SFDC_CASE,CASE,IS_CUSTOMER,IS_CUSTOMER,,boolean,,,,
RLS,IDAS_SFDC_CASE,isMassUpload__c,,,BRZ_RLS,IDAS_SFDC_CASE,ISMASSUPLOAD__C,,,Direct,SLV_RLS,IDAS_SFDC_CASE,CASE,ISMASSUPLOAD,ISMASSUPLOAD,,,,,,
RLS,IDAS_SFDC_CASE,Last_Child_Case__c,,,BRZ_RLS,IDAS_SFDC_CASE,LAST_CHILD_CASE__C,,,Direct,SLV_RLS,IDAS_SFDC_CASE,CASE,LAST_CHILD_CASE,LAST_CHILD_CASE,,,,,,
RLS,IDAS_SFDC_CASE,Last_Child_Case_Flag__c,,,BRZ_RLS,IDAS_SFDC_CASE,LAST_CHILD_CASE_FLAG__C,,,Direct,SLV_RLS,IDAS_SFDC_CASE,CASE,IS_LAST_CHILD_CASE,IS_LAST_CHILD_CASE,,boolean,,,,
RLS,IDAS_SFDC_CASE,Leader_CMU_Decision__c,,,BRZ_RLS,IDAS_SFDC_CASE,LEADER_CMU_DECISION__C,,,Direct,SLV_RLS,IDAS_SFDC_CASE,CASE,LEADER_CMU_DECISION,LEADER_CMU_DECISION,,,,,,
RLS,IDAS_SFDC_CASE,Corrective_Action__c,,,BRZ_RLS,IDAS_SFDC_CASE,CORRECTIVE_ACTION__C,,,Direct,SLV_RLS,IDAS_SFDC_CASE,CASE,CORRECTIVE_ACTION,CORRECTIVE_ACTION,,,,,,
RLS,IDAS_SFDC_CASE,Level_of_Complaint__c,,,BRZ_RLS,IDAS_SFDC_CASE,LEVEL_OF_COMPLAINT__C,,,Direct,SLV_RLS,IDAS_SFDC_CASE,CASE,LEVEL_OF_COMPLAINT,LEVEL_OF_COMPLAINT,,,,,,
RLS,IDAS_SFDC_CASE,No_Need_To_Reply_New__c,,,BRZ_RLS,IDAS_SFDC_CASE,NO_NEED_TO_REPLY_NEW__C,,,Direct,SLV_RLS,IDAS_SFDC_CASE,CASE,NO_NEED_TO_REPLY_NEW,NO_NEED_TO_REPLY_NEW,,,,,,
RLS,IDAS_SFDC_CASE,Non_FCR__c,,,BRZ_RLS,IDAS_SFDC_CASE,NON_FCR__C,,,Direct,SLV_RLS,IDAS_SFDC_CASE,CASE,NON_FCR,NON_FCR,,,,,,
RLS,IDAS_SFDC_CASE,Non_Inquiry__c,,,BRZ_RLS,IDAS_SFDC_CASE,NON_INQUIRY__C,,,Direct,SLV_RLS,IDAS_SFDC_CASE,CASE,NON_INQUIRY,NON_INQUIRY,,,,,,
RLS,IDAS_SFDC_CASE,NonPP__c,,,BRZ_RLS,IDAS_SFDC_CASE,NONPP__C,,,Direct,SLV_RLS,IDAS_SFDC_CASE,CASE,NONPP,NONPP,,,,,,
RLS,IDAS_SFDC_CASE,Parent_Case_Owner__c,,,BRZ_RLS,IDAS_SFDC_CASE,PARENT_CASE_OWNER__C,,,Direct,SLV_RLS,IDAS_SFDC_CASE,CASE,PARENT_CASE_OWNER,PARENT_CASE_OWNER,,,,,,
RLS,IDAS_SFDC_CASE,Parent_Case_Type_Config__c,,,BRZ_RLS,IDAS_SFDC_CASE,PARENT_CASE_TYPE_CONFIG__C,,,Direct,SLV_RLS,IDAS_SFDC_CASE,CASE,PARENT_CASE_TYPE_CONFIG,PARENT_CASE_TYPE_CONFIG,,,,,,
RLS,IDAS_SFDC_CASE,PIC__c,,,BRZ_RLS,IDAS_SFDC_CASE,PIC__C,,,Direct,SLV_RLS,IDAS_SFDC_CASE,CASE,PIC,PIC,,,,,,
RLS,IDAS_SFDC_CASE,Policy_Effective_Date__c,,,BRZ_RLS,IDAS_SFDC_CASE,POLICY_EFFECTIVE_DATE__C,,,Direct,SLV_RLS,IDAS_SFDC_CASE,CASE,POLICY_EFFECTIVE_DT,POLICY_EFFECTIVE_DT,,,,,,
RLS,IDAS_SFDC_CASE,Policy_Status__c,,,BRZ_RLS,IDAS_SFDC_CASE,POLICY_STATUS__C,,,Direct,SLV_RLS,IDAS_SFDC_CASE,CASE,POLICY_STATUS_CD,POLICY_STATUS,,,,,,
RLS,IDAS_SFDC_CASE,Priority_Customer__c,,,BRZ_RLS,IDAS_SFDC_CASE,PRIORITY_CUSTOMER__C,,,Direct,SLV_RLS,IDAS_SFDC_CASE,CASE,PRIORITY_CUSTOMER,PRIORITY_CUSTOMER,,,,,,
RLS,IDAS_SFDC_CASE,Product_Name__c,,,BRZ_RLS,IDAS_SFDC_CASE,PRODUCT_NAME__C,,,Direct,SLV_RLS,IDAS_SFDC_CASE,CASE,PRODUCT_NM,PRODUCT_NM,,,,,,
RLS,IDAS_SFDC_CASE,Received_date__c,,,BRZ_RLS,IDAS_SFDC_CASE,RECEIVED_DATE__C,,,Direct,SLV_RLS,IDAS_SFDC_CASE,CASE,RECEIVED_DT,RECEIVED_DT,,,,,,
RLS,IDAS_SFDC_CASE,Received_Party__c,,,BRZ_RLS,IDAS_SFDC_CASE,RECEIVED_PARTY__C,,,Direct,SLV_RLS,IDAS_SFDC_CASE,CASE,RECEIVED_PARTY,RECEIVED_PARTY,,,,,,
RLS,IDAS_SFDC_CASE,NDA_Date__c,,,BRZ_RLS,IDAS_SFDC_CASE,NDA_DATE__C,,,Direct,SLV_RLS,IDAS_SFDC_CASE,CASE,NDA_DT,NDA_DT,,,,,,
RLS,IDAS_SFDC_CASE,Recommendation__c,,,BRZ_RLS,IDAS_SFDC_CASE,RECOMMENDATION__C,,,Direct,SLV_RLS,IDAS_SFDC_CASE,CASE,RECOMMENDATION,RECOMMENDATION,,,,,,
RLS,IDAS_SFDC_CASE,Loss_Impacted__c,,,BRZ_RLS,IDAS_SFDC_CASE,LOSS_IMPACTED__C,,,Direct,SLV_RLS,IDAS_SFDC_CASE,CASE,LOSS_IMPACTED,LOSS_IMPACTED,,,,,,
RLS,IDAS_SFDC_CASE,Region__c,,,BRZ_RLS,IDAS_SFDC_CASE,REGION__C,,,Direct,SLV_RLS,IDAS_SFDC_CASE,CASE,REGION,REGION,,,,,,
RLS,IDAS_SFDC_CASE,CHS_Status__c,,,BRZ_RLS,IDAS_SFDC_CASE,CHS_STATUS__C,,,Direct,SLV_RLS,IDAS_SFDC_CASE,CASE,ACTIVITY_STATUS_CD,ACTIVITY_STATUS_CD,,,,,,
RLS,IDAS_SFDC_CASE,Request_Type__c,,,BRZ_RLS,IDAS_SFDC_CASE,REQUEST_TYPE__C,,,Direct,SLV_RLS,IDAS_SFDC_CASE,CASE,REQUEST_TYPE,REQUEST_TYPE,,,,,,
RLS,IDAS_SFDC_CASE,Sensitive_Customer__c,,,BRZ_RLS,IDAS_SFDC_CASE,SENSITIVE_CUSTOMER__C,,,Direct,SLV_RLS,IDAS_SFDC_CASE,CASE,SENSITIVE_CUSTOMER,SENSITIVE_CUSTOMER,,,,,,
RLS,IDAS_SFDC_CASE,Service_Type__c,,,BRZ_RLS,IDAS_SFDC_CASE,SERVICE_TYPE__C,,,Direct,SLV_RLS,IDAS_SFDC_CASE,CASE,SERVICE_TYPE,SERVICE_TYPE,,,,,,
RLS,IDAS_SFDC_CASE,UnCount__c,,,BRZ_RLS,IDAS_SFDC_CASE,UNCOUNT__C,,,Direct,SLV_RLS,IDAS_SFDC_CASE,CASE,UNCOUNT,UNCOUNT,,,,,,
RLS,IDAS_SFDC_CASE,Validation__c,,,BRZ_RLS,IDAS_SFDC_CASE,VALIDATION__C,,,Direct,SLV_RLS,IDAS_SFDC_CASE,CASE,VALIDATION,VALIDATION,,,,,,
RLS,IDAS_SFDC_CASE,Validity__c,,,BRZ_RLS,IDAS_SFDC_CASE,VALIDITY__C,,,Direct,SLV_RLS,IDAS_SFDC_CASE,CASE,VALIDITY,VALIDITY,,,,,,
RLS,IDAS_SFDC_CASE,Back_Office_PIC__c,,,BRZ_RLS,IDAS_SFDC_CASE,BACK_OFFICE_PIC__C,,,Direct,SLV_RLS,IDAS_SFDC_CASE,CASE,BACK_OFFICE_PIC,BACK_OFFICE_PIC,,,,,,
RLS,IDAS_SFDC_CASE,Other_Information__c,,,BRZ_RLS,IDAS_SFDC_CASE,OTHER_INFORMATION__C,,,Direct,SLV_RLS,IDAS_SFDC_CASE,CASE,OTHER_INFORMATION,OTHER_INFORMATION,,,,,,
RLS,IDAS_SFDC_CASE,Email_Inbox__c,,,BRZ_RLS,IDAS_SFDC_CASE,EMAIL_INBOX__C,,,Direct,SLV_RLS,IDAS_SFDC_CASE,CASE,EMAIL_INBOX,EMAIL_INBOX,,,,,,
RLS,IDAS_SFDC_CASE,Repeat_Call__c,,,BRZ_RLS,IDAS_SFDC_CASE,REPEAT_CALL__C,,,Direct,SLV_RLS,IDAS_SFDC_CASE,CASE,REPEAT_CALL,REPEAT_CALL,,,,,,
RLS,IDAS_SFDC_CASE,Repeat_Call_Age__c,,,BRZ_RLS,IDAS_SFDC_CASE,REPEAT_CALL_AGE__C,,,Direct,SLV_RLS,IDAS_SFDC_CASE,CASE,REPEAT_CALL_AGE,REPEAT_CALL_AGE,,,,,,
RLS,IDAS_SFDC_CASE,PIC_Department_LU__c,,,BRZ_RLS,IDAS_SFDC_CASE,PIC_DEPARTMENT_LU__C,,,Direct,SLV_RLS,IDAS_SFDC_CASE,CASE,PIC_DEPARTMENT_LU,PIC_DEPARTMENT_LU,,,,,,
RLS,IDAS_SFDC_CASE,Negative_Feedback__c,,,BRZ_RLS,IDAS_SFDC_CASE,NEGATIVE_FEEDBACK__C,,,Direct,SLV_RLS,IDAS_SFDC_CASE,CASE,NEGATIVE_FEEDBACK,NEGATIVE_FEEDBACK,,,,,,
RLS,IDAS_SFDC_CASE,CONTACT_Name,,,BRZ_RLS,IDAS_SFDC_CASE,CONTACT_NAME,,,Direct,SLV_RLS,IDAS_SFDC_CASE,CASE,CONTACT_NM,CONTACT_NM,,,,,,
RLS,IDAS_SFDC_CASE,PARENT_Id,,,BRZ_RLS,IDAS_SFDC_CASE,PARENT_ID,,,Direct,SLV_RLS,IDAS_SFDC_CASE,CASE,#N/A,#N/A,,,,,,
RLS,IDAS_SFDC_CASE,Customer_Expectation__c,,,BRZ_RLS,IDAS_SFDC_CASE,CUSTOMER_EXPECTATION__C,,,Direct,SLV_RLS,IDAS_SFDC_CASE,CASE,CUSTOMER_EXPECTATION,CUSTOMER_EXPECTATION,,,,,,
RLS,IDAS_SFDC_CASE,account_Name,,,BRZ_RLS,IDAS_SFDC_CASE,ACCOUNT_NAME,,,Direct,SLV_RLS,IDAS_SFDC_CASE,CASE,ACCOUNT_NM,ACCOUNT_NM,,,,,,
RLS,IDAS_SFDC_CASE,asset_Name,,,BRZ_RLS,IDAS_SFDC_CASE,ASSET_NAME,,,Direct,SLV_RLS,IDAS_SFDC_CASE,CASE,#N/A,#N/A,,,,,,
RLS,IDAS_SFDC_CASE,BusinessHours_Name,,,BRZ_RLS,IDAS_SFDC_CASE,BUSINESSHOURS_NAME,,,Direct,SLV_RLS,IDAS_SFDC_CASE,CASE,#N/A,#N/A,,,,,,
RLS,IDAS_SFDC_CASE,RecordType_Name,,,BRZ_RLS,IDAS_SFDC_CASE,RECORDTYPE_NAME,,,Direct,SLV_RLS,IDAS_SFDC_CASE,CASE,RECORD_TYPE_NM,RECORD_TYPE_NM,,,,,,
RLS,IDAS_SFDC_CASE,Email_Non_PP__c,,,BRZ_RLS,IDAS_SFDC_CASE,EMAIL_NON_PP__C,,,Direct,SLV_RLS,IDAS_SFDC_CASE,CASE,#N/A,#N/A,,,,,,
RLS,IDAS_SFDC_CASE,CreatedBy_Name,,,BRZ_RLS,IDAS_SFDC_CASE,CREATEDBY_NAME,,,Direct,SLV_RLS,IDAS_SFDC_CASE,CASE,CREATED_BY_NM,CREATED_BY_NM,,,,,,
RLS,IDAS_SFDC_CASE,Entitlement_Name,,,BRZ_RLS,IDAS_SFDC_CASE,ENTITLEMENT_NAME,,,Direct,SLV_RLS,IDAS_SFDC_CASE,CASE,#N/A,#N/A,,,,,,
RLS,IDAS_SFDC_CASE,LastModifiedBy_Name,,,BRZ_RLS,IDAS_SFDC_CASE,LASTMODIFIEDBY_NAME,,,Direct,SLV_RLS,IDAS_SFDC_CASE,CASE,#N/A,#N/A,,,,,,
RLS,IDAS_SFDC_CASE,Completion_Date__c,,,BRZ_RLS,IDAS_SFDC_CASE,COMPLETION_DATE__C,,,Direct,SLV_RLS,IDAS_SFDC_CASE,CASE,#N/A,#N/A,,,,,,
RLS,IDAS_SFDC_CASE,Phone_Non_PP__c,,,BRZ_RLS,IDAS_SFDC_CASE,PHONE_NON_PP__C,,,Direct,SLV_RLS,IDAS_SFDC_CASE,CASE,#N/A,#N/A,,,,,,
RLS,IDAS_SFDC_CASE,logdate,,,BRZ_RLS,IDAS_SFDC_CASE,LOGDATE,,,Direct,SLV_RLS,IDAS_SFDC_CASE,CASE,LOG_DT,LOG_DT,,,,,,
RLS,IDAS_SFDC_CASE,pic__r.Name,,,BRZ_RLS,IDAS_SFDC_CASE,PIC__R.NAME,,,Direct,SLV_RLS,IDAS_SFDC_CASE,CASE,#N/A,#N/A,,,,,,
RLS,IDAS_SFDC_CASE,PIC_Department_LU__r.Name,,,BRZ_RLS,IDAS_SFDC_CASE,PIC_DEPARTMENT_LU__R.NAME,,,Direct,SLV_RLS,IDAS_SFDC_CASE,CASE,#N/A,#N/A,,,,,,
RLS,IDAS_SFDC_CASE,LastModifiedDate,,,BRZ_RLS,IDAS_SFDC_CASE,LASTMODIFIEDDATE,,,Direct,SLV_RLS,IDAS_SFDC_CASE,CASE,LAST_MODIFIED_DT,LAST_MODIFIED_DT,,,,,,
RLS,IDAS_SFDC_CASE,id,,,BRZ_RLS,IDAS_SFDC_CASE,ID,,,Direct,SLV_RLS,IDAS_SFDC_CASE,CASE,ID,ID,,,,,,
RLS,IDAS_SFDC_CASE,decision_AMFS,,,BRZ_RLS,IDAS_SFDC_CASE,DECISION_AMFS,,,Direct,SLV_RLS,IDAS_SFDC_CASE,CASE,#N/A,#N/A,,,,,,
RLS,RLS_TABPLAN,PLAN,,,BRZ_RLS,RLS_TABPLAN,PLAN,,,Direct,SLV_RLS,RLS_TABPLAN,RLS_TABPLAN,PRODUCT_CD,CASE_ID,,,,,,
RLS,RLS_TABPLAN,PLANN,,,BRZ_RLS,RLS_TABPLAN,PLANN,,,Direct,SLV_RLS,RLS_TABPLAN,RLS_TABPLAN,PRODUCT_DESC,CREATED_BY_ID,,,,,,
RLS,RLS_TABPLAN,PLAND,,,BRZ_RLS,RLS_TABPLAN,PLAND,,,Direct,SLV_RLS,RLS_TABPLAN,RLS_TABPLAN,ANNUITIZATION_DT,CREATED_DT,,,,,,
RLS,RLS_TABPLAN,PLEFF,,,BRZ_RLS,RLS_TABPLAN,PLEFF,,,Direct,SLV_RLS,RLS_TABPLAN,RLS_TABPLAN,,ENTITY,,,,,,
RLS,RLS_TABPLAN,PLTERM,,,BRZ_RLS,RLS_TABPLAN,PLTERM,,,Direct,SLV_RLS,RLS_TABPLAN,RLS_TABPLAN,,ID,,,,,,
RLS,RLS_TABPLAN,PLPT,,,BRZ_RLS,RLS_TABPLAN,PLPT,,,Direct,SLV_RLS,RLS_TABPLAN,RLS_TABPLAN,COVERAGE_TYPE_CD,IS_DELETED,,,,,,
RLS,RLS_TABPLAN,PLDMF,,,BRZ_RLS,RLS_TABPLAN,PLDMF,,,Direct,SLV_RLS,RLS_TABPLAN,RLS_TABPLAN,IS_LAST_MODIFIED_BY_ID,LAST_MODIFIED_BY_ID,,boolean,,,,
RLS,RLS_TABPLAN,PLTABV,,,BRZ_RLS,RLS_TABPLAN,PLTABV,,,Direct,SLV_RLS,RLS_TABPLAN,RLS_TABPLAN,,LAST_MODIFIED_DT,,,,,,
RLS,RLS_TABPLAN,PLPOL,,,BRZ_RLS,RLS_TABPLAN,PLPOL,,,Direct,SLV_RLS,RLS_TABPLAN,RLS_TABPLAN,POLICY_TERM,LAST_REFERENCED_DT,,,,,,
RLS,RLS_TABPLAN,PLPOLA,,,BRZ_RLS,RLS_TABPLAN,PLPOLA,,,Direct,SLV_RLS,RLS_TABPLAN,RLS_TABPLAN,,LAST_VIEWED_DT,,,,,,
RLS,RLS_TABPLAN,PLPRE,,,BRZ_RLS,RLS_TABPLAN,PLPRE,,,Direct,SLV_RLS,RLS_TABPLAN,RLS_TABPLAN,PREMI_TERM_AT_PLAN_LEVEL,OWNER_ID,,,,,,
RLS,RLS_TABPLAN,PLPREA,,,BRZ_RLS,RLS_TABPLAN,PLPREA,,,Direct,SLV_RLS,RLS_TABPLAN,RLS_TABPLAN,,SYSTEM_MOD_STAMP,,,,,,
RLS,RLS_TABPLAN,PLPPL,,,BRZ_RLS,RLS_TABPLAN,PLPPL,,,Direct,SLV_RLS,RLS_TABPLAN,RLS_TABPLAN,PREMI_TERM_AT_POLICY_LEVEL,ACCIDENT_PLACE,,,,,,
RLS,RLS_TABPLAN,PLPPLA,,,BRZ_RLS,RLS_TABPLAN,PLPPLA,,,Direct,SLV_RLS,RLS_TABPLAN,RLS_TABPLAN,,ACCT_NO,,,,,,
RLS,RLS_TABPLAN,PLTSP,,,BRZ_RLS,RLS_TABPLAN,PLTSP,,,Direct,SLV_RLS,RLS_TABPLAN,RLS_TABPLAN,,ACCT_NO_REPORT,,,,,,
RLS,RLS_TABPLAN,PLTSPA,,,BRZ_RLS,RLS_TABPLAN,PLTSPA,,,Direct,SLV_RLS,RLS_TABPLAN,RLS_TABPLAN,,ACCOUNT_ID,,,,,,
RLS,RLS_TABPLAN,PLPAF,,,BRZ_RLS,RLS_TABPLAN,PLPAF,,,Direct,SLV_RLS,RLS_TABPLAN,RLS_TABPLAN,IS_ACHIEVEMENT,ACHIEVEMENT,,boolean,,,,
RLS,RLS_TABPLAN,PLAPMF,,,BRZ_RLS,RLS_TABPLAN,PLAPMF,,,Direct,SLV_RLS,RLS_TABPLAN,RLS_TABPLAN,,ACTIVITY_LOG,,,,,,
RLS,RLS_TABPLAN,PLCYR,,,BRZ_RLS,RLS_TABPLAN,PLCYR,,,Direct,SLV_RLS,RLS_TABPLAN,RLS_TABPLAN,,AFI,,,,,,
RLS,RLS_TABPLAN,PLTRMC,,,BRZ_RLS,RLS_TABPLAN,PLTRMC,,,Direct,SLV_RLS,RLS_TABPLAN,RLS_TABPLAN,IS_AGE,AGE,,boolean,,,,
RLS,RLS_TABPLAN,PLRNWF,,,BRZ_RLS,RLS_TABPLAN,PLRNWF,,,Direct,SLV_RLS,RLS_TABPLAN,RLS_TABPLAN,IS_AGE_RANGE,AGE_RANGE,,boolean,,,,
RLS,RLS_TABPLAN,PLRNWR,,,BRZ_RLS,RLS_TABPLAN,PLRNWR,,,Direct,SLV_RLS,RLS_TABPLAN,RLS_TABPLAN,IS_AGENT_CD,AGENT_CD,,boolean,,,,
RLS,RLS_TABPLAN,PLVSIF,,,BRZ_RLS,RLS_TABPLAN,PLVSIF,,,Direct,SLV_RLS,RLS_TABPLAN,RLS_TABPLAN,IS_AGENT_NM,AGENT_NM,,boolean,,,,
RLS,RLS_TABPLAN,PLPARF,,,BRZ_RLS,RLS_TABPLAN,PLPARF,,,Direct,SLV_RLS,RLS_TABPLAN,RLS_TABPLAN,IS_AGENT_QUEUE_ID_LOG_NOTIFICATION,AGENT_QUEUE_ID_LOG_NOTIFICATION,,boolean,,,,
RLS,RLS_TABPLAN,PLRBR,,,BRZ_RLS,RLS_TABPLAN,PLRBR,,,Direct,SLV_RLS,RLS_TABPLAN,RLS_TABPLAN,,AGENT_STATUS,,,,,,
RLS,RLS_TABPLAN,PLRBSC,,,BRZ_RLS,RLS_TABPLAN,PLRBSC,,,Direct,SLV_RLS,RLS_TABPLAN,RLS_TABPLAN,,AGING_CLOSED_COMPLAINT,,,,,,
RLS,RLS_TABPLAN,PLRBYR,,,BRZ_RLS,RLS_TABPLAN,PLRBYR,,,Direct,SLV_RLS,RLS_TABPLAN,RLS_TABPLAN,,AGING_CLOSED_WORKING_DAYS,,,,,,
RLS,RLS_TABPLAN,PLLNR,,,BRZ_RLS,RLS_TABPLAN,PLLNR,,,Direct,SLV_RLS,RLS_TABPLAN,RLS_TABPLAN,,ALREADY_SEND_SURVEY,,,,,,
RLS,RLS_TABPLAN,PLPIR,,,BRZ_RLS,RLS_TABPLAN,PLPIR,,,Direct,SLV_RLS,RLS_TABPLAN,RLS_TABPLAN,,AMFS,,,,,,
RLS,RLS_TABPLAN,PLCVF,,,BRZ_RLS,RLS_TABPLAN,PLCVF,,,Direct,SLV_RLS,RLS_TABPLAN,RLS_TABPLAN,IS_AMT_TO_BE_DEBITED,AMT_TO_BE_DEBITED,,boolean,,,,
RLS,RLS_TABPLAN,PLNDMF,,,BRZ_RLS,RLS_TABPLAN,PLNDMF,,,Direct,SLV_RLS,RLS_TABPLAN,RLS_TABPLAN,IS_AMT_TO_BE_DEBITED_REPORT,AMT_TO_BE_DEBITED_REPORT,,boolean,,,,
RLS,RLS_TABPLAN,PLDVDY,,,BRZ_RLS,RLS_TABPLAN,PLDVDY,,,Direct,SLV_RLS,RLS_TABPLAN,RLS_TABPLAN,,APPEAL,,,,,,
RLS,RLS_TABPLAN,PLDVDR,,,BRZ_RLS,RLS_TABPLAN,PLDVDR,,,Direct,SLV_RLS,RLS_TABPLAN,RLS_TABPLAN,,APPEAL_CASE_COMPLAINT,,,,,,
RLS,RLS_TABPLAN,PLDVDT,,,BRZ_RLS,RLS_TABPLAN,PLDVDT,,,Direct,SLV_RLS,RLS_TABPLAN,RLS_TABPLAN,,ASSET_ID,,,,,,
RLS,RLS_TABPLAN,PLDVDA,,,BRZ_RLS,RLS_TABPLAN,PLDVDA,,,Direct,SLV_RLS,RLS_TABPLAN,RLS_TABPLAN,,ASSIGNMENT_RULES,,,,,,
RLS,RLS_TABPLAN,PLDVDF,,,BRZ_RLS,RLS_TABPLAN,PLDVDF,,,Direct,SLV_RLS,RLS_TABPLAN,RLS_TABPLAN,IS_ASSISTANT_MANAGER,ASSISTANT_MANAGER,,boolean,,,,
RLS,RLS_TABPLAN,PLDVDUY,,,BRZ_RLS,RLS_TABPLAN,PLDVDUY,,,Direct,SLV_RLS,RLS_TABPLAN,RLS_TABPLAN,,BACK_OFFICE_PIC,,,,,,
RLS,RLS_TABPLAN,PLITF,,,BRZ_RLS,RLS_TABPLAN,PLITF,,,Direct,SLV_RLS,RLS_TABPLAN,RLS_TABPLAN,IS_BALANCE_ALI,BALANCE_ALI,,boolean,,,,
RLS,RLS_TABPLAN,PLSGMF,,,BRZ_RLS,RLS_TABPLAN,PLSGMF,,,Direct,SLV_RLS,RLS_TABPLAN,RLS_TABPLAN,IS_BENGKEL,BENGKEL,,boolean,,,,
RLS,RLS_TABPLAN,PLINXF,,,BRZ_RLS,RLS_TABPLAN,PLINXF,,,Direct,SLV_RLS,RLS_TABPLAN,RLS_TABPLAN,IS_BOD_TYPE,BOD_TYPE,,boolean,,,,
RLS,RLS_TABPLAN,PLBINX,,,BRZ_RLS,RLS_TABPLAN,PLBINX,,,Direct,SLV_RLS,RLS_TABPLAN,RLS_TABPLAN,,BRANCH_AGI,,,,,,
RLS,RLS_TABPLAN,PLFINXR,,,BRZ_RLS,RLS_TABPLAN,PLFINXR,,,Direct,SLV_RLS,RLS_TABPLAN,RLS_TABPLAN,,BRANCH_CD,,,,,,
RLS,RLS_TABPLAN,PLRINX,,,BRZ_RLS,RLS_TABPLAN,PLRINX,,,Direct,SLV_RLS,RLS_TABPLAN,RLS_TABPLAN,,BRANCH_NM,,,,,,
RLS,RLS_TABPLAN,PLITY1,,,BRZ_RLS,RLS_TABPLAN,PLITY1,,,Direct,SLV_RLS,RLS_TABPLAN,RLS_TABPLAN,,BULAN,,,,,,
RLS,RLS_TABPLAN,PLITR1,,,BRZ_RLS,RLS_TABPLAN,PLITR1,,,Direct,SLV_RLS,RLS_TABPLAN,RLS_TABPLAN,,BUSINESS_CHANNEL,,,,,,
RLS,RLS_TABPLAN,PLITY2,,,BRZ_RLS,RLS_TABPLAN,PLITY2,,,Direct,SLV_RLS,RLS_TABPLAN,RLS_TABPLAN,,BUSINESS_HOURS_ID,,,,,,
RLS,RLS_TABPLAN,PLITR2,,,BRZ_RLS,RLS_TABPLAN,PLITR2,,,Direct,SLV_RLS,RLS_TABPLAN,RLS_TABPLAN,,CALL_LINE_RETENTION,,,,,,
RLS,RLS_TABPLAN,PLITY3,,,BRZ_RLS,RLS_TABPLAN,PLITY3,,,Direct,SLV_RLS,RLS_TABPLAN,RLS_TABPLAN,,CALL_TYPE,,,,,,
RLS,RLS_TABPLAN,PLITR3,,,BRZ_RLS,RLS_TABPLAN,PLITR3,,,Direct,SLV_RLS,RLS_TABPLAN,RLS_TABPLAN,,CALL_LINE_RECORD_TYPE_ID,,,,,,
RLS,RLS_TABPLAN,PLITY4,,,BRZ_RLS,RLS_TABPLAN,PLITY4,,,Direct,SLV_RLS,RLS_TABPLAN,RLS_TABPLAN,,CASE_AGE,,,,,,
RLS,RLS_TABPLAN,PLITR4,,,BRZ_RLS,RLS_TABPLAN,PLITR4,,,Direct,SLV_RLS,RLS_TABPLAN,RLS_TABPLAN,,CASE_CREATED_IN_HOUR,,,,,,
RLS,RLS_TABPLAN,PLITY5,,,BRZ_RLS,RLS_TABPLAN,PLITY5,,,Direct,SLV_RLS,RLS_TABPLAN,RLS_TABPLAN,,CASE_ERROR,,,,,,
RLS,RLS_TABPLAN,PLITR5,,,BRZ_RLS,RLS_TABPLAN,PLITR5,,,Direct,SLV_RLS,RLS_TABPLAN,RLS_TABPLAN,,CASE_ESCALATION,,,,,,
RLS,RLS_TABPLAN,PLFULR,,,BRZ_RLS,RLS_TABPLAN,PLFULR,,,Direct,SLV_RLS,RLS_TABPLAN,RLS_TABPLAN,,CASE_GROUP_NO,,,,,,
RLS,RLS_TABPLAN,PLMATR,,,BRZ_RLS,RLS_TABPLAN,PLMATR,,,Direct,SLV_RLS,RLS_TABPLAN,RLS_TABPLAN,,CASE_GROUP_OPEN_DT,,,,,,
RLS,RLS_TABPLAN,PLIBFG,,,BRZ_RLS,RLS_TABPLAN,PLIBFG,,,Direct,SLV_RLS,RLS_TABPLAN,RLS_TABPLAN,IS_CASE_OWNER,CASE_OWNER,,boolean,,,,
RLS,RLS_TABPLAN,PLIBYR,,,BRZ_RLS,RLS_TABPLAN,PLIBYR,,,Direct,SLV_RLS,RLS_TABPLAN,RLS_TABPLAN,,CASE_OWNER_CCC,,,,,,
RLS,RLS_TABPLAN,PLIBAG,,,BRZ_RLS,RLS_TABPLAN,PLIBAG,,,Direct,SLV_RLS,RLS_TABPLAN,RLS_TABPLAN,,CASE_TYPE,,,,,,
RLS,RLS_TABPLAN,PLOYAL,,,BRZ_RLS,RLS_TABPLAN,PLOYAL,,,Direct,SLV_RLS,RLS_TABPLAN,RLS_TABPLAN,,CASE_TYPE_CONFIG,,,,,,
RLS,RLS_TABPLAN,PLSTRB,,,BRZ_RLS,RLS_TABPLAN,PLSTRB,,,Direct,SLV_RLS,RLS_TABPLAN,RLS_TABPLAN,,CASE_NO,,,,,,
RLS,RLS_TABPLAN,PLAGE1,,,BRZ_RLS,RLS_TABPLAN,PLAGE1,,,Direct,SLV_RLS,RLS_TABPLAN,RLS_TABPLAN,,CASETYPE_OLD_NEW_NOT_EQUAL,,,,,,
RLS,RLS_TABPLAN,PLAGE2,,,BRZ_RLS,RLS_TABPLAN,PLAGE2,,,Direct,SLV_RLS,RLS_TABPLAN,RLS_TABPLAN,,CATEGORY,,,,,,
RLS,RLS_TABPLAN,PLMAX1,,,BRZ_RLS,RLS_TABPLAN,PLMAX1,,,Direct,SLV_RLS,RLS_TABPLAN,RLS_TABPLAN,,CATEGORY_CONFIG,,,,,,
RLS,RLS_TABPLAN,PLMAX2,,,BRZ_RLS,RLS_TABPLAN,PLMAX2,,,Direct,SLV_RLS,RLS_TABPLAN,RLS_TABPLAN,,CAUSE_COMPLAINT,,,,,,
RLS,RLS_TABPLAN,PLMAXS,,,BRZ_RLS,RLS_TABPLAN,PLMAXS,,,Direct,SLV_RLS,RLS_TABPLAN,RLS_TABPLAN,,CEMAIL,,,,,,
RLS,RLS_TABPLAN,PLMAXY,,,BRZ_RLS,RLS_TABPLAN,PLMAXY,,,Direct,SLV_RLS,RLS_TABPLAN,RLS_TABPLAN,,CENTRAL_OPERATION_HEAD,,,,,,
RLS,RLS_TABPLAN,PLFRB1,,,BRZ_RLS,RLS_TABPLAN,PLFRB1,,,Direct,SLV_RLS,RLS_TABPLAN,RLS_TABPLAN,,CEO,,,,,,
RLS,RLS_TABPLAN,PLFRB2,,,BRZ_RLS,RLS_TABPLAN,PLFRB2,,,Direct,SLV_RLS,RLS_TABPLAN,RLS_TABPLAN,,CHANNEL,,,,,,
RLS,RLS_TABPLAN,PLFRB3,,,BRZ_RLS,RLS_TABPLAN,PLFRB3,,,Direct,SLV_RLS,RLS_TABPLAN,RLS_TABPLAN,,CHASSIS_NO,,,,,,
RLS,RLS_TABPLAN,PLRIDR,,,BRZ_RLS,RLS_TABPLAN,PLRIDR,,,Direct,SLV_RLS,RLS_TABPLAN,RLS_TABPLAN,,CHAT_KEY,,,,,,
RLS,RLS_TABPLAN,PLRAGE,,,BRZ_RLS,RLS_TABPLAN,PLRAGE,,,Direct,SLV_RLS,RLS_TABPLAN,RLS_TABPLAN,,CHECK_WEB_EMAIL,,,,,,
RLS,RLS_TABPLAN,PLRINF,,,BRZ_RLS,RLS_TABPLAN,PLRINF,,,Direct,SLV_RLS,RLS_TABPLAN,RLS_TABPLAN,IS_CHRONOLOGICAL,CHRONOLOGICAL,,boolean,,,,
RLS,RLS_TABPLAN,PLPKPF,,,BRZ_RLS,RLS_TABPLAN,PLPKPF,,,Direct,SLV_RLS,RLS_TABPLAN,RLS_TABPLAN,IS_CHS_CASE_RANGE,CHS_CASE_RANGE,,boolean,,,,
RLS,RLS_TABPLAN,PLSAPR,,,BRZ_RLS,RLS_TABPLAN,PLSAPR,,,Direct,SLV_RLS,RLS_TABPLAN,RLS_TABPLAN,,CHS_INVALID,,,,,,
RLS,RLS_TABPLAN,PLTBF,,,BRZ_RLS,RLS_TABPLAN,PLTBF,,,Direct,SLV_RLS,RLS_TABPLAN,RLS_TABPLAN,IS_CHS_OTHERS,CHS_OTHERS,,boolean,,,,
RLS,RLS_TABPLAN,PLRBF,,,BRZ_RLS,RLS_TABPLAN,PLRBF,,,Direct,SLV_RLS,RLS_TABPLAN,RLS_TABPLAN,IS_CHS_STATUS,CHS_STATUS,,boolean,,,,
RLS,RLS_TABPLAN,PLCPFF,,,BRZ_RLS,RLS_TABPLAN,PLCPFF,,,Direct,SLV_RLS,RLS_TABPLAN,RLS_TABPLAN,,CHS_VALID,,,,,,
RLS,RLS_TABPLAN,PLPMCB,,,BRZ_RLS,RLS_TABPLAN,PLPMCB,,,Direct,SLV_RLS,RLS_TABPLAN,RLS_TABPLAN,IS_CLOSED,CLOSED,,boolean,,,,
RLS,RLS_TABPLAN,PLMNGP,,,BRZ_RLS,RLS_TABPLAN,PLMNGP,,,Direct,SLV_RLS,RLS_TABPLAN,RLS_TABPLAN,,CLOSED_DATE_CUSTOM,,,,,,
RLS,RLS_TABPLAN,PLSBGP,,,BRZ_RLS,RLS_TABPLAN,PLSBGP,,,Direct,SLV_RLS,RLS_TABPLAN,RLS_TABPLAN,PLAN_SUB_GROUP,CLOSED_DT,,,,,,
RLS,RLS_TABPLAN,PLWPAP,,,BRZ_RLS,RLS_TABPLAN,PLWPAP,,,Direct,SLV_RLS,RLS_TABPLAN,RLS_TABPLAN,,CMU_AGENT,,,,,,
RLS,RLS_TABPLAN,PLLIAP,,,BRZ_RLS,RLS_TABPLAN,PLLIAP,,,Direct,SLV_RLS,RLS_TABPLAN,RLS_TABPLAN,,COB,,,,,,
RLS,RLS_TABPLAN,PLSMPL,,,BRZ_RLS,RLS_TABPLAN,PLSMPL,,,Direct,SLV_RLS,RLS_TABPLAN,RLS_TABPLAN,,COLOR,,,,,,
RLS,RLS_TABPLAN,PLSMSP,,,BRZ_RLS,RLS_TABPLAN,PLSMSP,,,Direct,SLV_RLS,RLS_TABPLAN,RLS_TABPLAN,,COMMUNITY_ID,,,,,,
RLS,RLS_TABPLAN,PLWPDD,,,BRZ_RLS,RLS_TABPLAN,PLWPDD,,,Direct,SLV_RLS,RLS_TABPLAN,RLS_TABPLAN,,COMPLAIN,,,,,,
RLS,RLS_TABPLAN,PLSMTP,,,BRZ_RLS,RLS_TABPLAN,PLSMTP,,,Direct,SLV_RLS,RLS_TABPLAN,RLS_TABPLAN,,COMPLAINANT,,,,,,
RLS,RLS_TABPLAN,PLSXCD,,,BRZ_RLS,RLS_TABPLAN,PLSXCD,,,Direct,SLV_RLS,RLS_TABPLAN,RLS_TABPLAN,,COMPLAINT,,,,,,
RLS,RLS_TABPLAN,PLTCAL,,,BRZ_RLS,RLS_TABPLAN,PLTCAL,,,Direct,SLV_RLS,RLS_TABPLAN,RLS_TABPLAN,,COMPLAINT_CLOSER_NM,,,,,,
RLS,RLS_TABPLAN,PLMIIA,,,BRZ_RLS,RLS_TABPLAN,PLMIIA,,,Direct,SLV_RLS,RLS_TABPLAN,RLS_TABPLAN,,COMPLAINT_DECISION,,,,,,
RLS,RLS_TABPLAN,PLMAIA,,,BRZ_RLS,RLS_TABPLAN,PLMAIA,,,Direct,SLV_RLS,RLS_TABPLAN,RLS_TABPLAN,,COMPLAINT_RECORDTYPE_ID,,,,,,
RLS,RLS_TABPLAN,PLPCRR,,,BRZ_RLS,RLS_TABPLAN,PLPCRR,,,Direct,SLV_RLS,RLS_TABPLAN,RLS_TABPLAN,,COMPLAINT_RESUME,,,,,,
RLS,RLS_TABPLAN,PLCRSA,,,BRZ_RLS,RLS_TABPLAN,PLCRSA,,,Direct,SLV_RLS,RLS_TABPLAN,RLS_TABPLAN,,COMPLAINT_TYPE,,,,,,
RLS,RLS_TABPLAN,PLJVPL,,,BRZ_RLS,RLS_TABPLAN,PLJVPL,,,Direct,SLV_RLS,RLS_TABPLAN,RLS_TABPLAN,,COMPLAINT_VALIDITY,,,,,,
RLS,RLS_TABPLAN,PLSPNI,,,BRZ_RLS,RLS_TABPLAN,PLSPNI,,,Direct,SLV_RLS,RLS_TABPLAN,RLS_TABPLAN,,CONCLUSION,,,,,,
RLS,RLS_TABPLAN,PLHCAP,,,BRZ_RLS,RLS_TABPLAN,PLHCAP,,,Direct,SLV_RLS,RLS_TABPLAN,RLS_TABPLAN,,CONTACT_MOBILE_CUSTOM,,,,,,
RLS,RLS_TABPLAN,PLPANY,,,BRZ_RLS,RLS_TABPLAN,PLPANY,,,Direct,SLV_RLS,RLS_TABPLAN,RLS_TABPLAN,,CONTACT_ID,,,,,,
RLS,RLS_TABPLAN,PLLIRD,,,BRZ_RLS,RLS_TABPLAN,PLLIRD,,,Direct,SLV_RLS,RLS_TABPLAN,RLS_TABPLAN,,CORRECTIVE_ACTION,,,,,,
RLS,RLS_TABPLAN,PLEMCA,,,BRZ_RLS,RLS_TABPLAN,PLEMCA,,,Direct,SLV_RLS,RLS_TABPLAN,RLS_TABPLAN,,CNT_ALL_EMAIL_NO_RESPOND_ALI,,,,,,
RLS,RLS_TABPLAN,PLHOCA,,,BRZ_RLS,RLS_TABPLAN,PLHOCA,,,Direct,SLV_RLS,RLS_TABPLAN,RLS_TABPLAN,,CNT_ALL_EMAIL_PICK_UP_ALI,,,,,,
RLS,RLS_TABPLAN,PLACCA,,,BRZ_RLS,RLS_TABPLAN,PLACCA,,,Direct,SLV_RLS,RLS_TABPLAN,RLS_TABPLAN,,CNT_ALL_EMAIL_PICK_UP_SPV_ALI,,,,,,
RLS,RLS_TABPLAN,PLEQPL,,,BRZ_RLS,RLS_TABPLAN,PLEQPL,,,Direct,SLV_RLS,RLS_TABPLAN,RLS_TABPLAN,,CNT_ALL_EMAIL_RESPOND_ALI,,,,,,
RLS,RLS_TABPLAN,PLDRRI,,,BRZ_RLS,RLS_TABPLAN,PLDRRI,,,Direct,SLV_RLS,RLS_TABPLAN,RLS_TABPLAN,,CNT_ALL_ESCALATION_EMAIL_ALI,,,,,,
RLS,RLS_TABPLAN,PLLFRD,,,BRZ_RLS,RLS_TABPLAN,PLLFRD,,,Direct,SLV_RLS,RLS_TABPLAN,RLS_TABPLAN,,CNT_ALL_INCOMING_EMAIL_ALI,,,,,,
RLS,RLS_TABPLAN,PLRIAP,,,BRZ_RLS,RLS_TABPLAN,PLRIAP,,,Direct,SLV_RLS,RLS_TABPLAN,RLS_TABPLAN,,CNT_CASE,,,,,,
RLS,RLS_TABPLAN,PLSMPT,,,BRZ_RLS,RLS_TABPLAN,PLSMPT,,,Direct,SLV_RLS,RLS_TABPLAN,RLS_TABPLAN,,CNT_EMAIL_ESCALATION_AGENT_ALI,,,,,,
RLS,RLS_TABPLAN,PLTRCV,,,BRZ_RLS,RLS_TABPLAN,PLTRCV,,,Direct,SLV_RLS,RLS_TABPLAN,RLS_TABPLAN,,CNT_EMAIL_ESCALATION_SPV_ALI,,,,,,
RLS,RLS_TABPLAN,PLAGCV,,,BRZ_RLS,RLS_TABPLAN,PLAGCV,,,Direct,SLV_RLS,RLS_TABPLAN,RLS_TABPLAN,,CNT_EMAIL_NO_RESPOND_ALI_SPV,,,,,,
RLS,RLS_TABPLAN,PLTRLE,,,BRZ_RLS,RLS_TABPLAN,PLTRLE,,,Direct,SLV_RLS,RLS_TABPLAN,RLS_TABPLAN,,CNT_EMAIL_PICK_UP_AGENT_ALI,,,,,,
RLS,RLS_TABPLAN,PLINDP,,,BRZ_RLS,RLS_TABPLAN,PLINDP,,,Direct,SLV_RLS,RLS_TABPLAN,RLS_TABPLAN,,CNT_EMAIL_RESPOND_AGENT_ALI,,,,,,
RLS,RLS_TABPLAN,PLFTRY,,,BRZ_RLS,RLS_TABPLAN,PLFTRY,,,Direct,SLV_RLS,RLS_TABPLAN,RLS_TABPLAN,,CNT_EMAIL_RESPOND_SPV_ALI,,,,,,
RLS,RLS_TABPLAN,PLASPC,,,BRZ_RLS,RLS_TABPLAN,PLASPC,,,Direct,SLV_RLS,RLS_TABPLAN,RLS_TABPLAN,IS_CNT_REPEAT_CALL,CNT_REPEAT_CALL,,boolean,,,,
RLS,RLS_TABPLAN,PLAOCP,,,BRZ_RLS,RLS_TABPLAN,PLAOCP,,,Direct,SLV_RLS,RLS_TABPLAN,RLS_TABPLAN,,COURIER,,,,,,
RLS,RLS_TABPLAN,PLACCP,,,BRZ_RLS,RLS_TABPLAN,PLACCP,,,Direct,SLV_RLS,RLS_TABPLAN,RLS_TABPLAN,,CREATE_DT,,,,,,
RLS,RLS_TABPLAN,PLCOMT,,,BRZ_RLS,RLS_TABPLAN,PLCOMT,,,Direct,SLV_RLS,RLS_TABPLAN,RLS_TABPLAN,,CREATED_OUT_OF_OFFICE_HOUR,,,,,,
RLS,RLS_TABPLAN,PLEXCM,,,BRZ_RLS,RLS_TABPLAN,PLEXCM,,,Direct,SLV_RLS,RLS_TABPLAN,RLS_TABPLAN,IS_CREATOR_FULL_PHOTO_URL,CREATOR_FULL_PHOTO_URL,,boolean,,,,
RLS,RLS_TABPLAN,PLPLNG,,,BRZ_RLS,RLS_TABPLAN,PLPLNG,,,Direct,SLV_RLS,RLS_TABPLAN,RLS_TABPLAN,,CREATOR_NM,,,,,,
RLS,RLS_TABPLAN,PLPLEF,,,BRZ_RLS,RLS_TABPLAN,PLPLEF,,,Direct,SLV_RLS,RLS_TABPLAN,RLS_TABPLAN,,CREATOR_SMALL_PHOTO_URL,,,,,,
RLS,RLS_TABPLAN,PLSLNG,,,BRZ_RLS,RLS_TABPLAN,PLSLNG,,,Direct,SLV_RLS,RLS_TABPLAN,RLS_TABPLAN,,CSTDAT,,,,,,
RLS,RLS_TABPLAN,PLSLEF,,,BRZ_RLS,RLS_TABPLAN,PLSLEF,,,Direct,SLV_RLS,RLS_TABPLAN,RLS_TABPLAN,,CURRENT_ASSIGNEE,,,,,,
RLS,RLS_TABPLAN,PLSGPF,,,BRZ_RLS,RLS_TABPLAN,PLSGPF,,,Direct,SLV_RLS,RLS_TABPLAN,RLS_TABPLAN,IS_CUST_SEGMENTATION,CUST_SEGMENTATION,,boolean,,,,
RLS,RLS_TABPLAN,PLDFPM,,,BRZ_RLS,RLS_TABPLAN,PLDFPM,,,Direct,SLV_RLS,RLS_TABPLAN,RLS_TABPLAN,,CUSTOMER,,,,,,
RLS,RLS_TABPLAN,PLNBCT,,,BRZ_RLS,RLS_TABPLAN,PLNBCT,,,Direct,SLV_RLS,RLS_TABPLAN,RLS_TABPLAN,,CUSTOMER_LEVEL,,,,,,
RLS,RLS_TABPLAN,PLCOEX,,,BRZ_RLS,RLS_TABPLAN,PLCOEX,,,Direct,SLV_RLS,RLS_TABPLAN,RLS_TABPLAN,,CUSTOMER_SERVICE,,,,,,
RLS,RLS_TABPLAN,PLHBPF,,,BRZ_RLS,RLS_TABPLAN,PLHBPF,,,Direct,SLV_RLS,RLS_TABPLAN,RLS_TABPLAN,IS_CUSTOMER_TYPE,CUSTOMER_TYPE,,boolean,,,,
RLS,RLS_TABPLAN,PLDVDO,,,BRZ_RLS,RLS_TABPLAN,PLDVDO,,,Direct,SLV_RLS,RLS_TABPLAN,RLS_TABPLAN,,DT_OF_INCIDENT,,,,,,
RLS,RLS_TABPLAN,PLISTPF,,,BRZ_RLS,RLS_TABPLAN,PLISTPF,,,Direct,SLV_RLS,RLS_TABPLAN,RLS_TABPLAN,IS_DEMAND,DEMAND,,boolean,,,,
RLS,RLS_TABPLAN,PLCOMPF,,,BRZ_RLS,RLS_TABPLAN,PLCOMPF,,,Direct,SLV_RLS,RLS_TABPLAN,RLS_TABPLAN,IS_DEPARTMENT_OF_PIC,DEPARTMENT_OF_PIC,,boolean,,,,
RLS,RLS_TABPLAN,PLRPUF,,,BRZ_RLS,RLS_TABPLAN,PLRPUF,,,Direct,SLV_RLS,RLS_TABPLAN,RLS_TABPLAN,IS_DEPARTMENT_PROCESS_STATUS,DEPARTMENT_PROCESS_STATUS,,boolean,,,,
RLS,RLS_TABPLAN,PLETIF,,,BRZ_RLS,RLS_TABPLAN,PLETIF,,,Direct,SLV_RLS,RLS_TABPLAN,RLS_TABPLAN,IS_DEPT_HEAD,DEPT_HEAD,,boolean,,,,
RLS,RLS_TABPLAN,PLDLF,,,BRZ_RLS,RLS_TABPLAN,PLDLF,,,Direct,SLV_RLS,RLS_TABPLAN,RLS_TABPLAN,IS_DEPT_PIC_MAGI,DEPT_PIC_MAGI,,boolean,,,,
RLS,RLS_TABPLAN,PLCMRF,,,BRZ_RLS,RLS_TABPLAN,PLCMRF,,,Direct,SLV_RLS,RLS_TABPLAN,RLS_TABPLAN,IS_DESC,DESC,,boolean,,,,
RLS,RLS_TABPLAN,PLWPCF,,,BRZ_RLS,RLS_TABPLAN,PLWPCF,,,Direct,SLV_RLS,RLS_TABPLAN,RLS_TABPLAN,IS_DESC_CUSTOM,DESC_CUSTOM,,boolean,,,,
RLS,RLS_TABPLAN,PLWCVF,,,BRZ_RLS,RLS_TABPLAN,PLWCVF,,,Direct,SLV_RLS,RLS_TABPLAN,RLS_TABPLAN,IS_DETAIL_OF_DAMAGE,DETAIL_OF_DAMAGE,,boolean,,,,
RLS,RLS_TABPLAN,PLTXIF,,,BRZ_RLS,RLS_TABPLAN,PLTXIF,,,Direct,SLV_RLS,RLS_TABPLAN,RLS_TABPLAN,IS_DIVISION,DIVISION,,boolean,,,,
RLS,RLS_TABPLAN,PLGSTC,,,BRZ_RLS,RLS_TABPLAN,PLGSTC,,,Direct,SLV_RLS,RLS_TABPLAN,RLS_TABPLAN,,DRIVER,,,,,,
RLS,RLS_TABPLAN,PLPRCM,,,BRZ_RLS,RLS_TABPLAN,PLPRCM,,,Direct,SLV_RLS,RLS_TABPLAN,RLS_TABPLAN,,DUE_DT,,,,,,
RLS,RLS_TABPLAN,PLGAF,,,BRZ_RLS,RLS_TABPLAN,PLGAF,,,Direct,SLV_RLS,RLS_TABPLAN,RLS_TABPLAN,IS_DUE_DT_TIME,DUE_DT_TIME,,boolean,,,,
RLS,RLS_TABPLAN,PLCIBE,,,BRZ_RLS,RLS_TABPLAN,PLCIBE,,,Direct,SLV_RLS,RLS_TABPLAN,RLS_TABPLAN,,DUE_DT_TIME_IN_STRING,,,,,,
RLS,RLS_TABPLAN,PLFLEX,,,BRZ_RLS,RLS_TABPLAN,PLFLEX,,,Direct,SLV_RLS,RLS_TABPLAN,RLS_TABPLAN,IS_E2CAUTOREPLYTYPE,E2CAUTOREPLYTYPE,,boolean,,,,
RLS,RLS_TABPLAN,PLJLAF,,,BRZ_RLS,RLS_TABPLAN,PLJLAF,,,Direct,SLV_RLS,RLS_TABPLAN,RLS_TABPLAN,IS_E2CCONTACTID,E2CCONTACTID,,boolean,,,,
RLS,RLS_TABPLAN,PLRISM,,,BRZ_RLS,RLS_TABPLAN,PLRISM,,,Direct,SLV_RLS,RLS_TABPLAN,RLS_TABPLAN,IS_E2CCORPORATEEMAILLABEL,E2CCORPORATEEMAILLABEL,,boolean,,,,
RLS,RLS_TABPLAN,PLFDC,,,BRZ_RLS,RLS_TABPLAN,PLFDC,,,Direct,SLV_RLS,RLS_TABPLAN,RLS_TABPLAN,,E2CEMAILCC,,,,,,
RLS,RLS_TABPLAN,PLDEPF,,,BRZ_RLS,RLS_TABPLAN,PLDEPF,,,Direct,SLV_RLS,RLS_TABPLAN,RLS_TABPLAN,IS_E2CEMAILCCADDR,E2CEMAILCCADDR,,boolean,,,,
RLS,RLS_TABPLAN,PLINT,,,BRZ_RLS,RLS_TABPLAN,PLINT,,,Direct,SLV_RLS,RLS_TABPLAN,RLS_TABPLAN,,E2CEMAILFROM,,,,,,
RLS,RLS_TABPLAN,PLAGADF,,,BRZ_RLS,RLS_TABPLAN,PLAGADF,,,Direct,SLV_RLS,RLS_TABPLAN,RLS_TABPLAN,IS_E2CEMAILREPLIED,E2CEMAILREPLIED,,boolean,,,,
RLS,RLS_TABPLAN,PLSVYF,,,BRZ_RLS,RLS_TABPLAN,PLSVYF,,,Direct,SLV_RLS,RLS_TABPLAN,RLS_TABPLAN,IS_E2CEMAILTO,E2CEMAILTO,,boolean,,,,
RLS,RLS_TABPLAN,PLSDBF,,,BRZ_RLS,RLS_TABPLAN,PLSDBF,,,Direct,SLV_RLS,RLS_TABPLAN,RLS_TABPLAN,,E2CEMAILTO_NEW,,,,,,
RLS,RLS_TABPLAN,PLRIF,,,BRZ_RLS,RLS_TABPLAN,PLRIF,,,Direct,SLV_RLS,RLS_TABPLAN,RLS_TABPLAN,IS_E2CEMAILTOADDR,E2CEMAILTOADDR,,boolean,,,,
RLS,RLS_TABPLAN,PLMATF,,,BRZ_RLS,RLS_TABPLAN,PLMATF,,,Direct,SLV_RLS,RLS_TABPLAN,RLS_TABPLAN,,E2CISAUTOREPLY,,,,,,
RLS,RLS_TABPLAN,PLPRMF,,,BRZ_RLS,RLS_TABPLAN,PLPRMF,,,Direct,SLV_RLS,RLS_TABPLAN,RLS_TABPLAN,IS_E2CISHOLIDAY,E2CISHOLIDAY,,boolean,,,,
RLS,RLS_TABPLAN,PLPTPA,,,BRZ_RLS,RLS_TABPLAN,PLPTPA,,,Direct,SLV_RLS,RLS_TABPLAN,RLS_TABPLAN,,E2CISPROCESSEDBYBATCH,,,,,,
RLS,RLS_TABPLAN,PLACM,,,BRZ_RLS,RLS_TABPLAN,PLACM,,,Direct,SLV_RLS,RLS_TABPLAN,RLS_TABPLAN,,E2CNAV,,,,,,
RLS,RLS_TABPLAN,PLSDC,,,BRZ_RLS,RLS_TABPLAN,PLSDC,,,Direct,SLV_RLS,RLS_TABPLAN,RLS_TABPLAN,,E2CP__ADDITIONALBCC,,,,,,
RLS,RLS_TABPLAN,PLFSAF,,,BRZ_RLS,RLS_TABPLAN,PLFSAF,,,Direct,SLV_RLS,RLS_TABPLAN,RLS_TABPLAN,IS_E2CP__ADDITIONALCC,E2CP__ADDITIONALCC,,boolean,,,,
RLS,RLS_TABPLAN,PLSTDT,,,BRZ_RLS,RLS_TABPLAN,PLSTDT,,,Direct,SLV_RLS,RLS_TABPLAN,RLS_TABPLAN,,E2CP__ADDITIONALTO,,,,,,
RLS,RLS_TABPLAN,PNLGF,,,BRZ_RLS,RLS_TABPLAN,PNLGF,,,Direct,SLV_RLS,RLS_TABPLAN,RLS_TABPLAN,IS_E2CP__CASE_THREAD_ID,E2CP__CASE_THREAD_ID,,boolean,,,,
RLS,RLS_TABPLAN,PLDPAGE,,,BRZ_RLS,RLS_TABPLAN,PLDPAGE,,,Direct,SLV_RLS,RLS_TABPLAN,RLS_TABPLAN,,E2CP__DISABLE_EMAIL_DISTRIBUTION,,,,,,
RLS,RLS_TABPLAN,PLDPEXPC,,,BRZ_RLS,RLS_TABPLAN,PLDPEXPC,,,Direct,SLV_RLS,RLS_TABPLAN,RLS_TABPLAN,,E2CP__EXTRAEMAILS,,,,,,
RLS,RFPRIDR,PCO,,,BRZ_RLS,RFPRIDR,PCO,,,Direct,SLV_RLS,RFPRIDR,MASTER_POLICY_RIDER,,E2CP__HISTTEXT,COMPANY,,,,,
RLS,RFPRIDR,PNO,,,BRZ_RLS,RFPRIDR,PNO,,,Direct,SLV_RLS,RFPRIDR,MASTER_POLICY_RIDER,POLICY_NO,E2CP__HISTTEXT_INC_PRIVATE,POLICY NO.,,,,,
RLS,RFPRIDR,REFF,,,BRZ_RLS,RFPRIDR,REFF,,,Direct,SLV_RLS,RFPRIDR,MASTER_POLICY_RIDER,RIDER_EFF_DT,E2CP__KNOWLEDGE_BASE_URL,DATE EFFECTIVE,,,,,
RLS,RFPRIDR,REXP,,,BRZ_RLS,RFPRIDR,REXP,,,Direct,SLV_RLS,RFPRIDR,MASTER_POLICY_RIDER,RIDER_EXP_DT,E2CP__MOST_RECENT_PRIVATE_COMMENT,DATE EXPIRE,,,,,
RLS,RFPRIDR,RSTU,,,BRZ_RLS,RFPRIDR,RSTU,,,Direct,SLV_RLS,RFPRIDR,MASTER_POLICY_RIDER,RIDER_STATUS,E2CP__MOST_RECENT_PUBLIC_COMMENT,RIDER STATUS,,,,,
RLS,RFPRIDR,RPLAN,,,BRZ_RLS,RFPRIDR,RPLAN,,,Direct,SLV_RLS,RFPRIDR,MASTER_POLICY_RIDER,PRODUCT_CD,E2CPAYTODATE,PLAN CODE,,,,,
RLS,RFPRIDR,RPLANN,,,BRZ_RLS,RFPRIDR,RPLANN,,,Direct,SLV_RLS,RFPRIDR,MASTER_POLICY_RIDER,PLAN_NUM_CD,E2CPOLICY_NO,NUMERIC CODE,,,,,
RLS,RFPRIDR,RTO,,,BRZ_RLS,RFPRIDR,RTO,,,Direct,SLV_RLS,RFPRIDR,MASTER_POLICY_RIDER,,E2CSALDO,ATTACH TO,,,,,
RLS,RFPRIDR,RPKGT,,,BRZ_RLS,RFPRIDR,RPKGT,,,Direct,SLV_RLS,RFPRIDR,MASTER_POLICY_RIDER,RIDER_PACKAGE_TO,E2CSUBJECT,PACKAGED TO,,,,,
RLS,RFPRIDR,RSA,,,BRZ_RLS,RFPRIDR,RSA,,,Direct,SLV_RLS,RFPRIDR,MASTER_POLICY_RIDER,RIDER_PREMI_AMT,EMAIL_AGENT,AMOUNT,,,,,
RLS,RFPRIDR,RTSA,,,BRZ_RLS,RFPRIDR,RTSA,,,Direct,SLV_RLS,RFPRIDR,MASTER_POLICY_RIDER,RIDER_INSURED_AMT,EMAIL_DT_TEST,TOTAL SUM INSURED,,,,,
RLS,RFPRIDR,RINXO,,,BRZ_RLS,RFPRIDR,RINXO,,,Direct,SLV_RLS,RFPRIDR,MASTER_POLICY_RIDER,,EMAIL_DUE_DT,INDEXATION OPTION,,,,,
RLS,RFPRIDR,RINXP,,,BRZ_RLS,RFPRIDR,RINXP,,,Direct,SLV_RLS,RFPRIDR,MASTER_POLICY_RIDER,,EMAIL_DUE_DT_IN_DATETIME,INDEXED POLICY,,,,,
RLS,RFPRIDR,RCLS,,,BRZ_RLS,RFPRIDR,RCLS,,,Direct,SLV_RLS,RFPRIDR,MASTER_POLICY_RIDER,,EMAIL_FIRST_RESPONSE_DT,CLASS CODE,,,,,
RLS,RFPRIDR,RPR,,,BRZ_RLS,RFPRIDR,RPR,,,Direct,SLV_RLS,RFPRIDR,MASTER_POLICY_RIDER,,EMAIL_INBOX,BASIC PREMIUM RATE,,,,,
RLS,RFPRIDR,RPRL,,,BRZ_RLS,RFPRIDR,RPRL,,,Direct,SLV_RLS,RFPRIDR,MASTER_POLICY_RIDER,,EMAIL_MESSAGE_DT,LOADING,,,,,
RLS,RFPRIDR,RPRLT,,,BRZ_RLS,RFPRIDR,RPRLT,,,Direct,SLV_RLS,RFPRIDR,MASTER_POLICY_RIDER,,EMAIL_SCORING_COUNTER,TEMP. LOADING,,,,,
RLS,RFPRIDR,RPRLTE,,,BRZ_RLS,RFPRIDR,RPRLTE,,,Direct,SLV_RLS,RFPRIDR,MASTER_POLICY_RIDER,,EMAIL_SENT,LOADING EXPIRY,,,,,
RLS,RFPRIDR,RAGTC1,,,BRZ_RLS,RFPRIDR,RAGTC1,,,Direct,SLV_RLS,RFPRIDR,MASTER_POLICY_RIDER,,EMAIL_SLA,1ST COMM %,,,,,
RLS,RFPRIDR,RAGTC2,,,BRZ_RLS,RFPRIDR,RAGTC2,,,Direct,SLV_RLS,RFPRIDR,MASTER_POLICY_RIDER,,EMAIL_SPV,2ND COMM %,,,,,
RLS,RFPRIDR,RAGTC3,,,BRZ_RLS,RFPRIDR,RAGTC3,,,Direct,SLV_RLS,RFPRIDR,MASTER_POLICY_RIDER,,EMAIL_STATUS,3RD COMM %,,,,,
RLS,RFPRIDR,RAGTC4,,,BRZ_RLS,RFPRIDR,RAGTC4,,,Direct,SLV_RLS,RFPRIDR,MASTER_POLICY_RIDER,,EMAIL_STATUS_F,4TH COMM %,,,,,
RLS,RFPRIDR,RAGTC5,,,BRZ_RLS,RFPRIDR,RAGTC5,,,Direct,SLV_RLS,RFPRIDR,MASTER_POLICY_RIDER,,EMAIL_TEXT_HOLIDAY_WEEKEND,5TH COMM %,,,,,
RLS,RFPRIDR,RAGTC6,,,BRZ_RLS,RFPRIDR,RAGTC6,,,Direct,SLV_RLS,RFPRIDR,MASTER_POLICY_RIDER,,EMAIL_TO_ADDR,6TH COMM %,,,,,
RLS,RFPRIDR,RAGTC7,,,BRZ_RLS,RFPRIDR,RAGTC7,,,Direct,SLV_RLS,RFPRIDR,MASTER_POLICY_RIDER,,ENGINEERING_REQ_NO,7TH COMM %,,,,,
RLS,RFPRIDR,RAGTC8,,,BRZ_RLS,RFPRIDR,RAGTC8,,,Direct,SLV_RLS,RFPRIDR,MASTER_POLICY_RIDER,,ENTITLEMENT_ID,8TH COMM %,,,,,
RLS,RFPRIDR,RAGTC9,,,BRZ_RLS,RFPRIDR,RAGTC9,,,Direct,SLV_RLS,RFPRIDR,MASTER_POLICY_RIDER,,ENTITY_BACKUP,9TH COMM %,,,,,
RLS,RFPRIDR,RAGTC10,,,BRZ_RLS,RFPRIDR,RAGTC10,,,Direct,SLV_RLS,RFPRIDR,MASTER_POLICY_RIDER,,ENTITY_CHECK,10TH COMM %,,,,,
RLS,RFPRIDR,RAGTC11,,,BRZ_RLS,RFPRIDR,RAGTC11,,,Direct,SLV_RLS,RFPRIDR,MASTER_POLICY_RIDER,,ESCALATED_FLOW,11TH COMM %,,,,,
RLS,RFPRIDR,RAPF,,,BRZ_RLS,RFPRIDR,RAPF,,,Direct,SLV_RLS,RFPRIDR,MASTER_POLICY_RIDER,IS_ESCALATED_FLOW_TAT,ESCALATED_FLOW_TAT,PREM ADJ FLAG,boolean,,,,
RLS,RFPRIDR,RDOT,,,BRZ_RLS,RFPRIDR,RDOT,,,Direct,SLV_RLS,RFPRIDR,MASTER_POLICY_RIDER,,ESCALATED_STEP,DATE LAST MAINT,,,,,
RLS,RFPRIDR,RTC,,,BRZ_RLS,RFPRIDR,RTC,,,Direct,SLV_RLS,RFPRIDR,MASTER_POLICY_RIDER,,ESCALATED_TO_HIST,MAINT CODE,,,,,
RLS,RFPRIDR,RTEFF,,,BRZ_RLS,RFPRIDR,RTEFF,,,Direct,SLV_RLS,RFPRIDR,MASTER_POLICY_RIDER,,EVENT_ID,MAINT EFFECTIVE,,,,,
RLS,RFPRIDR,RPKPCF,,,BRZ_RLS,RFPRIDR,RPKPCF,,,Direct,SLV_RLS,RFPRIDR,MASTER_POLICY_RIDER,IS_EXCLUDE_CCC,EXCLUDE_CCC,PACKAGE PLAN COMPONENT FLAG,boolean,,,,
RLS,RFPRIDR,RDECL,,,BRZ_RLS,RFPRIDR,RDECL,,,Direct,SLV_RLS,RFPRIDR,MASTER_POLICY_RIDER,IS_FCR2,FCR2,DECLINED'FLAG,boolean,,,,
RLS,RFPRIDR,RRBF,,,BRZ_RLS,RFPRIDR,RRBF,,,Direct,SLV_RLS,RFPRIDR,MASTER_POLICY_RIDER,IS_FCR,FCR,RB'FLAG,boolean,,,,
RLS,RFPRIDR,RTRB,,,BRZ_RLS,RFPRIDR,RTRB,,,Direct,SLV_RLS,RFPRIDR,MASTER_POLICY_RIDER,,FCR_CNT,TOTAL'RB'FACE VALUE,,,,,
RLS,RFPRIDR,RRB,,,BRZ_RLS,RFPRIDR,RRB,,,Direct,SLV_RLS,RFPRIDR,MASTER_POLICY_RIDER,,FINANCE_HEAD,RB'FACE'VALUE,,,,,
RLS,RFPRIDR,RRBL,,,BRZ_RLS,RFPRIDR,RRBL,,,Direct,SLV_RLS,RFPRIDR,MASTER_POLICY_RIDER,,FINANCIAL_IMPACT_RP,LAST'RB'FACE'VALUE,,,,,
RLS,RFPRIDR,RRBDTL,,,BRZ_RLS,RFPRIDR,RRBDTL,,,Direct,SLV_RLS,RFPRIDR,MASTER_POLICY_RIDER,,FINANCIAL_IMPACT_USD,LAST'RB'DATE,,,,,
RLS,RFPRIDR,RRBDT,,,BRZ_RLS,RFPRIDR,RRBDT,,,Direct,SLV_RLS,RFPRIDR,MASTER_POLICY_RIDER,,FINANCIAL_LOST,NEXT'RB'EFFEC TIVE DATE,,,,,
RLS,RFPRIDR,RTBS,,,BRZ_RLS,RFPRIDR,RTBS,,,Direct,SLV_RLS,RFPRIDR,MASTER_POLICY_RIDER,,FINANCIAL_LOST_CCY,TB'FACE'VALUE ON'SURRENDER,,,,,
RLS,RFPRIDR,RTBD,,,BRZ_RLS,RFPRIDR,RTBD,,,Direct,SLV_RLS,RFPRIDR,MASTER_POLICY_RIDER,,FIRST_CASE_ORIGIN,TB'FACE'VALUE ON'DEATH,,,,,
RLS,RFPRIDR,RTBM,,,BRZ_RLS,RFPRIDR,RTBM,,,Direct,SLV_RLS,RFPRIDR,MASTER_POLICY_RIDER,,FIRST_INBOX,TB'FACE'VALUE ON'MATURITY,,,,,
RLS,RFPRIDR,RTBP,,,BRZ_RLS,RFPRIDR,RTBP,,,Direct,SLV_RLS,RFPRIDR,MASTER_POLICY_RIDER,,FIRST_INTERACTION2,TB'FACE'VALUE ON'PAID'UP,,,,,
RLS,RFPRIDR,RTBSL,,,BRZ_RLS,RFPRIDR,RTBSL,,,Direct,SLV_RLS,RFPRIDR,MASTER_POLICY_RIDER,,FIRST_INTERACTION,LAST'TB'FACE VALUE'ON'SURR,,,,,
RLS,RFPRIDR,RTBDL,,,BRZ_RLS,RFPRIDR,RTBDL,,,Direct,SLV_RLS,RFPRIDR,MASTER_POLICY_RIDER,,FIRST_QUEUE,LAST'TB'FACE VALUE'ON'DEATH,,,,,
RLS,RFPRIDR,RTBML,,,BRZ_RLS,RFPRIDR,RTBML,,,Direct,SLV_RLS,RFPRIDR,MASTER_POLICY_RIDER,,FIRST_QUEUE_F,LAST'TB'FACE VALUE'ON'MATU,,,,,
RLS,RFPRIDR,RMTACA,,,BRZ_RLS,RFPRIDR,RMTACA,,,Direct,SLV_RLS,RFPRIDR,MASTER_POLICY_RIDER,,FIRST_QUEUE_ID,MAT.'AMOUNT FOR'ACCOUNT'PU,,,,,
RLS,RFPRIDR,REDT,,,BRZ_RLS,RFPRIDR,REDT,,,Direct,SLV_RLS,RFPRIDR,MASTER_POLICY_RIDER,,FLAGGING_EMAIL_SLA,ENDOWMENT'DATE,,,,,
RLS,RFPRIDR,RPRLS,,,BRZ_RLS,RFPRIDR,RPRLS,,,Direct,SLV_RLS,RFPRIDR,MASTER_POLICY_RIDER,,FLAGGING_SLA,EXTRA VARIES SUBSTANDARD LOADING PERCENTAGE,,,,,
RLS,RFPRIDR,RSCHB,,,BRZ_RLS,RFPRIDR,RSCHB,,,Direct,SLV_RLS,RFPRIDR,MASTER_POLICY_RIDER,,FLOW_ESCALATION,SCHEDULE COUPON AMOUNT,,,,,
RLS,RFPRIDR,RSCHI,,,BRZ_RLS,RFPRIDR,RSCHI,,,Direct,SLV_RLS,RFPRIDR,MASTER_POLICY_RIDER,,FOLLOW_DEBIT_DT,SCHEDULE COUPON INTEREST,,,,,
RLS,RFPRIDR,RSCHIM,,,BRZ_RLS,RFPRIDR,RSCHIM,,,Direct,SLV_RLS,RFPRIDR,MASTER_POLICY_RIDER,,FOLLOW_HOLD_DT,SCHEDULE COUPON INTEREST THIS MONTH,,,,,
RLS,RFPRIDR,RSCHDT,,,BRZ_RLS,RFPRIDR,RSCHDT,,,Direct,SLV_RLS,RFPRIDR,MASTER_POLICY_RIDER,,FOLLOW_UP_DAYS,NEXT ANNIVERSARY FOR SCHEDULE COUPON,,,,,
RLS,LFPCLMB,CLCO,,,BRZ_RLS,LFPCLMB,CLCO,,,Direct,SLV_RLS,LFPCLMB,MASTER_CLAIM,,FOLLOW_UP_IND,,,,,,
RLS,LFPCLMB,CLPNO,,,BRZ_RLS,LFPCLMB,CLPNO,,,Direct,SLV_RLS,LFPCLMB,MASTER_CLAIM,POLICY_NO,FREEZE_ASK_END_DT,,,,,,
RLS,LFPCLMB,CLCLM,,,BRZ_RLS,LFPCLMB,CLCLM,,,Direct,SLV_RLS,LFPCLMB,MASTER_CLAIM,CLAIM_NO,GENERAL_ATTITUDE,,,,,,
RLS,LFPCLMB,CLTYPE,,,BRZ_RLS,LFPCLMB,CLTYPE,,,Direct,SLV_RLS,LFPCLMB,MASTER_CLAIM,CLAIM_TYPE,HARI,,,,,,
RLS,LFPCLMB,CLADJ,,,BRZ_RLS,LFPCLMB,CLADJ,,,Direct,SLV_RLS,LFPCLMB,MASTER_CLAIM,,IS_COMMENTS_UNREAD_BY_OWNER,,,,,,
RLS,LFPCLMB,CLRNRK,,,BRZ_RLS,LFPCLMB,CLRNRK,,,Direct,SLV_RLS,LFPCLMB,MASTER_CLAIM,,IS_SELF_SERVICE_COMMENTS,,,,,,
RLS,LFPCLMB,CLRNRC,,,BRZ_RLS,LFPCLMB,CLRNRC,,,Direct,SLV_RLS,LFPCLMB,MASTER_CLAIM,,INBOUND_SPV,,,,,,
RLS,LFPCLMB,CLUSR,,,BRZ_RLS,LFPCLMB,CLUSR,,,Direct,SLV_RLS,LFPCLMB,MASTER_CLAIM,CLAIM_USER,INDICATOR,,,,,,
RLS,LFPCLMB,CLDOC,,,BRZ_RLS,LFPCLMB,CLDOC,,,Direct,SLV_RLS,LFPCLMB,MASTER_CLAIM,CLAIM_SUBMIT_DT,INQUIRY,,,,,,
RLS,LFPCLMB,CLDOT,,,BRZ_RLS,LFPCLMB,CLDOT,,,Direct,SLV_RLS,LFPCLMB,MASTER_CLAIM,CLAIM_DECISION_DT,INQUIRY_RECORDTYPEID,,,,,,
RLS,LFPCLMB,CLPDT,,,BRZ_RLS,LFPCLMB,CLPDT,,,Direct,SLV_RLS,LFPCLMB,MASTER_CLAIM,,INSURANCE_PRODUCT_TYPE,,,,,,
RLS,LFPCLMB,CLNAMF,,,BRZ_RLS,LFPCLMB,CLNAMF,,,Direct,SLV_RLS,LFPCLMB,MASTER_CLAIM,,INSURED_NM,,,,,,
RLS,LFPCLMB,CLNAME,,,BRZ_RLS,LFPCLMB,CLNAME,,,Direct,SLV_RLS,LFPCLMB,MASTER_CLAIM,,INTERACTION,,,,,,
RLS,LFPCLMB,CLCAU,,,BRZ_RLS,LFPCLMB,CLCAU,,,Direct,SLV_RLS,LFPCLMB,MASTER_CLAIM,,INTERMEDIARY_NM,,,,,,
RLS,LFPCLMB,CLDOI,,,BRZ_RLS,LFPCLMB,CLDOI,,,Direct,SLV_RLS,LFPCLMB,MASTER_CLAIM,CLAIM_INCIDENT_DT,INTERNAL_COMMENT,,,,,,
RLS,LFPCLMB,CLDOR,,,BRZ_RLS,LFPCLMB,CLDOR,,,Direct,SLV_RLS,LFPCLMB,MASTER_CLAIM,,IS_ASSIGNED_TO_ME,,,,,,
RLS,LFPCLMB,CLCLMF,,,BRZ_RLS,LFPCLMB,CLCLMF,,,Direct,SLV_RLS,LFPCLMB,MASTER_CLAIM,CLAIM_PERIOD_FROM_DT,IS_CALL_NOTE,,,,,,
RLS,LFPCLMB,CLCLMT,,,BRZ_RLS,LFPCLMB,CLCLMT,,,Direct,SLV_RLS,LFPCLMB,MASTER_CLAIM,CLAIM_PERIOD_TO_DT,IS_CUSTOMER,,,,,,
RLS,LFPCLMB,CLDIA1,,,BRZ_RLS,LFPCLMB,CLDIA1,,,Direct,SLV_RLS,LFPCLMB,MASTER_CLAIM,,IS_CUT_OFF_TIME,,,,,,
RLS,LFPCLMB,CLDIA2,,,BRZ_RLS,LFPCLMB,CLDIA2,,,Direct,SLV_RLS,LFPCLMB,MASTER_CLAIM,,IS_FOLLOW_UP,,,,,,
RLS,LFPCLMB,CLDIA3,,,BRZ_RLS,LFPCLMB,CLDIA3,,,Direct,SLV_RLS,LFPCLMB,MASTER_CLAIM,,IS_LOGGED_IN_USER,,,,,,
RLS,LFPCLMB,CLDRCD,,,BRZ_RLS,LFPCLMB,CLDRCD,,,Direct,SLV_RLS,LFPCLMB,MASTER_CLAIM,,IS_LOGGED_IN_USER_CMU_AGENT,,,,,,
RLS,LFPCLMB,CLICDE,,,BRZ_RLS,LFPCLMB,CLICDE,,,Direct,SLV_RLS,LFPCLMB,MASTER_CLAIM,IMPAIRMENT_CD,IS_LOGGED_IN_USER_PIC,,,,,,
RLS,LFPCLMB,CLICD2,,,BRZ_RLS,LFPCLMB,CLICD2,,,Direct,SLV_RLS,LFPCLMB,MASTER_CLAIM,,IS_LOGGED_IN_USER_PIC_BO,,,,,,
RLS,LFPCLMB,CLICD3,,,BRZ_RLS,LFPCLMB,CLICD3,,,Direct,SLV_RLS,LFPCLMB,MASTER_CLAIM,,IS_OVERDUE_EMAIL,,,,,,
RLS,LFPCLMB,CLDSTL,,,BRZ_RLS,LFPCLMB,CLDSTL,,,Direct,SLV_RLS,LFPCLMB,MASTER_CLAIM,,IS_REPLIED,,,,,,
RLS,LFPCLMB,CLDFOL,,,BRZ_RLS,LFPCLMB,CLDFOL,,,Direct,SLV_RLS,LFPCLMB,MASTER_CLAIM,,IS_TAGGED_ALREADY,,,,,,
RLS,LFPCLMB,CLSTU,,,BRZ_RLS,LFPCLMB,CLSTU,,,Direct,SLV_RLS,LFPCLMB,MASTER_CLAIM,CLAIM_STATUS_CD,ISAPPROVED,,,,,,
RLS,LFPCLMB,CLSCCY,,,BRZ_RLS,LFPCLMB,CLSCCY,,,Direct,SLV_RLS,LFPCLMB,MASTER_CLAIM,,ISAUTOREPLY,,,,,,
RLS,LFPCLMB,CLPCCY,,,BRZ_RLS,LFPCLMB,CLPCCY,,,Direct,SLV_RLS,LFPCLMB,MASTER_CLAIM,CLAIM_CCY_CD,IS_CLOSED,,,,,,
RLS,LFPCLMB,CLPAY,,,BRZ_RLS,LFPCLMB,CLPAY,,,Direct,SLV_RLS,LFPCLMB,MASTER_CLAIM,CLAIM_PAID_AMT,IS_CLOSED_ON_CREATE,,,,,,
RLS,LFPCLMB,CLOTH1,,,BRZ_RLS,LFPCLMB,CLOTH1,,,Direct,SLV_RLS,LFPCLMB,MASTER_CLAIM,,IS_ESCALATED,,,,,,
RLS,LFPCLMB,CLAMT1,,,BRZ_RLS,LFPCLMB,CLAMT1,,,Direct,SLV_RLS,LFPCLMB,MASTER_CLAIM,,ISEVENT,,,,,,
RLS,LFPCLMB,CLOTH2,,,BRZ_RLS,LFPCLMB,CLOTH2,,,Direct,SLV_RLS,LFPCLMB,MASTER_CLAIM,,ISHOLIDAY,,,,,,
RLS,LFPCLMB,CLAMT2,,,BRZ_RLS,LFPCLMB,CLAMT2,,,Direct,SLV_RLS,LFPCLMB,MASTER_CLAIM,,IS_SELF_SERVICE_CLOSED,,,,,,
RLS,LFPCLMB,CLPREM,,,BRZ_RLS,LFPCLMB,CLPREM,,,Direct,SLV_RLS,LFPCLMB,MASTER_CLAIM,,IS_STOPPED,,,,,,
RLS,LFPCLMB,CLPTD,,,BRZ_RLS,LFPCLMB,CLPTD,,,Direct,SLV_RLS,LFPCLMB,MASTER_CLAIM,,ISSUE_DT_POLICY,,,,,,
RLS,LFPCLMB,CLPCH,,,BRZ_RLS,LFPCLMB,CLPCH,,,Direct,SLV_RLS,LFPCLMB,MASTER_CLAIM,,IS_VISIBLE_IN_SELF_SERVICE,,,,,,
RLS,LFPCLMB,CLCOI,,,BRZ_RLS,LFPCLMB,CLCOI,,,Direct,SLV_RLS,LFPCLMB,MASTER_CLAIM,,JENIS_PERTANGGUNGAN,,,,,,
RLS,LFPCLMB,CLAMC,,,BRZ_RLS,LFPCLMB,CLAMC,,,Direct,SLV_RLS,LFPCLMB,MASTER_CLAIM,,LAMPIRAN,,,,,,
RLS,LFPCLMB,CLCOID,,,BRZ_RLS,LFPCLMB,CLCOID,,,Direct,SLV_RLS,LFPCLMB,MASTER_CLAIM,,LAST_CALL,,,,,,
RLS,LFPCLMB,CLAPR1,,,BRZ_RLS,LFPCLMB,CLAPR1,,,Direct,SLV_RLS,LFPCLMB,MASTER_CLAIM,,LAST_CHILD_CASE,,,,,,
RLS,LFPCLMB,CLAPR2,,,BRZ_RLS,LFPCLMB,CLAPR2,,,Direct,SLV_RLS,LFPCLMB,MASTER_CLAIM,,IS_LAST_CHILD_CASE,,,,,,
RLS,LFPCLMB,CLAPC1,,,BRZ_RLS,LFPCLMB,CLAPC1,,,Direct,SLV_RLS,LFPCLMB,MASTER_CLAIM,,LAST_COMMENT,,,,,,
RLS,LFPCLMB,CLAPC2,,,BRZ_RLS,LFPCLMB,CLAPC2,,,Direct,SLV_RLS,LFPCLMB,MASTER_CLAIM,,LAST_INTERACTION,,,,,,
RLS,LFPCLMB,CLREA,,,BRZ_RLS,LFPCLMB,CLREA,,,Direct,SLV_RLS,LFPCLMB,MASTER_CLAIM,,LAST_NAMED_USER,,,,,,
RLS,LFPCLMB,CLRPY,,,BRZ_RLS,LFPCLMB,CLRPY,,,Direct,SLV_RLS,LFPCLMB,MASTER_CLAIM,,LAST_POST_BY,,,,,,
RLS,LFPCLMB,CLASOR,,,BRZ_RLS,LFPCLMB,CLASOR,,,Direct,SLV_RLS,LFPCLMB,MASTER_CLAIM,CLAIM_ACCESSOR,LAST_POST_MESSAGE,,,,,,
RLS,LFPCLMB,CLLTER,,,BRZ_RLS,LFPCLMB,CLLTER,,,Direct,SLV_RLS,LFPCLMB,MASTER_CLAIM,CLAIM_REASON,LAST_POST_PROVIDER,,,,,,
RLS,LFPCLMB,CLPAR,,,BRZ_RLS,LFPCLMB,CLPAR,,,Direct,SLV_RLS,LFPCLMB,MASTER_CLAIM,IS_LAST_POST_URL,LAST_POST_URL,,boolean,,,,
RLS,LFPCLMB,CLRIA,,,BRZ_RLS,LFPCLMB,CLRIA,,,Direct,SLV_RLS,LFPCLMB,MASTER_CLAIM,,LAST_POSTED_DT,,,,,,
RLS,LFPCLMB,CLCNF,,,BRZ_RLS,LFPCLMB,CLCNF,,,Direct,SLV_RLS,LFPCLMB,MASTER_CLAIM,IS_LEADER_CMU_DECISION,LEADER_CMU_DECISION,,boolean,,,,
RLS,LFPCLMB,CLANAMT,,,BRZ_RLS,LFPCLMB,CLANAMT,,,Direct,SLV_RLS,LFPCLMB,MASTER_CLAIM,,LEVEL_OF_COMPLAINT,,,,,,
RLS,LFPCLMB,CLPAYSA,,,BRZ_RLS,LFPCLMB,CLPAYSA,,,Direct,SLV_RLS,LFPCLMB,MASTER_CLAIM,,LICENSE_NO,,,,,,
RLS,LFPCLMHB,PNO,,,BRZ_RLS,LFPCLMHB,PNO,,,Direct,SLV_RLS,LFPCLMHB,CLAIM_HOSPITAL_HIST,POLICY_NO,LINE_QUEUE,,,,,,
RLS,LFPCLMHB,DEPNO,,,BRZ_RLS,LFPCLMHB,DEPNO,,,Direct,SLV_RLS,LFPCLMHB,CLAIM_HOSPITAL_HIST,,LINKTOOPENCASEEMAIL,,,,,,
RLS,LFPCLMHB,HCPDT,,,BRZ_RLS,LFPCLMHB,HCPDT,,,Direct,SLV_RLS,LFPCLMHB,CLAIM_HOSPITAL_HIST,,LOKASI_SURVEY,,,,,,
RLS,LFPCLMHB,HCLMNO,,,BRZ_RLS,LFPCLMHB,HCLMNO,,,Direct,SLV_RLS,LFPCLMHB,CLAIM_HOSPITAL_HIST,CLAIM_HEALTH_NO,LOSS_IMPACTED,,,,,,
RLS,LFPCLMHB,HCDOAD,,,BRZ_RLS,LFPCLMHB,HCDOAD,,,Direct,SLV_RLS,LFPCLMHB,CLAIM_HOSPITAL_HIST,CLAIM_HEALTH_ADMISSION_DT,MACHINE_CAPACITY,,,,,,
RLS,LFPCLMHB,HCDODS,,,BRZ_RLS,LFPCLMHB,HCDODS,,,Direct,SLV_RLS,LFPCLMHB,CLAIM_HOSPITAL_HIST,CLAIM_HEALTH_DISCHARGE_DT,MACHINE_NO,,,,,,
RLS,LFPCLMHB,HCHOSP,,,BRZ_RLS,LFPCLMHB,HCHOSP,,,Direct,SLV_RLS,LFPCLMHB,CLAIM_HOSPITAL_HIST,CLAIM_HEALTH_HOSPITAL_CD,MAGI,,,,,,
RLS,LFPCLMHB,HCDIA,,,BRZ_RLS,LFPCLMHB,HCDIA,,,Direct,SLV_RLS,LFPCLMHB,CLAIM_HOSPITAL_HIST,CLAIM_HEALTH_DIAGNOSIS_CD,MANAGER,,,,,,
RLS,LFPCLMHB,HCDRCD,,,BRZ_RLS,LFPCLMHB,HCDRCD,,,Direct,SLV_RLS,LFPCLMHB,CLAIM_HOSPITAL_HIST,,MANUALCLOSEDCASE,,,,,,
RLS,LFPCLMHB,HCDOT,,,BRZ_RLS,LFPCLMHB,HCDOT,,,Direct,SLV_RLS,LFPCLMHB,CLAIM_HOSPITAL_HIST,CLAIM_HEALTH_DECISION_DT,MILESTONE_STATUS,,,,,,
RLS,LFPCLMHB,HCDOS,,,BRZ_RLS,LFPCLMHB,HCDOS,,,Direct,SLV_RLS,LFPCLMHB,CLAIM_HOSPITAL_HIST,CLAIM_HEALTH_SUBMIT_DT,MO_CD,,,,,,
RLS,LFPCLMHB,HCDOP,,,BRZ_RLS,LFPCLMHB,HCDOP,,,Direct,SLV_RLS,LFPCLMHB,CLAIM_HOSPITAL_HIST,,MO_NM,,,,,,
RLS,LFPCLMHB,HCREM,,,BRZ_RLS,LFPCLMHB,HCREM,,,Direct,SLV_RLS,LFPCLMHB,CLAIM_HOSPITAL_HIST,,MONTH,,,,,,
RLS,LFPCLMHB,HCSTU,,,BRZ_RLS,LFPCLMHB,HCSTU,,,Direct,SLV_RLS,LFPCLMHB,CLAIM_HOSPITAL_HIST,CLAIM_HEALTH_STATUS_CD,MOT,,,,,,
RLS,LFPCLMHB,HCTYPE,,,BRZ_RLS,LFPCLMHB,HCTYPE,,,Direct,SLV_RLS,LFPCLMHB,CLAIM_HOSPITAL_HIST,CLAIM_HEALTH_TYPE_CD,MULTICREATE,,,,,,
RLS,LFPCLMHB,HCLTER,,,BRZ_RLS,LFPCLMHB,HCLTER,,,Direct,SLV_RLS,LFPCLMHB,CLAIM_HOSPITAL_HIST,CLAIM_HEALTH_REASON,MULTISELECT,,,,,,
RLS,LFPCLMHB,HCPLAN,,,BRZ_RLS,LFPCLMHB,HCPLAN,,,Direct,SLV_RLS,LFPCLMHB,CLAIM_HOSPITAL_HIST,RIDER_PRODUCT_CD,NAMED_USER,,,,,,
RLS,LFPCLMHB,HCDBNF,,,BRZ_RLS,LFPCLMHB,HCDBNF,,,Direct,SLV_RLS,LFPCLMHB,CLAIM_HOSPITAL_HIST,,NATURE,,,,,,
RLS,LFPCLMHB,HCPCCY,,,BRZ_RLS,LFPCLMHB,HCPCCY,,,Direct,SLV_RLS,LFPCLMHB,CLAIM_HOSPITAL_HIST,,NATURE_CONFIG,,,,,,
RLS,LFPCLMHB,HCCCY,,,BRZ_RLS,LFPCLMHB,HCCCY,,,Direct,SLV_RLS,LFPCLMHB,CLAIM_HOSPITAL_HIST,CLAIM_HEALTH_CCY_CD,NATURE_OLD_NEW_NOT_EQUAL,,,,,,
RLS,LFPCLMHB,HCBCCY,,,BRZ_RLS,LFPCLMHB,HCBCCY,,,Direct,SLV_RLS,LFPCLMHB,CLAIM_HOSPITAL_HIST,,NAV,,,,,,
RLS,LFPCLMHB,HCHIP,,,BRZ_RLS,LFPCLMHB,HCHIP,,,Direct,SLV_RLS,LFPCLMHB,CLAIM_HOSPITAL_HIST,CLAIM_HEALTH_INPATIENT_AMT,NDA_DT,,,,,,
RLS,LFPCLMHB,HCHIDC,,,BRZ_RLS,LFPCLMHB,HCHIDC,,,Direct,SLV_RLS,LFPCLMHB,CLAIM_HOSPITAL_HIST,CLAIM_HEALTH_INP_DAY_CLAIMED,NEGATIVE_FEEDBACK,,,,,,
RLS,LFPCLMHB,HCHIDP,,,BRZ_RLS,LFPCLMHB,HCHIDP,,,Direct,SLV_RLS,LFPCLMHB,CLAIM_HOSPITAL_HIST,CLAIM_HEALTH_INP_DAY_PAID,NEW_PICKLIST_FIELD,,,,,,
RLS,LFPCLMHB,HCHIRM,,,BRZ_RLS,LFPCLMHB,HCHIRM,,,Direct,SLV_RLS,LFPCLMHB,CLAIM_HOSPITAL_HIST,,NEXT_APPROVER,,,,,,
RLS,LFPCLMHB,HCHCP,,,BRZ_RLS,LFPCLMHB,HCHCP,,,Direct,SLV_RLS,LFPCLMHB,CLAIM_HOSPITAL_HIST,CLAIM_HEALTH_ICU_AMT,NEXT_APPROVER_AFI,,,,,,
RLS,LFPCLMHB,HCHCDC,,,BRZ_RLS,LFPCLMHB,HCHCDC,,,Direct,SLV_RLS,LFPCLMHB,CLAIM_HOSPITAL_HIST,CLAIM_HEALTH_ICU_DAY_CLAIMED,NEXT_DEPARTMENT,,,,,,
RLS,LFPCLMHB,HCHCDP,,,BRZ_RLS,LFPCLMHB,HCHCDP,,,Direct,SLV_RLS,LFPCLMHB,CLAIM_HOSPITAL_HIST,CLAIM_HEALTH_ICU_DAY_PAID,NO_NEED_TO_REPLY_NEW,,,,,,
RLS,LFPCLMHB,HCHCRM,,,BRZ_RLS,LFPCLMHB,HCHCRM,,,Direct,SLV_RLS,LFPCLMHB,CLAIM_HOSPITAL_HIST,,NO_OWNER,,,,,,
RLS,LFPCLMHB,HCRBB,,,BRZ_RLS,LFPCLMHB,HCRBB,,,Direct,SLV_RLS,LFPCLMHB,CLAIM_HOSPITAL_HIST,,NON_ACTIVE_QUEUE_ID,,,,,,
RLS,LFPCLMHB,HCRBC,,,BRZ_RLS,LFPCLMHB,HCRBC,,,Direct,SLV_RLS,LFPCLMHB,CLAIM_HOSPITAL_HIST,,NON_ACTIVE_QUEUE_NM,,,,,,
RLS,LFPCLMHB,HCRBO,,,BRZ_RLS,LFPCLMHB,HCRBO,,,Direct,SLV_RLS,LFPCLMHB,CLAIM_HOSPITAL_HIST,,NON_FCR,,,,,,
RLS,LFPCLMHB,HCRBP,,,BRZ_RLS,LFPCLMHB,HCRBP,,,Direct,SLV_RLS,LFPCLMHB,CLAIM_HOSPITAL_HIST,,NON_INQUIRY,,,,,,
RLS,LFPCLMHB,HCRBDY,,,BRZ_RLS,LFPCLMHB,HCRBDY,,,Direct,SLV_RLS,LFPCLMHB,CLAIM_HOSPITAL_HIST,,NONPP,,,,,,
RLS,LFPCLMHB,HCRBRM,,,BRZ_RLS,LFPCLMHB,HCRBRM,,,Direct,SLV_RLS,LFPCLMHB,CLAIM_HOSPITAL_HIST,,OBJEK_PERTANGGUNGAN,,,,,,
RLS,LFPCLMHB,HCICB,,,BRZ_RLS,LFPCLMHB,HCICB,,,Direct,SLV_RLS,LFPCLMHB,CLAIM_HOSPITAL_HIST,,OLD_CHS_CREATED_BY,,,,,,
RLS,LFPCLMHB,HCICC,,,BRZ_RLS,LFPCLMHB,HCICC,,,Direct,SLV_RLS,LFPCLMHB,CLAIM_HOSPITAL_HIST,,OLD_CHS_CREATED_DT,,,,,,
RLS,LFPCLMHB,HCICO,,,BRZ_RLS,LFPCLMHB,HCICO,,,Direct,SLV_RLS,LFPCLMHB,CLAIM_HOSPITAL_HIST,,OPEN,,,,,,
RLS,LFPCLMHB,HCICP,,,BRZ_RLS,LFPCLMHB,HCICP,,,Direct,SLV_RLS,LFPCLMHB,CLAIM_HOSPITAL_HIST,,OPERATION_SUPPORT_HEAD,,,,,,
RLS,LFPCLMHB,HCICDY,,,BRZ_RLS,LFPCLMHB,HCICDY,,,Direct,SLV_RLS,LFPCLMHB,CLAIM_HOSPITAL_HIST,,ORIGIN,,,,,,
RLS,LFPCLMHB,HCICRM,,,BRZ_RLS,LFPCLMHB,HCICRM,,,Direct,SLV_RLS,LFPCLMHB,CLAIM_HOSPITAL_HIST,,ORIGIN_CUSTOM,,,,,,
RLS,LFPCLMHB,HCHEB,,,BRZ_RLS,LFPCLMHB,HCHEB,,,Direct,SLV_RLS,LFPCLMHB,CLAIM_HOSPITAL_HIST,,OTHER_INFORMATION,,,,,,
RLS,LFPCLMHB,HCHEC,,,BRZ_RLS,LFPCLMHB,HCHEC,,,Direct,SLV_RLS,LFPCLMHB,CLAIM_HOSPITAL_HIST,,OTHERS_DETAIL,,,,,,
RLS,LFPCLMHB,HCHEO,,,BRZ_RLS,LFPCLMHB,HCHEO,,,Direct,SLV_RLS,LFPCLMHB,CLAIM_HOSPITAL_HIST,,OUTBOUND_SPV,,,,,,
RLS,LFPCLMHB,HCHEP,,,BRZ_RLS,LFPCLMHB,HCHEP,,,Direct,SLV_RLS,LFPCLMHB,CLAIM_HOSPITAL_HIST,,OVER_SLA_EMAIL_AFI,,,,,,
RLS,LFPCLMHB,HCHERM,,,BRZ_RLS,LFPCLMHB,HCHERM,,,Direct,SLV_RLS,LFPCLMHB,CLAIM_HOSPITAL_HIST,,OVER_SLA_EMAIL_AMFS,,,,,,
RLS,LFPCLMHB,HCPVIB,,,BRZ_RLS,LFPCLMHB,HCPVIB,,,Direct,SLV_RLS,LFPCLMHB,CLAIM_HOSPITAL_HIST,,OVER_SLA_EMAIL_MAGI_CUSTOMER,,,,,,
RLS,LFPCLMHB,HCPVIC,,,BRZ_RLS,LFPCLMHB,HCPVIC,,,Direct,SLV_RLS,LFPCLMHB,CLAIM_HOSPITAL_HIST,,OWNER_ENTITY,,,,,,
RLS,LFPCLMHB,HCPVIO,,,BRZ_RLS,LFPCLMHB,HCPVIO,,,Direct,SLV_RLS,LFPCLMHB,CLAIM_HOSPITAL_HIST,,OWNER_PROFILE_NM,,,,,,
RLS,LFPCLMHB,HCPVIP,,,BRZ_RLS,LFPCLMHB,HCPVIP,,,Direct,SLV_RLS,LFPCLMHB,CLAIM_HOSPITAL_HIST,,PAID_AMT,,,,,,
RLS,LFPCLMHB,HCPVID,,,BRZ_RLS,LFPCLMHB,HCPVID,,,Direct,SLV_RLS,LFPCLMHB,CLAIM_HOSPITAL_HIST,,PARENT_CASE_NO,,,,,,
RLS,LFPCLMHB,HCPIRM,,,BRZ_RLS,LFPCLMHB,HCPIRM,,,Direct,SLV_RLS,LFPCLMHB,CLAIM_HOSPITAL_HIST,,PARENT_CASE_OWNER,,,,,,
RLS,LFPCLMHB,HCINPB,,,BRZ_RLS,LFPCLMHB,HCINPB,,,Direct,SLV_RLS,LFPCLMHB,CLAIM_HOSPITAL_HIST,,PARENT_CASE_TYPE_CONFIG,,,,,,
RLS,LFPCLMHB,HCINPC,,,BRZ_RLS,LFPCLMHB,HCINPC,,,Direct,SLV_RLS,LFPCLMHB,CLAIM_HOSPITAL_HIST,,PARENT_DT_TIME_OPENED,,,,,,
RLS,LFPCLMHB,HCINPO,,,BRZ_RLS,LFPCLMHB,HCINPO,,,Direct,SLV_RLS,LFPCLMHB,CLAIM_HOSPITAL_HIST,,PARENT_SUBJECT,,,,,,
RLS,LFPCLMHB,HCINPP,,,BRZ_RLS,LFPCLMHB,HCINPP,,,Direct,SLV_RLS,LFPCLMHB,CLAIM_HOSPITAL_HIST,,PARENT_TYPE,,,,,,
RLS,LFPCLMHB,HCINRM,,,BRZ_RLS,LFPCLMHB,HCINRM,,,Direct,SLV_RLS,LFPCLMHB,CLAIM_HOSPITAL_HIST,,PARENT_ID,,,,,,
RLS,LFPCLMHB,HCSGB,,,BRZ_RLS,LFPCLMHB,HCSGB,,,Direct,SLV_RLS,LFPCLMHB,CLAIM_HOSPITAL_HIST,,PAYTODATE,,,,,,
RLS,LFPCLMHB,HCSGC,,,BRZ_RLS,LFPCLMHB,HCSGC,,,Direct,SLV_RLS,LFPCLMHB,CLAIM_HOSPITAL_HIST,,PENDING_STATUS,,,,,,
RLS,LFPCLMHB,HCSGO,,,BRZ_RLS,LFPCLMHB,HCSGO,,,Direct,SLV_RLS,LFPCLMHB,CLAIM_HOSPITAL_HIST,,PERIODE,,,,,,
RLS,LFPCLMHB,HCSGP,,,BRZ_RLS,LFPCLMHB,HCSGP,,,Direct,SLV_RLS,LFPCLMHB,CLAIM_HOSPITAL_HIST,CLAIM_HEALTH_SURGERY_AMT,PIC,,,,,,
RLS,LFPCLMHB,HCSGPC,,,BRZ_RLS,LFPCLMHB,HCSGPC,,,Direct,SLV_RLS,LFPCLMHB,CLAIM_HOSPITAL_HIST,,PIC_CLAIM,,,,,,
RLS,LFPCLMHB,HCSGRM,,,BRZ_RLS,LFPCLMHB,HCSGRM,,,Direct,SLV_RLS,LFPCLMHB,CLAIM_HOSPITAL_HIST,,PIC_CMU,,,,,,
RLS,LFPCLMHB,HCANAB,,,BRZ_RLS,LFPCLMHB,HCANAB,,,Direct,SLV_RLS,LFPCLMHB,CLAIM_HOSPITAL_HIST,,PIC_CO,,,,,,
RLS,LFPCLMHB,HCANAC,,,BRZ_RLS,LFPCLMHB,HCANAC,,,Direct,SLV_RLS,LFPCLMHB,CLAIM_HOSPITAL_HIST,,PIC_COLLECTION,,,,,,
RLS,LFPCLMHB,HCANAO,,,BRZ_RLS,LFPCLMHB,HCANAO,,,Direct,SLV_RLS,LFPCLMHB,CLAIM_HOSPITAL_HIST,,PIC_DEPARTMENT_LU,,,,,,
RLS,LFPCLMHB,HCANAP,,,BRZ_RLS,LFPCLMHB,HCANAP,,,Direct,SLV_RLS,LFPCLMHB,CLAIM_HOSPITAL_HIST,,PIC_FINANCE,,,,,,
RLS,LFPCLMHB,HCANAR,,,BRZ_RLS,LFPCLMHB,HCANAR,,,Direct,SLV_RLS,LFPCLMHB,CLAIM_HOSPITAL_HIST,,PIC_SALES,,,,,,
RLS,LFPCLMHB,HCOTB,,,BRZ_RLS,LFPCLMHB,HCOTB,,,Direct,SLV_RLS,LFPCLMHB,CLAIM_HOSPITAL_HIST,,PIC_SURVEYOR,,,,,,
RLS,LFPCLMHB,HCOTC,,,BRZ_RLS,LFPCLMHB,HCOTC,,,Direct,SLV_RLS,LFPCLMHB,CLAIM_HOSPITAL_HIST,,POLICY_EFFECTIVE_DT,,,,,,
RLS,LFPCLMHB,HCOTO,,,BRZ_RLS,LFPCLMHB,HCOTO,,,Direct,SLV_RLS,LFPCLMHB,CLAIM_HOSPITAL_HIST,,POLICY_LEVEL,,,,,,
RLS,LFPCLMHB,HCOTP,,,BRZ_RLS,LFPCLMHB,HCOTP,,,Direct,SLV_RLS,LFPCLMHB,CLAIM_HOSPITAL_HIST,,POLICY_NUMBER,,,,,,
RLS,LFPCLMHB,HCOTR,,,BRZ_RLS,LFPCLMHB,HCOTR,,,Direct,SLV_RLS,LFPCLMHB,CLAIM_HOSPITAL_HIST,,POLICY_NUMBERS,,,,,,
RLS,LFPCLMHB,HCAAB,,,BRZ_RLS,LFPCLMHB,HCAAB,,,Direct,SLV_RLS,LFPCLMHB,CLAIM_HOSPITAL_HIST,,POLICY_STATUS,,,,,,
RLS,LFPCLMHB,HCAAC,,,BRZ_RLS,LFPCLMHB,HCAAC,,,Direct,SLV_RLS,LFPCLMHB,CLAIM_HOSPITAL_HIST,,POST_STATUS,,,,,,
RLS,LFPCLMHB,HCAAO,,,BRZ_RLS,LFPCLMHB,HCAAO,,,Direct,SLV_RLS,LFPCLMHB,CLAIM_HOSPITAL_HIST,,POTENTIALLIABILITY,,,,,,
RLS,LFPCLMHB,HCAAP,,,BRZ_RLS,LFPCLMHB,HCAAP,,,Direct,SLV_RLS,LFPCLMHB,CLAIM_HOSPITAL_HIST,,PRANK_CALL,,,,,,
RLS,LFPCLMHB,HCAARM,,,BRZ_RLS,LFPCLMHB,HCAARM,,,Direct,SLV_RLS,LFPCLMHB,CLAIM_HOSPITAL_HIST,,PREMIUM,,,,,,
RLS,LFPCLMHB,HCOPSB,,,BRZ_RLS,LFPCLMHB,HCOPSB,,,Direct,SLV_RLS,LFPCLMHB,CLAIM_HOSPITAL_HIST,,PRIORITY,,,,,,
RLS,LFPCLMHB,HCOPS,,,BRZ_RLS,LFPCLMHB,HCOPS,,,Direct,SLV_RLS,LFPCLMHB,CLAIM_HOSPITAL_HIST,,PRIORITY_CUSTOMER,,,,,,
RLS,LFPCLMHB,HCOPSO,,,BRZ_RLS,LFPCLMHB,HCOPSO,,,Direct,SLV_RLS,LFPCLMHB,CLAIM_HOSPITAL_HIST,,PRODUCT,,,,,,
RLS,LFPCLMHB,HCOPSP,,,BRZ_RLS,LFPCLMHB,HCOPSP,,,Direct,SLV_RLS,LFPCLMHB,CLAIM_HOSPITAL_HIST,,PRODUCT_AFI,,,,,,
RLS,LFPCLMHB,HCOPPC,,,BRZ_RLS,LFPCLMHB,HCOPPC,,,Direct,SLV_RLS,LFPCLMHB,CLAIM_HOSPITAL_HIST,,PRODUCT_ID,,,,,,
RLS,LFPCLMHB,HCOSRM,,,BRZ_RLS,LFPCLMHB,HCOSRM,,,Direct,SLV_RLS,LFPCLMHB,CLAIM_HOSPITAL_HIST,,PRODUCTION_YEAR,,,,,,
RLS,LFPCLMHB,HCEOPB,,,BRZ_RLS,LFPCLMHB,HCEOPB,,,Direct,SLV_RLS,LFPCLMHB,CLAIM_HOSPITAL_HIST,,PROGRESS_ACTION,,,,,,
RLS,LFPCLMHB,HCEOPC,,,BRZ_RLS,LFPCLMHB,HCEOPC,,,Direct,SLV_RLS,LFPCLMHB,CLAIM_HOSPITAL_HIST,,QUESTION_ID,,,,,,
RLS,LFPCLMHB,HCEOPO,,,BRZ_RLS,LFPCLMHB,HCEOPO,,,Direct,SLV_RLS,LFPCLMHB,CLAIM_HOSPITAL_HIST,,REASON,,,,,,
RLS,LFPCLMHB,HCEOPP,,,BRZ_RLS,LFPCLMHB,HCEOPP,,,Direct,SLV_RLS,LFPCLMHB,CLAIM_HOSPITAL_HIST,,REASON_NOT_MEET_SLA,,,,,,
RLS,LFPCLMHB,HCEORM,,,BRZ_RLS,LFPCLMHB,HCEORM,,,Direct,SLV_RLS,LFPCLMHB,CLAIM_HOSPITAL_HIST,,REASON_ROOT_CAUSE,,,,,,
RLS,LFPCLMHB,HCRDCB,,,BRZ_RLS,LFPCLMHB,HCRDCB,,,Direct,SLV_RLS,LFPCLMHB,CLAIM_HOSPITAL_HIST,,REASON_ROOT_CAUSE_CATEGORY,,,,,,
RLS,LFPCLMHB,HCRDCC,,,BRZ_RLS,LFPCLMHB,HCRDCC,,,Direct,SLV_RLS,LFPCLMHB,CLAIM_HOSPITAL_HIST,,RECEIVED_DT,,,,,,
RLS,LFPCLMHB,HCRDCO,,,BRZ_RLS,LFPCLMHB,HCRDCO,,,Direct,SLV_RLS,LFPCLMHB,CLAIM_HOSPITAL_HIST,,RECEIVED_PARTY,,,,,,
RLS,LFPCLMHB,HCRDCP,,,BRZ_RLS,LFPCLMHB,HCRDCP,,,Direct,SLV_RLS,LFPCLMHB,CLAIM_HOSPITAL_HIST,,RECOMMENDATION,,,,,,
RLS,LFPCLMHB,HCRCRM,,,BRZ_RLS,LFPCLMHB,HCRCRM,,,Direct,SLV_RLS,LFPCLMHB,CLAIM_HOSPITAL_HIST,,RECORD_TYPE_ID,,,,,,
RLS,LFPCLMHB,HCKDNB,,,BRZ_RLS,LFPCLMHB,HCKDNB,,,Direct,SLV_RLS,LFPCLMHB,CLAIM_HOSPITAL_HIST,,REGION,,,,,,
RLS,LFPCLMHB,HCKDNC,,,BRZ_RLS,LFPCLMHB,HCKDNC,,,Direct,SLV_RLS,LFPCLMHB,CLAIM_HOSPITAL_HIST,,RELATED_DEPARTMENT,,,,,,
RLS,LFPCLMHB,HCKDNO,,,BRZ_RLS,LFPCLMHB,HCKDNO,,,Direct,SLV_RLS,LFPCLMHB,CLAIM_HOSPITAL_HIST,,RELATED_DEPARTMENTS,,,,,,
RLS,LFPCLMHB,HCKDNP,,,BRZ_RLS,LFPCLMHB,HCKDNP,,,Direct,SLV_RLS,LFPCLMHB,CLAIM_HOSPITAL_HIST,,RELATED_TICKET,,,,,,
RLS,LFPCLMHB,HCKDRM,,,BRZ_RLS,LFPCLMHB,HCKDRM,,,Direct,SLV_RLS,LFPCLMHB,CLAIM_HOSPITAL_HIST,,REPEAT_CALL2,,,,,,
RLS,LFPCLMHB,HCT1C,,,BRZ_RLS,LFPCLMHB,HCT1C,,,Direct,SLV_RLS,LFPCLMHB,CLAIM_HOSPITAL_HIST,,REPEAT_CALL,,,,,,
RLS,LFPCLMHB,HCT1O,,,BRZ_RLS,LFPCLMHB,HCT1O,,,Direct,SLV_RLS,LFPCLMHB,CLAIM_HOSPITAL_HIST,,REPEAT_CALL_AGE,,,,,,
RLS,LFPCLMHB,HCT1P,,,BRZ_RLS,LFPCLMHB,HCT1P,,,Direct,SLV_RLS,LFPCLMHB,CLAIM_HOSPITAL_HIST,,REPEAT_CALL_THIS_MONTH,,,,,,
RLS,LFPCLMHB,HCT1D,,,BRZ_RLS,LFPCLMHB,HCT1D,,,Direct,SLV_RLS,LFPCLMHB,CLAIM_HOSPITAL_HIST,,REPORTED_BY,,,,,,
RLS,LFPCLMHB,HCT1RM,,,BRZ_RLS,LFPCLMHB,HCT1RM,,,Direct,SLV_RLS,LFPCLMHB,CLAIM_HOSPITAL_HIST,,REPORTED_BY_NM,,,,,,
RLS,LFPCLMHB,HCMNB,,,BRZ_RLS,LFPCLMHB,HCMNB,,,Direct,SLV_RLS,LFPCLMHB,CLAIM_HOSPITAL_HIST,,REPORTED_DT,,,,,,
RLS,LFPCLMHB,HCMNC,,,BRZ_RLS,LFPCLMHB,HCMNC,,,Direct,SLV_RLS,LFPCLMHB,CLAIM_HOSPITAL_HIST,,REPORTED_DEPT,,,,,,
RLS,LFPCLMHB,HCMNCO,,,BRZ_RLS,LFPCLMHB,HCMNCO,,,Direct,SLV_RLS,LFPCLMHB,CLAIM_HOSPITAL_HIST,,REPORTED_DEPT_FM,,,,,,
RLS,LFPCLMHB,HCMNP,,,BRZ_RLS,LFPCLMHB,HCMNP,,,Direct,SLV_RLS,LFPCLMHB,CLAIM_HOSPITAL_HIST,,REQUEST,,,,,,
RLS,LFPCLMHB,HCMNRM,,,BRZ_RLS,LFPCLMHB,HCMNRM,,,Direct,SLV_RLS,LFPCLMHB,CLAIM_HOSPITAL_HIST,,REQUEST_DT,,,,,,
RLS,LFPCLMHB,HCSMMB,,,BRZ_RLS,LFPCLMHB,HCSMMB,,,Direct,SLV_RLS,LFPCLMHB,CLAIM_HOSPITAL_HIST,,REQUEST_MANAGER,,,,,,
RLS,LFPCLMHB,HCSMMC,,,BRZ_RLS,LFPCLMHB,HCSMMC,,,Direct,SLV_RLS,LFPCLMHB,CLAIM_HOSPITAL_HIST,,REQUEST_MANAGER_EMAIL,,,,,,
RLS,LFPCLMHB,HCSMMO,,,BRZ_RLS,LFPCLMHB,HCSMMO,,,Direct,SLV_RLS,LFPCLMHB,CLAIM_HOSPITAL_HIST,,REQUEST_RECORDTYPE_ID,,,,,,
RLS,LFPCLMHB,HCSMMP,,,BRZ_RLS,LFPCLMHB,HCSMMP,,,Direct,SLV_RLS,LFPCLMHB,CLAIM_HOSPITAL_HIST,,REQUEST_TYPE,,,,,,
RLS,LFPCLMHB,HCSMMR,,,BRZ_RLS,LFPCLMHB,HCSMMR,,,Direct,SLV_RLS,LFPCLMHB,CLAIM_HOSPITAL_HIST,,RESPONSE_CD,,,,,,
RLS,LFPCLMHB,HCNBPR,,,BRZ_RLS,LFPCLMHB,HCNBPR,,,Direct,SLV_RLS,LFPCLMHB,CLAIM_HOSPITAL_HIST,,RESPONSE_DT,,,,,,
RLS,LFPCLMHB,HCNBPC,,,BRZ_RLS,LFPCLMHB,HCNBPC,,,Direct,SLV_RLS,LFPCLMHB,CLAIM_HOSPITAL_HIST,,RESPONSE_TIME_MIN,,,,,,
RLS,LFPCLMHB,HCNBC,,,BRZ_RLS,LFPCLMHB,HCNBC,,,Direct,SLV_RLS,LFPCLMHB,CLAIM_HOSPITAL_HIST,,ROOT_CAUSE,,,,,,
RLS,LFPCLMHB,HCNBSD,,,BRZ_RLS,LFPCLMHB,HCNBSD,,,Direct,SLV_RLS,LFPCLMHB,CLAIM_HOSPITAL_HIST,,SALDO,,,,,,
RLS,LFPCLMHB,HCNBED,,,BRZ_RLS,LFPCLMHB,HCNBED,,,Direct,SLV_RLS,LFPCLMHB,CLAIM_HOSPITAL_HIST,,SALES_DISTRIBUTION_HEAD,,,,,,
RLS,LFPCLMHB,HCPFLG,,,BRZ_RLS,LFPCLMHB,HCPFLG,,,Direct,SLV_RLS,LFPCLMHB,CLAIM_HOSPITAL_HIST,IS_SEGMENT_NM,SEGMENT_NM,,boolean,,,,
RLS,LFPCLMHB,HCPREM,,,BRZ_RLS,LFPCLMHB,HCPREM,,,Direct,SLV_RLS,LFPCLMHB,CLAIM_HOSPITAL_HIST,,SEND_AUTO_REPLY,,,,,,
RLS,LFPCLMHB,HCPTD,,,BRZ_RLS,LFPCLMHB,HCPTD,,,Direct,SLV_RLS,LFPCLMHB,CLAIM_HOSPITAL_HIST,,SENIOR_MANAGER,,,,,,
RLS,LFPCLMHB,HCPCH,,,BRZ_RLS,LFPCLMHB,HCPCH,,,Direct,SLV_RLS,LFPCLMHB,CLAIM_HOSPITAL_HIST,,SENSITIVE_CUSTOMER,,,,,,
RLS,LFPCLMHB,HCCOI,,,BRZ_RLS,LFPCLMHB,HCCOI,,,Direct,SLV_RLS,LFPCLMHB,CLAIM_HOSPITAL_HIST,,SERVICE_TYPE,,,,,,
RLS,LFPCLMHB,HCAMC,,,BRZ_RLS,LFPCLMHB,HCAMC,,,Direct,SLV_RLS,LFPCLMHB,CLAIM_HOSPITAL_HIST,,SF4TWITTER__AUTHOR_EXTERNAL_ID,,,,,,
RLS,LFPCLMHB,HCCOID,,,BRZ_RLS,LFPCLMHB,HCCOID,,,Direct,SLV_RLS,LFPCLMHB,CLAIM_HOSPITAL_HIST,,SF4TWITTER__TWITTER_USERNAME,,,,,,
RLS,LFPCLMHB,HCRPY,,,BRZ_RLS,LFPCLMHB,HCRPY,,,Direct,SLV_RLS,LFPCLMHB,CLAIM_HOSPITAL_HIST,,SF4TWITTER__TWITTERID,,,,,,
RLS,LFPCLMHB,HCASOR,,,BRZ_RLS,LFPCLMHB,HCASOR,,,Direct,SLV_RLS,LFPCLMHB,CLAIM_HOSPITAL_HIST,CLAIM_HEALTH_ACCESSOR,SLA_CASE_CLOSED,,,,,,
RLS,LFPCLMHB,HCREA,,,BRZ_RLS,LFPCLMHB,HCREA,,,Direct,SLV_RLS,LFPCLMHB,CLAIM_HOSPITAL_HIST,,SLA_EXIT_DT,,,,,,
RLS,LFPCLMHB,HCAPR1,,,BRZ_RLS,LFPCLMHB,HCAPR1,,,Direct,SLV_RLS,LFPCLMHB,CLAIM_HOSPITAL_HIST,,SLA_START_DT,,,,,,
RLS,LFPCLMHB,HCAPR2,,,BRZ_RLS,LFPCLMHB,HCAPR2,,,Direct,SLV_RLS,LFPCLMHB,CLAIM_HOSPITAL_HIST,,SLAVIOLATION,,,,,,
RLS,LFPCLMHB,HCRNRK,,,BRZ_RLS,LFPCLMHB,HCRNRK,,,Direct,SLV_RLS,LFPCLMHB,CLAIM_HOSPITAL_HIST,,SOCIAL_ACCT_URL,,,,,,
RLS,LFPCLMHB,HCRNRC,,,BRZ_RLS,LFPCLMHB,HCRNRC,,,Direct,SLV_RLS,LFPCLMHB,CLAIM_HOSPITAL_HIST,,SOURCE_CASE,,,,,,
RLS,LFPCLMHB,HCOKDB,,,BRZ_RLS,LFPCLMHB,HCOKDB,,,Direct,SLV_RLS,LFPCLMHB,CLAIM_HOSPITAL_HIST,,SOURCE_ID,,,,,,
RLS,LFPCLMHB,HCOKDC,,,BRZ_RLS,LFPCLMHB,HCOKDC,,,Direct,SLV_RLS,LFPCLMHB,CLAIM_HOSPITAL_HIST,,START_DT_NEW,,,,,,
RLS,LFPCLMHB,HCOKDO,,,BRZ_RLS,LFPCLMHB,HCOKDO,,,Direct,SLV_RLS,LFPCLMHB,CLAIM_HOSPITAL_HIST,,STATUS,,,,,,
RLS,LFPCLMHB,HCOKDP,,,BRZ_RLS,LFPCLMHB,HCOKDP,,,Direct,SLV_RLS,LFPCLMHB,CLAIM_HOSPITAL_HIST,,STOP_START_DT,,,,,,
RLS,LFPCLMHB,HCOKDR,,,BRZ_RLS,LFPCLMHB,HCOKDR,,,Direct,SLV_RLS,LFPCLMHB,CLAIM_HOSPITAL_HIST,,SUB_STATUS,,,,,,
RLS,LFPCLMHB,HCOCB,,,BRZ_RLS,LFPCLMHB,HCOCB,,,Direct,SLV_RLS,LFPCLMHB,CLAIM_HOSPITAL_HIST,,SUBJECT,,,,,,
RLS,LFPCLMHB,HCOCAC,,,BRZ_RLS,LFPCLMHB,HCOCAC,,,Direct,SLV_RLS,LFPCLMHB,CLAIM_HOSPITAL_HIST,,SUPERVISOR,,,,,,
RLS,LFPCLMHB,HCOCAO,,,BRZ_RLS,LFPCLMHB,HCOCAO,,,Direct,SLV_RLS,LFPCLMHB,CLAIM_HOSPITAL_HIST,,SUPPLIED_COMPANY,,,,,,
RLS,LFPCLMHB,HCOCAP,,,BRZ_RLS,LFPCLMHB,HCOCAP,,,Direct,SLV_RLS,LFPCLMHB,CLAIM_HOSPITAL_HIST,,SUPPLIED_EMAIL,,,,,,
RLS,LFPCLMHB,HCOCRM,,,BRZ_RLS,LFPCLMHB,HCOCRM,,,Direct,SLV_RLS,LFPCLMHB,CLAIM_HOSPITAL_HIST,,SUPPLIED_NM,,,,,,
RLS,LFPCLMHB,HCLSCB,,,BRZ_RLS,LFPCLMHB,HCLSCB,,,Direct,SLV_RLS,LFPCLMHB,CLAIM_HOSPITAL_HIST,,SUPPLIED_PHONE,,,,,,
RLS,LFPCLMHB,HCLSCC,,,BRZ_RLS,LFPCLMHB,HCLSCC,,,Direct,SLV_RLS,LFPCLMHB,CLAIM_HOSPITAL_HIST,,TANGGAL_ASSIGN,,,,,,
RLS,LFPCLMHB,HCLSCO,,,BRZ_RLS,LFPCLMHB,HCLSCO,,,Direct,SLV_RLS,LFPCLMHB,CLAIM_HOSPITAL_HIST,,TARGET_DT_CLOSED,,,,,,
RLS,LFPCLMHB,HCLSCP,,,BRZ_RLS,LFPCLMHB,HCLSCP,,,Direct,SLV_RLS,LFPCLMHB,CLAIM_HOSPITAL_HIST,,TARGET_LEAD_TIME_CLOSED_COMPLAINT,,,,,,
RLS,LFPCLMHB,HCLSCR,,,BRZ_RLS,LFPCLMHB,HCLSCR,,,Direct,SLV_RLS,LFPCLMHB,CLAIM_HOSPITAL_HIST,,TAT,,,,,,
RLS,LFPCLMHB,HCIOTB,,,BRZ_RLS,LFPCLMHB,HCIOTB,,,Direct,SLV_RLS,LFPCLMHB,CLAIM_HOSPITAL_HIST,,TAT_STATUS,,,,,,
RLS,LFPCLMHB,HCIOTC,,,BRZ_RLS,LFPCLMHB,HCIOTC,,,Direct,SLV_RLS,LFPCLMHB,CLAIM_HOSPITAL_HIST,,TIME_SPENT,,,,,,
RLS,LFPCLMHB,HCIOTO,,,BRZ_RLS,LFPCLMHB,HCIOTO,,,Direct,SLV_RLS,LFPCLMHB,CLAIM_HOSPITAL_HIST,,TOT_CASE,,,,,,
RLS,LFPCLMHB,HCIOTP,,,BRZ_RLS,LFPCLMHB,HCIOTP,,,Direct,SLV_RLS,LFPCLMHB,CLAIM_HOSPITAL_HIST,,TOT_CLAIM,,,,,,
RLS,LFPCLMHB,HCIOTR,,,BRZ_RLS,LFPCLMHB,HCIOTR,,,Direct,SLV_RLS,LFPCLMHB,CLAIM_HOSPITAL_HIST,,TOT_MV_PROD_INQUIRY,,,,,,
RLS,LFPCLMHB,HCHCB,,,BRZ_RLS,LFPCLMHB,HCHCB,,,Direct,SLV_RLS,LFPCLMHB,CLAIM_HOSPITAL_HIST,,TOT_NON_MV_INQUIRY,,,,,,
RLS,LFPCLMHB,HCHCAC,,,BRZ_RLS,LFPCLMHB,HCHCAC,,,Direct,SLV_RLS,LFPCLMHB,CLAIM_HOSPITAL_HIST,,TOT_PENDING,,,,,,
RLS,LFPCLMHB,HCHCAO,,,BRZ_RLS,LFPCLMHB,HCHCAO,,,Direct,SLV_RLS,LFPCLMHB,CLAIM_HOSPITAL_HIST,,TOT_SHARIA_PROD_INQUIRY,,,,,,
RLS,LFPCLMHB,HCHCAP,,,BRZ_RLS,LFPCLMHB,HCHCAP,,,Direct,SLV_RLS,LFPCLMHB,CLAIM_HOSPITAL_HIST,,TS_PERIOD_FROM,,,,,,
RLS,LFPCLMHB,HCHCMD,,,BRZ_RLS,LFPCLMHB,HCHCMD,,,Direct,SLV_RLS,LFPCLMHB,CLAIM_HOSPITAL_HIST,,TS_SEND_TO,,,,,,
RLS,LFPCLMHB,HCCORM,,,BRZ_RLS,LFPCLMHB,HCCORM,,,Direct,SLV_RLS,LFPCLMHB,CLAIM_HOSPITAL_HIST,,TYPE,,,,,,
RLS,LFPCLMHB,HCSCB,,,BRZ_RLS,LFPCLMHB,HCSCB,,,Direct,SLV_RLS,LFPCLMHB,CLAIM_HOSPITAL_HIST,,TYPE_OF_FEEDBACK,,,,,,
RLS,LFPCLMHB,HCSCAC,,,BRZ_RLS,LFPCLMHB,HCSCAC,,,Direct,SLV_RLS,LFPCLMHB,CLAIM_HOSPITAL_HIST,,UNCOUNT,,,,,,
RLS,LFPCLMHB,HCSCAO,,,BRZ_RLS,LFPCLMHB,HCSCAO,,,Direct,SLV_RLS,LFPCLMHB,CLAIM_HOSPITAL_HIST,,UNDERWRITING_MANAGER,,,,,,
RLS,LFPCLMHB,HCSCAP,,,BRZ_RLS,LFPCLMHB,HCSCAP,,,Direct,SLV_RLS,LFPCLMHB,CLAIM_HOSPITAL_HIST,,UPDATE_FIRST_QUEUE,,,,,,
RLS,LFPCLMHB,HCSCRM,,,BRZ_RLS,LFPCLMHB,HCSCRM,,,Direct,SLV_RLS,LFPCLMHB,CLAIM_HOSPITAL_HIST,,USERASSISTANT_MANAGER,,,,,,
RLS,LFPCLMHB,HCDTB,,,BRZ_RLS,LFPCLMHB,HCDTB,,,Direct,SLV_RLS,LFPCLMHB,CLAIM_HOSPITAL_HIST,,VALIDATION,,,,,,
RLS,LFPCLMHB,HCDTAC,,,BRZ_RLS,LFPCLMHB,HCDTAC,,,Direct,SLV_RLS,LFPCLMHB,CLAIM_HOSPITAL_HIST,,VALIDITY,,,,,,
RLS,LFPCLMHB,HCDTAO,,,BRZ_RLS,LFPCLMHB,HCDTAO,,,Direct,SLV_RLS,LFPCLMHB,CLAIM_HOSPITAL_HIST,,VEHICLE_REGISTRATION_NO,,,,,,
RLS,LFPCLMHB,HCDTAP,,,BRZ_RLS,LFPCLMHB,HCDTAP,,,Direct,SLV_RLS,LFPCLMHB,CLAIM_HOSPITAL_HIST,,VEHICLE_TYPE,,,,,,
RLS,LFPCLMHB,HCDTRM,,,BRZ_RLS,LFPCLMHB,HCDTRM,,,Direct,SLV_RLS,LFPCLMHB,CLAIM_HOSPITAL_HIST,,WAKTU_KEJADIAN,,,,,,
RLS,LFPCLMHB,HCAMSB,,,BRZ_RLS,LFPCLMHB,HCAMSB,,,Direct,SLV_RLS,LFPCLMHB,CLAIM_HOSPITAL_HIST,,WALK_IN_SPV,,,,,,
RLS,LFPCLMHB,HCAMSC,,,BRZ_RLS,LFPCLMHB,HCAMSC,,,Direct,SLV_RLS,LFPCLMHB,CLAIM_HOSPITAL_HIST,,X2ND_RECORD,,,,,,
RLS,LFPCLMHB,HCAMSO,,,BRZ_RLS,LFPCLMHB,HCAMSO,,,Direct,SLV_RLS,LFPCLMHB,CLAIM_HOSPITAL_HIST,,YEAR,,,,,,
RLS,LFPCLMHB,HCAMSP,,,BRZ_RLS,LFPCLMHB,HCAMSP,,,Direct,SLV_RLS,LFPCLMHB,CLAIM_HOSPITAL_HIST,CLAIM_HEALTH_TRANSPORT_AMT,CREATED_BY_NM,,,,,,
RLS,LFPCLMHB,HCAMSR,,,BRZ_RLS,LFPCLMHB,HCAMSR,,,Direct,SLV_RLS,LFPCLMHB,CLAIM_HOSPITAL_HIST,,CONTACT_NM,,,,,,
RLS,LFPCLMHB,HCPHTB,,,BRZ_RLS,LFPCLMHB,HCPHTB,,,Direct,SLV_RLS,LFPCLMHB,CLAIM_HOSPITAL_HIST,,ACCOUNT_NM,,,,,,
RLS,LFPCLMHB,HCPHTC,,,BRZ_RLS,LFPCLMHB,HCPHTC,,,Direct,SLV_RLS,LFPCLMHB,CLAIM_HOSPITAL_HIST,,RECORD_TYPE_NM,,,,,,
RLS,LFPCLMHB,HCPHTO,,,BRZ_RLS,LFPCLMHB,HCPHTO,,,Direct,SLV_RLS,LFPCLMHB,CLAIM_HOSPITAL_HIST,,APPROVE_PAID,,,,,,
RLS,LFPCLMHB,HCPHTP,,,BRZ_RLS,LFPCLMHB,HCPHTP,,,Direct,SLV_RLS,LFPCLMHB,CLAIM_HOSPITAL_HIST,,CASE_ID_EXTERNAL,,,,,,
RLS,LFPCLMHB,HCPHTR,,,BRZ_RLS,LFPCLMHB,HCPHTR,,,Direct,SLV_RLS,LFPCLMHB,CLAIM_HOSPITAL_HIST,,CASE_NO_EXTERNAL,,,,,,
RLS,LFPCLMHB,HCADTB,,,BRZ_RLS,LFPCLMHB,HCADTB,,,Direct,SLV_RLS,LFPCLMHB,CLAIM_HOSPITAL_HIST,,CASE_SENSITIVE_CUSTOMER,,,,,,
RLS,LFPCLMHB,HCADTC,,,BRZ_RLS,LFPCLMHB,HCADTC,,,Direct,SLV_RLS,LFPCLMHB,CLAIM_HOSPITAL_HIST,,COMPENSATION_PAYMENT,,,,,,
RLS,LFPCLMHB,HCADTO,,,BRZ_RLS,LFPCLMHB,HCADTO,,,Direct,SLV_RLS,LFPCLMHB,CLAIM_HOSPITAL_HIST,,COMPLAINT_DECISION_AMFS,,,,,,
RLS,LFPCLMHB,HCADTP,,,BRZ_RLS,LFPCLMHB,HCADTP,,,Direct,SLV_RLS,LFPCLMHB,CLAIM_HOSPITAL_HIST,,COMPLAINT_DESC,,,,,,
RLS,LFPCLMHB,HCADTR,,,BRZ_RLS,LFPCLMHB,HCADTR,,,Direct,SLV_RLS,LFPCLMHB,CLAIM_HOSPITAL_HIST,,CNT_POLICY_NO,,,,,,
RLS,LFPCLMHB,HCPSTB,,,BRZ_RLS,LFPCLMHB,HCPSTB,,,Direct,SLV_RLS,LFPCLMHB,CLAIM_HOSPITAL_HIST,,CUSTOMER_EXPECTATION,,,,,,
RLS,LFPCLMHB,HCPSTC,,,BRZ_RLS,LFPCLMHB,HCPSTC,,,Direct,SLV_RLS,LFPCLMHB,CLAIM_HOSPITAL_HIST,,CUSTOMER_EXPLANATION,,,,,,
RLS,LFPCLMHB,HCPSTO,,,BRZ_RLS,LFPCLMHB,HCPSTO,,,Direct,SLV_RLS,LFPCLMHB,CLAIM_HOSPITAL_HIST,,CUSTOMER_SIGNATURE_DT,,,,,,
RLS,LFPCLMHB,HCPSTP,,,BRZ_RLS,LFPCLMHB,HCPSTP,,,Direct,SLV_RLS,LFPCLMHB,CLAIM_HOSPITAL_HIST,,DELIVERY_TRACKING,,,,,,
RLS,LFPCLMHB,HCPSTR,,,BRZ_RLS,LFPCLMHB,HCPSTR,,,Direct,SLV_RLS,LFPCLMHB,CLAIM_HOSPITAL_HIST,,DEPARTMENT,,,,,,
RLS,LFPCLMHB,HCEMAB,,,BRZ_RLS,LFPCLMHB,HCEMAB,,,Direct,SLV_RLS,LFPCLMHB,CLAIM_HOSPITAL_HIST,,DOCUMENT_CHECKLIST,,,,,,
RLS,LFPCLMHB,HCEMAC,,,BRZ_RLS,LFPCLMHB,HCEMAC,,,Direct,SLV_RLS,LFPCLMHB,CLAIM_HOSPITAL_HIST,,DOCUMENT_REQUEST_REVISE,,,,,,
RLS,LFPCLMHB,HCEMAO,,,BRZ_RLS,LFPCLMHB,HCEMAO,,,Direct,SLV_RLS,LFPCLMHB,CLAIM_HOSPITAL_HIST,,DROP,,,,,,
RLS,LFPCLMHB,HCEMAP,,,BRZ_RLS,LFPCLMHB,HCEMAP,,,Direct,SLV_RLS,LFPCLMHB,CLAIM_HOSPITAL_HIST,,FA_BRANCH_CD,,,,,,
RLS,LFPCLMHB,HCEMAR,,,BRZ_RLS,LFPCLMHB,HCEMAR,,,Direct,SLV_RLS,LFPCLMHB,CLAIM_HOSPITAL_HIST,,FA_BRANCH_NM,,,,,,
RLS,LFPCLMHB,HCIPB,,,BRZ_RLS,LFPCLMHB,HCIPB,,,Direct,SLV_RLS,LFPCLMHB,CLAIM_HOSPITAL_HIST,,FA_CD,,,,,,
RLS,LFPCLMHB,HCIPAC,,,BRZ_RLS,LFPCLMHB,HCIPAC,,,Direct,SLV_RLS,LFPCLMHB,CLAIM_HOSPITAL_HIST,,FA_NM,,,,,,
RLS,LFPCLMHB,HCIPAO,,,BRZ_RLS,LFPCLMHB,HCIPAO,,,Direct,SLV_RLS,LFPCLMHB,CLAIM_HOSPITAL_HIST,,INVALID_PAID,,,,,,
RLS,LFPCLMHB,HCIPAP,,,BRZ_RLS,LFPCLMHB,HCIPAP,,,Direct,SLV_RLS,LFPCLMHB,CLAIM_HOSPITAL_HIST,,ISMASSUPLOAD,,,,,,
RLS,LFPCLMHB,HCIPRM,,,BRZ_RLS,LFPCLMHB,HCIPRM,,,Direct,SLV_RLS,LFPCLMHB,CLAIM_HOSPITAL_HIST,,LEVEL_SENSITIVE,,,,,,
RLS,LFPCLMHB,HCCDB,,,BRZ_RLS,LFPCLMHB,HCCDB,,,Direct,SLV_RLS,LFPCLMHB,CLAIM_HOSPITAL_HIST,,OCCUPATION,,,,,,
RLS,LFPCLMHB,HCCDAC,,,BRZ_RLS,LFPCLMHB,HCCDAC,,,Direct,SLV_RLS,LFPCLMHB,CLAIM_HOSPITAL_HIST,,OTHERS,,,,,,
RLS,LFPCLMHB,HCCDAO,,,BRZ_RLS,LFPCLMHB,HCCDAO,,,Direct,SLV_RLS,LFPCLMHB,CLAIM_HOSPITAL_HIST,,PAID,,,,,,
RLS,LFPCLMHB,HCCDAP,,,BRZ_RLS,LFPCLMHB,HCCDAP,,,Direct,SLV_RLS,LFPCLMHB,CLAIM_HOSPITAL_HIST,,PRODUCT_AFI2,,,,,,
RLS,LFPCLMHB,HCCDRM,,,BRZ_RLS,LFPCLMHB,HCCDRM,,,Direct,SLV_RLS,LFPCLMHB,CLAIM_HOSPITAL_HIST,,PRODUCT_NM,,,,,,
RLS,LFPCLMHB,HCBCTB,,,BRZ_RLS,LFPCLMHB,HCBCTB,,,Direct,SLV_RLS,LFPCLMHB,CLAIM_HOSPITAL_HIST,,REASON_CUSTOM,,,,,,
RLS,LFPCLMHB,HCBCTC,,,BRZ_RLS,LFPCLMHB,HCBCTC,,,Direct,SLV_RLS,LFPCLMHB,CLAIM_HOSPITAL_HIST,,REVIEW_STATUS,,,,,,
RLS,LFPCLMHB,HCBCTO,,,BRZ_RLS,LFPCLMHB,HCBCTO,,,Direct,SLV_RLS,LFPCLMHB,CLAIM_HOSPITAL_HIST,,COMMENTS,,,,,,
RLS,LFPCLMHB,HCBCTP,,,BRZ_RLS,LFPCLMHB,HCBCTP,,,Direct,SLV_RLS,LFPCLMHB,CLAIM_HOSPITAL_HIST,,CONTACT_EMAIL,,,,,,
RLS,LFPCLMHB,HCBCTR,,,BRZ_RLS,LFPCLMHB,HCBCTR,,,Direct,SLV_RLS,LFPCLMHB,CLAIM_HOSPITAL_HIST,,CONTACT_FAX,,,,,,
RLS,LFPCLMHB,HCIGBB,,,BRZ_RLS,LFPCLMHB,HCIGBB,,,Direct,SLV_RLS,LFPCLMHB,CLAIM_HOSPITAL_HIST,,CONTACT_MOBILE,,,,,,
RLS,LFPCLMHB,HCIGBAC,,,BRZ_RLS,LFPCLMHB,HCIGBAC,,,Direct,SLV_RLS,LFPCLMHB,CLAIM_HOSPITAL_HIST,,CONTACT_PHONE,,,,,,
RLS,LFPCLMHB,HCIGBO,,,BRZ_RLS,LFPCLMHB,HCIGBO,,,Direct,SLV_RLS,LFPCLMHB,CLAIM_HOSPITAL_HIST,,LANGUAGE,,,,,,
RLS,LFPCLMHB,HCIGBAP,,,BRZ_RLS,LFPCLMHB,HCIGBAP,,,Direct,SLV_RLS,LFPCLMHB,CLAIM_HOSPITAL_HIST,,MASTER_RECORD_ID,,,,,,
RLS,LFPCLMHB,HCIGBRM,,,BRZ_RLS,LFPCLMHB,HCIGBRM,,,Direct,SLV_RLS,LFPCLMHB,CLAIM_HOSPITAL_HIST,,LOG_DT,,,,,,
RLS,LFPCLMHB,HCPHCB,,,BRZ_RLS,LFPCLMHB,HCPHCB,,,Direct,SLV_RLS,LFPCLMHB,CLAIM_HOSPITAL_HIST,,CREATED_BY_ID,,,,,,
RLS,LFPCLMHB,HCPHCAC,,,BRZ_RLS,LFPCLMHB,HCPHCAC,,,Direct,SLV_RLS,LFPCLMHB,CLAIM_HOSPITAL_HIST,,CREATED_DT,,,,,,
RLS,LFPCLMHB,HCPHPO,,,BRZ_RLS,LFPCLMHB,HCPHPO,,,Direct,SLV_RLS,LFPCLMHB,CLAIM_HOSPITAL_HIST,,ENTITY,,,,,,
RLS,LFPCLMHB,HCPHCAP,,,BRZ_RLS,LFPCLMHB,HCPHCAP,,,Direct,SLV_RLS,LFPCLMHB,CLAIM_HOSPITAL_HIST,,ID,,,,,,
RLS,LFPCLMHB,HCPHCRM,,,BRZ_RLS,LFPCLMHB,HCPHCRM,,,Direct,SLV_RLS,LFPCLMHB,CLAIM_HOSPITAL_HIST,,IS_DELETED,,,,,,
RLS,LFPCLMHB,HCPDB,,,BRZ_RLS,LFPCLMHB,HCPDB,,,Direct,SLV_RLS,LFPCLMHB,CLAIM_HOSPITAL_HIST,,LAST_MODIFIED_BY_ID,,,,,,
RLS,LFPCLMHB,HCPDAC,,,BRZ_RLS,LFPCLMHB,HCPDAC,,,Direct,SLV_RLS,LFPCLMHB,CLAIM_HOSPITAL_HIST,,LAST_MODIFIED_DT,,,,,,
RLS,LFPCLMHB,HCPDO,,,BRZ_RLS,LFPCLMHB,HCPDO,,,Direct,SLV_RLS,LFPCLMHB,CLAIM_HOSPITAL_HIST,,LAST_REFERENCED_DT,,,,,,
RLS,LFPCLMHB,HCPDAP,,,BRZ_RLS,LFPCLMHB,HCPDAP,,,Direct,SLV_RLS,LFPCLMHB,CLAIM_HOSPITAL_HIST,,LAST_VIEWED_DT,,,,,,
RLS,LFPCLMHB,HCPDRM,,,BRZ_RLS,LFPCLMHB,HCPDRM,,,Direct,SLV_RLS,LFPCLMHB,CLAIM_HOSPITAL_HIST,,OWNER_ID,,,,,,
RLS,LFPCLMHB,HCNTB,,,BRZ_RLS,LFPCLMHB,HCNTB,,,Direct,SLV_RLS,LFPCLMHB,CLAIM_HOSPITAL_HIST,,SYSTEM_MOD_STAMP,,,,,,
RLS,LFPCLMHB,HCNTAC,,,BRZ_RLS,LFPCLMHB,HCNTAC,,,Direct,SLV_RLS,LFPCLMHB,CLAIM_HOSPITAL_HIST,,ACCIDENT_PLACE,,,,,,
RLS,LFPCLMHB,HCNTO,,,BRZ_RLS,LFPCLMHB,HCNTO,,,Direct,SLV_RLS,LFPCLMHB,CLAIM_HOSPITAL_HIST,,ACCT_NO,,,,,,
RLS,LFPCLMHB,HCNTAP,,,BRZ_RLS,LFPCLMHB,HCNTAP,,,Direct,SLV_RLS,LFPCLMHB,CLAIM_HOSPITAL_HIST,,ACCT_NO_REPORT,,,,,,
RLS,LFPCLMHB,HCNTRM,,,BRZ_RLS,LFPCLMHB,HCNTRM,,,Direct,SLV_RLS,LFPCLMHB,CLAIM_HOSPITAL_HIST,,ACCOUNT_ID,,,,,,
RLS,LFPCLMHB,HCMDB,,,BRZ_RLS,LFPCLMHB,HCMDB,,,Direct,SLV_RLS,LFPCLMHB,CLAIM_HOSPITAL_HIST,,ACHIEVEMENT,,,,,,
RLS,LFPCLMHB,HCMDAC,,,BRZ_RLS,LFPCLMHB,HCMDAC,,,Direct,SLV_RLS,LFPCLMHB,CLAIM_HOSPITAL_HIST,,ACTIVITY_LOG,,,,,,
RLS,LFPCLMHB,HCMDO,,,BRZ_RLS,LFPCLMHB,HCMDO,,,Direct,SLV_RLS,LFPCLMHB,CLAIM_HOSPITAL_HIST,,AFI,,,,,,
RLS,LFPCLMHB,HCMDAP,,,BRZ_RLS,LFPCLMHB,HCMDAP,,,Direct,SLV_RLS,LFPCLMHB,CLAIM_HOSPITAL_HIST,,AGE,,,,,,
RLS,LFPCLMHB,HCMDDP,,,BRZ_RLS,LFPCLMHB,HCMDDP,,,Direct,SLV_RLS,LFPCLMHB,CLAIM_HOSPITAL_HIST,,AGE_RANGE,,,,,,
RLS,LFPCLMHB,HCMDRM,,,BRZ_RLS,LFPCLMHB,HCMDRM,,,Direct,SLV_RLS,LFPCLMHB,CLAIM_HOSPITAL_HIST,,AGENT_CD,,,,,,
RLS,LFPCLMHB,HCRBWB,,,BRZ_RLS,LFPCLMHB,HCRBWB,,,Direct,SLV_RLS,LFPCLMHB,CLAIM_HOSPITAL_HIST,,AGENT_NM,,,,,,
RLS,LFPCLMHB,HCRBWAC,,,BRZ_RLS,LFPCLMHB,HCRBWAC,,,Direct,SLV_RLS,LFPCLMHB,CLAIM_HOSPITAL_HIST,,AGENT_QUEUE_ID_LOG_NOTIFICATION,,,,,,
RLS,LFPCLMHB,HCRBWO,,,BRZ_RLS,LFPCLMHB,HCRBWO,,,Direct,SLV_RLS,LFPCLMHB,CLAIM_HOSPITAL_HIST,,AGENT_STATUS,,,,,,
RLS,LFPCLMHB,HCRBWAP,,,BRZ_RLS,LFPCLMHB,HCRBWAP,,,Direct,SLV_RLS,LFPCLMHB,CLAIM_HOSPITAL_HIST,,AGING_CLOSED_COMPLAINT,,,,,,
RLS,LFPCLMHB,HCRBWDP,,,BRZ_RLS,LFPCLMHB,HCRBWDP,,,Direct,SLV_RLS,LFPCLMHB,CLAIM_HOSPITAL_HIST,,AGING_CLOSED_WORKING_DAYS,,,,,,
RLS,LFPCLMHB,HCRBWRM,,,BRZ_RLS,LFPCLMHB,HCRBWRM,,,Direct,SLV_RLS,LFPCLMHB,CLAIM_HOSPITAL_HIST,,ALREADY_SEND_SURVEY,,,,,,
RLS,LFPCLMHB,HCOTOT,,,BRZ_RLS,LFPCLMHB,HCOTOT,,,Direct,SLV_RLS,LFPCLMHB,CLAIM_HOSPITAL_HIST,,AMFS,,,,,,
RLS,LFPCLMHB,HCSURG,,,BRZ_RLS,LFPCLMHB,HCSURG,,,Direct,SLV_RLS,LFPCLMHB,CLAIM_HOSPITAL_HIST,,AMT_TO_BE_DEBITED,,,,,,
RLS,LFPCLMHB,HCSURD,,,BRZ_RLS,LFPCLMHB,HCSURD,,,Direct,SLV_RLS,LFPCLMHB,CLAIM_HOSPITAL_HIST,,AMT_TO_BE_DEBITED_REPORT,,,,,,
RLS,LFPCLMHB,HCCUSR,,,BRZ_RLS,LFPCLMHB,HCCUSR,,,Direct,SLV_RLS,LFPCLMHB,CLAIM_HOSPITAL_HIST,CLAIM_HEALTH_USER,APPEAL,,,,,,
RLS,LFPCLMHB,HCNLNG,,,BRZ_RLS,LFPCLMHB,HCNLNG,,,Direct,SLV_RLS,LFPCLMHB,CLAIM_HOSPITAL_HIST,,APPEAL_CASE_COMPLAINT,,,,,,
RLS,LFPCLMHB,HCLDISF,,,BRZ_RLS,LFPCLMHB,HCLDISF,,,Direct,SLV_RLS,LFPCLMHB,CLAIM_HOSPITAL_HIST,IS_ASSET_ID,ASSET_ID,,boolean,,,,
RLS,RFPDCRDI_DI,DCRSEQ,,,BRZ_RLS,RFPDCRDI_DI,DCRSEQ,,,Direct,SLV_RLS,RFPDCRDI_DI,DCR_DETAIL_GLI,SEQ,ASSIGNMENT_RULES,,,,,,
RLS,RFPDCRDI_DI,DCRDOT,,,BRZ_RLS,RFPDCRDI_DI,DCRDOT,,,Direct,SLV_RLS,RFPDCRDI_DI,DCR_DETAIL_GLI,PDC_PYMT_DT,ASSISTANT_MANAGER,,,,,,
RLS,RFPDCRDI_DI,DCRECP,,,BRZ_RLS,RFPDCRDI_DI,DCRECP,,,Direct,SLV_RLS,RFPDCRDI_DI,DCR_DETAIL_GLI,RECEIPT_NO,BACK_OFFICE_PIC,,,,,,
RLS,RFPDCRDI_DI,DCRTYP,,,BRZ_RLS,RFPDCRDI_DI,DCRTYP,,,Direct,SLV_RLS,RFPDCRDI_DI,DCR_DETAIL_GLI,PDC_TYPE,BALANCE_ALI,,,,,,
RLS,RFPDCRDI_DI,DCRDOP,,,BRZ_RLS,RFPDCRDI_DI,DCRDOP,,,Direct,SLV_RLS,RFPDCRDI_DI,DCR_DETAIL_GLI,POSTED_DT,BENGKEL,,,,,,
RLS,RFPDCRDI_DI,DCREV,,,BRZ_RLS,RFPDCRDI_DI,DCREV,,,Direct,SLV_RLS,RFPDCRDI_DI,DCR_DETAIL_GLI,PDC_REVERSAL_CD,BOD_TYPE,,,,,,
RLS,RFPDCRDI_DI,DCPAID,,,BRZ_RLS,RFPDCRDI_DI,DCPAID,,,Direct,SLV_RLS,RFPDCRDI_DI,DCR_DETAIL_GLI,PDC_PAID_AMT,BRANCH_AGI,,,,,,
RLS,RFPDCRDI_DI,DCPNO,,,BRZ_RLS,RFPDCRDI_DI,DCPNO,,,Direct,SLV_RLS,RFPDCRDI_DI,DCR_DETAIL_GLI,POLICY_NO,BRANCH_CD,,,,,,
RLS,RFPDCRDI_DI,DCPCCY,,,BRZ_RLS,RFPDCRDI_DI,DCPCCY,,,Direct,SLV_RLS,RFPDCRDI_DI,DCR_DETAIL_GLI,PDC_CCY_CD,BRANCH_NM,,,,,,
RLS,RFPDCRDI_DI,DCDUE,,,BRZ_RLS,RFPDCRDI_DI,DCDUE,,,Direct,SLV_RLS,RFPDCRDI_DI,DCR_DETAIL_GLI,DUE_DT,BULAN,,,,,,
RLS,RFPDCRDI_DI,DCMODE,,,BRZ_RLS,RFPDCRDI_DI,DCMODE,,,Direct,SLV_RLS,RFPDCRDI_DI,DCR_DETAIL_GLI,PYMT_MODE_CD,BUSINESS_CHANNEL,,,,,,
RLS,RFPDCRDI_DI,DCPREM,,,BRZ_RLS,RFPDCRDI_DI,DCPREM,,,Direct,SLV_RLS,RFPDCRDI_DI,DCR_DETAIL_GLI,PDC_BASIC_PREMI,BUSINESS_HOURS_ID,,,,,,
RLS,RFPDCRDI_DI,DCMTH,,,BRZ_RLS,RFPDCRDI_DI,DCMTH,,,Direct,SLV_RLS,RFPDCRDI_DI,DCR_DETAIL_GLI,MONTH_COVERED,CALL_LINE_RETENTION,,,,,,
RLS,RFPDCRDI_DI,DCPLAN,,,BRZ_RLS,RFPDCRDI_DI,DCPLAN,,,Direct,SLV_RLS,RFPDCRDI_DI,DCR_DETAIL_GLI,PDC_PRODUCT_CD,CALL_TYPE,,,,,,
RLS,RFPDCRDI_DI,DCTRMP,,,BRZ_RLS,RFPDCRDI_DI,DCTRMP,,,Direct,SLV_RLS,RFPDCRDI_DI,DCR_DETAIL_GLI,PDC_TOPUP_PREMI,CALL_LINE_RECORD_TYPE_ID,,,,,,
RLS,RFPDCRDI_DI,DCTLSP,,,BRZ_RLS,RFPDCRDI_DI,DCTLSP,,,Direct,SLV_RLS,RFPDCRDI_DI,DCR_DETAIL_GLI,LUMP_SUM_PREMI_AMT,CASE_AGE,,,,,,
RLS,RFPPHOLH,O3PNO,,,BRZ_RLS,RFPPHOLH,O3PNO,,,Direct,SLV_RLS,RFPPHOLH,UL_FUND_PREMI_HOLIDAY_HIST,POLICY_NO,CASE_CREATED_IN_HOUR,POLICY NUMBER,,,,,
RLS,RFPPHOLH,O3CSCD,,,BRZ_RLS,RFPPHOLH,O3CSCD,,,Direct,SLV_RLS,RFPPHOLH,UL_FUND_PREMI_HOLIDAY_HIST,PH_LOC,CASE_ERROR,LOCATION OF POLICY,,,,,
RLS,RFPPHOLH,O3HLSD,,,BRZ_RLS,RFPPHOLH,O3HLSD,,,Direct,SLV_RLS,RFPPHOLH,UL_FUND_PREMI_HOLIDAY_HIST,PH_START_DT,CASE_ESCALATION,PREMIUM HOLIDAY START DATE,,,,,
RLS,RFPPHOLH,O3HLED,,,BRZ_RLS,RFPPHOLH,O3HLED,,,Direct,SLV_RLS,RFPPHOLH,UL_FUND_PREMI_HOLIDAY_HIST,PH_END_DT,CASE_GROUP_NO,PREMIUM HOLIDAY END DATE,,,,,
RLS,RFPPHOLH,O3DPHS,,,BRZ_RLS,RFPPHOLH,O3DPHS,,,Direct,SLV_RLS,RFPPHOLH,UL_FUND_PREMI_HOLIDAY_HIST,PH_SYSTEM_START_DT,CASE_GROUP_OPEN_DT,SYSTEM DATE ON WHICH PH STARTED,,,,,
RLS,RFPPHOLH,O3TDAT,,,BRZ_RLS,RFPPHOLH,O3TDAT,,,Direct,SLV_RLS,RFPPHOLH,UL_FUND_PREMI_HOLIDAY_HIST,PH_SYSTEM_END_DT,CASE_OWNER,SYSTEM DATE ON WHICH PH ENDED/ REQUEST TO END PH,,,,,
RLS,RFPPHOLH,O3HLAE,,,BRZ_RLS,RFPPHOLH,O3HLAE,,,Direct,SLV_RLS,RFPPHOLH,UL_FUND_PREMI_HOLIDAY_HIST,PH_ACTUAL_END_DT,CASE_OWNER_CCC,ACTUAL PREMIUM HOLIDAY ENDING DATE,,,,,
RLS,RFPPHOLH,O3AUTOPH,,,BRZ_RLS,RFPPHOLH,O3AUTOPH,,,Direct,SLV_RLS,RFPPHOLH,UL_FUND_PREMI_HOLIDAY_HIST,PH_PASSIVE,CASE_TYPE,PH TRIGGERED BY THE SYSTEM,,,,,
RLS,DRLSAPPB,APNO,,,BRZ_RLS,DRLSAPPB,APNO,,,Direct,SLV_RLS,DRLSAPPB,APPLICATION_SUBMISSION_DAILY,APPLICATION_NO,CASE_TYPE_CONFIG,APPLICATION NUMBER,,,,,
RLS,DRLSAPPB,APCCY,,,BRZ_RLS,DRLSAPPB,APCCY,,,Direct,SLV_RLS,DRLSAPPB,APPLICATION_SUBMISSION_DAILY,APPLICATION_CCY,CASE_NO,CURRENCY,,,,,
RLS,DRLSAPPB,APLAN,,,BRZ_RLS,DRLSAPPB,APLAN,,,Direct,SLV_RLS,DRLSAPPB,APPLICATION_SUBMISSION_DAILY,PRODUCT_CD,CASETYPE_OLD_NEW_NOT_EQUAL,PLAN ID,,,,,
RLS,DRLSAPPB,ADOS,,,BRZ_RLS,DRLSAPPB,ADOS,,,Direct,SLV_RLS,DRLSAPPB,APPLICATION_SUBMISSION_DAILY,SUBMIT_DT,CATEGORY,SUBMIT DATE,,,,,
RLS,DRLSAPPB,ADOC,,,BRZ_RLS,DRLSAPPB,ADOC,,,Direct,SLV_RLS,DRLSAPPB,APPLICATION_SUBMISSION_DAILY,COLLECTION_DT,CATEGORY_CONFIG,DATE COL/SUBM,,,,,
RLS,DRLSAPPB,ADOA,,,BRZ_RLS,DRLSAPPB,ADOA,,,Direct,SLV_RLS,DRLSAPPB,APPLICATION_SUBMISSION_DAILY,ADMISSION_DT,CAUSE_COMPLAINT,DATE OF ADMISSION,,,,,
RLS,DRLSAPPB,ADOI,,,BRZ_RLS,DRLSAPPB,ADOI,,,Direct,SLV_RLS,DRLSAPPB,APPLICATION_SUBMISSION_DAILY,ISSUE_DT,CEMAIL,ISSUE DATE,,,,,
RLS,DRLSAPPB,AMED,,,BRZ_RLS,DRLSAPPB,AMED,,,Direct,SLV_RLS,DRLSAPPB,APPLICATION_SUBMISSION_DAILY,IS_MEDICAL,CENTRAL_OPERATION_HEAD,MEDICAL CODE,,,,,
RLS,DRLSAPPB,ALOAD,,,BRZ_RLS,DRLSAPPB,ALOAD,,,Direct,SLV_RLS,DRLSAPPB,APPLICATION_SUBMISSION_DAILY,LOADING_AMT,CEO,TOTAL LOADING,,,,,
RLS,DRLSAPPB,ASTS,,,BRZ_RLS,DRLSAPPB,ASTS,,,Direct,SLV_RLS,DRLSAPPB,APPLICATION_SUBMISSION_DAILY,APPLICATION_STATUS_CD,CHANNEL,APPLICATION STATUS CODE,,,,,
RLS,DRLSAPPB,ASTSD,,,BRZ_RLS,DRLSAPPB,ASTSD,,,Direct,SLV_RLS,DRLSAPPB,APPLICATION_SUBMISSION_DAILY,APPLICATION_STATUS_DESC,CHASSIS_NO,APPLICATION STATUS DESCRIPTION,,,,,
RLS,DRLSAPPB,APEFF,,,BRZ_RLS,DRLSAPPB,APEFF,,,Direct,SLV_RLS,DRLSAPPB,APPLICATION_SUBMISSION_DAILY,EFF_DT,CHAT_KEY,EFFECTIVE DATE,,,,,
RLS,DRLSAPPB,APMODE,,,BRZ_RLS,DRLSAPPB,APMODE,,,Direct,SLV_RLS,DRLSAPPB,APPLICATION_SUBMISSION_DAILY,PYMT_MODE_CD,CHECK_WEB_EMAIL,MODE,,,,,
RLS,DRLSAPPB,AAPREM,,,BRZ_RLS,DRLSAPPB,AAPREM,,,Direct,SLV_RLS,DRLSAPPB,APPLICATION_SUBMISSION_DAILY,ANNUAL_PREMI_EXCL_RTU,CHRONOLOGICAL,ANNUAL PREM EXCL RTU,,,,,
RLS,DRLSAPPB,ABPREM,,,BRZ_RLS,DRLSAPPB,ABPREM,,,Direct,SLV_RLS,DRLSAPPB,APPLICATION_SUBMISSION_DAILY,MODAL_PREMI_EXCL_RTU,CHS_CASE_RANGE,MODAL PREM EXCL RTU,,,,,
RLS,DRLSAPPB,ATRPRM,,,BRZ_RLS,DRLSAPPB,ATRPRM,,,Direct,SLV_RLS,DRLSAPPB,APPLICATION_SUBMISSION_DAILY,MODAL_PREMI_RTU,CHS_INVALID,MODAL RTU PREMIUM,,,,,
RLS,DRLSAPPB,ATLPRM,,,BRZ_RLS,DRLSAPPB,ATLPRM,,,Direct,SLV_RLS,DRLSAPPB,APPLICATION_SUBMISSION_DAILY,LUMP_SUM_PREMI_AMT,CHS_OTHERS,LUMP SUM PREMIUM,,,,,
RLS,DRLSAPPB,APAGT1,,,BRZ_RLS,DRLSAPPB,APAGT1,,,Direct,SLV_RLS,DRLSAPPB,APPLICATION_SUBMISSION_DAILY,AGENT_1_CD,CHS_STATUS,AGENT 1 CODE,,,,,
RLS,DRLSAPPB,ALEAD,,,BRZ_RLS,DRLSAPPB,ALEAD,,,Direct,SLV_RLS,DRLSAPPB,APPLICATION_SUBMISSION_DAILY,LEAD_ID,CHS_VALID,LEAD ID,,,,,
RLS,DRLSAPPB,AUNIT,,,BRZ_RLS,DRLSAPPB,AUNIT,,,Direct,SLV_RLS,DRLSAPPB,APPLICATION_SUBMISSION_DAILY,UNIT_CD,CLOSED,UNIT CODE,,,,,
RLS,DRLSAPPB,AUNNAM,,,BRZ_RLS,DRLSAPPB,AUNNAM,,,Direct,SLV_RLS,DRLSAPPB,APPLICATION_SUBMISSION_DAILY,UNIT_NM,CLOSED_DATE_CUSTOM,UNIT NAME,,,,,
RLS,DRLSAPPB,ARUNDT,,,BRZ_RLS,DRLSAPPB,ARUNDT,,,Direct,SLV_RLS,DRLSAPPB,APPLICATION_SUBMISSION_DAILY,RUN_DT,CLOSED_DT,RUN DATE,,,,,
RLS,DRLSAPPB,AINSNM,,,BRZ_RLS,DRLSAPPB,AINSNM,,,Direct,SLV_RLS,DRLSAPPB,APPLICATION_SUBMISSION_DAILY,INSURED,CMU_AGENT,INSURED,,,,,
RLS,DRLSAPPB,ACLEAN,,,BRZ_RLS,DRLSAPPB,ACLEAN,,,Direct,SLV_RLS,DRLSAPPB,APPLICATION_SUBMISSION_DAILY,CLEAN_CASE_Y_N,COB,CLEAN CASE Y/N,,,,,
RLS,DRLSAPPB,ABCOMM,,,BRZ_RLS,DRLSAPPB,ABCOMM,,,Direct,SLV_RLS,DRLSAPPB,APPLICATION_SUBMISSION_DAILY,BASIC_COMM_EXCL_TOP_UP,COLOR,BASIC COMM EXCL. TOP UP,,,,,
RLS,DRLSAPPB,ARCOMM,,,BRZ_RLS,DRLSAPPB,ARCOMM,,,Direct,SLV_RLS,DRLSAPPB,APPLICATION_SUBMISSION_DAILY,REGULAR_COMM,COMMUNITY_ID,REGULAR COMM.,,,,,
RLS,DRLSAPPB,ALCOMM,,,BRZ_RLS,DRLSAPPB,ALCOMM,,,Direct,SLV_RLS,DRLSAPPB,APPLICATION_SUBMISSION_DAILY,LUMP_SUM_COMM,COMPLAIN,LUMP SUM COMM.,,,,,
RLS,DRLSAPPB,ANBC,,,BRZ_RLS,DRLSAPPB,ANBC,,,Direct,SLV_RLS,DRLSAPPB,APPLICATION_SUBMISSION_DAILY,NBC,COMPLAINANT,NBC,,,,,
RLS,DRLSAPPB,ACOLOF,,,BRZ_RLS,DRLSAPPB,ACOLOF,,,Direct,SLV_RLS,DRLSAPPB,APPLICATION_SUBMISSION_DAILY,COOL_EFF_EXP,COMPLAINT,COOL EFF EXP.,,,,,
RLS,DRLSAPPB,ASTF,,,BRZ_RLS,DRLSAPPB,ASTF,,,Direct,SLV_RLS,DRLSAPPB,APPLICATION_SUBMISSION_DAILY,BANK_STAFF_ID,COMPLAINT_CLOSER_NM,Bank Staff ID,,,,,
RLS,DRLSAPPB,ABRN,,,BRZ_RLS,DRLSAPPB,ABRN,,,Direct,SLV_RLS,DRLSAPPB,APPLICATION_SUBMISSION_DAILY,BANK_BRANCH_CD,COMPLAINT_DECISION,Bank Branch Code,,,,,
RLS,DRLSAPPB,AIDOB,,,BRZ_RLS,DRLSAPPB,AIDOB,,,Direct,SLV_RLS,DRLSAPPB,APPLICATION_SUBMISSION_DAILY,INSURED_DOB,COMPLAINT_RECORDTYPE_ID,INSURED DOB,,,,,
RLS,DRLSAPPB,AIAGE,,,BRZ_RLS,DRLSAPPB,AIAGE,,,Direct,SLV_RLS,DRLSAPPB,APPLICATION_SUBMISSION_DAILY,INSURED_AGE,COMPLAINT_RESUME,INSURED AGE,,,,,
RLS,DRLSAPPB,ASUMIN,,,BRZ_RLS,DRLSAPPB,ASUMIN,,,Direct,SLV_RLS,DRLSAPPB,APPLICATION_SUBMISSION_DAILY,SUM_INSURED,COMPLAINT_TYPE,SUM INSURED,,,,,
RLS,DRLSAPPB,ABBCOM,,,BRZ_RLS,DRLSAPPB,ABBCOM,,,Direct,SLV_RLS,DRLSAPPB,APPLICATION_SUBMISSION_DAILY,BANK_COMM_EXCL_TOP_UP,COMPLAINT_VALIDITY,BANK COMM EXCL. TOP UP,,,,,
RLS,DRLSAPPB,ABRCOM,,,BRZ_RLS,DRLSAPPB,ABRCOM,,,Direct,SLV_RLS,DRLSAPPB,APPLICATION_SUBMISSION_DAILY,BANK_REGULAR_COMM,CONCLUSION,BANK REGULAR COMM.,,,,,
RLS,DRLSAPPB,ABLCOM,,,BRZ_RLS,DRLSAPPB,ABLCOM,,,Direct,SLV_RLS,DRLSAPPB,APPLICATION_SUBMISSION_DAILY,BANK_LUMP_SUM_COMM,CONTACT_MOBILE_CUSTOM,BANK LUMP SUM COMM.,,,,,
RLS,DRLSAPPB,ACBCOM,,,BRZ_RLS,DRLSAPPB,ACBCOM,,,Direct,SLV_RLS,DRLSAPPB,APPLICATION_SUBMISSION_DAILY,BRANCH_COMM_EXCL_TOP_UP,CONTACT_ID,BRANCH COMM EXCL. TOP UP,,,,,
RLS,DRLSAPPB,ACRCOM,,,BRZ_RLS,DRLSAPPB,ACRCOM,,,Direct,SLV_RLS,DRLSAPPB,APPLICATION_SUBMISSION_DAILY,BRANCH_REGULAR_COMM,CORRECTIVE_ACTION,BRANCH REGULAR COMM,,,,,
RLS,DRLSAPPB,ACLCOM,,,BRZ_RLS,DRLSAPPB,ACLCOM,,,Direct,SLV_RLS,DRLSAPPB,APPLICATION_SUBMISSION_DAILY,BRANCH_LUMP_SUM_COMM,CNT_ALL_EMAIL_NO_RESPOND_ALI,BRANCH LUMP SUM COMM,,,,,
RLS,DRLSAPPB,ANAME,,,BRZ_RLS,DRLSAPPB,ANAME,,,Direct,SLV_RLS,DRLSAPPB,APPLICATION_SUBMISSION_DAILY,AGENT_NM,CNT_ALL_EMAIL_PICK_UP_ALI,AGENT NAME,,,,,
RLS,DRLSAPPB,AUSDAPP,,,BRZ_RLS,DRLSAPPB,AUSDAPP,,,Direct,SLV_RLS,DRLSAPPB,APPLICATION_SUBMISSION_DAILY,APPLICATION_DT,CNT_ALL_EMAIL_PICK_UP_SPV_ALI,APPLICATION DATE,,,,,
RLS,DRLSAPPB,ARSMUNT,,,BRZ_RLS,DRLSAPPB,ARSMUNT,,,Direct,SLV_RLS,DRLSAPPB,APPLICATION_SUBMISSION_DAILY,RSM_UNIT,CNT_ALL_EMAIL_RESPOND_ALI,RSM UNIT,,,,,
RLS,DRLSAPPB,ARSMNAM,,,BRZ_RLS,DRLSAPPB,ARSMNAM,,,Direct,SLV_RLS,DRLSAPPB,APPLICATION_SUBMISSION_DAILY,RSM_NM,CNT_ALL_ESCALATION_EMAIL_ALI,RSM NAME,,,,,
RLS,DRLSAPPB,ARPLAN1,,,BRZ_RLS,DRLSAPPB,ARPLAN1,,,Direct,SLV_RLS,DRLSAPPB,APPLICATION_SUBMISSION_DAILY,MEDICASH_CD,CNT_ALL_INCOMING_EMAIL_ALI,MEDICASH,,,,,
RLS,DRLSAPPB,ARPREM1,,,BRZ_RLS,DRLSAPPB,ARPREM1,,,Direct,SLV_RLS,DRLSAPPB,APPLICATION_SUBMISSION_DAILY,PREMI_MEDICASH_AMT,CNT_CASE,PREM MEDICASH,,,,,
RLS,DRLSAPPB,ARPLAN2,,,BRZ_RLS,DRLSAPPB,ARPLAN2,,,Direct,SLV_RLS,DRLSAPPB,APPLICATION_SUBMISSION_DAILY,AP_CD,CNT_EMAIL_ESCALATION_AGENT_ALI,AP,,,,,
RLS,DRLSAPPB,ARPREM2,,,BRZ_RLS,DRLSAPPB,ARPREM2,,,Direct,SLV_RLS,DRLSAPPB,APPLICATION_SUBMISSION_DAILY,PREMI_AP_AMT,CNT_EMAIL_ESCALATION_SPV_ALI,PREM AP,,,,,
RLS,DRLSAPPB,ARPLAN3,,,BRZ_RLS,DRLSAPPB,ARPLAN3,,,Direct,SLV_RLS,DRLSAPPB,APPLICATION_SUBMISSION_DAILY,WP_CD,CNT_EMAIL_NO_RESPOND_ALI_SPV,WP,,,,,
RLS,DRLSAPPB,ARPREM3,,,BRZ_RLS,DRLSAPPB,ARPREM3,,,Direct,SLV_RLS,DRLSAPPB,APPLICATION_SUBMISSION_DAILY,PREMI_WP_AMT,CNT_EMAIL_PICK_UP_AGENT_ALI,PREM WP,,,,,
RLS,DRLSAPPB,ARPLAN4,,,BRZ_RLS,DRLSAPPB,ARPLAN4,,,Direct,SLV_RLS,DRLSAPPB,APPLICATION_SUBMISSION_DAILY,ELI_CD,CNT_EMAIL_RESPOND_AGENT_ALI,ELI,,,,,
RLS,DRLSAPPB,ARPREM4,,,BRZ_RLS,DRLSAPPB,ARPREM4,,,Direct,SLV_RLS,DRLSAPPB,APPLICATION_SUBMISSION_DAILY,PREMI_ELI_AMT,CNT_EMAIL_RESPOND_SPV_ALI,PREM ELI,,,,,
RLS,DRLSAPPB,ARPLAN5,,,BRZ_RLS,DRLSAPPB,ARPLAN5,,,Direct,SLV_RLS,DRLSAPPB,APPLICATION_SUBMISSION_DAILY,SLI_CD,CNT_REPEAT_CALL,SLI,,,,,
RLS,DRLSAPPB,ARPREM5,,,BRZ_RLS,DRLSAPPB,ARPREM5,,,Direct,SLV_RLS,DRLSAPPB,APPLICATION_SUBMISSION_DAILY,PREMI_SLI_AMT,COURIER,PREM SLI,,,,,
RLS,DRLSAPPB,ARPLAN6,,,BRZ_RLS,DRLSAPPB,ARPLAN6,,,Direct,SLV_RLS,DRLSAPPB,APPLICATION_SUBMISSION_DAILY,WPDD21_CD,CREATE_DT,WPDD21,,,,,
RLS,DRLSAPPB,ARPREM6,,,BRZ_RLS,DRLSAPPB,ARPREM6,,,Direct,SLV_RLS,DRLSAPPB,APPLICATION_SUBMISSION_DAILY,PREMI_WPDD21_AMT,CREATED_OUT_OF_OFFICE_HOUR,PREM WPDD21,,,,,
RLS,LFPBKRFR,D66PNO,,,BRZ_RLS,LFPBKRFR,D66PNO,,,Direct,SLV_RLS,LFPBKRFR,BANK_STAFF_REFERRAL,POLICY_NO,CREATOR_FULL_PHOTO_URL,Policy Number,,,,,
RLS,LFPBKRFR,D66CNL,,,BRZ_RLS,LFPBKRFR,D66CNL,,,Direct,SLV_RLS,LFPBKRFR,BANK_STAFF_REFERRAL,CHANNEL_ID,CREATOR_NM,Channel ID,,,,,
RLS,LFPBKRFR,D66LD,,,BRZ_RLS,LFPBKRFR,D66LD,,,Direct,SLV_RLS,LFPBKRFR,BANK_STAFF_REFERRAL,LEAD_ID,CREATOR_SMALL_PHOTO_URL,Lead ID,,,,,
RLS,LFPBKRFR,D66STF,,,BRZ_RLS,LFPBKRFR,D66STF,,,Direct,SLV_RLS,LFPBKRFR,BANK_STAFF_REFERRAL,BANK_STAFF_ID,CSTDAT,Bank Staff ID,,,,,
RLS,LFPBKRFR,D66BNK,,,BRZ_RLS,LFPBKRFR,D66BNK,,,Direct,SLV_RLS,LFPBKRFR,BANK_STAFF_REFERRAL,BANK_CD,CURRENT_ASSIGNEE,Bank Code,,,,,
RLS,LFPBKRFR,D66BRN,,,BRZ_RLS,LFPBKRFR,D66BRN,,,Direct,SLV_RLS,LFPBKRFR,BANK_STAFF_REFERRAL,BANK_BRANCH_CD,CUST_SEGMENTATION,Bank Branch Code,,,,,
RLS,LFPBKRFR,D66RGN,,,BRZ_RLS,LFPBKRFR,D66RGN,,,Direct,SLV_RLS,LFPBKRFR,BANK_STAFF_REFERRAL,REGION_CD,CUSTOMER,Region Code,,,,,
RLS,LFPBKRFR,D66ARA,,,BRZ_RLS,LFPBKRFR,D66ARA,,,Direct,SLV_RLS,LFPBKRFR,BANK_STAFF_REFERRAL,AREA_CD,CUSTOMER_LEVEL,Area Code,,,,,
RLS,LFPBKRFR,D66LDCAT,,,BRZ_RLS,LFPBKRFR,D66LDCAT,,,Direct,SLV_RLS,LFPBKRFR,BANK_STAFF_REFERRAL,LEAD_CATEGORY,CUSTOMER_SERVICE,Lead category,,,,,
RLS,LFPBKRFR,D66RMK,,,BRZ_RLS,LFPBKRFR,D66RMK,,,Direct,SLV_RLS,LFPBKRFR,BANK_STAFF_REFERRAL,REMARK,CUSTOMER_TYPE,Remark,,,,,
RLS,LFPBKRFR,D66RSID,,,BRZ_RLS,LFPBKRFR,D66RSID,,,Direct,SLV_RLS,LFPBKRFR,BANK_STAFF_REFERRAL,REFERRER_SALES_ID,DT_OF_INCIDENT,Referrer Sales ID,,,,,
RLS,LFPBKRFR,D66PGEID,,,BRZ_RLS,LFPBKRFR,D66PGEID,,,Direct,SLV_RLS,LFPBKRFR,BANK_STAFF_REFERRAL,PRODUCER_GEID,DEMAND,Producer GEID,,,,,
RLS,LFPBKRFR,D66CUSG,,,BRZ_RLS,LFPBKRFR,D66CUSG,,,Direct,SLV_RLS,LFPBKRFR,BANK_STAFF_REFERRAL,CUSTOMER_SEGMENT,DEPARTMENT_OF_PIC,Customer Segment,,,,,
RLS,LFPBKRFR,D66PSID,,,BRZ_RLS,LFPBKRFR,D66PSID,,,Direct,SLV_RLS,LFPBKRFR,BANK_STAFF_REFERRAL,PRODUCER_SALES_ID,DEPARTMENT_PROCESS_STATUS,Producer Sales ID,,,,,
RLS,LFPBKRFR,D66LYP,,,BRZ_RLS,LFPBKRFR,D66LYP,,,Direct,SLV_RLS,LFPBKRFR,BANK_STAFF_REFERRAL,LEAD_TYPE,DEPT_HEAD,LEAD TYPE,,,,,
RLS,LFPBKRFR,D66CCD,,,BRZ_RLS,LFPBKRFR,D66CCD,,,Direct,SLV_RLS,LFPBKRFR,BANK_STAFF_REFERRAL,CAMPAIGN_CD,DEPT_PIC_MAGI,CAMPAIGN CODE,,,,,
RLS,LFPBKRFR,D66BRN2,,,BRZ_RLS,LFPBKRFR,D66BRN2,,,Direct,SLV_RLS,LFPBKRFR,BANK_STAFF_REFERRAL,BRANCH_2_CD,DESC,BRANCH 2 CODE,,,,,
RLS,LFPBKRFR,D66RMKLB,,,BRZ_RLS,LFPBKRFR,D66RMKLB,,,Direct,SLV_RLS,LFPBKRFR,BANK_STAFF_REFERRAL,REMARK_LB,DESC_CUSTOM,REMARK LB,,,,,
RLS,LFPBKRFR,D66RKBRN,,,BRZ_RLS,LFPBKRFR,D66RKBRN,,,Direct,SLV_RLS,LFPBKRFR,BANK_STAFF_REFERRAL,REMARK_BR,DETAIL_OF_DAMAGE,REMARK BRANCH,,,,,
RLS,LFPBKRFR,D66RKBKR,,,BRZ_RLS,LFPBKRFR,D66RKBKR,,,Direct,SLV_RLS,LFPBKRFR,BANK_STAFF_REFERRAL,REMARK_BANK_REF,DIVISION,REMARK BANK REF,,,,,
RLS,LFPBKRFR,D66LBCD,,,BRZ_RLS,LFPBKRFR,D66LBCD,,,Direct,SLV_RLS,LFPBKRFR,BANK_STAFF_REFERRAL,LB_CD,DRIVER,LB CODE,,,,,
RLS,AGPBASTF,BFCHAN,,,BRZ_RLS,AGPBASTF,BFCHAN,,,Direct,SLV_RLS,AGPBASTF,BANCA_BANK_STAFF,CHANNEL_CD,DUE_DT,CHANNEL CODE,,,,,
RLS,AGPBASTF,BFBANK,,,BRZ_RLS,AGPBASTF,BFBANK,,,Direct,SLV_RLS,AGPBASTF,BANCA_BANK_STAFF,BANK_CD,DUE_DT_TIME,BANK CODE,,,,,
RLS,AGPBASTF,BFREG,,,BRZ_RLS,AGPBASTF,BFREG,,,Direct,SLV_RLS,AGPBASTF,BANCA_BANK_STAFF,REGION_CD,DUE_DT_TIME_IN_STRING,REGION CODE,,,,,
RLS,AGPBASTF,BFAREA,,,BRZ_RLS,AGPBASTF,BFAREA,,,Direct,SLV_RLS,AGPBASTF,BANCA_BANK_STAFF,AREA_CD,E2CAUTOREPLYTYPE,AREA CODE,,,,,
RLS,AGPBASTF,BFBRH,,,BRZ_RLS,AGPBASTF,BFBRH,,,Direct,SLV_RLS,AGPBASTF,BANCA_BANK_STAFF,BRANCH_CD,E2CCONTACTID,BRANCH CODE,,,,,
RLS,AGPBASTF,BFSTAF,,,BRZ_RLS,AGPBASTF,BFSTAF,,,Direct,SLV_RLS,AGPBASTF,BANCA_BANK_STAFF,STAFF_CD,E2CCORPORATEEMAILLABEL,STAFF CODE,,,,,
RLS,AGPBASTF,BFMEFF,,,BRZ_RLS,AGPBASTF,BFMEFF,,,Direct,SLV_RLS,AGPBASTF,BANCA_BANK_STAFF,MAINTENANCE_EFF_DT,E2CEMAILCC,MAINTENANCE EFF. DATE,,,,,
RLS,AGPBASTF,BFTRMD,,,BRZ_RLS,AGPBASTF,BFTRMD,,,Direct,SLV_RLS,AGPBASTF,BANCA_BANK_STAFF,TERMINATION_DT,E2CEMAILCCADDR,TERMINATION DATE,,,,,
RLS,AGPBASTF,BFNAME,,,BRZ_RLS,AGPBASTF,BFNAME,,,Direct,SLV_RLS,AGPBASTF,BANCA_BANK_STAFF,BANK_STAFF_NM,E2CEMAILFROM,BANK STAFF NAME,,,,,
RLS,AGPBASTF,BFFNAMEEN,,,BRZ_RLS,AGPBASTF,BFFNAMEEN,,,Direct,SLV_RLS,AGPBASTF,BANCA_BANK_STAFF,FIRST_NM_ENG,E2CEMAILREPLIED,FIRST NAME ENGLISH,,,,,
RLS,AGPBASTF,BFLNAMEEN,,,BRZ_RLS,AGPBASTF,BFLNAMEEN,,,Direct,SLV_RLS,AGPBASTF,BANCA_BANK_STAFF,LAST_NM_ENG,E2CEMAILTO,LAST NAME ENGLISH,,,,,
RLS,AGPBASTF,BFAC,,,BRZ_RLS,AGPBASTF,BFAC,,,Direct,SLV_RLS,AGPBASTF,BANCA_BANK_STAFF,BANK_ACCT_NO,E2CEMAILTO_NEW,BANK ACCOUNT NO.,,,,,
RLS,AGPBASTF,BFLCCD,,,BRZ_RLS,AGPBASTF,BFLCCD,,,Direct,SLV_RLS,AGPBASTF,BANCA_BANK_STAFF,LICENSE_CD,E2CEMAILTOADDR,LICENSE CODE,,,,,
RLS,AGPBASTF,BFLCSDT,,,BRZ_RLS,AGPBASTF,BFLCSDT,,,Direct,SLV_RLS,AGPBASTF,BANCA_BANK_STAFF,LICENSE_START_DT,E2CISAUTOREPLY,LICENSE START DATE,,,,,
RLS,AGPBASTF,BFLCEDT,,,BRZ_RLS,AGPBASTF,BFLCEDT,,,Direct,SLV_RLS,AGPBASTF,BANCA_BANK_STAFF,LICENSE_EXPIRY_DT,E2CISHOLIDAY,LICENSE EXPIRY DATE,,,,,
RLS,AGPBASTF,BFTIN,,,BRZ_RLS,AGPBASTF,BFTIN,,,Direct,SLV_RLS,AGPBASTF,BANCA_BANK_STAFF,TAX_IDENTIFICATION_NO,E2CISPROCESSEDBYBATCH,TAX IDENTIFICATION NUMBER,,,,,
RLS,AGPBASTF,BFTNAML,,,BRZ_RLS,AGPBASTF,BFTNAML,,,Direct,SLV_RLS,AGPBASTF,BANCA_BANK_STAFF,TAX_NM,E2CNAV,TAX NAME (LAST),,,,,
RLS,AGPBASTF,BFTNAMF,,,BRZ_RLS,AGPBASTF,BFTNAMF,,,Direct,SLV_RLS,AGPBASTF,BANCA_BANK_STAFF,TAX_NM,E2CP__ADDITIONALBCC,TAX NAME (FIRST),,,,,
RLS,AGPBASTF,BFTNAMM,,,BRZ_RLS,AGPBASTF,BFTNAMM,,,Direct,SLV_RLS,AGPBASTF,BANCA_BANK_STAFF,TAX_NM,E2CP__ADDITIONALCC,TAX NAME (MIDDLE),,,,,
RLS,AGPBASTF,BFADD1,,,BRZ_RLS,AGPBASTF,BFADD1,,,Direct,SLV_RLS,AGPBASTF,BANCA_BANK_STAFF,ADDR_1,E2CP__ADDITIONALTO,ADDRESS 1,,,,,
RLS,AGPBASTF,BFADD2,,,BRZ_RLS,AGPBASTF,BFADD2,,,Direct,SLV_RLS,AGPBASTF,BANCA_BANK_STAFF,ADDR_2,E2CP__CASE_THREAD_ID,ADDRESS 2,,,,,
RLS,AGPBASTF,BFZIPC,,,BRZ_RLS,AGPBASTF,BFZIPC,,,Direct,SLV_RLS,AGPBASTF,BANCA_BANK_STAFF,ZIP_CD,E2CP__DISABLE_EMAIL_DISTRIBUTION,ZIP CODE,,,,,
RLS,AGPBASTF,BFMCD,,,BRZ_RLS,AGPBASTF,BFMCD,,,Direct,SLV_RLS,AGPBASTF,BANCA_BANK_STAFF,MAINTENANCE_CD,E2CP__EXTRAEMAILS,MAINTENANCE CODE,,,,,
RLS,AGPBASTF,BFMDT,,,BRZ_RLS,AGPBASTF,BFMDT,,,Direct,SLV_RLS,AGPBASTF,BANCA_BANK_STAFF,LAST_UPDATED_DT,E2CP__HISTTEXT,LAST UPDATED DATE,,,,,
RLS,AGPBASTF,BFUSR,,,BRZ_RLS,AGPBASTF,BFUSR,,,Direct,SLV_RLS,AGPBASTF,BANCA_BANK_STAFF,USER_ID,E2CP__HISTTEXT_INC_PRIVATE,USER ID,,,,,
RLS,AGPBASTF,BFEMAIL,,,BRZ_RLS,AGPBASTF,BFEMAIL,,,Direct,SLV_RLS,AGPBASTF,BANCA_BANK_STAFF,E_MAIL_ADDR,E2CP__KNOWLEDGE_BASE_URL,E-MAIL ADDRESS,,,,,
RLS,AGPBASTF,BFESERVE,,,BRZ_RLS,AGPBASTF,BFESERVE,,,Direct,SLV_RLS,AGPBASTF,BANCA_BANK_STAFF,E_SERVE_FLG,E2CP__MOST_RECENT_PRIVATE_COMMENT,E-SERVE FLAG,,,,,
RLS,LFPPREMH,DCPCO,,,BRZ_RLS,LFPPREMH,DCPCO,,,Direct,SLV_RLS,LFPPREMH,PREMIUM_HIST,COMPANY,E2CP__MOST_RECENT_PUBLIC_COMMENT,COMPANY,,,,,
RLS,LFPPREMH,DCPNO,,,BRZ_RLS,LFPPREMH,DCPNO,,,Direct,SLV_RLS,LFPPREMH,PREMIUM_HIST,POLICY_NO,E2CPAYTODATE,POLICY NO.,,,,,
RLS,LFPPREMH,DCPCCY,,,BRZ_RLS,LFPPREMH,DCPCCY,,,Direct,SLV_RLS,LFPPREMH,PREMIUM_HIST,POLICY_CCY,E2CPOLICY_NO,POLICY CCY,,,,,
RLS,LFPPREMH,DCACT,,,BRZ_RLS,LFPPREMH,DCACT,,,Direct,SLV_RLS,LFPPREMH,PREMIUM_HIST,ACTIVITY_CD,E2CSALDO,ACTIVITY CODE,,,,,
RLS,LFPPREMH,DCDOT,,,BRZ_RLS,LFPPREMH,DCDOT,,,Direct,SLV_RLS,LFPPREMH,PREMIUM_HIST,ACTIVITY_TRAN_DT,E2CSUBJECT,ACTIVITY TRAN DATE,,,,,
RLS,LFPPREMH,DCCREF,,,BRZ_RLS,LFPPREMH,DCCREF,,,Direct,SLV_RLS,LFPPREMH,PREMIUM_HIST,TRAN_REF_NO,EMAIL_AGENT,TRAN. REF NO.,,,,,
RLS,LFPPREMH,DCDUE,,,BRZ_RLS,LFPPREMH,DCDUE,,,Direct,SLV_RLS,LFPPREMH,PREMIUM_HIST,DUE_DT,EMAIL_DT_TEST,DUE DATE,,,,,
RLS,LFPPREMH,DCFYP,,,BRZ_RLS,LFPPREMH,DCFYP,,,Direct,SLV_RLS,LFPPREMH,PREMIUM_HIST,FYP_CD,EMAIL_DUE_DT,FYP CODE,,,,,
RLS,LFPPREMH,DCMODE,,,BRZ_RLS,LFPPREMH,DCMODE,,,Direct,SLV_RLS,LFPPREMH,PREMIUM_HIST,PAY_MODE,EMAIL_DUE_DT_IN_DATETIME,PAY MODE,,,,,
RLS,LFPPREMH,DCPREM,,,BRZ_RLS,LFPPREMH,DCPREM,,,Direct,SLV_RLS,LFPPREMH,PREMIUM_HIST,PREMI_SETTLED,EMAIL_FIRST_RESPONSE_DT,PREMIUM SETTLED,,,,,
RLS,LFPPREMH,DCMTH,,,BRZ_RLS,LFPPREMH,DCMTH,,,Direct,SLV_RLS,LFPPREMH,PREMIUM_HIST,MONTHS_COVERED,EMAIL_INBOX,MONTHS COVERED,,,,,
RLS,LFPPREMH,DCDIFF,,,BRZ_RLS,LFPPREMH,DCDIFF,,,Direct,SLV_RLS,LFPPREMH,PREMIUM_HIST,PREMI_DIFF_IN_LCL_CCY,EMAIL_MESSAGE_DT,PREM DIFF IN LOCAL CURRENCY,,,,,
RLS,LFPPREMH,DCAGT1,,,BRZ_RLS,LFPPREMH,DCAGT1,,,Direct,SLV_RLS,LFPPREMH,PREMIUM_HIST,AGENT_1,EMAIL_SCORING_COUNTER,AGENT-1,,,,,
RLS,LFPPREMH,DCAGT2,,,BRZ_RLS,LFPPREMH,DCAGT2,,,Direct,SLV_RLS,LFPPREMH,PREMIUM_HIST,AGENT_2,EMAIL_SENT,AGENT-2,,,,,
RLS,LFPPREMH,DCCOMM,,,BRZ_RLS,LFPPREMH,DCCOMM,,,Direct,SLV_RLS,LFPPREMH,PREMIUM_HIST,TOT_COMM_AMT,EMAIL_SLA,TOT COMM AMT,,,,,
RLS,LFPPREMH,DCPLAN,,,BRZ_RLS,LFPPREMH,DCPLAN,,,Direct,SLV_RLS,LFPPREMH,PREMIUM_HIST,PLAN_CD,EMAIL_SPV,PLAN CODE,,,,,
RLS,LFPPREMH,DCPLNN,,,BRZ_RLS,LFPPREMH,DCPLNN,,,Direct,SLV_RLS,LFPPREMH,PREMIUM_HIST,NUMERIC_CD,EMAIL_STATUS,NUMERIC CODE,,,,,
RLS,LFPPREMH,DCPN#,,,BRZ_RLS,LFPPREMH,DCPN#,,,Direct,SLV_RLS,LFPPREMH,PREMIUM_HIST,P_N_NO,EMAIL_STATUS_F,P/N NO,,,,,
RLS,LFPPREMH,DCTRMP,,,BRZ_RLS,LFPPREMH,DCTRMP,,,Direct,SLV_RLS,LFPPREMH,PREMIUM_HIST,TOT_REG_TOP_UP_PREMI,EMAIL_TEXT_HOLIDAY_WEEKEND,TOTAL REG. TOP- UP PREMIUM,,,,,
RLS,LFPPREMH,DCTRMC,,,BRZ_RLS,LFPPREMH,DCTRMC,,,Direct,SLV_RLS,LFPPREMH,PREMIUM_HIST,TOT_REG_TOP_UP_COMM,EMAIL_TO_ADDR,TOTAL REG. TOP- UP COMM.,,,,,
RLS,LFPPREMH,DCILSP,,,BRZ_RLS,LFPPREMH,DCILSP,,,Direct,SLV_RLS,LFPPREMH,PREMIUM_HIST,INITIAL_LUMP_SUM_PREMI,ENGINEERING_REQ_NO,INITIAL LUMP SUM PREMIUM,,,,,
RLS,LFPPREMH,DCTLSP,,,BRZ_RLS,LFPPREMH,DCTLSP,,,Direct,SLV_RLS,LFPPREMH,PREMIUM_HIST,TOT_LUMP_SUM_PREMI,ENTITLEMENT_ID,TOTAL LUMP SUM  PREMIUM,,,,,
RLS,LFPPREMH,DCILSC,,,BRZ_RLS,LFPPREMH,DCILSC,,,Direct,SLV_RLS,LFPPREMH,PREMIUM_HIST,INITIAL_LUMP_SUM_COMM,ENTITY_BACKUP,INITIAL LUMP SUM COMM.,,,,,
RLS,LFPPREMH,DCTLSC,,,BRZ_RLS,LFPPREMH,DCTLSC,,,Direct,SLV_RLS,LFPPREMH,PREMIUM_HIST,TOT_LUMP_SUM_COMM,ENTITY_CHECK,TOTAL LUMP SUM  COMMISSION,,,,,
RLS,LFPPREMH,DCSEQ,,,BRZ_RLS,LFPPREMH,DCSEQ,,,Direct,SLV_RLS,LFPPREMH,PREMIUM_HIST,BREAK_DOWN_SEQUENCE_NO,ESCALATED_FLOW,BREAK DOWN SEQUENCE NUMBER,,,,,
RLS,LFPPREMH,ACERAT,,,BRZ_RLS,LFPPREMH,ACERAT,,,Direct,SLV_RLS,LFPPREMH,PREMIUM_HIST,EXCH_RATE,ESCALATED_FLOW_TAT,EXCHANGE RATE,,,,,
RLS,LFPPREMH,DCCSPL,,,BRZ_RLS,LFPPREMH,DCCSPL,,,Direct,SLV_RLS,LFPPREMH,PREMIUM_HIST,COMM_SPLIT_PCT,ESCALATED_STEP,COMMISSION SPLIT %,,,,,
RLS,LFPPREMH,DCPFX,,,BRZ_RLS,LFPPREMH,DCPFX,,,Direct,SLV_RLS,LFPPREMH,PREMIUM_HIST,PREMI_FOR_COM_GEN_EXCL_REG_TOPUP,ESCALATED_TO_HIST,PREM-FOR-COM-GEN (EXCLUDE REG TOP-UP),,,,,
RLS,LFPPREMH,DCPFT,,,BRZ_RLS,LFPPREMH,DCPFT,,,Direct,SLV_RLS,LFPPREMH,PREMIUM_HIST,PREMI_FOR_COM_GEN_TOT_REG_TOPUP,EVENT_ID,PREM-FOR-COM-GEN (TOTAL REG TOP-UP),,,,,
RLS,LFPPREMH,DCPIL,,,BRZ_RLS,LFPPREMH,DCPIL,,,Direct,SLV_RLS,LFPPREMH,PREMIUM_HIST,PREMI_FOR_COM_GEN_INIT_LUMPSUM,EXCLUDE_CCC,PREM-FOR-COM-GEN (INITIAL LUMP SUM),,,,,
RLS,LFPPREMH,DCPFL,,,BRZ_RLS,LFPPREMH,DCPFL,,,Direct,SLV_RLS,LFPPREMH,PREMIUM_HIST,PREMI_FOR_COM_GEN_TOT_LUMPSUM,FCR2,PREM-FOR-COM-GEN (TOTAL LUMP SUM),,,,,
RLS,LFPPREMH,DCLRPC,,,BRZ_RLS,LFPPREMH,DCLRPC,,,Direct,SLV_RLS,LFPPREMH,PREMIUM_HIST,COLL_LEVY_REG_PREMI_IN_POLICY_CCY,FCR,COLLECTED LEVY ON REGULAR PREMIUM IN POLICY CCY,,,,,
RLS,LFPPREMH,DCLRLC,,,BRZ_RLS,LFPPREMH,DCLRLC,,,Direct,SLV_RLS,LFPPREMH,PREMIUM_HIST,COLL_LEVY_REG_PREMI_IN_LCL_CCY,FCR_CNT,COLLECTED LEVY ON REGULAR PREMIUM IN LOCAL CCY,,,,,
RLS,LFPPREMH,DCLTPC,,,BRZ_RLS,LFPPREMH,DCLTPC,,,Direct,SLV_RLS,LFPPREMH,PREMIUM_HIST,COLL_LEVY_TOPUP_IN_POLICY_CCY,FINANCE_HEAD,COLLECTED LEVY ON TOP UP IN POLICY CCY,,,,,
RLS,LFPPREMH,DCLTLC,,,BRZ_RLS,LFPPREMH,DCLTLC,,,Direct,SLV_RLS,LFPPREMH,PREMIUM_HIST,COLL_LEVY_TOPUP_IN_LCL_CCY,FINANCIAL_IMPACT_RP,COLLECTED LEVY ON TOP UP LOCAL CCY,,,,,
RLS,LFPPREMH,DCLIPC,,,BRZ_RLS,LFPPREMH,DCLIPC,,,Direct,SLV_RLS,LFPPREMH,PREMIUM_HIST,COLL_LEVY_INIT_LUMP_SUM_IN_POLICY_CCY,FINANCIAL_IMPACT_USD,COLLECTED LEVY ON INITIAL LUMP SUM IN POLICY CCY,,,,,
RLS,LFPPREMH,DCLILC,,,BRZ_RLS,LFPPREMH,DCLILC,,,Direct,SLV_RLS,LFPPREMH,PREMIUM_HIST,COLL_LEVY_INIT_LUMP_SUM_IN_LCL_CCY,FINANCIAL_LOST,COLLECTED LEVY ON INITIAL LUMP SUM IN LOCAL CCY,,,,,
RLS,LFPPREMH,DCLLPC,,,BRZ_RLS,LFPPREMH,DCLLPC,,,Direct,SLV_RLS,LFPPREMH,PREMIUM_HIST,COLL_LEVY_LUMP_SUM_IN_POLICY_CCY,FINANCIAL_LOST_CCY,COLLECTED LEVY ON LUMP SUM IN POLICY CCY,,,,,
RLS,LFPPREMH,DCLLLC,,,BRZ_RLS,LFPPREMH,DCLLLC,,,Direct,SLV_RLS,LFPPREMH,PREMIUM_HIST,COLL_LEVY_LUMP_SUM_IN_LCL_CCY,FIRST_CASE_ORIGIN,COLLECTED LEVY ON LUMP SUM IN LOCAL CCY,,,,,
RLS,LFPPREMH,DCLRPCS,,,BRZ_RLS,LFPPREMH,DCLRPCS,,,Direct,SLV_RLS,LFPPREMH,PREMIUM_HIST,CALC_LEVY_REG_PREMI_IN_POLICY_CCY,FIRST_INBOX,CALCULATED LEVY ON REGULAR PREMIUM IN POLICY CCY,,,,,
RLS,LFPPREMH,DCLRLCS,,,BRZ_RLS,LFPPREMH,DCLRLCS,,,Direct,SLV_RLS,LFPPREMH,PREMIUM_HIST,CALC_LEVY_REG_PREMI_IN_LCL_CCY,FIRST_INTERACTION2,CALCULATED LEVY ON REGULAR PREMIUM IN LOCAL CCY,,,,,
RLS,LFPPREMH,DCLTPCS,,,BRZ_RLS,LFPPREMH,DCLTPCS,,,Direct,SLV_RLS,LFPPREMH,PREMIUM_HIST,CALC_LEVY_TOPUP_IN_POLICY_CCY,FIRST_INTERACTION,CALCULATED LEVY ON TOP UP IN POLICY CCY,,,,,
RLS,LFPPREMH,DCLTLCS,,,BRZ_RLS,LFPPREMH,DCLTLCS,,,Direct,SLV_RLS,LFPPREMH,PREMIUM_HIST,CALC_LEVY_TOPUP_IN_LCL_CCY,FIRST_QUEUE,CALCULATED LEVY ON TOP UP IN LOCAL CCY,,,,,
RLS,LFPPREMH,DCLIPCS,,,BRZ_RLS,LFPPREMH,DCLIPCS,,,Direct,SLV_RLS,LFPPREMH,PREMIUM_HIST,CALC_LEVY_INIT_LUMP_SUM_IN_POLICY_CCY,FIRST_QUEUE_F,CALCULATED LEVY ON INITIAL LUMP IN POLICY CCY,,,,,
RLS,LFPPREMH,DCLILCS,,,BRZ_RLS,LFPPREMH,DCLILCS,,,Direct,SLV_RLS,LFPPREMH,PREMIUM_HIST,CALC_LEVY_INIT_LUMP_SUM_IN_LCL_CCY,FIRST_QUEUE_ID,CALCULATED LEVY ON INITIAL LUMP IN LOCAL CCY,,,,,
RLS,LFPPREMH,DCLLPCS,,,BRZ_RLS,LFPPREMH,DCLLPCS,,,Direct,SLV_RLS,LFPPREMH,PREMIUM_HIST,CALC_LEVY_LUMP_SUM_IN_POLICY_CCY,FLAGGING_EMAIL_SLA,CALCULATED LEVY ON LUMP SUM IN POLICY CCY,,,,,
RLS,LFPPREMH,DCLLLCS,,,BRZ_RLS,LFPPREMH,DCLLLCS,,,Direct,SLV_RLS,LFPPREMH,PREMIUM_HIST,CALC_LEVY_LUMP_SUM_IN_LCL_CCY,FLAGGING_SLA,CALCULATED LEVY ON LUMP SUM IN LOCAL CCY,,,,,
RLS,LFPBOINFOM,B37PNO,,,BRZ_RLS,LFPBOINFOM,B37PNO,,,Direct,SLV_RLS,LFPBOINFOM,MASTER_BO_CP,POLICY_NO,FLOW_ESCALATION,POLICY NO,,,,,
RLS,LFPBOINFOM,B37NAMF,,,BRZ_RLS,LFPBOINFOM,B37NAMF,,,Direct,SLV_RLS,LFPBOINFOM,MASTER_BO_CP,BO_CP_FIRST_NM,FOLLOW_DEBIT_DT,BO/CP First Name,,,,,
RLS,LFPBOINFOM,B37NAME,,,BRZ_RLS,LFPBOINFOM,B37NAME,,,Direct,SLV_RLS,LFPBOINFOM,MASTER_BO_CP,BO_CP_NM,FOLLOW_HOLD_DT,BO/CP Name,,,,,
RLS,LFPBOINFOM,B37NAMC,,,BRZ_RLS,LFPBOINFOM,B37NAMC,,,Direct,SLV_RLS,LFPBOINFOM,MASTER_BO_CP,BO_CP_CHIN_NM,FOLLOW_UP_DAYS,BO/CP Chin Name,,,,,
RLS,LFPBOINFOM,B37RELNSHP,,,BRZ_RLS,LFPBOINFOM,B37RELNSHP,,,Direct,SLV_RLS,LFPBOINFOM,MASTER_BO_CP,RELATIONSHIP,FOLLOW_UP_IND,RELATIONSHIP,,,,,
RLS,LFPBOINFOM,B37DOB,,,BRZ_RLS,LFPBOINFOM,B37DOB,,,Direct,SLV_RLS,LFPBOINFOM,MASTER_BO_CP,BOCP_DOB,FREEZE_ASK_END_DT,BOCP DOB,,,,,
RLS,LFPBOINFOM,B37SEX,,,BRZ_RLS,LFPBOINFOM,B37SEX,,,Direct,SLV_RLS,LFPBOINFOM,MASTER_BO_CP,GENDER,GENERAL_ATTITUDE,GENDER,,,,,
RLS,LFPBOINFOM,B37ADDR1,,,BRZ_RLS,LFPBOINFOM,B37ADDR1,,,Direct,SLV_RLS,LFPBOINFOM,MASTER_BO_CP,ADDR_1,HARI,ADDRESS 1,,,,,
RLS,LFPBOINFOM,B37ADDR2,,,BRZ_RLS,LFPBOINFOM,B37ADDR2,,,Direct,SLV_RLS,LFPBOINFOM,MASTER_BO_CP,ADDR_2,IS_COMMENTS_UNREAD_BY_OWNER,ADDRESS 2,,,,,
RLS,LFPBOINFOM,B37ADDR3,,,BRZ_RLS,LFPBOINFOM,B37ADDR3,,,Direct,SLV_RLS,LFPBOINFOM,MASTER_BO_CP,ADDR_3,IS_SELF_SERVICE_COMMENTS,ADDRESS 3,,,,,
RLS,LFPBOINFOM,B37ADDR4,,,BRZ_RLS,LFPBOINFOM,B37ADDR4,,,Direct,SLV_RLS,LFPBOINFOM,MASTER_BO_CP,ADDR_4,INBOUND_SPV,ADDRESS 4,,,,,
RLS,LFPBOINFOM,B37IDNTITY,,,BRZ_RLS,LFPBOINFOM,B37IDNTITY,,,Direct,SLV_RLS,LFPBOINFOM,MASTER_BO_CP,IDENTITY_PASSPORT,INDICATOR,IDENTITY/PASSPORT,,,,,
RLS,LFPBOINFOM,B37NATLTY,,,BRZ_RLS,LFPBOINFOM,B37NATLTY,,,Direct,SLV_RLS,LFPBOINFOM,MASTER_BO_CP,NATIONALITY,INQUIRY,NATIONALITY,,,,,
RLS,LFPBOINFOM,B37NCODE,,,BRZ_RLS,LFPBOINFOM,B37NCODE,,,Direct,SLV_RLS,LFPBOINFOM,MASTER_BO_CP,NATIONALITY_CD,INQUIRY_RECORDTYPEID,NATIONALITY CODE,,,,,
RLS,LFPBOINFOM,B37BOFLG,,,BRZ_RLS,LFPBOINFOM,B37BOFLG,,,Direct,SLV_RLS,LFPBOINFOM,MASTER_BO_CP,OWNERSHIP_FLG,INSURANCE_PRODUCT_TYPE,OWNERSHIP FLAG,,,,,
RLS,LFPBOINFOM,B37SHRES,,,BRZ_RLS,LFPBOINFOM,B37SHRES,,,Direct,SLV_RLS,LFPBOINFOM,MASTER_BO_CP,SHARES_PCT,INSURED_NM,% OF SHARES,,,,,
RLS,LFPBOINFOM,B37DLOC,,,BRZ_RLS,LFPBOINFOM,B37DLOC,,,Direct,SLV_RLS,LFPBOINFOM,MASTER_BO_CP,PLACE_BIRTH,INTERACTION,PLACE OF BIRTH,,,,,
RLS,LFPBOINFOM,B37ADD1A,,,BRZ_RLS,LFPBOINFOM,B37ADD1A,,,Direct,SLV_RLS,LFPBOINFOM,MASTER_BO_CP,ADDR_1,INTERMEDIARY_NM,ADDRESS 1,,,,,
RLS,LFPBOINFOM,B37ADD2A,,,BRZ_RLS,LFPBOINFOM,B37ADD2A,,,Direct,SLV_RLS,LFPBOINFOM,MASTER_BO_CP,ADDR_2,INTERNAL_COMMENT,ADDRESS 2,,,,,
RLS,LFPBOINFOM,B37ADD3A,,,BRZ_RLS,LFPBOINFOM,B37ADD3A,,,Direct,SLV_RLS,LFPBOINFOM,MASTER_BO_CP,ADDR_3,IS_ASSIGNED_TO_ME,ADDRESS 3,,,,,
RLS,LFPBOINFOM,B37ADD4A,,,BRZ_RLS,LFPBOINFOM,B37ADD4A,,,Direct,SLV_RLS,LFPBOINFOM,MASTER_BO_CP,ADDR_4,IS_CALL_NOTE,ADDRESS 4,,,,,
RLS,LFPBOINFOM,B37PHOME,,,BRZ_RLS,LFPBOINFOM,B37PHOME,,,Direct,SLV_RLS,LFPBOINFOM,MASTER_BO_CP,TEL_RES,IS_CUSTOMER,TEL-RES,,,,,
RLS,LFPBOINFOM,B37OFFICE,,,BRZ_RLS,LFPBOINFOM,B37OFFICE,,,Direct,SLV_RLS,LFPBOINFOM,MASTER_BO_CP,TEL_OFFICE,IS_CUT_OFF_TIME,TEL-OFFICE,,,,,
RLS,LFPBOINFOM,B37PCELL,,,BRZ_RLS,LFPBOINFOM,B37PCELL,,,Direct,SLV_RLS,LFPBOINFOM,MASTER_BO_CP,TEL_CELL,IS_FOLLOW_UP,TEL-CELL,,,,,
RLS,LFPBOINFOM,B37EMAIL,,,BRZ_RLS,LFPBOINFOM,B37EMAIL,,,Direct,SLV_RLS,LFPBOINFOM,MASTER_BO_CP,EMAIL,IS_LOGGED_IN_USER,EMAIL,,,,,
RLS,LFPBOINFOM,B37INSINTR,,,BRZ_RLS,LFPBOINFOM,B37INSINTR,,,Direct,SLV_RLS,LFPBOINFOM,MASTER_BO_CP,INSURABLE_INTEREST,IS_LOGGED_IN_USER_CMU_AGENT,INSURABLE INTEREST,,,,,
RLS,LFPBOINFOM,B37MINCM,,,BRZ_RLS,LFPBOINFOM,B37MINCM,,,Direct,SLV_RLS,LFPBOINFOM,MASTER_BO_CP,MONTHLY_INCOME,IS_LOGGED_IN_USER_PIC,MONTHLY INCOME,,,,,
RLS,LFPBOINFOM,B37SRFND,,,BRZ_RLS,LFPBOINFOM,B37SRFND,,,Direct,SLV_RLS,LFPBOINFOM,MASTER_BO_CP,SOURCE_FUND,IS_LOGGED_IN_USER_PIC_BO,SOURCE FUND,,,,,
RLS,LFPBOINFOM,B37OCC,,,BRZ_RLS,LFPBOINFOM,B37OCC,,,Direct,SLV_RLS,LFPBOINFOM,MASTER_BO_CP,OCCUPATION,IS_OVERDUE_EMAIL,OCCUPATION,,,,,
RLS,LFPBOINFOM,B37ADINCM,,,BRZ_RLS,LFPBOINFOM,B37ADINCM,,,Direct,SLV_RLS,LFPBOINFOM,MASTER_BO_CP,ADD_INCOME,IS_REPLIED,ADD INCOME,,,,,
RLS,LFPBOINFOM,B37PURS,,,BRZ_RLS,LFPBOINFOM,B37PURS,,,Direct,SLV_RLS,LFPBOINFOM,MASTER_BO_CP,PURPOSE,IS_TAGGED_ALREADY,PURPOSE,,,,,
RLS,LFPBOINFOM,B37TMINCM,,,BRZ_RLS,LFPBOINFOM,B37TMINCM,,,Direct,SLV_RLS,LFPBOINFOM,MASTER_BO_CP,TOT_MON_ADD_INCM,ISAPPROVED,TOT MON ADD INCM,,,,,
RLS,LFPBOINFOM,B37POSA,,,BRZ_RLS,LFPBOINFOM,B37POSA,,,Direct,SLV_RLS,LFPBOINFOM,MASTER_BO_CP,POSITION,ISAUTOREPLY,POSITION,,,,,
RLS,LFPBOINFOM,B37BNKACC,,,BRZ_RLS,LFPBOINFOM,B37BNKACC,,,Direct,SLV_RLS,LFPBOINFOM,MASTER_BO_CP,BANK_ACC_NO,IS_CLOSED,BANK ACC NO,,,,,
RLS,LFPBOINFOM,B37RLMOC,,,BRZ_RLS,LFPBOINFOM,B37RLMOC,,,Direct,SLV_RLS,LFPBOINFOM,MASTER_BO_CP,REG_LTTR,IS_CLOSED_ON_CREATE,REG LTTR (MIN OF COMM.),,,,,
RLS,LFPBOINFOM,B37DRNAME,,,BRZ_RLS,LFPBOINFOM,B37DRNAME,,,Direct,SLV_RLS,LFPBOINFOM,MASTER_BO_CP,DIRECTOR_NM_PROXY_ASSIGNEE_FULL_NM,IS_ESCALATED,DIRECTOR NAME/PROXY /ASSIGNEE FULL NAME,,,,,
RLS,LFPBOINFOM,B37DRNAMF,,,BRZ_RLS,LFPBOINFOM,B37DRNAMF,,,Direct,SLV_RLS,LFPBOINFOM,MASTER_BO_CP,DIRECTOR_NM_PROXY_ASSIGNEE_FIRST_NM,ISEVENT,DIRECTOR NAME/PROXY /ASSIGNEE FIRST NAME,,,,,
RLS,LFPBOINFOM,B37POA,,,BRZ_RLS,LFPBOINFOM,B37POA,,,Direct,SLV_RLS,LFPBOINFOM,MASTER_BO_CP,POW_ATTORNY,ISHOLIDAY,POW OF ATTORNY,,,,,
RLS,LFPBOINFOM,B37DRN,,,BRZ_RLS,LFPBOINFOM,B37DRN,,,Direct,SLV_RLS,LFPBOINFOM,MASTER_BO_CP,DOM_REG_NO,IS_SELF_SERVICE_CLOSED,DOM REG NO,,,,,
RLS,LFPBOINFOM,B37CRN,,,BRZ_RLS,LFPBOINFOM,B37CRN,,,Direct,SLV_RLS,LFPBOINFOM,MASTER_BO_CP,COM_REG_NO,IS_STOPPED,COM REG NO,,,,,
RLS,LFPBOINFOM,B37DELUP,,,BRZ_RLS,LFPBOINFOM,B37DELUP,,,Direct,SLV_RLS,LFPBOINFOM,MASTER_BO_CP,DEED_ESTD,ISSUE_DT_POLICY,DEED OF ESTD,,,,,
RLS,LFPBOINFOM,B37MLHRL,,,BRZ_RLS,LFPBOINFOM,B37MLHRL,,,Direct,SLV_RLS,LFPBOINFOM,MASTER_BO_CP,DECREE_LTTR,IS_VISIBLE_IN_SELF_SERVICE,DECREE LTTR,,,,,
RLS,LFPBOINFOM,B37COMW,,,BRZ_RLS,LFPBOINFOM,B37COMW,,,Direct,SLV_RLS,LFPBOINFOM,MASTER_BO_CP,COM_WEBSITE,JENIS_PERTANGGUNGAN,COM WEBSITE,,,,,
RLS,LFPBOINFOM,B37ENBUS,,,BRZ_RLS,LFPBOINFOM,B37ENBUS,,,Direct,SLV_RLS,LFPBOINFOM,MASTER_BO_CP,ENTITY_BUSINESS,LAMPIRAN,ENTITY BUSINESS,,,,,
RLS,LFPBOINFOM,B37TCOMA,,,BRZ_RLS,LFPBOINFOM,B37TCOMA,,,Direct,SLV_RLS,LFPBOINFOM,MASTER_BO_CP,TOT_COM_ASSET,LAST_CALL,TOT COM ASSET,,,,,
RLS,LFPBOINFOM,B37LIBUS,,,BRZ_RLS,LFPBOINFOM,B37LIBUS,,,Direct,SLV_RLS,LFPBOINFOM,MASTER_BO_CP,LINE_BUSINESS,LAST_CHILD_CASE,LINE OF BUSINESS,,,,,
RLS,LFPBOINFOM,B37CRDNO,,,BRZ_RLS,LFPBOINFOM,B37CRDNO,,,Direct,SLV_RLS,LFPBOINFOM,MASTER_BO_CP,CREDIT_CARD_NO,IS_LAST_CHILD_CASE,CREDIT CARD NO,,,,,
RLS,RFPFUNDF,UTODAY,,,BRZ_RLS,RFPFUNDF,UTODAY,,,Direct,SLV_RLS,RFPFUNDF,FUND_DOWNLOAD_POLICY,RUN_DT,LAST_COMMENT,RUN DATE,,,,,
RLS,RFPFUNDF,UPNO,,,BRZ_RLS,RFPFUNDF,UPNO,,,Direct,SLV_RLS,RFPFUNDF,FUND_DOWNLOAD_POLICY,POLICY_NO,LAST_INTERACTION,POLICY NO,,,,,
RLS,RFPFUNDF,UFCOD1,,,BRZ_RLS,RFPFUNDF,UFCOD1,,,Direct,SLV_RLS,RFPFUNDF,FUND_DOWNLOAD_POLICY,FUND_1_CD,LAST_NAMED_USER,FUND CODE 1,,,,,
RLS,RFPFUNDF,UFUNT1,,,BRZ_RLS,RFPFUNDF,UFUNT1,,,Direct,SLV_RLS,RFPFUNDF,FUND_DOWNLOAD_POLICY,FUND_UNIT_1,LAST_POST_BY,FUND UNIT 1,,,,,
RLS,RFPFUNDF,UFALC1,,,BRZ_RLS,RFPFUNDF,UFALC1,,,Direct,SLV_RLS,RFPFUNDF,FUND_DOWNLOAD_POLICY,FUND_ALLOC_1,LAST_POST_MESSAGE,FUND ALLOCATION 1,,,,,
RLS,RFPFUNDF,UFCOD2,,,BRZ_RLS,RFPFUNDF,UFCOD2,,,Direct,SLV_RLS,RFPFUNDF,FUND_DOWNLOAD_POLICY,FUND_2_CD,LAST_POST_PROVIDER,FUND CODE 2,,,,,
RLS,RFPFUNDF,UFUNT2,,,BRZ_RLS,RFPFUNDF,UFUNT2,,,Direct,SLV_RLS,RFPFUNDF,FUND_DOWNLOAD_POLICY,FUND_UNIT_2,LAST_POST_URL,FUND UNIT 2,,,,,
RLS,RFPFUNDF,UFALC2,,,BRZ_RLS,RFPFUNDF,UFALC2,,,Direct,SLV_RLS,RFPFUNDF,FUND_DOWNLOAD_POLICY,FUND_ALLOC_2,LAST_POSTED_DT,FUND ALLOCATION 2,,,,,
RLS,RFPFUNDF,UFCOD3,,,BRZ_RLS,RFPFUNDF,UFCOD3,,,Direct,SLV_RLS,RFPFUNDF,FUND_DOWNLOAD_POLICY,FUND_3_CD,LEADER_CMU_DECISION,FUND CODE 3,,,,,
RLS,RFPFUNDF,UFUNT3,,,BRZ_RLS,RFPFUNDF,UFUNT3,,,Direct,SLV_RLS,RFPFUNDF,FUND_DOWNLOAD_POLICY,FUND_UNIT_3,LEVEL_OF_COMPLAINT,FUND UNIT 3,,,,,
RLS,RFPFUNDF,UFALC3,,,BRZ_RLS,RFPFUNDF,UFALC3,,,Direct,SLV_RLS,RFPFUNDF,FUND_DOWNLOAD_POLICY,FUND_ALLOC_3,LICENSE_NO,FUND ALLOCATION 3,,,,,
RLS,RFPFUNDF,UFCOD4,,,BRZ_RLS,RFPFUNDF,UFCOD4,,,Direct,SLV_RLS,RFPFUNDF,FUND_DOWNLOAD_POLICY,FUND_4_CD,LINE_QUEUE,FUND CODE 4,,,,,
RLS,RFPFUNDF,UFUNT4,,,BRZ_RLS,RFPFUNDF,UFUNT4,,,Direct,SLV_RLS,RFPFUNDF,FUND_DOWNLOAD_POLICY,FUND_UNIT_4,LINKTOOPENCASEEMAIL,FUND UNIT 4,,,,,
RLS,RFPFUNDF,UFALC4,,,BRZ_RLS,RFPFUNDF,UFALC4,,,Direct,SLV_RLS,RFPFUNDF,FUND_DOWNLOAD_POLICY,FUND_ALLOC_4,LOKASI_SURVEY,FUND ALLOCATION 4,,,,,
RLS,RFPFUNDF,UFCOD5,,,BRZ_RLS,RFPFUNDF,UFCOD5,,,Direct,SLV_RLS,RFPFUNDF,FUND_DOWNLOAD_POLICY,FUND_5_CD,LOSS_IMPACTED,FUND CODE 5,,,,,
RLS,RFPFUNDF,UFUNT5,,,BRZ_RLS,RFPFUNDF,UFUNT5,,,Direct,SLV_RLS,RFPFUNDF,FUND_DOWNLOAD_POLICY,FUND_UNIT_5,MACHINE_CAPACITY,FUND UNIT 5,,,,,
RLS,RFPFUNDF,UFALC5,,,BRZ_RLS,RFPFUNDF,UFALC5,,,Direct,SLV_RLS,RFPFUNDF,FUND_DOWNLOAD_POLICY,FUND_ALLOC_5,MACHINE_NO,FUND ALLOCATION 5,,,,,
RLS,RFPFUNDF,UFCOD6,,,BRZ_RLS,RFPFUNDF,UFCOD6,,,Direct,SLV_RLS,RFPFUNDF,FUND_DOWNLOAD_POLICY,FUND_6_CD,MAGI,FUND CODE 6,,,,,
RLS,RFPFUNDF,UFUNT6,,,BRZ_RLS,RFPFUNDF,UFUNT6,,,Direct,SLV_RLS,RFPFUNDF,FUND_DOWNLOAD_POLICY,FUND_UNIT_6,MANAGER,FUND UNIT 6,,,,,
RLS,RFPFUNDF,UFALC6,,,BRZ_RLS,RFPFUNDF,UFALC6,,,Direct,SLV_RLS,RFPFUNDF,FUND_DOWNLOAD_POLICY,FUND_ALLOC_6,MANUALCLOSEDCASE,FUND ALLOCATION 6,,,,,
RLS,RFPRSKRT,R11PNO,,,BRZ_RLS,RFPRSKRT,R11PNO,,,Direct,SLV_RLS,RFPRSKRT,RISK_RATING,POLICY_NO,MILESTONE_STATUS,POLICY NUMBER,,,,,
RLS,RFPRSKRT,R11PNAME,,,BRZ_RLS,RFPRSKRT,R11PNAME,,,Direct,SLV_RLS,RFPRSKRT,RISK_RATING,POLICY_HOLDER_NM,MO_CD,POLICY HOLDER NAME,,,,,
RLS,RFPRSKRT,R11PRSKR,,,BRZ_RLS,RFPRSKRT,R11PRSKR,,,Direct,SLV_RLS,RFPRSKRT,RISK_RATING,PRODUCT_RISK_RATING,MO_NM,PRODUCT RISK RATING,,,,,
RLS,RFPRSKRT,R11CRSKR,,,BRZ_RLS,RFPRSKRT,R11CRSKR,,,Direct,SLV_RLS,RFPRSKRT,RISK_RATING,CUSTOMER_RISK_RATING,MONTH,CUSTOMER RISK RATING,,,,,
RLS,RFPRSKRT,R11GRSKR,,,BRZ_RLS,RFPRSKRT,R11GRSKR,,,Direct,SLV_RLS,RFPRSKRT,RISK_RATING,GEOGRAPHICAL_RISK_RATING,MOT,GEOGRAPHICAL RISK RATING,,,,,
RLS,RFPRSKRT,R11RRSKR,,,BRZ_RLS,RFPRSKRT,R11RRSKR,,,Direct,SLV_RLS,RFPRSKRT,RISK_RATING,REGULATORY_RISK_RATING,MULTICREATE,REGULATORY RISK RATING,,,,,
RLS,RFPRSKRT,R11ORSKR,,,BRZ_RLS,RFPRSKRT,R11ORSKR,,,Direct,SLV_RLS,RFPRSKRT,RISK_RATING,OVERALL_RISK_RATING,MULTISELECT,OVERALL RISK RATING,,,,,
RLS,RFPRSKRT,R11CNTO,,,BRZ_RLS,RFPRSKRT,R11CNTO,,,Direct,SLV_RLS,RFPRSKRT,RISK_RATING,CNTRY_ORIGIN,NAMED_USER,COUNTRY OF ORIGIN,,,,,
RLS,RFPRSKRT,R11NAT,,,BRZ_RLS,RFPRSKRT,R11NAT,,,Direct,SLV_RLS,RFPRSKRT,RISK_RATING,NATIONALITY,NATURE,NATIONALITY,,,,,
RLS,RFPRSKRT,R11COCC,,,BRZ_RLS,RFPRSKRT,R11COCC,,,Direct,SLV_RLS,RFPRSKRT,RISK_RATING,CUSTOMER_OCCUPATION,NATURE_CONFIG,CUSTOMER OCCUPATION,,,,,
RLS,RFPRSKRT,R11RESN,,,BRZ_RLS,RFPRSKRT,R11RESN,,,Direct,SLV_RLS,RFPRSKRT,RISK_RATING,REASON_FOR_CHANGE,NATURE_OLD_NEW_NOT_EQUAL,REASON FOR CHANGE,,,,,
RLS,RFPRSKRT,R11USER,,,BRZ_RLS,RFPRSKRT,R11USER,,,Direct,SLV_RLS,RFPRSKRT,RISK_RATING,LAST_UPDATE_USER,NAV,LAST UPDATE USER,,,,,
RLS,RFPRSKRT,R11LDATE,,,BRZ_RLS,RFPRSKRT,R11LDATE,,,Direct,SLV_RLS,RFPRSKRT,RISK_RATING,LAST_UPDATE_DT,NDA_DT,LAST UPDATE DATE,,,,,
RLS,RFPRSKRT,R11TIME,,,BRZ_RLS,RFPRSKRT,R11TIME,,,Direct,SLV_RLS,RFPRSKRT,RISK_RATING,LAST_UPDATE_TIME,NEGATIVE_FEEDBACK,LAST UPDATE TIME,,,,,
RLS,RFPTRN,TRPCO,,,BRZ_RLS,RFPTRN,TRPCO,,,Direct,SLV_RLS,RFPTRNB,POLICY_TXN,COMPANY,NEW_PICKLIST_FIELD,COMPANY,,,,,
RLS,RFPTRN,TRPNO,,,BRZ_RLS,RFPTRN,TRPNO,,,Direct,SLV_RLS,RFPTRNB,POLICY_TXN,POLICY_NO,NEXT_APPROVER,POLICY NO.,,,,,
RLS,RFPTRN,TRNREF,,,BRZ_RLS,RFPTRN,TRNREF,,,Direct,SLV_RLS,RFPTRNB,POLICY_TXN,TRAN_REF,NEXT_APPROVER_AFI,TRAN. REF.,,,,,
RLS,RFPTRN,TRCD,,,BRZ_RLS,RFPTRN,TRCD,,,Direct,SLV_RLS,RFPTRNB,POLICY_TXN,TRAN_CD,NEXT_DEPARTMENT,TRAN. CODE,,,,,
RLS,RFPTRN,TRDOS,,,BRZ_RLS,RFPTRN,TRDOS,,,Direct,SLV_RLS,RFPTRNB,POLICY_TXN,TRAN_SUBMISSION_DT,NO_NEED_TO_REPLY_NEW,TRAN. SUBMISSION DATE,,,,,
RLS,RFPTRN,TRDOT,,,BRZ_RLS,RFPTRN,TRDOT,,,Direct,SLV_RLS,RFPTRNB,POLICY_TXN,TRAN_PROCESSING_DT,NO_OWNER,TRAN. PROCESSING DATE,,,,,
RLS,RFPTRN,TREFF,,,BRZ_RLS,RFPTRN,TREFF,,,Direct,SLV_RLS,RFPTRNB,POLICY_TXN,TRAN_EFF_DT,NON_ACTIVE_QUEUE_ID,TRAN. EFF. DATE,,,,,
RLS,RFPTRN,TRDOA,,,BRZ_RLS,RFPTRN,TRDOA,,,Direct,SLV_RLS,RFPTRNB,POLICY_TXN,APPROVAL_DT,NON_ACTIVE_QUEUE_NM,DATE OF APPROVAL,,,,,
RLS,RFPTRN,TRUSER,,,BRZ_RLS,RFPTRN,TRUSER,,,Direct,SLV_RLS,RFPTRNB,POLICY_TXN,USER_ID,NON_FCR,USER ID,,,,,
RLS,RFPTRN,TRTYP,,,BRZ_RLS,RFPTRN,TRTYP,,,Direct,SLV_RLS,RFPTRNB,POLICY_TXN,RECORD_TYPE,NON_INQUIRY,RECORD TYPE,,,,,
RLS,RFPTRN,TBSTS,,,BRZ_RLS,RFPTRN,TBSTS,,,Direct,SLV_RLS,RFPTRNB,POLICY_TXN,STATUS_CD,NONPP,STATUS CODE,,,,,
RLS,RFPTRN,TBCNT,,,BRZ_RLS,RFPTRN,TBCNT,,,Direct,SLV_RLS,RFPTRNB,POLICY_TXN,CASE_CNT,OBJEK_PERTANGGUNGAN,CASE COUNT,,,,,
RLS,RFPTRN,TBPLAN,,,BRZ_RLS,RFPTRN,TBPLAN,,,Direct,SLV_RLS,RFPTRNB,POLICY_TXN,PLAN,OLD_CHS_CREATED_BY,PLAN,,,,,
RLS,RFPTRN,TBPLNN,,,BRZ_RLS,RFPTRN,TBPLNN,,,Direct,SLV_RLS,RFPTRNB,POLICY_TXN,NUMERIC_PLAN_CD,OLD_CHS_CREATED_DT,NUMERIC PLAN CODE,,,,,
RLS,RFPTRN,TBRTO,,,BRZ_RLS,RFPTRN,TBRTO,,,Direct,SLV_RLS,RFPTRNB,POLICY_TXN,ATTACHED_PLAN,OPEN,ATTACHED TO PLAN,,,,,
RLS,RFPTRN,TBCCY,,,BRZ_RLS,RFPTRN,TBCCY,,,Direct,SLV_RLS,RFPTRNB,POLICY_TXN,CCY,OPERATION_SUPPORT_HEAD,CCY,,,,,
RLS,RFPTRN,TBSA,,,BRZ_RLS,RFPTRN,TBSA,,,Direct,SLV_RLS,RFPTRNB,POLICY_TXN,SUM_INSURED,ORIGIN,SUM INSURED,,,,,
RLS,RFPTRN,TBPR,,,BRZ_RLS,RFPTRN,TBPR,,,Direct,SLV_RLS,RFPTRNB,POLICY_TXN,ANNUALIZED_BASIC_PREMI_EXCL_TOPUP_REG,ORIGIN_CUSTOM,ANNUALIZED BASIC PREMIUM EXCL. TOP-UP REGULAR,,,,,
RLS,RFPTRN,TBPRL,,,BRZ_RLS,RFPTRN,TBPRL,,,Direct,SLV_RLS,RFPTRNB,POLICY_TXN,ANNUALIZED_BASIC_LOAD,OTHER_INFORMATION,ANNUALIZED BASIC LOAD.,,,,,
RLS,RFPTRN,TBEFF,,,BRZ_RLS,RFPTRN,TBEFF,,,Direct,SLV_RLS,RFPTRNB,POLICY_TXN,POLICY_EFF_DT,OTHERS_DETAIL,POLICY EFF DATE,,,,,
RLS,RFPTRN,TBTRMP,,,BRZ_RLS,RFPTRN,TBTRMP,,,Direct,SLV_RLS,RFPTRNB,POLICY_TXN,ANNUALIZED_TOPUP_REG,OUTBOUND_SPV,ANNUALIZED TOPUP REG.,,,,,
RLS,RFPTRN,TBDTHO,,,BRZ_RLS,RFPTRN,TBDTHO,,,Direct,SLV_RLS,RFPTRNB,POLICY_TXN,DEATH_BENEFIT_OPTION,OVER_SLA_EMAIL_AFI,DEATH BENEFIT OPTION,,,,,
RLS,RFPTRN,TAPCO,,,BRZ_RLS,RFPTRN,TAPCO,,,Direct,SLV_RLS,RFPTRNB,POLICY_TXN,COMPANY,OVER_SLA_EMAIL_AMFS,COMPANY,,,,,
RLS,RFPTRN,TAPNO,,,BRZ_RLS,RFPTRN,TAPNO,,,Direct,SLV_RLS,RFPTRNB,POLICY_TXN,POLICY_NO,OVER_SLA_EMAIL_MAGI_CUSTOMER,POLICY NO.,,,,,
RLS,RFPTRN,TACNT,,,BRZ_RLS,RFPTRN,TACNT,,,Direct,SLV_RLS,RFPTRNB,POLICY_TXN,CASE_CNT,OWNER_ENTITY,CASE COUNT,,,,,
RLS,RFPTRN,TASTS,,,BRZ_RLS,RFPTRN,TASTS,,,Direct,SLV_RLS,RFPTRNB,POLICY_TXN,STATUS_CD,OWNER_PROFILE_NM,STATUS CODE,,,,,
RLS,RFPTRN,TAPLAN,,,BRZ_RLS,RFPTRN,TAPLAN,,,Direct,SLV_RLS,RFPTRNB,POLICY_TXN,PLAN,PAID_AMT,PLAN,,,,,
RLS,RFPTRN,TAPLNN,,,BRZ_RLS,RFPTRN,TAPLNN,,,Direct,SLV_RLS,RFPTRNB,POLICY_TXN,NUMERIC_PLAN_CD,PARENT_CASE_NO,NUMERIC PLAN CODE,,,,,
RLS,RFPTRN,TARTO,,,BRZ_RLS,RFPTRN,TARTO,,,Direct,SLV_RLS,RFPTRNB,POLICY_TXN,ATTACHED_PLAN,PARENT_CASE_OWNER,ATTACHED TO PLAN,,,,,
RLS,RFPTRN,TACCY,,,BRZ_RLS,RFPTRN,TACCY,,,Direct,SLV_RLS,RFPTRNB,POLICY_TXN,CCY,PARENT_CASE_TYPE_CONFIG,CCY,,,,,
RLS,RFPTRN,TASA,,,BRZ_RLS,RFPTRN,TASA,,,Direct,SLV_RLS,RFPTRNB,POLICY_TXN,SUM_INSURED,PARENT_DT_TIME_OPENED,SUM INSURED,,,,,
RLS,RFPTRN,TAPR,,,BRZ_RLS,RFPTRN,TAPR,,,Direct,SLV_RLS,RFPTRNB,POLICY_TXN,ANNUALIZED_BASIC_PREMI_EXCL_TOPUP_REG,PARENT_SUBJECT,ANNUALIZED BASIC PREMIUM EXCL. TOP-UP REGULAR,,,,,
RLS,RFPTRN,TAPRL,,,BRZ_RLS,RFPTRN,TAPRL,,,Direct,SLV_RLS,RFPTRNB,POLICY_TXN,ANNUALIZED_BASIC_LOAD,PARENT_TYPE,ANNUALIZED BASIC LOAD.,,,,,
RLS,RFPTRN,TAEFF,,,BRZ_RLS,RFPTRN,TAEFF,,,Direct,SLV_RLS,RFPTRNB,POLICY_TXN,POLICY_EFF_DT,PARENT_ID,POLICY EFF DATE,,,,,
RLS,RFPTRN,TATRMP,,,BRZ_RLS,RFPTRN,TATRMP,,,Direct,SLV_RLS,RFPTRNB,POLICY_TXN,ANNUALIZED_TOPUP_REG,PAYTODATE,ANNUALIZED TOPUP REG.,,,,,
RLS,RFPTRN,TADTHO,,,BRZ_RLS,RFPTRN,TADTHO,,,Direct,SLV_RLS,RFPTRNB,POLICY_TXN,DEATH_BENEFIT_OPTION,PENDING_STATUS,DEATH BENEFIT OPTION,,,,,
RLS,LFPNRMKH,RMPNO,,,BRZ_RLS,LFPNRMKH,RMPNO,,,Direct,SLV_RLS,LFPNRMKHB,NOTIFICATION_REMARKS_HIST,POLICY_NO,PERIODE,POLICY NO.,,,,,
RLS,LFPNRMKH,RMTYPE,,,BRZ_RLS,LFPNRMKH,RMTYPE,,,Direct,SLV_RLS,LFPNRMKHB,NOTIFICATION_REMARKS_HIST,NOTIFICATION_TYPE,PIC,NOTIFICATION TYPE,,,,,
RLS,LFPNRMKH,RMREF,,,BRZ_RLS,LFPNRMKH,RMREF,,,Direct,SLV_RLS,LFPNRMKHB,NOTIFICATION_REMARKS_HIST,REFERENCE_NO,PIC_CLAIM,REFERENCE NO.,,,,,
RLS,LFPNRMKH,RMRMKC,,,BRZ_RLS,LFPNRMKH,RMRMKC,,,Direct,SLV_RLS,LFPNRMKHB,NOTIFICATION_REMARKS_HIST,REMARK_CD,PIC_CMU,REMARK CODE,,,,,
RLS,LFPNRMKH,RMRMKD,,,BRZ_RLS,LFPNRMKH,RMRMKD,,,Direct,SLV_RLS,LFPNRMKHB,NOTIFICATION_REMARKS_HIST,REMARK_DESCRIPTION,PIC_CO,REMARK DESCRIPTION,,,,,
RLS,LFPNRMKH,RMRMKD2,,,BRZ_RLS,LFPNRMKH,RMRMKD2,,,Direct,SLV_RLS,LFPNRMKHB,NOTIFICATION_REMARKS_HIST,REMARK_DESCRIPTION_2,PIC_COLLECTION,REMARK DESCRIPTION 2,,,,,
RLS,LFPNRMKH,RMRMKD3,,,BRZ_RLS,LFPNRMKH,RMRMKD3,,,Direct,SLV_RLS,LFPNRMKHB,NOTIFICATION_REMARKS_HIST,REMARK_DESCRIPTION_3,PIC_DEPARTMENT_LU,REMARK DESCRIPTION 3,,,,,
RLS,LFPNRMKH,RMDEPT,,,BRZ_RLS,LFPNRMKH,RMDEPT,,,Direct,SLV_RLS,LFPNRMKHB,NOTIFICATION_REMARKS_HIST,DEPARTMENT_CD,PIC_FINANCE,DEPARTMENT CODE,,,,,
RLS,LFPNRMKH,RMUSER,,,BRZ_RLS,LFPNRMKH,RMUSER,,,Direct,SLV_RLS,LFPNRMKHB,NOTIFICATION_REMARKS_HIST,ASSESSOR_USER_ID,PIC_SALES,ASSESSOR USER ID,,,,,
RLS,LFPNRMKH,RMLUPD,,,BRZ_RLS,LFPNRMKH,RMLUPD,,,Direct,SLV_RLS,LFPNRMKHB,NOTIFICATION_REMARKS_HIST,LAST_UPDATE_DT,PIC_SURVEYOR,LAST UPDATE DATE,,,,,
RLS,LFPNRMKH,RMLUSR,,,BRZ_RLS,LFPNRMKH,RMLUSR,,,Direct,SLV_RLS,LFPNRMKHB,NOTIFICATION_REMARKS_HIST,LAST_UPDATE_USER_ID,POLICY_EFFECTIVE_DT,LAST UPDATE USER ID,,,,,
RLS,LFPNRMKH,RMCOMD,,,BRZ_RLS,LFPNRMKH,RMCOMD,,,Direct,SLV_RLS,LFPNRMKHB,NOTIFICATION_REMARKS_HIST,COMPLETION_DT,POLICY_LEVEL,COMPLETION DATE,,,,,
RLS,LFPNRMKH,RMCOMS,,,BRZ_RLS,LFPNRMKH,RMCOMS,,,Direct,SLV_RLS,LFPNRMKHB,NOTIFICATION_REMARKS_HIST,COMPLETION_STATUS,POLICY_NUMBER,COMPLETION STATUS,,,,,
RLS,LFPNRMKH,RMISSD,,,BRZ_RLS,LFPNRMKH,RMISSD,,,Direct,SLV_RLS,LFPNRMKHB,NOTIFICATION_REMARKS_HIST,REMARK_ISSUE_DT,POLICY_NUMBERS,REMARK ISSUE DATE,,,,,
RLS,LFPHOLDY,L8DATE,,,BRZ_RLS,LFPHOLDY,L8DATE,,,Direct,SLV_RLS,LFPHOLDYB,HOLIDAY,HOLIDAY_DT,POLICY_STATUS,DATE OF HOLIDAY,,,,,
RLS,LFPHOLDY,L8REG,,,BRZ_RLS,LFPHOLDY,L8REG,,,Direct,SLV_RLS,LFPHOLDYB,HOLIDAY,REGION,POST_STATUS,REGION,,,,,
RLS,LFPDEP,PCO,,,BRZ_RLS,LFPDEP,PCO,,,Direct,SLV_RLS,LFPDEPB,MASTER_HEALTH_DEPENDENT,COMPANY,POTENTIALLIABILITY,COMPANY,,,,,
RLS,LFPDEP,PNO,,,BRZ_RLS,LFPDEP,PNO,,,Direct,SLV_RLS,LFPDEPB,MASTER_HEALTH_DEPENDENT,POLICY_NO,PRANK_CALL,POLICY NO.,,,,,
RLS,LFPDEP,DEPNO,,,BRZ_RLS,LFPDEP,DEPNO,,,Direct,SLV_RLS,LFPDEPB,MASTER_HEALTH_DEPENDENT,DEPENDENT_NO,PREMIUM,DEPENDENT NO.,,,,,
RLS,LFPDEP,DENAMF,,,BRZ_RLS,LFPDEP,DENAMF,,,Direct,SLV_RLS,LFPDEPB,MASTER_HEALTH_DEPENDENT,DEPENDENT_FIRST_NM,PRIORITY,DEPENDENT FIRST NAME,,,,,
RLS,LFPDEP,DENAME,,,BRZ_RLS,LFPDEP,DENAME,,,Direct,SLV_RLS,LFPDEPB,MASTER_HEALTH_DEPENDENT,DEPENDENT_NM,PRIORITY_CUSTOMER,DEPENDENT NAME,,,,,
RLS,LFPDEP,DESEX,,,BRZ_RLS,LFPDEP,DESEX,,,Direct,SLV_RLS,LFPDEPB,MASTER_HEALTH_DEPENDENT,SEX,PRODUCT,SEX,,,,,
RLS,LFPDEP,DEDOB,,,BRZ_RLS,LFPDEP,DEDOB,,,Direct,SLV_RLS,LFPDEPB,MASTER_HEALTH_DEPENDENT,DEPENDENT_DOB,PRODUCT_AFI,DEPENDENT DOB,,,,,
RLS,LFPDEP,DEID,,,BRZ_RLS,LFPDEP,DEID,,,Direct,SLV_RLS,LFPDEPB,MASTER_HEALTH_DEPENDENT,DEPENDENT_HKID,PRODUCT_ID,DEPENDENT HKID,,,,,
RLS,LFPDEP,DEEFF,,,BRZ_RLS,LFPDEP,DEEFF,,,Direct,SLV_RLS,LFPDEPB,MASTER_HEALTH_DEPENDENT,EFF_DT,PRODUCTION_YEAR,DATE EFFECTIVE,,,,,
RLS,LFPDEP,DEEXP,,,BRZ_RLS,LFPDEP,DEEXP,,,Direct,SLV_RLS,LFPDEPB,MASTER_HEALTH_DEPENDENT,EXPIRE_DT,PROGRESS_ACTION,DATE EXPIRE,,,,,
RLS,LFPDEP,DESTU,,,BRZ_RLS,LFPDEP,DESTU,,,Direct,SLV_RLS,LFPDEPB,MASTER_HEALTH_DEPENDENT,DEPENDENT_STATUS,QUESTION_ID,DEPENDENT STATUS,,,,,
RLS,LFPDEP,DEPLAN,,,BRZ_RLS,LFPDEP,DEPLAN,,,Direct,SLV_RLS,LFPDEPB,MASTER_HEALTH_DEPENDENT,PLAN_CD,REASON,PLAN CODE,,,,,
RLS,LFPDEP,DEPLNN,,,BRZ_RLS,LFPDEP,DEPLNN,,,Direct,SLV_RLS,LFPDEPB,MASTER_HEALTH_DEPENDENT,NUMERIC_CD,REASON_NOT_MEET_SLA,NUMERIC CODE,,,,,
RLS,LFPDEP,DECLS,,,BRZ_RLS,LFPDEP,DECLS,,,Direct,SLV_RLS,LFPDEPB,MASTER_HEALTH_DEPENDENT,CLASS_CD,REASON_ROOT_CAUSE,CLASS CODE,,,,,
RLS,LFPDEP,DEEXCL,,,BRZ_RLS,LFPDEP,DEEXCL,,,Direct,SLV_RLS,LFPDEPB,MASTER_HEALTH_DEPENDENT,EXCLUSIONS,REASON_ROOT_CAUSE_CATEGORY,EXCLUSIONS,,,,,
RLS,LFPDEP,DEPR,,,BRZ_RLS,LFPDEP,DEPR,,,Direct,SLV_RLS,LFPDEPB,MASTER_HEALTH_DEPENDENT,BASIC_PREMI,RECEIVED_DT,BASIC PREMIUM,,,,,
RLS,LFPDEP,DECLM,,,BRZ_RLS,LFPDEP,DECLM,,,Direct,SLV_RLS,LFPDEPB,MASTER_HEALTH_DEPENDENT,CLINICAL_CLM_CNT,RECEIVED_PARTY,CLINICAL CLM CNT,,,,,
RLS,LFPDEP,DEDOT,,,BRZ_RLS,LFPDEP,DEDOT,,,Direct,SLV_RLS,LFPDEPB,MASTER_HEALTH_DEPENDENT,LAST_MAINT_DT,RECOMMENDATION,DATE LAST MAINT,,,,,
RLS,LFPDEP,DETC,,,BRZ_RLS,LFPDEP,DETC,,,Direct,SLV_RLS,LFPDEPB,MASTER_HEALTH_DEPENDENT,MAINT_CD,RECORD_TYPE_ID,MAINT CODE,,,,,
RLS,LFPDEP,DETEFF,,,BRZ_RLS,LFPDEP,DETEFF,,,Direct,SLV_RLS,LFPDEPB,MASTER_HEALTH_DEPENDENT,MAINT_EFF,REGION,MAINT EFFECTIVE,,,,,
RLS,LFPDEP,DEAPLN,,,BRZ_RLS,LFPDEP,DEAPLN,,,Direct,SLV_RLS,LFPDEPB,MASTER_HEALTH_DEPENDENT,DEPENDENT_APPLICABILITY_PLAN,RELATED_DEPARTMENT,DEPENDENT APPLICABILITY PLAN,,,,,
RLS,LFPAPPL,PUSRC,,,BRZ_RLS,LFPAPPL,PUSRC,,,Direct,SLV_RLS,LFPAPPLB,APPLICATION_LIFE,USER_NM_CAPTURE,RELATED_DEPARTMENTS,USER NAME CAPTURE,,,,,
RLS,LFPAPPL,PUSRCD,,,BRZ_RLS,LFPAPPL,PUSRCD,,,Direct,SLV_RLS,LFPAPPLB,APPLICATION_LIFE,CAPTURE_DT,RELATED_TICKET,CAPTURE DATE,,,,,
RLS,LFPAPPL,PUSRV,,,BRZ_RLS,LFPAPPL,PUSRV,,,Direct,SLV_RLS,LFPAPPLB,APPLICATION_LIFE,USER_NM_VERIFY,REPEAT_CALL2,USER NAME VERIFY (LAST),,,,,
RLS,LFPAPPL,PUSRVD,,,BRZ_RLS,LFPAPPL,PUSRVD,,,Direct,SLV_RLS,LFPAPPLB,APPLICATION_LIFE,VERIFY_DT,REPEAT_CALL,VERIFY DATE (LAST),,,,,
RLS,LFPAPPL,PUSRID,,,BRZ_RLS,LFPAPPL,PUSRID,,,Direct,SLV_RLS,LFPAPPLB,APPLICATION_LIFE,USER_NM_APPROVAL,REPEAT_CALL_AGE,USER NAME APPROVAL (LAST),,,,,
RLS,LFPAPPL,PAPPD1,,,BRZ_RLS,LFPAPPL,PAPPD1,,,Direct,SLV_RLS,LFPAPPLB,APPLICATION_LIFE,APPROVAL_DT,REPEAT_CALL_THIS_MONTH,APPROVAL DATE (FIRST),,,,,
RLS,LFPAPPL,PAPPD2,,,BRZ_RLS,LFPAPPL,PAPPD2,,,Direct,SLV_RLS,LFPAPPLB,APPLICATION_LIFE,APPROVAL_DT,REPORTED_BY,APPROVAL DATE (LAST),,,,,
RLS,LFPAPPL,PCO,,,BRZ_RLS,LFPAPPL,PCO,,,Direct,SLV_RLS,LFPAPPLB,APPLICATION_LIFE,COMPANY_CD,REPORTED_BY_NM,COMPANY CODE,,,,,
RLS,LFPAPPL,PNO,,,BRZ_RLS,LFPAPPL,PNO,,,Direct,SLV_RLS,LFPAPPLB,APPLICATION_LIFE,POLICY_NO,REPORTED_DT,POLICY NO.,,,,,
RLS,LFPAPPL,PSOUR,,,BRZ_RLS,LFPAPPL,PSOUR,,,Direct,SLV_RLS,LFPAPPLB,APPLICATION_LIFE,SOURCE_CD,REPORTED_DEPT,SOURCE CODE,,,,,
RLS,LFPAPPL,PDOS,,,BRZ_RLS,LFPAPPL,PDOS,,,Direct,SLV_RLS,LFPAPPLB,APPLICATION_LIFE,SUBMIT_DT,REPORTED_DEPT_FM,SUBMIT DATE,,,,,
RLS,LFPAPPL,PDOC,,,BRZ_RLS,LFPAPPL,PDOC,,,Direct,SLV_RLS,LFPAPPLB,APPLICATION_LIFE,CAPTURED_DT,REQUEST,DATE CAPTURED,,,,,
RLS,LFPAPPL,PDOI,,,BRZ_RLS,LFPAPPL,PDOI,,,Direct,SLV_RLS,LFPAPPLB,APPLICATION_LIFE,ISSUE_DT,REQUEST_DT,ISSUE  DATE,,,,,
RLS,LFPAPPL,PDOU,,,BRZ_RLS,LFPAPPL,PDOU,,,Direct,SLV_RLS,LFPAPPLB,APPLICATION_LIFE,LAST_U_W_DT,REQUEST_MANAGER,LAST U/W DATE,,,,,
RLS,LFPAPPL,PDOF,,,BRZ_RLS,LFPAPPL,PDOF,,,Direct,SLV_RLS,LFPAPPLB,APPLICATION_LIFE,FOLLOW_UP_DT,REQUEST_MANAGER_EMAIL,FOLLOW-UP DATE,,,,,
RLS,LFPAPPL,PFTD,,,BRZ_RLS,LFPAPPL,PFTD,,,Direct,SLV_RLS,LFPAPPLB,APPLICATION_LIFE,FOLLOW_UP_TODAY,REQUEST_RECORDTYPE_ID,FOLLOW-UP TODAY,,,,,
RLS,LFPAPPL,PUWR,,,BRZ_RLS,LFPAPPL,PUWR,,,Direct,SLV_RLS,LFPAPPLB,APPLICATION_LIFE,U_W_REMARKS_1,REQUEST_TYPE,U/W REMARKS 1,,,,,
RLS,LFPAPPL,PUWR2,,,BRZ_RLS,LFPAPPL,PUWR2,,,Direct,SLV_RLS,LFPAPPLB,APPLICATION_LIFE,U_W_REMARKS_2,RESPONSE_CD,U/W REMARKS 2,,,,,
RLS,LFPAPPL,PUWR3,,,BRZ_RLS,LFPAPPL,PUWR3,,,Direct,SLV_RLS,LFPAPPLB,APPLICATION_LIFE,U_W_REMARKS_3,RESPONSE_DT,U/W REMARKS 3,,,,,
RLS,LFPAPPL,PSTUA,,,BRZ_RLS,LFPAPPL,PSTUA,,,Direct,SLV_RLS,LFPAPPLB,APPLICATION_LIFE,APP_STATUS_CD,RESPONSE_TIME_MIN,APP STATUS CODE,,,,,
RLS,LFPAPPL,PUNCD,,,BRZ_RLS,LFPAPPL,PUNCD,,,Direct,SLV_RLS,LFPAPPLB,APPLICATION_LIFE,U_N_CD,ROOT_CAUSE,U/N CODE,,,,,
RLS,LFPAPPL,PSUBST,,,BRZ_RLS,LFPAPPL,PSUBST,,,Direct,SLV_RLS,LFPAPPLB,APPLICATION_LIFE,SUBST_DECLINE_OPTION,SALDO,SUBST/DECLINE OPTION,,,,,
RLS,LFPAPPL,PCNFLG,,,BRZ_RLS,LFPAPPL,PCNFLG,,,Direct,SLV_RLS,LFPAPPLB,APPLICATION_LIFE,IS_CONTEST,SALES_DISTRIBUTION_HEAD,CONTEST FLAG,boolean,,,,
RLS,LFPAPPL,PEFF,,,BRZ_RLS,LFPAPPL,PEFF,,,Direct,SLV_RLS,LFPAPPLB,APPLICATION_LIFE,POLICY_DT,SEGMENT_NM,POLICY DATE,,,,,
RLS,LFPAPPL,PEXP,,,BRZ_RLS,LFPAPPL,PEXP,,,Direct,SLV_RLS,LFPAPPLB,APPLICATION_LIFE,EXPIRY_DT,SEND_AUTO_REPLY,EXPIRY DATE,,,,,
RLS,LFPAPPL,PMED,,,BRZ_RLS,LFPAPPL,PMED,,,Direct,SLV_RLS,LFPAPPLB,APPLICATION_LIFE,MEDICAL_CD,SENIOR_MANAGER,MEDICAL CODE,,,,,
RLS,LFPAPPL,PREINS,,,BRZ_RLS,LFPAPPL,PREINS,,,Direct,SLV_RLS,LFPAPPLB,APPLICATION_LIFE,R_I_INDICATOR,SENSITIVE_CUSTOMER,R/I INDICATOR,,,,,
RLS,LFPAPPL,PLANG,,,BRZ_RLS,LFPAPPL,PLANG,,,Direct,SLV_RLS,LFPAPPLB,APPLICATION_LIFE,IS_LANGUAGE,SERVICE_TYPE,LANGUAGE FLAG,boolean,,,,
RLS,LFPAPPL,PMODE,,,BRZ_RLS,LFPAPPL,PMODE,,,Direct,SLV_RLS,LFPAPPLB,APPLICATION_LIFE,PYMT_MODE,SF4TWITTER__AUTHOR_EXTERNAL_ID,PAYMENT MODE,,,,,
RLS,LFPAPPL,PMTHOD,,,BRZ_RLS,LFPAPPL,PMTHOD,,,Direct,SLV_RLS,LFPAPPLB,APPLICATION_LIFE,PYMT_METHOD,SF4TWITTER__TWITTER_USERNAME,PAYMENT METHOD,,,,,
RLS,LFPAPPL,PCSCD,,,BRZ_RLS,LFPAPPL,PCSCD,,,Direct,SLV_RLS,LFPAPPLB,APPLICATION_LIFE,LOCATION_POLICY,SF4TWITTER__TWITTERID,LOCATION OF POLICY,,,,,
RLS,LFPAPPL,PMTHDB,,,BRZ_RLS,LFPAPPL,PMTHDB,,,Direct,SLV_RLS,LFPAPPLB,APPLICATION_LIFE,MONTHS_DEBITED,SLA_CASE_CLOSED,MONTHS DEBITED,,,,,
RLS,LFPAPPL,PATPDT,,,BRZ_RLS,LFPAPPL,PATPDT,,,Direct,SLV_RLS,LFPAPPLB,APPLICATION_LIFE,AUTOPAY_CCP_DAY,SLA_EXIT_DT,AUTOPAY/CCP DAY,,,,,
RLS,LFPAPPL,PFACTR,,,BRZ_RLS,LFPAPPL,PFACTR,,,Direct,SLV_RLS,LFPAPPLB,APPLICATION_LIFE,POLICY_FACTOR,SLA_START_DT,POLICY FACTOR,,,,,
RLS,LFPAPPL,PCCY,,,BRZ_RLS,LFPAPPL,PCCY,,,Direct,SLV_RLS,LFPAPPLB,APPLICATION_LIFE,CCY,SLAVIOLATION,CURRENCY,,,,,
RLS,LFPAPPL,PLOAD,,,BRZ_RLS,LFPAPPL,PLOAD,,,Direct,SLV_RLS,LFPAPPLB,APPLICATION_LIFE,TOT_LOADING,SOCIAL_ACCT_URL,TOTAL LOADING,,,,,
RLS,LFPAPPL,PAPREM,,,BRZ_RLS,LFPAPPL,PAPREM,,,Direct,SLV_RLS,LFPAPPLB,APPLICATION_LIFE,ANNUAL_PREMI_EXCLUDE_TOPUP_REG,SOURCE_CASE,ANNUAL PREM EXCLUDE TOP-UP REGULAR,,,,,
RLS,LFPAPPL,PMPREM,,,BRZ_RLS,LFPAPPL,PMPREM,,,Direct,SLV_RLS,LFPAPPLB,APPLICATION_LIFE,MODAL_PREMI_EXCLUDE_TOPUP_REG,SOURCE_ID,MODAL PREM EXCLUDE TOP-UP REGULAR,,,,,
RLS,LFPAPPL,LBPRM,,,BRZ_RLS,LFPAPPL,LBPRM,,,Direct,SLV_RLS,LFPAPPLB,APPLICATION_LIFE,BASIC_MD_REG_PRM_EXC_TOPUP_PCCY,START_DT_NEW,BASIC MD REG PRM EXC T/U PCCY,,,,,
RLS,LFPAPPL,PMCOMM,,,BRZ_RLS,LFPAPPL,PMCOMM,,,Direct,SLV_RLS,LFPAPPLB,APPLICATION_LIFE,MODAL_COMM_EXCLUDE_TOPUP_REG,STATUS,MODAL COMM EXCLUDE TOP-UP REGULAR,,,,,
RLS,LFPAPPL,PAGT1,,,BRZ_RLS,LFPAPPL,PAGT1,,,Direct,SLV_RLS,LFPAPPLB,APPLICATION_LIFE,AGENT_1_CD,STOP_START_DT,AGENT 1 CODE,,,,,
RLS,LFPAPPL,PAGT2,,,BRZ_RLS,LFPAPPL,PAGT2,,,Direct,SLV_RLS,LFPAPPLB,APPLICATION_LIFE,AGENT_2_CD,SUB_STATUS,AGENT 2 CODE,,,,,
RLS,LFPAPPL,PAGTC1,,,BRZ_RLS,LFPAPPL,PAGTC1,,,Direct,SLV_RLS,LFPAPPLB,APPLICATION_LIFE,1ST_YR_COMM_BASIC_PREMI_PCT,SUBJECT,1ST YR COMM % OF BASIC PREMIUM,,,,,
RLS,LFPAPPL,PAGTC2,,,BRZ_RLS,LFPAPPL,PAGTC2,,,Direct,SLV_RLS,LFPAPPLB,APPLICATION_LIFE,2ND_YR_COMM_BASIC_PREMI_PCT,SUPERVISOR,2ND YR COMM % OF BASIC PREMIUM,,,,,
RLS,LFPAPPL,PAGTC3,,,BRZ_RLS,LFPAPPL,PAGTC3,,,Direct,SLV_RLS,LFPAPPLB,APPLICATION_LIFE,3RD_YR_COMM_BASIC_PREMI_PCT,SUPPLIED_COMPANY,3RD+ YR COMM % OF BASIC PREMIUM,,,,,
RLS,LFPAPPL,PAGTC4,,,BRZ_RLS,LFPAPPL,PAGTC4,,,Direct,SLV_RLS,LFPAPPLB,APPLICATION_LIFE,4TH_YR_COMM_BASIC_PREMI_PCT,SUPPLIED_EMAIL,4TH YEAR  COMM% OF BASIC PREMIUM,,,,,
RLS,LFPAPPL,PAGTC5,,,BRZ_RLS,LFPAPPL,PAGTC5,,,Direct,SLV_RLS,LFPAPPLB,APPLICATION_LIFE,5TH_YR_COMM_BASIC_PREMI_PCT,SUPPLIED_NM,5TH YEAR  COMM% OF BASIC PREMIUM,,,,,
RLS,LFPAPPL,PAGTC6,,,BRZ_RLS,LFPAPPL,PAGTC6,,,Direct,SLV_RLS,LFPAPPLB,APPLICATION_LIFE,6TH_YR_COMM_BASIC_PREMI_PCT,SUPPLIED_PHONE,6TH YEAR  COMM% OF BASIC PREMIUM,,,,,
RLS,LFPAPPL,PAGTC7,,,BRZ_RLS,LFPAPPL,PAGTC7,,,Direct,SLV_RLS,LFPAPPLB,APPLICATION_LIFE,7TH_YR_COMM_BASIC_PREMI_PCT,TANGGAL_ASSIGN,7TH YEAR  COMM% OF BASIC PREMIUM,,,,,
RLS,LFPAPPL,PAGTC8,,,BRZ_RLS,LFPAPPL,PAGTC8,,,Direct,SLV_RLS,LFPAPPLB,APPLICATION_LIFE,8TH_YR_COMM_BASIC_PREMI_PCT,TARGET_DT_CLOSED,8TH YEAR  COMM% OF BASIC PREMIUM,,,,,
RLS,LFPAPPL,PAGTC9,,,BRZ_RLS,LFPAPPL,PAGTC9,,,Direct,SLV_RLS,LFPAPPLB,APPLICATION_LIFE,9TH_YR_COMM_BASIC_PREMI_PCT,TARGET_LEAD_TIME_CLOSED_COMPLAINT,9TH YEAR  COMM% OF BASIC PREMIUM,,,,,
RLS,LFPAPPL,PAGTC10,,,BRZ_RLS,LFPAPPL,PAGTC10,,,Direct,SLV_RLS,LFPAPPLB,APPLICATION_LIFE,10TH_YR_COMM_BASIC_PREMI_PCT,TAT,10TH YEAR  COMM% OF BASIC PREMIUM,,,,,
RLS,LFPAPPL,PAGTC11,,,BRZ_RLS,LFPAPPL,PAGTC11,,,Direct,SLV_RLS,LFPAPPLB,APPLICATION_LIFE,11TH_YR_COMM_BASIC_PREMI_PCT,TAT_STATUS,11TH YEAR  COMM% OF BASIC PREMIUM,,,,,
RLS,LFPAPPL,PPARTC,,,BRZ_RLS,LFPAPPL,PPARTC,,,Direct,SLV_RLS,LFPAPPLB,APPLICATION_LIFE,PARTIAL_COMM_PCT,TIME_SPENT,PARTIAL COMM %,,,,,
RLS,LFPAPPL,PNAMF,,,BRZ_RLS,LFPAPPL,PNAMF,,,Direct,SLV_RLS,LFPAPPLB,APPLICATION_LIFE,INSURED_FIRST_NM,TOT_CASE,INSURED FIRST NAME,,,,,
RLS,LFPAPPL,PNAME,,,BRZ_RLS,LFPAPPL,PNAME,,,Direct,SLV_RLS,LFPAPPLB,APPLICATION_LIFE,INSURED_NM,TOT_CLAIM,INSURED NAME,,,,,
RLS,LFPAPPL,PSEX,,,BRZ_RLS,LFPAPPL,PSEX,,,Direct,SLV_RLS,LFPAPPLB,APPLICATION_LIFE,SEX,TOT_MV_PROD_INQUIRY,SEX,,,,,
RLS,LFPAPPL,PAGEI,,,BRZ_RLS,LFPAPPL,PAGEI,,,Direct,SLV_RLS,LFPAPPLB,APPLICATION_LIFE,AGE_AT_ISSUE,TOT_NON_MV_INQUIRY,AGE AT ISSUE,,,,,
RLS,LFPAPPL,PDOB,,,BRZ_RLS,LFPAPPL,PDOB,,,Direct,SLV_RLS,LFPAPPLB,APPLICATION_LIFE,BIRTH_DT,TOT_PENDING,BIRTH DATE,,,,,
RLS,LFPAPPL,PID,,,BRZ_RLS,LFPAPPL,PID,,,Direct,SLV_RLS,LFPAPPLB,APPLICATION_LIFE,ID_NO,TOT_SHARIA_PROD_INQUIRY,ID. NO.,,,,,
RLS,LFPAPPL,PMRSTU,,,BRZ_RLS,LFPAPPL,PMRSTU,,,Direct,SLV_RLS,LFPAPPLB,APPLICATION_LIFE,MARITAL_STATUS,TS_PERIOD_FROM,MARITAL STATUS,,,,,
RLS,LFPAPPL,PINLVL,,,BRZ_RLS,LFPAPPL,PINLVL,,,Direct,SLV_RLS,LFPAPPLB,APPLICATION_LIFE,INCOME_LEVEL,TS_SEND_TO,INCOME LEVEL,,,,,
RLS,LFPAPPL,PADR1,,,BRZ_RLS,LFPAPPL,PADR1,,,Direct,SLV_RLS,LFPAPPLB,APPLICATION_LIFE,CORR_ADDR,TYPE,CORR ADDRESS,,,,,
RLS,LFPAPPL,PADR2,,,BRZ_RLS,LFPAPPL,PADR2,,,Direct,SLV_RLS,LFPAPPLB,APPLICATION_LIFE,CORR_ADDR,TYPE_OF_FEEDBACK,CORR ADDRESS,,,,,
RLS,LFPAPPL,PADR3,,,BRZ_RLS,LFPAPPL,PADR3,,,Direct,SLV_RLS,LFPAPPLB,APPLICATION_LIFE,CORR_ADDR,UNCOUNT,CORR ADDRESS,,,,,
RLS,LFPAPPL,PADR4,,,BRZ_RLS,LFPAPPL,PADR4,,,Direct,SLV_RLS,LFPAPPLB,APPLICATION_LIFE,CORR_ADDR,UNDERWRITING_MANAGER,CORR ADDRESS,,,,,
RLS,LFPAPPL,PCTY,,,BRZ_RLS,LFPAPPL,PCTY,,,Direct,SLV_RLS,LFPAPPLB,APPLICATION_LIFE,CORR_CITY_CD,UPDATE_FIRST_QUEUE,CORR CITY CODE,,,,,
RLS,LFPAPPL,PTEL1,,,BRZ_RLS,LFPAPPL,PTEL1,,,Direct,SLV_RLS,LFPAPPLB,APPLICATION_LIFE,TEL_RES,USERASSISTANT_MANAGER,TEL-RES,,,,,
RLS,LFPAPPL,PTEL2,,,BRZ_RLS,LFPAPPL,PTEL2,,,Direct,SLV_RLS,LFPAPPLB,APPLICATION_LIFE,TEL_OFFICE,VALIDATION,TEL-OFFICE,,,,,
RLS,LFPAPPL,POWNRF,,,BRZ_RLS,LFPAPPL,POWNRF,,,Direct,SLV_RLS,LFPAPPLB,APPLICATION_LIFE,OWNER_FIRST_NM,VALIDITY,OWNER FIRST NAME,,,,,
RLS,LFPAPPL,POWNER,,,BRZ_RLS,LFPAPPL,POWNER,,,Direct,SLV_RLS,LFPAPPLB,APPLICATION_LIFE,OWNER,VEHICLE_REGISTRATION_NO,OWNER,,,,,
RLS,LFPAPPL,POWNID,,,BRZ_RLS,LFPAPPL,POWNID,,,Direct,SLV_RLS,LFPAPPLB,APPLICATION_LIFE,OWNER_HKID,VEHICLE_TYPE,OWNER HKID,,,,,
RLS,LFPAPPL,POWSEX,,,BRZ_RLS,LFPAPPL,POWSEX,,,Direct,SLV_RLS,LFPAPPLB,APPLICATION_LIFE,OWNER_GENDER,WAKTU_KEJADIAN,OWNER GENDER,,,,,
RLS,LFPAPPL,POWNDT,,,BRZ_RLS,LFPAPPL,POWNDT,,,Direct,SLV_RLS,LFPAPPLB,APPLICATION_LIFE,TRANSFER_OWNER_DT,WALK_IN_SPV,DATE TRANSFER OWNER,,,,,
RLS,LFPAPPL,POWNF,,,BRZ_RLS,LFPAPPL,POWNF,,,Direct,SLV_RLS,LFPAPPLB,APPLICATION_LIFE,OWNER_TR_FLAG_DT,X2ND_RECORD,OWNER TR DATE  FLAG,,,,,
RLS,LFPAPPL,PREV1,,,BRZ_RLS,LFPAPPL,PREV1,,,Direct,SLV_RLS,LFPAPPLB,APPLICATION_LIFE,INSURED_PREV_POLICY_NO,YEAR,INSURED PREV POLICY NO.,,,,,
RLS,LFPAPPL,PREV2,,,BRZ_RLS,LFPAPPL,PREV2,,,Direct,SLV_RLS,LFPAPPLB,APPLICATION_LIFE,INSURED_PREV_POLICY_NO,CREATED_BY_NM,INSURED PREV POLICY NO.,,,,,
RLS,LFPAPPL,PREV3,,,BRZ_RLS,LFPAPPL,PREV3,,,Direct,SLV_RLS,LFPAPPLB,APPLICATION_LIFE,INSURED_PREV_POLICY_NO,CONTACT_NM,INSURED PREV POLICY NO.,,,,,
RLS,LFPAPPL,PREV4,,,BRZ_RLS,LFPAPPL,PREV4,,,Direct,SLV_RLS,LFPAPPLB,APPLICATION_LIFE,INSURED_PREV_POLICY_NO,ACCOUNT_NM,INSURED PREV POLICY NO.,,,,,
RLS,LFPAPPL,PREV5,,,BRZ_RLS,LFPAPPL,PREV5,,,Direct,SLV_RLS,LFPAPPLB,APPLICATION_LIFE,INSURED_PREV_POLICY_NO,RECORD_TYPE_NM,INSURED PREV POLICY NO.,,,,,
RLS,LFPAPPL,PREV6,,,BRZ_RLS,LFPAPPL,PREV6,,,Direct,SLV_RLS,LFPAPPLB,APPLICATION_LIFE,INSURED_PREV_POLICY_NO,APPROVE_PAID,INSURED PREV POLICY NO.,,,,,
RLS,LFPAPPL,PREV7,,,BRZ_RLS,LFPAPPL,PREV7,,,Direct,SLV_RLS,LFPAPPLB,APPLICATION_LIFE,INSURED_PREV_POLICY_NO,CASE_ID_EXTERNAL,INSURED PREV POLICY NO.,,,,,
RLS,LFPAPPL,PREV8,,,BRZ_RLS,LFPAPPL,PREV8,,,Direct,SLV_RLS,LFPAPPLB,APPLICATION_LIFE,INSURED_PREV_POLICY_NO,CASE_NO_EXTERNAL,INSURED PREV POLICY NO.,,,,,
RLS,LFPAPPL,PREV9,,,BRZ_RLS,LFPAPPL,PREV9,,,Direct,SLV_RLS,LFPAPPLB,APPLICATION_LIFE,INSURED_PREV_POLICY_NO,CASE_SENSITIVE_CUSTOMER,INSURED PREV POLICY NO.,,,,,
RLS,LFPAPPL,PREV10,,,BRZ_RLS,LFPAPPL,PREV10,,,Direct,SLV_RLS,LFPAPPLB,APPLICATION_LIFE,INSURED_PREV_POLICY_NO,COMPENSATION_PAYMENT,INSURED PREV POLICY NO.,,,,,
RLS,LFPAPPL,PREV11,,,BRZ_RLS,LFPAPPL,PREV11,,,Direct,SLV_RLS,LFPAPPLB,APPLICATION_LIFE,INSURED_PREV_POLICY_NO,COMPLAINT_DECISION_AMFS,INSURED PREV POLICY NO.,,,,,
RLS,LFPAPPL,PREV12,,,BRZ_RLS,LFPAPPL,PREV12,,,Direct,SLV_RLS,LFPAPPLB,APPLICATION_LIFE,INSURED_PREV_POLICY_NO,COMPLAINT_DESC,INSURED PREV POLICY NO.,,,,,
RLS,LFPAPPL,PRVO1,,,BRZ_RLS,LFPAPPL,PRVO1,,,Direct,SLV_RLS,LFPAPPLB,APPLICATION_LIFE,PAYOR_PREV_POLICY_NO,CNT_POLICY_NO,PAYOR PREV POLICY NO.,,,,,
RLS,LFPAPPL,PRVO2,,,BRZ_RLS,LFPAPPL,PRVO2,,,Direct,SLV_RLS,LFPAPPLB,APPLICATION_LIFE,PAYOR_PREV_POLICY_NO,CUSTOMER_EXPECTATION,PAYOR PREV POLICY NO.,,,,,
RLS,LFPAPPL,PRVO3,,,BRZ_RLS,LFPAPPL,PRVO3,,,Direct,SLV_RLS,LFPAPPLB,APPLICATION_LIFE,PAYOR_PREV_POLICY_NO,CUSTOMER_EXPLANATION,PAYOR PREV POLICY NO.,,,,,
RLS,LFPAPPL,PRVO4,,,BRZ_RLS,LFPAPPL,PRVO4,,,Direct,SLV_RLS,LFPAPPLB,APPLICATION_LIFE,PAYOR_PREV_POLICY_NO,CUSTOMER_SIGNATURE_DT,PAYOR PREV POLICY NO.,,,,,
RLS,LFPAPPL,PRVO5,,,BRZ_RLS,LFPAPPL,PRVO5,,,Direct,SLV_RLS,LFPAPPLB,APPLICATION_LIFE,PAYOR_PREV_POLICY_NO,DELIVERY_TRACKING,PAYOR PREV POLICY NO.,,,,,
RLS,LFPAPPL,PRVO6,,,BRZ_RLS,LFPAPPL,PRVO6,,,Direct,SLV_RLS,LFPAPPLB,APPLICATION_LIFE,PAYOR_PREV_POLICY_NO,DEPARTMENT,PAYOR PREV POLICY NO.,,,,,
RLS,LFPAPPL,PRVO7,,,BRZ_RLS,LFPAPPL,PRVO7,,,Direct,SLV_RLS,LFPAPPLB,APPLICATION_LIFE,PAYOR_PREV_POLICY_NO,DOCUMENT_CHECKLIST,PAYOR PREV POLICY NO.,,,,,
RLS,LFPAPPL,PRVO8,,,BRZ_RLS,LFPAPPL,PRVO8,,,Direct,SLV_RLS,LFPAPPLB,APPLICATION_LIFE,PAYOR_PREV_POLICY_NO,DOCUMENT_REQUEST_REVISE,PAYOR PREV POLICY NO.,,,,,
RLS,LFPAPPL,PRVO9,,,BRZ_RLS,LFPAPPL,PRVO9,,,Direct,SLV_RLS,LFPAPPLB,APPLICATION_LIFE,PAYOR_PREV_POLICY_NO,DROP,PAYOR PREV POLICY NO.,,,,,
RLS,LFPAPPL,PRVO10,,,BRZ_RLS,LFPAPPL,PRVO10,,,Direct,SLV_RLS,LFPAPPLB,APPLICATION_LIFE,PAYOR_PREV_POLICY_NO,FA_BRANCH_CD,PAYOR PREV POLICY NO.,,,,,
RLS,LFPAPPL,PRVO11,,,BRZ_RLS,LFPAPPL,PRVO11,,,Direct,SLV_RLS,LFPAPPLB,APPLICATION_LIFE,PAYOR_PREV_POLICY_NO,FA_BRANCH_NM,PAYOR PREV POLICY NO.,,,,,
RLS,LFPAPPL,PRVO12,,,BRZ_RLS,LFPAPPL,PRVO12,,,Direct,SLV_RLS,LFPAPPLB,APPLICATION_LIFE,PAYOR_PREV_POLICY_NO,FA_CD,PAYOR PREV POLICY NO.,,,,,
RLS,LFPAPPL,PBANK,,,BRZ_RLS,LFPAPPL,PBANK,,,Direct,SLV_RLS,LFPAPPLB,APPLICATION_LIFE,BANK_NO,FA_NM,BANK NO.,,,,,
RLS,LFPAPPL,PBRN,,,BRZ_RLS,LFPAPPL,PBRN,,,Direct,SLV_RLS,LFPAPPLB,APPLICATION_LIFE,BRANCH_NO,INVALID_PAID,BRANCH NO.,,,,,
RLS,LFPAPPL,PAC,,,BRZ_RLS,LFPAPPL,PAC,,,Direct,SLV_RLS,LFPAPPLB,APPLICATION_LIFE,ACCT_NO,ISMASSUPLOAD,ACCOUNT NO.,,,,,
RLS,LFPAPPL,PPPF,,,BRZ_RLS,LFPAPPL,PPPF,,,Direct,SLV_RLS,LFPAPPLB,APPLICATION_LIFE,IS_PREPAID_PREMI,LEVEL_SENSITIVE,PREPAID PREMIUM FLAG,boolean,,,,
RLS,LFPAPPL,PTCFLG,,,BRZ_RLS,LFPAPPL,PTCFLG,,,Direct,SLV_RLS,LFPAPPLB,APPLICATION_LIFE,IS_TERM_CONVERSION,OCCUPATION,TERM CONVERSION FLAG,boolean,,,,
RLS,LFPAPPL,PTCPNO,,,BRZ_RLS,LFPAPPL,PTCPNO,,,Direct,SLV_RLS,LFPAPPLB,APPLICATION_LIFE,TERM_CONV_POLICY_NO,OTHERS,TERM CONV. POLICY NO.,,,,,
RLS,LFPAPPL,PASIGC,,,BRZ_RLS,LFPAPPL,PASIGC,,,Direct,SLV_RLS,LFPAPPLB,APPLICATION_LIFE,IS_ASSGN_COM,PAID,ASSGN. COM FLAG,boolean,,,,
RLS,LFPAPPL,LASGNF,,,BRZ_RLS,LFPAPPL,LASGNF,,,Direct,SLV_RLS,LFPAPPLB,APPLICATION_LIFE,ASSIGNEE_FIRST_NM,PRODUCT_AFI2,ASSIGNEE FIRST NAME,,,,,
RLS,LFPAPPL,LASSGN,,,BRZ_RLS,LFPAPPL,LASSGN,,,Direct,SLV_RLS,LFPAPPLB,APPLICATION_LIFE,ASSIGNEE,PRODUCT_NM,ASSIGNEE,,,,,
RLS,LFPAPPL,LASSID,,,BRZ_RLS,LFPAPPL,LASSID,,,Direct,SLV_RLS,LFPAPPLB,APPLICATION_LIFE,ASSIGNEE_ID,REASON_CUSTOM,ASSIGNEE ID,,,,,
RLS,LFPAPPL,LASSA1,,,BRZ_RLS,LFPAPPL,LASSA1,,,Direct,SLV_RLS,LFPAPPLB,APPLICATION_LIFE,ASSIGNEE_ADDR,REVIEW_STATUS,ASSIGNEE ADDRESS,,,,,
RLS,LFPAPPL,LASSA2,,,BRZ_RLS,LFPAPPL,LASSA2,,,Direct,SLV_RLS,LFPAPPLB,APPLICATION_LIFE,ASSIGNEE_ADDR,COMMENTS,ASSIGNEE ADDRESS,,,,,
RLS,LFPAPPL,LASSA3,,,BRZ_RLS,LFPAPPL,LASSA3,,,Direct,SLV_RLS,LFPAPPLB,APPLICATION_LIFE,ASSIGNEE_ADDR,CONTACT_EMAIL,ASSIGNEE ADDRESS,,,,,
RLS,LFPAPPL,LASSA4,,,BRZ_RLS,LFPAPPL,LASSA4,,,Direct,SLV_RLS,LFPAPPLB,APPLICATION_LIFE,ASSIGNEE_ADDR,CONTACT_FAX,ASSIGNEE ADDRESS,,,,,
RLS,LFPAPPL,LASCTY,,,BRZ_RLS,LFPAPPL,LASCTY,,,Direct,SLV_RLS,LFPAPPLB,APPLICATION_LIFE,ASSIGNEE_CITY_CD,CONTACT_MOBILE,ASSIGNEE CITY CODE,,,,,
RLS,LFPAPPL,LPAYDB,,,BRZ_RLS,LFPAPPL,LPAYDB,,,Direct,SLV_RLS,LFPAPPLB,APPLICATION_LIFE,OWNER_BIRTH_DT,CONTACT_PHONE,OWNER BIRTH DATE,,,,,
RLS,LFPAPPL,LPAYAG,,,BRZ_RLS,LFPAPPL,LPAYAG,,,Direct,SLV_RLS,LFPAPPLB,APPLICATION_LIFE,OWNER_AGE,LANGUAGE,OWNER AGE,,,,,
RLS,LFPAPPL,LPLAN,,,BRZ_RLS,LFPAPPL,LPLAN,,,Direct,SLV_RLS,LFPAPPLB,APPLICATION_LIFE,PLAN_CD,MASTER_RECORD_ID,PLAN CODE,,,,,
RLS,LFPAPPL,LPLANN,,,BRZ_RLS,LFPAPPL,LPLANN,,,Direct,SLV_RLS,LFPAPPLB,APPLICATION_LIFE,NUMERIC_CD,LOG_DT,NUMERIC CODE,,,,,
RLS,LFPAPPL,LSA,,,BRZ_RLS,LFPAPPL,LSA,,,Direct,SLV_RLS,LFPAPPLB,APPLICATION_LIFE,LIFE_SUM_INSURED_AMT,SOURCE,LIFE SUM INSURED,,,,,
RLS,LFPAPPL,LCLS,,,BRZ_RLS,LFPAPPL,LCLS,,,Direct,SLV_RLS,LFPAPPLB,APPLICATION_LIFE,CLASS_CD,EMAIL_SMS_LOG_ID,CLASS CODE,,,,,
RLS,LFPAPPL,LPR,,,BRZ_RLS,LFPAPPL,LPR,,,Direct,SLV_RLS,LFPAPPLB,APPLICATION_LIFE,BASIC_PREMI_RATE,CREATED_BY_ID,BASIC PREMIUM RATE,,,,,
RLS,LFPAPPL,LPRL,,,BRZ_RLS,LFPAPPL,LPRL,,,Direct,SLV_RLS,LFPAPPLB,APPLICATION_LIFE,LOADING,CREATED_DT,LOADING,,,,,
RLS,LFPAPPL,LPRLT,,,BRZ_RLS,LFPAPPL,LPRLT,,,Direct,SLV_RLS,LFPAPPLB,APPLICATION_LIFE,TEMP_LOADING,ENTITY,TEMP. LOADING,,,,,
RLS,LFPAPPL,LPRLTE,,,BRZ_RLS,LFPAPPL,LPRLTE,,,Direct,SLV_RLS,LFPAPPLB,APPLICATION_LIFE,LOADING_EXPIRY,ID,LOADING EXPIRY,,,,,
RLS,LFPAPPL,LPRLTY,,,BRZ_RLS,LFPAPPL,LPRLTY,,,Direct,SLV_RLS,LFPAPPLB,APPLICATION_LIFE,TEMP_LOADING_YR,IS_DELETED,TEMP. LOADING YEAR,,,,,
RLS,LFPAPPL,LDVDO,,,BRZ_RLS,LFPAPPL,LDVDO,,,Direct,SLV_RLS,LFPAPPLB,APPLICATION_LIFE,DIVIDEND_OPTION,LAST_MODIFIED_BY_ID,DIVIDEND OPTION,,,,,
RLS,LFPAPPL,LGIO,,,BRZ_RLS,LFPAPPL,LGIO,,,Direct,SLV_RLS,LFPAPPLB,APPLICATION_LIFE,G_I_OPTION,LAST_MODIFIED_DT,G.I. OPTION,,,,,
RLS,LFPAPPL,LEXCL,,,BRZ_RLS,LFPAPPL,LEXCL,,,Direct,SLV_RLS,LFPAPPLB,APPLICATION_LIFE,EXCLUSION,LAST_REFERENCED_DT,EXCLUSION,,,,,
RLS,LFPAPPL,LASNCD,,,BRZ_RLS,LFPAPPL,LASNCD,,,Direct,SLV_RLS,LFPAPPLB,APPLICATION_LIFE,ASSIGNMENT_CD,LAST_VIEWED_DT,ASSIGNMENT CODE,,,,,
RLS,LFPAPPL,LDAPCT,,,BRZ_RLS,LFPAPPL,LDAPCT,,,Direct,SLV_RLS,LFPAPPLB,APPLICATION_LIFE,STARTUP_BONUS_ADJUSTMENT,OWNER_ID,STARTUP BONUS ADJUSTMENT,,,,,
RLS,LFPAPPL,LSTRUP,,,BRZ_RLS,LFPAPPL,LSTRUP,,,Direct,SLV_RLS,LFPAPPLB,APPLICATION_LIFE,ACCUM_STARTUP_BONUS_PCCY_AMT,SYSTEM_MOD_STAMP,ACCUM STARTUP BONUS AMT. PCCY,,,,,
RLS,LFPAPPL,LIMFDT,,,BRZ_RLS,LFPAPPL,LIMFDT,,,Direct,SLV_RLS,LFPAPPLB,APPLICATION_LIFE,INV_MANAGEMENT_FEE_DT,AGENT_NM,INV. MANAGEMENT FEE DATE,,,,,
RLS,LFPAPPL,LPMFDT,,,BRZ_RLS,LFPAPPL,LPMFDT,,,Direct,SLV_RLS,LFPAPPLB,APPLICATION_LIFE,POLICY_MAINT_FEE_DT,CASE_TYPE,POL MAINT FEE DATE,,,,,
RLS,LFPAPPL,LINXO,,,BRZ_RLS,LFPAPPL,LINXO,,,Direct,SLV_RLS,LFPAPPLB,APPLICATION_LIFE,INDEXATION_OPTION_FOR_BASIC_PLAN,CATEGORY,INDEXATION OPTION FOR BASIC PLAN,,,,,
RLS,LFPAPPL,LINXRO,,,BRZ_RLS,LFPAPPL,LINXRO,,,Direct,SLV_RLS,LFPAPPLB,APPLICATION_LIFE,INDEXATION_RATE_OPTION,DESC_CUSTOM,INDEXATION RATE OPTION,,,,,
RLS,LFPAPPL,LOFRC,,,BRZ_RLS,LFPAPPL,LOFRC,,,Direct,SLV_RLS,LFPAPPLB,APPLICATION_LIFE,OFFER_CD,DIVISION,OFFER CODE,,,,,
RLS,LFPAPPL,LCQCLR,,,BRZ_RLS,LFPAPPL,LCQCLR,,,Direct,SLV_RLS,LFPAPPLB,APPLICATION_LIFE,IS_CHEUQE_CLEAR,MOT,CHEUQE CLEAR FLAG,boolean,,,,
RLS,LFPAPPL,LFNCLO,,,BRZ_RLS,LFPAPPL,LFNCLO,,,Direct,SLV_RLS,LFPAPPLB,APPLICATION_LIFE,IS_FUND_CLOSING,NEGATIVE_FEEDBACK,FUND CLOSING FLAG,boolean,,,,
RLS,LFPAPPL,LTRMP,,,BRZ_RLS,LFPAPPL,LTRMP,,,Direct,SLV_RLS,LFPAPPLB,APPLICATION_LIFE,TOPUP_REG_MODAL_PREMI_AMT,POLICY_NUMBER,TOP-UP REGULAR MODAL PREMIUM,,,,,
RLS,LFPAPPL,LTRCP1,,,BRZ_RLS,LFPAPPL,LTRCP1,,,Direct,SLV_RLS,LFPAPPLB,APPLICATION_LIFE,1ST_YR_TOPUP_REG_PREMI_COMM_PCT,REQUEST_DT,1ST YR TOP-UP REGULAR PREM COMM %,,,,,
RLS,LFPAPPL,LTRCP2,,,BRZ_RLS,LFPAPPL,LTRCP2,,,Direct,SLV_RLS,LFPAPPLB,APPLICATION_LIFE,2ND_YR_TOPUP_REG_PREMI_COMM_PCT,RESPONSE_DT,2ND YR TOP-UP REGULAR PREM COMM %,,,,,
RLS,LFPAPPL,LTRCP3,,,BRZ_RLS,LFPAPPL,LTRCP3,,,Direct,SLV_RLS,LFPAPPLB,APPLICATION_LIFE,3RD_YR_TOPUP_REG_PREMI_COMM_PCT,ACCOUNT,3RD YR TOP-UP REGULAR PREM COMM %,,,,,
RLS,LFPAPPL,LTRCP4,,,BRZ_RLS,LFPAPPL,LTRCP4,,,Direct,SLV_RLS,LFPAPPLB,APPLICATION_LIFE,4TH_YR_TOPUP_REG_COMM_PCT,ALL_STATUS_JATIS,4TH YEAR TOP-UP REGULAR COMMISSION %,,,,,
RLS,LFPAPPL,LTRCP5,,,BRZ_RLS,LFPAPPL,LTRCP5,,,Direct,SLV_RLS,LFPAPPLB,APPLICATION_LIFE,5TH_YR_TOPUP_REG_COMM_PCT,BITLY,5TH YEAR TOP-UP REGULAR COMMISSION %,,,,,
RLS,LFPAPPL,LTRCP6,,,BRZ_RLS,LFPAPPL,LTRCP6,,,Direct,SLV_RLS,LFPAPPLB,APPLICATION_LIFE,6TH_YR_TOPUP_REG_COMM_PCT,BLANK_SHORT_URL,6TH YEAR TOP-UP REGULAR COMMISSION %,,,,,
RLS,LFPAPPL,LTRCP7,,,BRZ_RLS,LFPAPPL,LTRCP7,,,Direct,SLV_RLS,LFPAPPLB,APPLICATION_LIFE,7TH_YR_TOPUP_REG_COMM_PCT,CASE,7TH YEAR TOP-UP REGULAR COMMISSION %,,,,,
RLS,LFPAPPL,LTRCP8,,,BRZ_RLS,LFPAPPL,LTRCP8,,,Direct,SLV_RLS,LFPAPPLB,APPLICATION_LIFE,8TH_YR_TOPUP_REG_COMM_PCT,CASE_LIST,8TH YEAR TOP-UP REGULAR COMMISSION %,,,,,
RLS,LFPAPPL,LTRCP9,,,BRZ_RLS,LFPAPPL,LTRCP9,,,Direct,SLV_RLS,LFPAPPLB,APPLICATION_LIFE,9TH_YR_TOPUP_REG_COMM_PCT,CASE_NO,9TH YEAR TOP-UP REGULAR COMMISSION %,,,,,
RLS,LFPAPPL,LTRCP10,,,BRZ_RLS,LFPAPPL,LTRCP10,,,Direct,SLV_RLS,LFPAPPLB,APPLICATION_LIFE,10TH_YR_TOPUP_REG_COMM_PCT,CASE_OPEN_DT,10TH YEAR TOP-UP REGULAR COMMISSION %,,,,,
RLS,LFPAPPL,LTRCP11,,,BRZ_RLS,LFPAPPL,LTRCP11,,,Direct,SLV_RLS,LFPAPPLB,APPLICATION_LIFE,11TH_YR_TOPUP_REG_COMM_PCT,CONTACT,11TH YEAR TOP-UP REGULAR COMMISSION %,,,,,
RLS,LFPAPPL,LTRMC,,,BRZ_RLS,LFPAPPL,LTRMC,,,Direct,SLV_RLS,LFPAPPLB,APPLICATION_LIFE,TOPUP_REG_MODAL_COMM,CONTACT_NM,TOP-UP REGULAR MODAL COMMISSION,,,,,
RLS,LFPAPPL,LILPRM,,,BRZ_RLS,LFPAPPL,LILPRM,,,Direct,SLV_RLS,LFPAPPLB,APPLICATION_LIFE,INIT_LUMP_SUM_PREMI,CONTACT_SHORT_NM,INITIAL LUMP SUM PREMIUM,,,,,
RLS,LFPAPPL,LTLPRM,,,BRZ_RLS,LFPAPPL,LTLPRM,,,Direct,SLV_RLS,LFPAPPLB,APPLICATION_LIFE,LUMP_SUM_PREMI_AMT,DT_HIT,LUMP SUM PREMIUM,,,,,
RLS,LFPAPPL,LILCP,,,BRZ_RLS,LFPAPPL,LILCP,,,Direct,SLV_RLS,LFPAPPLB,APPLICATION_LIFE,INIT_LUMP_SUM_PREMI_COMM_PCT,DT_HIT_JATIS,INITIAL LUMP SUM PREMIUM COMMISSION %,,,,,
RLS,LFPAPPL,LTLCP,,,BRZ_RLS,LFPAPPL,LTLCP,,,Direct,SLV_RLS,LFPAPPLB,APPLICATION_LIFE,LUMP_SUM_PREMI_COMM_PCT,DT_RECEIVED,LUMP SUM PREMIUM COMMISSION %,,,,,
RLS,LFPAPPL,LILCOM,,,BRZ_RLS,LFPAPPL,LILCOM,,,Direct,SLV_RLS,LFPAPPLB,APPLICATION_LIFE,INIT_LUMP_SUM_COMM,DT_RECEIVED_JATIS,INITIAL LUMP SUM COMMISSION,,,,,
RLS,LFPAPPL,LTLCOM,,,BRZ_RLS,LFPAPPL,LTLCOM,,,Direct,SLV_RLS,LFPAPPLB,APPLICATION_LIFE,LUMP_SUM_PREMI_COMM,DEPARTMENT_OWNER,LUMP SUM PREMIUM COMMISSION,,,,,
RLS,LFPAPPL,LLPRE,,,BRZ_RLS,LFPAPPL,LLPRE,,,Direct,SLV_RLS,LFPAPPLB,APPLICATION_LIFE,PREMI_TERM_AT_PLAN_LVL,DESC_STATUS_DELIVER,PREM TERM AT PLAN LVL,,,,,
RLS,LFPAPPL,LLPREA,,,BRZ_RLS,LFPAPPL,LLPREA,,,Direct,SLV_RLS,LFPAPPLB,APPLICATION_LIFE,PREMI_TERM_AT_PLAN_LVL_AT_AGE_YR,DESC_STATUS_JATIS,PREM TERM AT PLAN LVL AT AGE/YR,,,,,
RLS,LFPAPPL,LDTHBO,,,BRZ_RLS,LFPAPPL,LDTHBO,,,Direct,SLV_RLS,LFPAPPLB,APPLICATION_LIFE,DEATH_BENEFIT_OPTION,EMAIL,DEATH BENEFIT OPTION,,,,,
RLS,LFPAPPL,LNTCDT,,,BRZ_RLS,LFPAPPL,LNTCDT,,,Direct,SLV_RLS,LFPAPPLB,APPLICATION_LIFE,NEXT_TRAIL_COMM_PAY_DT,EMAIL_SMS_LENGTH,NEXT TRAIL COMM PAY DATE,,,,,
RLS,LFPAPPL,LEDWO,,,BRZ_RLS,LFPAPPL,LEDWO,,,Direct,SLV_RLS,LFPAPPLB,APPLICATION_LIFE,IS_ENDOWMENT_OPTION,EMAIL_SMS_TEMPLATE,ENDOWMENT OPTION FLAG,boolean,,,,
RLS,LFPAPPL,PCPFMBR,,,BRZ_RLS,LFPAPPL,PCPFMBR,,,Direct,SLV_RLS,LFPAPPLB,APPLICATION_LIFE,BANK_ID_NO,EMAIL_TEXT,BANK ID NUMBER,,,,,
RLS,LFPAPPL,PCPFAC,,,BRZ_RLS,LFPAPPL,PCPFAC,,,Direct,SLV_RLS,LFPAPPLB,APPLICATION_LIFE,CPF_ACCT_FOR_BANK_ACCT_RECONCILIATION_NO,END_DT,CPF ACCOUNT NUMBER'FOR BANK ACCOUNT RECONCILIATION,,,,,
RLS,LFPAPPL,PBABBR,,,BRZ_RLS,LFPAPPL,PBABBR,,,Direct,SLV_RLS,LFPAPPLB,APPLICATION_LIFE,?,EXCLUDE_FROM2,,,,,,
RLS,LFPAPPL,PACNAME,,,BRZ_RLS,LFPAPPL,PACNAME,,,Direct,SLV_RLS,LFPAPPLB,APPLICATION_LIFE,ACCT_NM,EXCLUDE_FROM,ACCOUNT NAME,,,,,
RLS,LFPAPPL,PGCSF,,,BRZ_RLS,LFPAPPL,PGCSF,,,Direct,SLV_RLS,LFPAPPLB,APPLICATION_LIFE,CPF_ACCT_TYPE,EXT_ID_IDAS,CPF A/C TYPE,,,,,
RLS,LFPAPPL,PSGPPO,,,BRZ_RLS,LFPAPPL,PSGPPO,,,Direct,SLV_RLS,LFPAPPLB,APPLICATION_LIFE,IS_SINGPOST_PYMT,EXTERNAL_ID,SINGPOST PAYMENT FLAG,boolean,,,,
RLS,LFPAPPL,PSDFIN,,,BRZ_RLS,LFPAPPL,PSDFIN,,,Direct,SLV_RLS,LFPAPPLB,APPLICATION_LIFE,SD_FINANCE_INDICATOR,FG_UPDATE_CONTACT,SD FINANCE  INDICATOR,,,,,
RLS,LFPAPPL,PCOMID,,,BRZ_RLS,LFPAPPL,PCOMID,,,Direct,SLV_RLS,LFPAPPLB,APPLICATION_LIFE,COMPANY_ID_FOR_SD_FINANCE,FIRST_SEND,COMPANY ID FOR SD FINANCE,,,,,
RLS,LFPAPPL,LMPRMA,,,BRZ_RLS,LFPAPPL,LMPRMA,,,Direct,SLV_RLS,LFPAPPLB,APPLICATION_LIFE,MODAL_PREMI_ADJUSTMENT,FIRST_SEND_F,MODAL PREMIUM  ADJUSTMENT,,,,,
RLS,LFPAPPL,LNFO,,,BRZ_RLS,LFPAPPL,LNFO,,,Direct,SLV_RLS,LFPAPPLB,APPLICATION_LIFE,NON_FORFEITURE_OPTION,FLAGTESTCLASS,NON FORFEITURE  OPTION,,,,,
RLS,LFPAPPL,PAVOF,,,BRZ_RLS,LFPAPPL,PAVOF,,,Direct,SLV_RLS,LFPAPPLB,APPLICATION_LIFE,AUTO_VESTING_OWN_ERSHIP_OPTION,HAVE_EMAIL_SMS_LOG,AUTO VESTING OWN ERSHIP OPTION,,,,,
RLS,LFPAPPL,CMFEE,,,BRZ_RLS,LFPAPPL,CMFEE,,,Direct,SLV_RLS,LFPAPPLB,APPLICATION_LIFE,MEDICAL_FEE,ICF_NON_CCC,MEDICAL FEE,,,,,
RLS,LFPAPPL,PMMBNO,,,BRZ_RLS,LFPAPPL,PMMBNO,,,Direct,SLV_RLS,LFPAPPLB,APPLICATION_LIFE,MOBILE_INSURED_NO,ICF_WALK_IN,MOBILE'NUMBER OF INSURED,,,,,
RLS,LFPAPPL,PMOMBNO,,,BRZ_RLS,LFPAPPL,PMOMBNO,,,Direct,SLV_RLS,LFPAPPLB,APPLICATION_LIFE,MOBILE_OWNER_NO,INSURANCE_TYPE,MOBILE'NUMBER OF OWNER,,,,,
RLS,LFPAPPL,PMFXNO,,,BRZ_RLS,LFPAPPL,PMFXNO,,,Direct,SLV_RLS,LFPAPPLB,APPLICATION_LIFE,FAX_NO,LOOP,FAX'NUMBER,,,,,
RLS,LFPAPPL,PLCOMO,,,BRZ_RLS,LFPAPPL,PLCOMO,,,Direct,SLV_RLS,LFPAPPLB,APPLICATION_LIFE,COMM_OPTION,LOOP_DT_1,COMMISSION OPTION,,,,,
RLS,LFPAPPL,PLRPCA,,,BRZ_RLS,LFPAPPL,PLRPCA,,,Direct,SLV_RLS,LFPAPPLB,APPLICATION_LIFE,REG_PREMI_COMM_ADJUSTMENT_PCT,LOOP_DT_2,REGULAR PREMIUM COMMISSION % ADJUSTMENT,,,,,
RLS,LFPAPPL,PLTPCA,,,BRZ_RLS,LFPAPPL,PLTPCA,,,Direct,SLV_RLS,LFPAPPLB,APPLICATION_LIFE,TOPUP_PREMI_COMM_ADJUSTMENT_PCT,LOOP_DT_3,TOP-UP PREMIUM COMMISSION % ADJUSTMENT,,,,,
RLS,LFPAPPL,PLILCA,,,BRZ_RLS,LFPAPPL,PLILCA,,,Direct,SLV_RLS,LFPAPPLB,APPLICATION_LIFE,INIT_LUMP_SUM_PREMI_COMM_ADJUSTMENT,MESSAGEID_JATIS,INITIAL LUMP SUM PREMIUM COMMISSION ADJUSTMENT,,,,,
RLS,LFPAPPL,PLLSCA,,,BRZ_RLS,LFPAPPL,PLLSCA,,,Direct,SLV_RLS,LFPAPPLB,APPLICATION_LIFE,LUMPSUM_PREMI_COMM_ADJUSTMENT_PCT,METHOD,LUMPSUM PREMIUM COMMISSION % ADJUSTMENT,,,,,
RLS,LFPAPPL,PLTRCP,,,BRZ_RLS,LFPAPPL,PLTRCP,,,Direct,SLV_RLS,LFPAPPLB,APPLICATION_LIFE,TRAIL_COMM_PCT,MOBILE,TRAIL COMMISSION %,,,,,
RLS,LFPAPPL,PEMAL,,,BRZ_RLS,LFPAPPL,PEMAL,,,Direct,SLV_RLS,LFPAPPLB,APPLICATION_LIFE,EMAIL_ADDR_OWNER,MOBILE_FIX,EMAIL ADDRESS OF OWNER,,,,,
RLS,LFPAPPL,PIEMAL,,,BRZ_RLS,LFPAPPL,PIEMAL,,,Direct,SLV_RLS,LFPAPPLB,APPLICATION_LIFE,EMAIL_ADDR_INSURED,MOBILE_FIX_CHECK,EMAIL ADDRESS OF INSURED,,,,,
RLS,LFPAPPL,PAESF,,,BRZ_RLS,LFPAPPL,PAESF,,,Direct,SLV_RLS,LFPAPPLB,APPLICATION_LIFE,IS_ALLOW_E_SERVICE,NM,ALLOW E-SERVICE FLAG,boolean,,,,
RLS,LFPAPPL,PUNLNG,,,BRZ_RLS,LFPAPPL,PUNLNG,,,Direct,SLV_RLS,LFPAPPLB,APPLICATION_LIFE,IS_UN_LANGUAGE,NOT_RESPONSE,UN LANGUAGE FLAG,boolean,,,,
RLS,LFPAPPL,PMEDREP,,,BRZ_RLS,LFPAPPL,PMEDREP,,,Direct,SLV_RLS,LFPAPPLB,APPLICATION_LIFE,IS_MEDICAL_REPLACEMENT,PASSWORD,MEDICAL REPLACEMENT  FLAG,boolean,,,,
RLS,LFPAPPL,PMRPOL1,,,BRZ_RLS,LFPAPPL,PMRPOL1,,,Direct,SLV_RLS,LFPAPPLB,APPLICATION_LIFE,1ST_MEDICAL_REPLACED_POLICY,POLICY_NO,1ST MEDICAL REPLACED POLICY,,,,,
RLS,LFPAPPL,PMRPOL2,,,BRZ_RLS,LFPAPPL,PMRPOL2,,,Direct,SLV_RLS,LFPAPPLB,APPLICATION_LIFE,2ND_MEDICAL_REPLACED_POLICY,READY_TO_SEND,2ND MEDICAL REPLACED POLICY,,,,,
RLS,LFPAPPL,PDODA,,,BRZ_RLS,LFPAPPL,PDODA,,,Direct,SLV_RLS,LFPAPPLB,APPLICATION_LIFE,DELIVERY_AGENT_DT,RETRY_STATUS_DELIVERY,DATE OF DELIVERY TO AGENT,,,,,
RLS,LFPAPPL,PDODC,,,BRZ_RLS,LFPAPPL,PDODC,,,Direct,SLV_RLS,LFPAPPLB,APPLICATION_LIFE,DELIVERY_CLIENT_DT,IS_SEND_ADMIN,DATE OF DELIVERY TO CLIENT,,,,,
RLS,LFPAPPL,PLIEN,,,BRZ_RLS,LFPAPPL,PLIEN,,,Direct,SLV_RLS,LFPAPPLB,APPLICATION_LIFE,LIEN_PCT,IS_SEND,LIEN PERCENTAGE,,,,,
RLS,LFPAPPL,LPRLS,,,BRZ_RLS,LFPAPPL,LPRLS,,,Direct,SLV_RLS,LFPAPPLB,APPLICATION_LIFE,EXTRA_VARIES_SUBSTANDARD_LOADING_PCT,START_DT,EXTRA VARIES SUBSTANDARD LOADING PERCENTAGE,,,,,
RLS,LFPAPPL,PTRMODE,,,BRZ_RLS,LFPAPPL,PTRMODE,,,Direct,SLV_RLS,LFPAPPLB,APPLICATION_LIFE,PYMT_MODE_DE_LINK_RTU,STATUS,PAYMENT MODE OF DE-LINK RTU,,,,,
RLS,LFPAPPL,PTRMTHOD,,,BRZ_RLS,LFPAPPL,PTRMTHOD,,,Direct,SLV_RLS,LFPAPPLB,APPLICATION_LIFE,PYMT_METHOD_DE_LINK_RTU,STATUS_DELIVER,PAYMENT METHOD OF DE-LINK RTU,,,,,
RLS,LFPAPPL,PTRSTD,,,BRZ_RLS,LFPAPPL,PTRSTD,,,Direct,SLV_RLS,LFPAPPLB,APPLICATION_LIFE,START_DE_LINK_RTU_DT,STATUS_JATIS,START DATE OF DE-LINK RTU,,,,,
RLS,LFPAPPL,PTRETD,,,BRZ_RLS,LFPAPPL,PTRETD,,,Direct,SLV_RLS,LFPAPPLB,APPLICATION_LIFE,END_DE_LINK_RTU_DT,STATUS_RESPONSE,END DATE OF  DE-LINK RTU,,,,,
RLS,LFPAPPL,LASFLG,,,BRZ_RLS,LFPAPPL,LASFLG,,,Direct,SLV_RLS,LFPAPPLB,APPLICATION_LIFE,IS_AUTO_SET,SUBJECT,AUTO SET FLAG,boolean,,,,
RLS,LFPAPPL,PCOMM,,,BRZ_RLS,LFPAPPL,PCOMM,,,Direct,SLV_RLS,LFPAPPLB,APPLICATION_LIFE,COMMUNICATION_MEANS,SUBJECT_NEW_VALUE,COMMUNICATION MEANS,,,,,
RLS,LFPAPPL,PSMS,,,BRZ_RLS,LFPAPPL,PSMS,,,Direct,SLV_RLS,LFPAPPLB,APPLICATION_LIFE,IS_RECEIVE_SMS,SUBJECT_OLD_VALUE,RECEIVE SMS FLAG,boolean,,,,
RLS,LFPAPPL,PACFF,,,BRZ_RLS,LFPAPPL,PACFF,,,Direct,SLV_RLS,LFPAPPLB,APPLICATION_LIFE,IS_SERVICE_FEE,SURVEY,SERVICE FEE FLAG,boolean,,,,
RLS,LFPAPPL,PACFPER,,,BRZ_RLS,LFPAPPL,PACFPER,,,Direct,SLV_RLS,LFPAPPLB,APPLICATION_LIFE,SERVICE_FEE_PCT,SURVEY_TAKEN,SERVICE FEE %,,,,,
RLS,LFPAPPH,PUSRC,,,BRZ_RLS,LFPAPPH,PUSRC,,,Direct,SLV_RLS,LFPAPPHB_NEW,APPLICATION_HEALTH,USER_NM_CAPTURE,SURVEY_TYPE,USER NAME CAPTURE,,,,,
RLS,LFPAPPH,PUSRCD,,,BRZ_RLS,LFPAPPH,PUSRCD,,,Direct,SLV_RLS,LFPAPPHB_NEW,APPLICATION_HEALTH,CAPTURE_DT,SURVEY_URL,CAPTURE DATE,,,,,
RLS,LFPAPPH,PUSRV,,,BRZ_RLS,LFPAPPH,PUSRV,,,Direct,SLV_RLS,LFPAPPHB_NEW,APPLICATION_HEALTH,USER_NM_VERIFY,TAKEN,USER NAME VERIFY (LAST),,,,,
RLS,LFPAPPH,PUSRVD,,,BRZ_RLS,LFPAPPH,PUSRVD,,,Direct,SLV_RLS,LFPAPPHB_NEW,APPLICATION_HEALTH,VERIFY_DT,TEMPLATE_EMAIL,VERIFY DATE (LAST),,,,,
RLS,LFPAPPH,PUSRID,,,BRZ_RLS,LFPAPPH,PUSRID,,,Direct,SLV_RLS,LFPAPPHB_NEW,APPLICATION_HEALTH,USER_NM_APPROVAL,TEMPLATE_SMS,USER NAME APPROVAL (LAST),,,,,
RLS,LFPAPPH,PAPPD1,,,BRZ_RLS,LFPAPPH,PAPPD1,,,Direct,SLV_RLS,LFPAPPHB_NEW,APPLICATION_HEALTH,APPROVAL_DT,TOPIC,APPROVAL DATE (FIRST),,,,,
RLS,LFPAPPH,PAPPD2,,,BRZ_RLS,LFPAPPH,PAPPD2,,,Direct,SLV_RLS,LFPAPPHB_NEW,APPLICATION_HEALTH,APPROVAL_DT,TYPE,APPROVAL DATE (LAST),,,,,
RLS,LFPAPPH,PCO,,,BRZ_RLS,LFPAPPH,PCO,,,Direct,SLV_RLS,LFPAPPHB_NEW,APPLICATION_HEALTH,COMPANY_CD,IS_UPDATED_CONTACT,COMPANY CODE,,,,,
RLS,LFPAPPH,PNO,,,BRZ_RLS,LFPAPPH,PNO,,,Direct,SLV_RLS,LFPAPPHB_NEW,APPLICATION_HEALTH,POLICY_NO,USE_CONTACT_EMAIL,POLICY NO.,,,,,
RLS,LFPAPPH,PSOUR,,,BRZ_RLS,LFPAPPH,PSOUR,,,Direct,SLV_RLS,LFPAPPHB_NEW,APPLICATION_HEALTH,SOURCE_CD,USER_ID,SOURCE CODE,,,,,
RLS,LFPAPPH,PDOS,,,BRZ_RLS,LFPAPPH,PDOS,,,Direct,SLV_RLS,LFPAPPHB_NEW,APPLICATION_HEALTH,SUBMIT_DT,WALKIN_SURVEY_URL,SUBMIT DATE,,,,,
RLS,LFPAPPH,PDOC,,,BRZ_RLS,LFPAPPH,PDOC,,,Direct,SLV_RLS,LFPAPPHB_NEW,APPLICATION_HEALTH,CAPTURED_DT,LOG_DT,DATE CAPTURED,,,,,
RLS,LFPAPPH,PDOI,,,BRZ_RLS,LFPAPPH,PDOI,,,Direct,SLV_RLS,LFPAPPHB_NEW,APPLICATION_HEALTH,ISSUE_DT,CREATED_BY_ID,ISSUE  DATE,,,,,
RLS,LFPAPPH,PDOU,,,BRZ_RLS,LFPAPPH,PDOU,,,Direct,SLV_RLS,LFPAPPHB_NEW,APPLICATION_HEALTH,LAST_U_W_DT,CREATED_DT,LAST U/W DATE,,,,,
RLS,LFPAPPH,PDOF,,,BRZ_RLS,LFPAPPH,PDOF,,,Direct,SLV_RLS,LFPAPPHB_NEW,APPLICATION_HEALTH,FOLLOW_UP_DT,ENTITY,FOLLOW-UP DATE,,,,,
RLS,LFPAPPH,PFTD,,,BRZ_RLS,LFPAPPH,PFTD,,,Direct,SLV_RLS,LFPAPPHB_NEW,APPLICATION_HEALTH,FOLLOW_UP_TODAY,ID,FOLLOW-UP TODAY,,,,,
RLS,LFPAPPH,PUWR,,,BRZ_RLS,LFPAPPH,PUWR,,,Direct,SLV_RLS,LFPAPPHB_NEW,APPLICATION_HEALTH,U_W_REMARKS_1,IS_DELETED,U/W REMARKS 1,,,,,
RLS,LFPAPPH,PUWR2,,,BRZ_RLS,LFPAPPH,PUWR2,,,Direct,SLV_RLS,LFPAPPHB_NEW,APPLICATION_HEALTH,U_W_REMARKS_2,LAST_MODIFIED_BY_ID,U/W REMARKS 2,,,,,
RLS,LFPAPPH,PUWR3,,,BRZ_RLS,LFPAPPH,PUWR3,,,Direct,SLV_RLS,LFPAPPHB_NEW,APPLICATION_HEALTH,U_W_REMARKS_3,LAST_MODIFIED_DT,U/W REMARKS 3,,,,,
RLS,LFPAPPH,PSTUA,,,BRZ_RLS,LFPAPPH,PSTUA,,,Direct,SLV_RLS,LFPAPPHB_NEW,APPLICATION_HEALTH,APP_STATUS_CD,LAST_REFERENCED_DT,APP STATUS CODE,,,,,
RLS,LFPAPPH,PUNCD,,,BRZ_RLS,LFPAPPH,PUNCD,,,Direct,SLV_RLS,LFPAPPHB_NEW,APPLICATION_HEALTH,U_N_CD,LAST_VIEWED_DT,U/N CODE,,,,,
RLS,LFPAPPH,PSUBST,,,BRZ_RLS,LFPAPPH,PSUBST,,,Direct,SLV_RLS,LFPAPPHB_NEW,APPLICATION_HEALTH,SUBST_DECLINE_OPTION,SYSTEM_MOD_STAMP,SUBST/DECLINE OPTION,,,,,
RLS,LFPAPPH,PCNFLG,,,BRZ_RLS,LFPAPPH,PCNFLG,,,Direct,SLV_RLS,LFPAPPHB_NEW,APPLICATION_HEALTH,IS_CONTEST,NM,CONTEST FLAG,boolean,,,,
RLS,LFPAPPH,PEFF,,,BRZ_RLS,LFPAPPH,PEFF,,,Direct,SLV_RLS,LFPAPPHB_NEW,APPLICATION_HEALTH,POLICY_DT,ABANDONED,POLICY DATE,,,,,
RLS,LFPAPPH,PEXP,,,BRZ_RLS,LFPAPPH,PEXP,,,Direct,SLV_RLS,LFPAPPHB_NEW,APPLICATION_HEALTH,EXPIRY_DT,ACCOUNT_ID,EXPIRY DATE,,,,,
RLS,LFPAPPH,PMED,,,BRZ_RLS,LFPAPPH,PMED,,,Direct,SLV_RLS,LFPAPPHB_NEW,APPLICATION_HEALTH,MEDICAL_CD,AVG_RESPONSE_TIME_OPERATOR,MEDICAL CODE,,,,,
RLS,LFPAPPH,PREINS,,,BRZ_RLS,LFPAPPH,PREINS,,,Direct,SLV_RLS,LFPAPPHB_NEW,APPLICATION_HEALTH,R_I_INDICATOR,AVG_RESPONSE_TIME_VISITOR,R/I INDICATOR,,,,,
RLS,LFPAPPH,PLANG,,,BRZ_RLS,LFPAPPH,PLANG,,,Direct,SLV_RLS,LFPAPPHB_NEW,APPLICATION_HEALTH,IS_LANGUAGE,BODY,LANGUAGE FLAG,boolean,,,,
RLS,LFPAPPH,PMODE,,,BRZ_RLS,LFPAPPH,PMODE,,,Direct,SLV_RLS,LFPAPPHB_NEW,APPLICATION_HEALTH,PYMT_MODE,BODY_CUSTOM,PAYMENT MODE,,,,,
RLS,LFPAPPH,PMTHOD,,,BRZ_RLS,LFPAPPH,PMTHOD,,,Direct,SLV_RLS,LFPAPPHB_NEW,APPLICATION_HEALTH,PYMT_METHOD,BROWSER,PAYMENT METHOD,,,,,
RLS,LFPAPPH,PCSCD,,,BRZ_RLS,LFPAPPH,PCSCD,,,Direct,SLV_RLS,LFPAPPHB_NEW,APPLICATION_HEALTH,LOCATION_POLICY,BROWSER_LANGUAGE,LOCATION OF POLICY,,,,,
RLS,LFPAPPH,PMTHDB,,,BRZ_RLS,LFPAPPH,PMTHDB,,,Direct,SLV_RLS,LFPAPPHB_NEW,APPLICATION_HEALTH,MONTHS_DEBITED,CASE_ID,MONTHS DEBITED,,,,,
RLS,LFPAPPH,PATPDT,,,BRZ_RLS,LFPAPPH,PATPDT,,,Direct,SLV_RLS,LFPAPPHB_NEW,APPLICATION_HEALTH,AUTOPAY_CCP_DAY,CHANNEL_TYPE,AUTOPAY/CCP DAY,,,,,
RLS,LFPAPPH,PFACTR,,,BRZ_RLS,LFPAPPH,PFACTR,,,Direct,SLV_RLS,LFPAPPHB_NEW,APPLICATION_HEALTH,POLICY_FACTOR,CHAT_DURATION,POLICY FACTOR,,,,,
RLS,LFPAPPH,PCCY,,,BRZ_RLS,LFPAPPH,PCCY,,,Direct,SLV_RLS,LFPAPPHB_NEW,APPLICATION_HEALTH,CCY,CHAT_KEY,CURRENCY,,,,,
RLS,LFPAPPH,PLOAD,,,BRZ_RLS,LFPAPPH,PLOAD,,,Direct,SLV_RLS,LFPAPPHB_NEW,APPLICATION_HEALTH,TOT_LOADING,CHECK_STATUS,TOTAL LOADING,,,,,
RLS,LFPAPPH,PAPREM,,,BRZ_RLS,LFPAPPH,PAPREM,,,Direct,SLV_RLS,LFPAPPHB_NEW,APPLICATION_HEALTH,ANNUAL_PREMI,CONTACT_ID,ANNUAL PREM,,,,,
RLS,LFPAPPH,PMPREM,,,BRZ_RLS,LFPAPPH,PMPREM,,,Direct,SLV_RLS,LFPAPPHB_NEW,APPLICATION_HEALTH,MODAL_PREMI_AMT,CREATED_DATE,MODAL PREM,,,,,
RLS,LFPAPPH,PMCOMM,,,BRZ_RLS,LFPAPPH,PMCOMM,,,Direct,SLV_RLS,LFPAPPHB_NEW,APPLICATION_HEALTH,MODAL_COMM_AMT,CREATEDDATETIME,MODAL COMM,,,,,
RLS,LFPAPPH,PAGT1,,,BRZ_RLS,LFPAPPH,PAGT1,,,Direct,SLV_RLS,LFPAPPHB_NEW,APPLICATION_HEALTH,AGENT_1_CD,ENDED_BY,AGENT 1 CODE,,,,,
RLS,LFPAPPH,PAGT2,,,BRZ_RLS,LFPAPPH,PAGT2,,,Direct,SLV_RLS,LFPAPPHB_NEW,APPLICATION_HEALTH,AGENT_2_CD,END_TIME,AGENT 2 CODE,,,,,
RLS,LFPAPPH,PAGTC1,,,BRZ_RLS,LFPAPPH,PAGTC1,,,Direct,SLV_RLS,LFPAPPHB_NEW,APPLICATION_HEALTH,1ST_YR_COMM_PCT,ENDTIMEONLY,1ST YR COMM %,,,,,
RLS,LFPAPPH,PAGTC2,,,BRZ_RLS,LFPAPPH,PAGTC2,,,Direct,SLV_RLS,LFPAPPHB_NEW,APPLICATION_HEALTH,2ND_YR_COMM_PCT,ENTITY_BACKUP,2ND YR COMM %,,,,,
RLS,LFPAPPH,PAGTC3,,,BRZ_RLS,LFPAPPH,PAGTC3,,,Direct,SLV_RLS,LFPAPPHB_NEW,APPLICATION_HEALTH,3RD_YR_COMM_PCT,INTERVAL,3RD YR COMM %,,,,,
RLS,LFPAPPH,PAGTC4,,,BRZ_RLS,LFPAPPH,PAGTC4,,,Direct,SLV_RLS,LFPAPPHB_NEW,APPLICATION_HEALTH,4TH_YR_COMM_PCT,IP_ADDR,4TH YEAR  COMM%,,,,,
RLS,LFPAPPH,PAGTC5,,,BRZ_RLS,LFPAPPH,PAGTC5,,,Direct,SLV_RLS,LFPAPPHB_NEW,APPLICATION_HEALTH,5TH_YR_COMM_PCT,LEAD_TIME,5TH YEAR  COMM%,,,,,
RLS,LFPAPPH,PAGTC6,,,BRZ_RLS,LFPAPPH,PAGTC6,,,Direct,SLV_RLS,LFPAPPHB_NEW,APPLICATION_HEALTH,6TH_YR_COMM_PCT,LEAD_ID,6TH YEAR  COMM%,,,,,
RLS,LFPAPPH,PAGTC7,,,BRZ_RLS,LFPAPPH,PAGTC7,,,Direct,SLV_RLS,LFPAPPHB_NEW,APPLICATION_HEALTH,7TH_YR_COMM_PCT,LIST_AGENT,7TH YEAR  COMM%,,,,,
RLS,LFPAPPH,PAGTC8,,,BRZ_RLS,LFPAPPH,PAGTC8,,,Direct,SLV_RLS,LFPAPPHB_NEW,APPLICATION_HEALTH,8TH_YR_COMM_PCT,LIVE_CHAT_TRANSCRIPT_IN_HOURS,8TH YEAR  COMM%,,,,,
RLS,LFPAPPH,PAGTC9,,,BRZ_RLS,LFPAPPH,PAGTC9,,,Direct,SLV_RLS,LFPAPPHB_NEW,APPLICATION_HEALTH,9TH_YR_COMM_PCT,LIVE_CHAT_BUTTON_ID,9TH YEAR  COMM%,,,,,
RLS,LFPAPPH,PAGTC10,,,BRZ_RLS,LFPAPPH,PAGTC10,,,Direct,SLV_RLS,LFPAPPHB_NEW,APPLICATION_HEALTH,10TH_YR_COMM_PCT,LIVE_CHAT_DEPLOYMENT_ID,10TH YEAR  COMM%,,,,,
RLS,LFPAPPH,PAGTC11,,,BRZ_RLS,LFPAPPH,PAGTC11,,,Direct,SLV_RLS,LFPAPPHB_NEW,APPLICATION_HEALTH,11TH_YR_COMM_PCT,LIVE_CHAT_VISITOR_ID,11TH YEAR  COMM%,,,,,
RLS,LFPAPPH,PPARTC,,,BRZ_RLS,LFPAPPH,PPARTC,,,Direct,SLV_RLS,LFPAPPHB_NEW,APPLICATION_HEALTH,PARTIAL_COMM_PCT,LOCATION,PARTIAL COMM %,,,,,
RLS,LFPAPPH,PNAMF,,,BRZ_RLS,LFPAPPH,PNAMF,,,Direct,SLV_RLS,LFPAPPHB_NEW,APPLICATION_HEALTH,INSURED_FIRST_NM,MAX_RESPONSE_TIME_OPERATOR,INSURED FIRST NAME,,,,,
RLS,LFPAPPH,PNAME,,,BRZ_RLS,LFPAPPH,PNAME,,,Direct,SLV_RLS,LFPAPPHB_NEW,APPLICATION_HEALTH,INSURED_NM,MAX_RESPONSE_TIME_VISITOR,INSURED NAME,,,,,
RLS,LFPAPPH,PSEX,,,BRZ_RLS,LFPAPPH,PSEX,,,Direct,SLV_RLS,LFPAPPHB_NEW,APPLICATION_HEALTH,SEX,OPERATOR_MESSAGE_CNT,SEX,,,,,
RLS,LFPAPPH,PAGEI,,,BRZ_RLS,LFPAPPH,PAGEI,,,Direct,SLV_RLS,LFPAPPHB_NEW,APPLICATION_HEALTH,AGE_AT_ISSUE,OWNER_ID,AGE AT ISSUE,,,,,
RLS,LFPAPPH,PDOB,,,BRZ_RLS,LFPAPPH,PDOB,,,Direct,SLV_RLS,LFPAPPHB_NEW,APPLICATION_HEALTH,BIRTH_DT,PLATFORM,BIRTH DATE,,,,,
RLS,LFPAPPH,PID,,,BRZ_RLS,LFPAPPH,PID,,,Direct,SLV_RLS,LFPAPPHB_NEW,APPLICATION_HEALTH,ID_NO,READY_TO_SEND,ID. NO.,,,,,
RLS,LFPAPPH,PMRSTU,,,BRZ_RLS,LFPAPPH,PMRSTU,,,Direct,SLV_RLS,LFPAPPHB_NEW,APPLICATION_HEALTH,MARITAL_STATUS,REFERRER_URI,MARITAL STATUS,,,,,
RLS,LFPAPPH,PINLVL,,,BRZ_RLS,LFPAPPH,PINLVL,,,Direct,SLV_RLS,LFPAPPHB_NEW,APPLICATION_HEALTH,INCOME_LEVEL,REFRESH_MANUAL,INCOME LEVEL,,,,,
RLS,LFPAPPH,PADR1,,,BRZ_RLS,LFPAPPH,PADR1,,,Direct,SLV_RLS,LFPAPPHB_NEW,APPLICATION_HEALTH,CORR_ADDR,REQUEST_TIME,CORR ADDRESS,,,,,
RLS,LFPAPPH,PADR2,,,BRZ_RLS,LFPAPPH,PADR2,,,Direct,SLV_RLS,LFPAPPHB_NEW,APPLICATION_HEALTH,CORR_ADDR,SCREEN_RESOLUTION,CORR ADDRESS,,,,,
RLS,LFPAPPH,PADR3,,,BRZ_RLS,LFPAPPH,PADR3,,,Direct,SLV_RLS,LFPAPPHB_NEW,APPLICATION_HEALTH,CORR_ADDR,SEND_EMAIL,CORR ADDRESS,,,,,
RLS,LFPAPPH,PADR4,,,BRZ_RLS,LFPAPPH,PADR4,,,Direct,SLV_RLS,LFPAPPHB_NEW,APPLICATION_HEALTH,CORR_ADDR,SKILL_ID,CORR ADDRESS,,,,,
RLS,LFPAPPH,PCTY,,,BRZ_RLS,LFPAPPH,PCTY,,,Direct,SLV_RLS,LFPAPPHB_NEW,APPLICATION_HEALTH,CORR_CITY_CD,START_ENG,CORR CITY CODE,,,,,
RLS,LFPAPPH,PTEL1,,,BRZ_RLS,LFPAPPH,PTEL1,,,Direct,SLV_RLS,LFPAPPHB_NEW,APPLICATION_HEALTH,TEL_RES,IS_START,TEL-RES,,,,,
RLS,LFPAPPH,PTEL2,,,BRZ_RLS,LFPAPPH,PTEL2,,,Direct,SLV_RLS,LFPAPPHB_NEW,APPLICATION_HEALTH,TEL_OFFICE,START_TIME,TEL-OFFICE,,,,,
RLS,LFPAPPH,POWNRF,,,BRZ_RLS,LFPAPPH,POWNRF,,,Direct,SLV_RLS,LFPAPPHB_NEW,APPLICATION_HEALTH,OWNER_FIRST_NM,STARTTIMEONLY,OWNER FIRST NAME,,,,,
RLS,LFPAPPH,POWNER,,,BRZ_RLS,LFPAPPH,POWNER,,,Direct,SLV_RLS,LFPAPPHB_NEW,APPLICATION_HEALTH,OWNER,STATUS,OWNER,,,,,
RLS,LFPAPPH,POWNID,,,BRZ_RLS,LFPAPPH,POWNID,,,Direct,SLV_RLS,LFPAPPHB_NEW,APPLICATION_HEALTH,OWNER_HKID,SUPERVISOR_TRANSCRIPT_BODY,OWNER HKID,,,,,
RLS,LFPAPPH,POWSEX,,,BRZ_RLS,LFPAPPH,POWSEX,,,Direct,SLV_RLS,LFPAPPHB_NEW,APPLICATION_HEALTH,OWNER_GENDER,TICKET_NO,OWNER GENDER,,,,,
RLS,LFPAPPH,POWNDT,,,BRZ_RLS,LFPAPPH,POWNDT,,,Direct,SLV_RLS,LFPAPPHB_NEW,APPLICATION_HEALTH,TRANSFER_OWNER_DT,TRIGGEROFF,DATE TRANSFER OWNER,,,,,
RLS,LFPAPPH,HPAYDB,,,BRZ_RLS,LFPAPPH,HPAYDB,,,Direct,SLV_RLS,LFPAPPHB_NEW,APPLICATION_HEALTH,PAYOR_BIRTH_DT,USER_AGENT,PAYOR BIRTH DATE,,,,,
RLS,LFPAPPH,POWNF,,,BRZ_RLS,LFPAPPH,POWNF,,,Direct,SLV_RLS,LFPAPPHB_NEW,APPLICATION_HEALTH,OWNER_TR_FLAG_DT,VISITOR_EMAIL,OWNER TR DATE  FLAG,,,,,
RLS,LFPAPPH,PREV1,,,BRZ_RLS,LFPAPPH,PREV1,,,Direct,SLV_RLS,LFPAPPHB_NEW,APPLICATION_HEALTH,INSURED_PREV_POLICY_NO,VISITOR_KODEAGENT,INSURED PREV POLICY NO.,,,,,
RLS,LFPAPPH,PREV2,,,BRZ_RLS,LFPAPPH,PREV2,,,Direct,SLV_RLS,LFPAPPHB_NEW,APPLICATION_HEALTH,INSURED_PREV_POLICY_NO,VISITOR_NM,INSURED PREV POLICY NO.,,,,,
RLS,LFPAPPH,PREV3,,,BRZ_RLS,LFPAPPH,PREV3,,,Direct,SLV_RLS,LFPAPPHB_NEW,APPLICATION_HEALTH,INSURED_PREV_POLICY_NO,VISITOR_PHONE_NO,INSURED PREV POLICY NO.,,,,,
RLS,LFPAPPH,PREV4,,,BRZ_RLS,LFPAPPH,PREV4,,,Direct,SLV_RLS,LFPAPPHB_NEW,APPLICATION_HEALTH,INSURED_PREV_POLICY_NO,VISITOR_MESSAGE_CNT,INSURED PREV POLICY NO.,,,,,
RLS,LFPAPPH,PREV5,,,BRZ_RLS,LFPAPPH,PREV5,,,Direct,SLV_RLS,LFPAPPHB_NEW,APPLICATION_HEALTH,INSURED_PREV_POLICY_NO,WAIT_TIME,INSURED PREV POLICY NO.,,,,,
RLS,LFPAPPH,PREV6,,,BRZ_RLS,LFPAPPH,PREV6,,,Direct,SLV_RLS,LFPAPPHB_NEW,APPLICATION_HEALTH,INSURED_PREV_POLICY_NO,LIVE_CHAT_VISITOR_NM,INSURED PREV POLICY NO.,,,,,
RLS,LFPAPPH,PREV7,,,BRZ_RLS,LFPAPPH,PREV7,,,Direct,SLV_RLS,LFPAPPHB_NEW,APPLICATION_HEALTH,INSURED_PREV_POLICY_NO,SKILL_MASTER_LABEL,INSURED PREV POLICY NO.,,,,,
RLS,LFPAPPH,PREV8,,,BRZ_RLS,LFPAPPH,PREV8,,,Direct,SLV_RLS,LFPAPPHB_NEW,APPLICATION_HEALTH,INSURED_PREV_POLICY_NO,CREATED_BY_NM,INSURED PREV POLICY NO.,,,,,
RLS,LFPAPPH,PREV9,,,BRZ_RLS,LFPAPPH,PREV9,,,Direct,SLV_RLS,LFPAPPHB_NEW,APPLICATION_HEALTH,INSURED_PREV_POLICY_NO,CONTACT_NM,INSURED PREV POLICY NO.,,,,,
RLS,LFPAPPH,PREV10,,,BRZ_RLS,LFPAPPH,PREV10,,,Direct,SLV_RLS,LFPAPPHB_NEW,APPLICATION_HEALTH,INSURED_PREV_POLICY_NO,LOG_DT,INSURED PREV POLICY NO.,,,,,
RLS,LFPAPPH,PREV11,,,BRZ_RLS,LFPAPPH,PREV11,,,Direct,SLV_RLS,LFPAPPHB_NEW,APPLICATION_HEALTH,INSURED_PREV_POLICY_NO,PURECLOUD_CALL_SERVICE_ID,INSURED PREV POLICY NO.,,,,,
RLS,LFPAPPH,PREV12,,,BRZ_RLS,LFPAPPH,PREV12,,,Direct,SLV_RLS,LFPAPPHB_NEW,APPLICATION_HEALTH,INSURED_PREV_POLICY_NO,NM,INSURED PREV POLICY NO.,,,,,
RLS,LFPAPPH,PRVO1,,,BRZ_RLS,LFPAPPH,PRVO1,,,Direct,SLV_RLS,LFPAPPHB_NEW,APPLICATION_HEALTH,PAYOR_PREV_POLICY_NO,ABANDON_CNT_20_SEC,PAYOR PREV POLICY NO.,,,,,
RLS,LFPAPPH,PRVO2,,,BRZ_RLS,LFPAPPH,PRVO2,,,Direct,SLV_RLS,LFPAPPHB_NEW,APPLICATION_HEALTH,PAYOR_PREV_POLICY_NO,ABANDON_CNT_5_SEC,PAYOR PREV POLICY NO.,,,,,
RLS,LFPAPPH,PRVO3,,,BRZ_RLS,LFPAPPH,PRVO3,,,Direct,SLV_RLS,LFPAPPHB_NEW,APPLICATION_HEALTH,PAYOR_PREV_POLICY_NO,ABANDON_CNT_5_SEC_HIGH,PAYOR PREV POLICY NO.,,,,,
RLS,LFPAPPH,PRVO4,,,BRZ_RLS,LFPAPPH,PRVO4,,,Direct,SLV_RLS,LFPAPPHB_NEW,APPLICATION_HEALTH,PAYOR_PREV_POLICY_NO,ABANDON_CNT,PAYOR PREV POLICY NO.,,,,,
RLS,LFPAPPH,PRVO5,,,BRZ_RLS,LFPAPPH,PRVO5,,,Direct,SLV_RLS,LFPAPPHB_NEW,APPLICATION_HEALTH,PAYOR_PREV_POLICY_NO,ABANDON_SUM,PAYOR PREV POLICY NO.,,,,,
RLS,LFPAPPH,PRVO6,,,BRZ_RLS,LFPAPPH,PRVO6,,,Direct,SLV_RLS,LFPAPPHB_NEW,APPLICATION_HEALTH,PAYOR_PREV_POLICY_NO,ACD_CNT_10_SECS,PAYOR PREV POLICY NO.,,,,,
RLS,LFPAPPH,PRVO7,,,BRZ_RLS,LFPAPPH,PRVO7,,,Direct,SLV_RLS,LFPAPPHB_NEW,APPLICATION_HEALTH,PAYOR_PREV_POLICY_NO,ACD_CNT_20_SEC,PAYOR PREV POLICY NO.,,,,,
RLS,LFPAPPH,PRVO8,,,BRZ_RLS,LFPAPPH,PRVO8,,,Direct,SLV_RLS,LFPAPPHB_NEW,APPLICATION_HEALTH,PAYOR_PREV_POLICY_NO,ACD_CNT_20_SECS,PAYOR PREV POLICY NO.,,,,,
RLS,LFPAPPH,PRVO9,,,BRZ_RLS,LFPAPPH,PRVO9,,,Direct,SLV_RLS,LFPAPPHB_NEW,APPLICATION_HEALTH,PAYOR_PREV_POLICY_NO,ACD_CNT_30_SEC,PAYOR PREV POLICY NO.,,,,,
RLS,LFPAPPH,PRVO10,,,BRZ_RLS,LFPAPPH,PRVO10,,,Direct,SLV_RLS,LFPAPPHB_NEW,APPLICATION_HEALTH,PAYOR_PREV_POLICY_NO,ACD_CNT_5_SECS,PAYOR PREV POLICY NO.,,,,,
RLS,LFPAPPH,PRVO11,,,BRZ_RLS,LFPAPPH,PRVO11,,,Direct,SLV_RLS,LFPAPPHB_NEW,APPLICATION_HEALTH,PAYOR_PREV_POLICY_NO,ACD_CNT,PAYOR PREV POLICY NO.,,,,,
RLS,LFPAPPH,PRVO12,,,BRZ_RLS,LFPAPPH,PRVO12,,,Direct,SLV_RLS,LFPAPPHB_NEW,APPLICATION_HEALTH,PAYOR_PREV_POLICY_NO,ACD_SUM,PAYOR PREV POLICY NO.,,,,,
RLS,LFPAPPH,PBANK,,,BRZ_RLS,LFPAPPH,PBANK,,,Direct,SLV_RLS,LFPAPPHB_NEW,APPLICATION_HEALTH,BANK_NO,ACW_CNT,BANK NO.,,,,,
RLS,LFPAPPH,PBRN,,,BRZ_RLS,LFPAPPH,PBRN,,,Direct,SLV_RLS,LFPAPPHB_NEW,APPLICATION_HEALTH,BRANCH_NO,ACW_SUM,BRANCH NO.,,,,,
RLS,LFPAPPH,PAC,,,BRZ_RLS,LFPAPPH,PAC,,,Direct,SLV_RLS,LFPAPPHB_NEW,APPLICATION_HEALTH,ACCT_NO,AHT,ACCOUNT NO.,,,,,
RLS,LFPAPPH,PPPF,,,BRZ_RLS,LFPAPPH,PPPF,,,Direct,SLV_RLS,LFPAPPHB_NEW,APPLICATION_HEALTH,IS_PREPAID_PREMI,ANS_CALLS,PREPAID PREMIUM FLAG,boolean,,,,
RLS,LFPAPPH,PASIGC,,,BRZ_RLS,LFPAPPH,PASIGC,,,Direct,SLV_RLS,LFPAPPHB_NEW,APPLICATION_HEALTH,IS_ASSGN_COM,AVG_ABANDON,ASSGN. COM FLAG,boolean,,,,
RLS,LFPAPPH,HPLAN,,,BRZ_RLS,LFPAPPH,HPLAN,,,Direct,SLV_RLS,LFPAPPHB_NEW,APPLICATION_HEALTH,PLAN_CD,AVG_ACD,PLAN CODE,,,,,
RLS,LFPAPPH,HPLANN,,,BRZ_RLS,LFPAPPH,HPLANN,,,Direct,SLV_RLS,LFPAPPHB_NEW,APPLICATION_HEALTH,NUMERIC_CD,AVG_ACD_P,NUMERIC CODE,,,,,
RLS,LFPAPPH,HCLS,,,BRZ_RLS,LFPAPPH,HCLS,,,Direct,SLV_RLS,LFPAPPHB_NEW,APPLICATION_HEALTH,CLASS_CD,AVG_ACW,CLASS CODE,,,,,
RLS,LFPAPPH,HEXCL,,,BRZ_RLS,LFPAPPH,HEXCL,,,Direct,SLV_RLS,LFPAPPHB_NEW,APPLICATION_HEALTH,EXCLUSIONS,AVG_HOLD,EXCLUSIONS,,,,,
RLS,LFPAPPH,HSURG,,,BRZ_RLS,LFPAPPH,HSURG,,,Direct,SLV_RLS,LFPAPPHB_NEW,APPLICATION_HEALTH,SURGICAL_OPTION,AVG_SPEED_OF_ANSWER,SURGICAL OPTION,,,,,
RLS,LFPAPPH,HPR,,,BRZ_RLS,LFPAPPH,HPR,,,Direct,SLV_RLS,LFPAPPHB_NEW,APPLICATION_HEALTH,BASIC_PREMI_RATE,AVG_TALK_TIME,BASIC PREMIUM RATE,,,,,
RLS,LFPAPPH,HFMDIS,,,BRZ_RLS,LFPAPPH,HFMDIS,,,Direct,SLV_RLS,LFPAPPHB_NEW,APPLICATION_HEALTH,FAMILY_DISCNT_PCT,BALANCE,FAMILY DISCOUNT %,,,,,
RLS,LFPAPPH,HOFRC,,,BRZ_RLS,LFPAPPH,HOFRC,,,Direct,SLV_RLS,LFPAPPHB_NEW,APPLICATION_HEALTH,OFFER_CD,CALL_OFFERED,OFFER CODE,,,,,
RLS,LFPAPPH,PUMBNO,,,BRZ_RLS,LFPAPPH,PUMBNO,,,Direct,SLV_RLS,LFPAPPHB_NEW,APPLICATION_HEALTH,MOBILE_INSURED_NO,CALLBACK_CNT,MOBILE'NUMBER OF INSURED,,,,,
RLS,LFPAPPH,PMOMBNO,,,BRZ_RLS,LFPAPPH,PMOMBNO,,,Direct,SLV_RLS,LFPAPPHB_NEW,APPLICATION_HEALTH,MOBILE_OWNER_NO,CALLS_ANSWERED_SUM,MOBILE'NUMBER OF OWNER,,,,,
RLS,LFPAPPH,PUFXNO,,,BRZ_RLS,LFPAPPH,PUFXNO,,,Direct,SLV_RLS,LFPAPPHB_NEW,APPLICATION_HEALTH,FAX_NO,CREATED_BY_ID,FAX'NUMBER,,,,,
RLS,LFPAPPH,PEMAL,,,BRZ_RLS,LFPAPPH,PEMAL,,,Direct,SLV_RLS,LFPAPPHB_NEW,APPLICATION_HEALTH,EMAIL_ADDR_OWNER,CREATED_DT,EMAIL ADDRESS OF OWNER,,,,,
RLS,LFPAPPH,PIEMAL,,,BRZ_RLS,LFPAPPH,PIEMAL,,,Direct,SLV_RLS,LFPAPPHB_NEW,APPLICATION_HEALTH,EMAIL_ADDR_INSURED,DATE,EMAIL ADDRESS OF INSURED,,,,,
RLS,LFPAPPH,PAESF,,,BRZ_RLS,LFPAPPH,PAESF,,,Direct,SLV_RLS,LFPAPPHB_NEW,APPLICATION_HEALTH,IS_ALLOW_E_SERVICE,ENTITY,ALLOW E-SERVICE FLAG,boolean,,,,
RLS,LFPAPPH,PUNLNG,,,BRZ_RLS,LFPAPPH,PUNLNG,,,Direct,SLV_RLS,LFPAPPHB_NEW,APPLICATION_HEALTH,IS_UN_LANGUAGE,EXTERNAL_ID,UN LANGUAGE FLAG,boolean,,,,
RLS,LFPAPPH,PMEDREP,,,BRZ_RLS,LFPAPPH,PMEDREP,,,Direct,SLV_RLS,LFPAPPHB_NEW,APPLICATION_HEALTH,IS_MEDICAL_REPLACEMENT,EXTN_OUT_CALLS,MEDICAL REPLACEMENT  FLAG,boolean,,,,
RLS,LFPAPPH,PMRPOL1,,,BRZ_RLS,LFPAPPH,PMRPOL1,,,Direct,SLV_RLS,LFPAPPHB_NEW,APPLICATION_HEALTH,1ST_MEDICAL_REPLACED_POLICY,FLOWOUT_CNT,1ST MEDICAL REPLACED POLICY,,,,,
RLS,LFPAPPH,PMRPOL2,,,BRZ_RLS,LFPAPPH,PMRPOL2,,,Direct,SLV_RLS,LFPAPPHB_NEW,APPLICATION_HEALTH,2ND_MEDICAL_REPLACED_POLICY,HANDLE_CNT,2ND MEDICAL REPLACED POLICY,,,,,
RLS,LFPAPPH,PDODA,,,BRZ_RLS,LFPAPPH,PDODA,,,Direct,SLV_RLS,LFPAPPHB_NEW,APPLICATION_HEALTH,DELIVERY_AGENT_DT,HANDLE_SUM,DATE OF DELIVERY TO AGENT,,,,,
RLS,LFPAPPH,PDODC,,,BRZ_RLS,LFPAPPH,PDODC,,,Direct,SLV_RLS,LFPAPPHB_NEW,APPLICATION_HEALTH,DELIVERY_CLIENT_DT,HOLD_CNT,DATE OF DELIVERY TO CLIENT,,,,,
RLS,LFPAPPH,PCOMM,,,BRZ_RLS,LFPAPPH,PCOMM,,,Direct,SLV_RLS,LFPAPPHB_NEW,APPLICATION_HEALTH,COMMUNICATION_MEANS,HOLD_SUM,COMMUNICATION MEANS,,,,,
RLS,LFPAPPH,PSMS,,,BRZ_RLS,LFPAPPH,PSMS,,,Direct,SLV_RLS,LFPAPPHB_NEW,APPLICATION_HEALTH,IS_RECEIVE_SMS,ID,RECEIVE SMS FLAG,boolean,,,,
RLS,RFPAGTUL,PNO,,,BRZ_RLS,RFPAGTUL,PNO,,,Direct,SLV_RLS,RFPAGTULB_NEW,AGENT_PRODUCTION_UPDATE_DAILY_LIFE,,INTERVAL,,,,,,
RLS,RFPAGTUL,PCCY,,,BRZ_RLS,RFPAGTUL,PCCY,,,Direct,SLV_RLS,RFPAGTULB_NEW,AGENT_PRODUCTION_UPDATE_DAILY_LIFE,,IS_DELETED,,,,,,
RLS,RFPAGTUL,AUUNT,,,BRZ_RLS,RFPAGTUL,AUUNT,,,Direct,SLV_RLS,RFPAGTULB_NEW,AGENT_PRODUCTION_UPDATE_DAILY_LIFE,UNIT_CD,LAST_ACTIVITY_DT,UNIT CODE,,,,,
RLS,RFPAGTUL,AULVL,,,BRZ_RLS,RFPAGTUL,AULVL,,,Direct,SLV_RLS,RFPAGTULB_NEW,AGENT_PRODUCTION_UPDATE_DAILY_LIFE,SOURCE_CD,LAST_MODIFIED_BY_ID,SOURCE CODE,,,,,
RLS,RFPAGTUL,AUAGC,,,BRZ_RLS,RFPAGTUL,AUAGC,,,Direct,SLV_RLS,RFPAGTULB_NEW,AGENT_PRODUCTION_UPDATE_DAILY_LIFE,AGENT_CD,LAST_MODIFIED_DT,AGENT CODE,,,,,
RLS,RFPAGTUL,AUDOS,,,BRZ_RLS,RFPAGTUL,AUDOS,,,Direct,SLV_RLS,RFPAGTULB_NEW,AGENT_PRODUCTION_UPDATE_DAILY_LIFE,SUBMIT_DT,LAST_REFERENCED_DT,DATE SUBMITTED,,,,,
RLS,RFPAGTUL,AUTT,,,BRZ_RLS,RFPAGTUL,AUTT,,,Direct,SLV_RLS,RFPAGTULB_NEW,AGENT_PRODUCTION_UPDATE_DAILY_LIFE,TRAN_TYPE,LAST_VIEWED_DT,TRANS TYPE,,,,,
RLS,RFPAGTUL,AUBRT,,,BRZ_RLS,RFPAGTUL,AUBRT,,,Direct,SLV_RLS,RFPAGTULB_NEW,AGENT_PRODUCTION_UPDATE_DAILY_LIFE,RECORD_TYPE,OUTBOUND_CALL,RECORD TYPE (BASIC),,,,,
RLS,RFPAGTUL,AURT,,,BRZ_RLS,RFPAGTUL,AURT,,,Direct,SLV_RLS,RFPAGTULB_NEW,AGENT_PRODUCTION_UPDATE_DAILY_LIFE,RECORD_TYPE,OWNER_ID,RECORD TYPE (BASIC/RIDER),,,,,
RLS,RFPAGTUL,AUFY,,,BRZ_RLS,RFPAGTUL,AUFY,,,Direct,SLV_RLS,RFPAGTULB_NEW,AGENT_PRODUCTION_UPDATE_DAILY_LIFE,FY_CD,QUEUE_NM,FY CODE (BASIC),,,,,
RLS,RFPAGTUL,AUBRFY,,,BRZ_RLS,RFPAGTUL,AUBRFY,,,Direct,SLV_RLS,RFPAGTULB_NEW,AGENT_PRODUCTION_UPDATE_DAILY_LIFE,FY_CD,QUEUEID,FY CODE (BASIC/RIDER),,,,,
RLS,RFPAGTUL,AUDFY,,,BRZ_RLS,RFPAGTUL,AUDFY,,,Direct,SLV_RLS,RFPAGTULB_NEW,AGENT_PRODUCTION_UPDATE_DAILY_LIFE,FY_CD,SL_80_20,FY CODE (DEPENDENT),,,,,
RLS,RFPAGTUL,AUPT,,,BRZ_RLS,RFPAGTUL,AUPT,,,Direct,SLV_RLS,RFPAGTULB_NEW,AGENT_PRODUCTION_UPDATE_DAILY_LIFE,PREMI_TYPE,SL_80_30,PREMIUM TYPE,,,,,
RLS,RFPAGTUL,AUFYP,,,BRZ_RLS,RFPAGTUL,AUFYP,,,Direct,SLV_RLS,RFPAGTULB_NEW,AGENT_PRODUCTION_UPDATE_DAILY_LIFE,FY_PREMI,SL_90_20,FY PREMIUM,,,,,
RLS,RFPAGTUL,AURC,,,BRZ_RLS,RFPAGTUL,AURC,,,Direct,SLV_RLS,RFPAGTULB_NEW,AGENT_PRODUCTION_UPDATE_DAILY_LIFE,RECORD_CNT,SYSTEM_MOD_STAMP,RECORD COUNT,,,,,
RLS,RFPAGTUL,AUDOI,,,BRZ_RLS,RFPAGTUL,AUDOI,,,Direct,SLV_RLS,RFPAGTULB_NEW,AGENT_PRODUCTION_UPDATE_DAILY_LIFE,ISSUE_DT,TALK_CNT,ISSUE DATE,,,,,
RLS,RFPAGTUL,AUPEFF,,,BRZ_RLS,RFPAGTUL,AUPEFF,,,Direct,SLV_RLS,RFPAGTULB_NEW,AGENT_PRODUCTION_UPDATE_DAILY_LIFE,POLICY_EFF_DT,TALK_SUM,POLICY EFFECTIVE DATE,,,,,
RLS,RFPAGTUL,AUBREFF,,,BRZ_RLS,RFPAGTUL,AUBREFF,,,Direct,SLV_RLS,RFPAGTULB_NEW,AGENT_PRODUCTION_UPDATE_DAILY_LIFE,EFF_DT,TEMP_AUX,EFFECTIVE DATE (BASIC/RIDER),,,,,
RLS,RFPAGTUL,AUDEFF,,,BRZ_RLS,RFPAGTUL,AUDEFF,,,Direct,SLV_RLS,RFPAGTULB_NEW,AGENT_PRODUCTION_UPDATE_DAILY_LIFE,EFF_DT,TRANSFERRED_OUT,EFFECTIVE DATE (DEPENDENT),,,,,
RLS,RFPAGTUL,AUCEXP,,,BRZ_RLS,RFPAGTUL,AUCEXP,,,Direct,SLV_RLS,RFPAGTULB_NEW,AGENT_PRODUCTION_UPDATE_DAILY_LIFE,COOLING_OFF_EXPIRY_DT,LOG_DT,COOLING OFF EXPIRY DATE,,,,,
RLS,RFPAGTUL,AUZFLG,,,BRZ_RLS,RFPAGTUL,AUZFLG,,,Direct,SLV_RLS,RFPAGTULB_NEW,AGENT_PRODUCTION_UPDATE_DAILY_LIFE,IS_2ND_CUTOFF_PROCESSING,CREATED_BY_ID,2ND CUTOFF PROCESSING FLAG,boolean,,,,
RLS,RFPAGTUL,AUBCGP,,,BRZ_RLS,RFPAGTUL,AUBCGP,,,Direct,SLV_RLS,RFPAGTULB_NEW,AGENT_PRODUCTION_UPDATE_DAILY_LIFE,BEFORE_CHANGE_ANNUALIZED_PREMI,CREATED_DT,BEFORE CHANGE ANNUALIZED PREMIUM (BASIC/RIDER),,,,,
RLS,RFPAGTUL,AUBCGR,,,BRZ_RLS,RFPAGTUL,AUBCGR,,,Direct,SLV_RLS,RFPAGTULB_NEW,AGENT_PRODUCTION_UPDATE_DAILY_LIFE,BEFORE_CHANGE_ANNUALIZED_PREMI,ENTITY,BEFORE CHANGE ANNUALIZED PREMIUM (REG TP),,,,,
RLS,RFPAGTUL,AUACGP,,,BRZ_RLS,RFPAGTUL,AUACGP,,,Direct,SLV_RLS,RFPAGTULB_NEW,AGENT_PRODUCTION_UPDATE_DAILY_LIFE,AFTER_CHANGE_ANNUALIZED_PREMI,ID,AFTER CHANGE ANNUALIZED PREMIUM (BASIC/RIDER),,,,,
RLS,RFPAGTUL,AUACGR,,,BRZ_RLS,RFPAGTUL,AUACGR,,,Direct,SLV_RLS,RFPAGTULB_NEW,AGENT_PRODUCTION_UPDATE_DAILY_LIFE,AFTER_CHANGE_ANNUALIZED_PREMI,IS_DELETED,AFTER CHANGE ANNUALIZED PREMIUM (REG TP),,,,,
RLS,RFPAGTUL,AUPUNT,,,BRZ_RLS,RFPAGTUL,AUPUNT,,,Direct,SLV_RLS,RFPAGTULB_NEW,AGENT_PRODUCTION_UPDATE_DAILY_LIFE,PRODUCING_AGENT_UNIT_CD,LAST_MODIFIED_BY_ID,PRODUCING AGENT UNIT CODE,,,,,
RLS,RFPAGTUL,AUPLVL,,,BRZ_RLS,RFPAGTUL,AUPLVL,,,Direct,SLV_RLS,RFPAGTULB_NEW,AGENT_PRODUCTION_UPDATE_DAILY_LIFE,PRODUCING_AGENT_LEVEL_CD,LAST_MODIFIED_DT,PRODUCING AGENT LEVEL CODE,,,,,
RLS,RFPAGTUL,AUPAGC,,,BRZ_RLS,RFPAGTUL,AUPAGC,,,Direct,SLV_RLS,RFPAGTULB_NEW,AGENT_PRODUCTION_UPDATE_DAILY_LIFE,PRODUCING_AGENT_CD,LAST_REFERENCED_DT,PRODUCING AGENT CODE,,,,,
RLS,RFPAGTUL,AUPLAN,,,BRZ_RLS,RFPAGTUL,AUPLAN,,,Direct,SLV_RLS,RFPAGTULB_NEW,AGENT_PRODUCTION_UPDATE_DAILY_LIFE,BASIC_PLAN_CD,LAST_VIEWED_DT,BASIC PLAN CODE,,,,,
RLS,RFPAGTUL,AUBRPLAN,,,BRZ_RLS,RFPAGTUL,AUBRPLAN,,,Direct,SLV_RLS,RFPAGTULB_NEW,AGENT_PRODUCTION_UPDATE_DAILY_LIFE,BASIC_RIDER_PLAN_CD,SYSTEM_MOD_STAMP,BASIC/RIDER PLAN CODE,,,,,
RLS,RFPAGTUL,AUDPLAN,,,BRZ_RLS,RFPAGTUL,AUDPLAN,,,Direct,SLV_RLS,RFPAGTULB_NEW,AGENT_PRODUCTION_UPDATE_DAILY_LIFE,DEPENDENT_PLAN_CD,NM,DEPENDENT PLAN CODE,,,,,
RLS,RFPAGTUL,AUDFLG,,,BRZ_RLS,RFPAGTUL,AUDFLG,,,Direct,SLV_RLS,RFPAGTULB_NEW,AGENT_PRODUCTION_UPDATE_DAILY_LIFE,IS_DEPENDENT,SURVEY,DEPENDENT FLAG,boolean,,,,
RLS,RFPAGTUL,AUDEPN,,,BRZ_RLS,RFPAGTUL,AUDEPN,,,Direct,SLV_RLS,RFPAGTULB_NEW,AGENT_PRODUCTION_UPDATE_DAILY_LIFE,DEPENDENT_NO,ANSWER_10,DEPENDENT NUMBER,,,,,
RLS,RFPAGTUL,AUSEQ,,,BRZ_RLS,RFPAGTUL,AUSEQ,,,Direct,SLV_RLS,RFPAGTULB_NEW,AGENT_PRODUCTION_UPDATE_DAILY_LIFE,TRAN_SEQUENCE,ANSWER_11,TRANSACTION SEQUENCE,,,,,
RLS,RFPAGTUL,AUSYSDT,,,BRZ_RLS,RFPAGTUL,AUSYSDT,,,Direct,SLV_RLS,RFPAGTULB_NEW,AGENT_PRODUCTION_UPDATE_DAILY_LIFE,RECORD_DT,ANSWER_12,RECORD DATE,,,,,
RLS,RFPAGTUL,AUPLPT,,,BRZ_RLS,RFPAGTUL,AUPLPT,,,Direct,SLV_RLS,RFPAGTULB_NEW,AGENT_PRODUCTION_UPDATE_DAILY_LIFE,PLAN_TYPE,ANSWER_13,PLAN TYPE,,,,,
RLS,RFPAGTUL,AUATTO,,,BRZ_RLS,RFPAGTUL,AUATTO,,,Direct,SLV_RLS,RFPAGTULB_NEW,AGENT_PRODUCTION_UPDATE_DAILY_LIFE,ATTACHED_PLAN_CD,ANSWER_14,ATTACHED TO PLAN CODE,,,,,
RLS,RFPAGTUL,AUTPRD,,,BRZ_RLS,RFPAGTUL,AUTPRD,,,Direct,SLV_RLS,RFPAGTULB_NEW,AGENT_PRODUCTION_UPDATE_DAILY_LIFE,IS_TOPUP_RIDER,ANSWER_15,TOP-UP RIDER FLAG,boolean,,,,
RLS,RFPAGTUL,AUADJ,,,BRZ_RLS,RFPAGTUL,AUADJ,,,Direct,SLV_RLS,RFPAGTULB_NEW,AGENT_PRODUCTION_UPDATE_DAILY_LIFE,IS_USER_ADJUSTMENT,ANSWER_16,USER ADJUSTMENT FLAG,boolean,,,,
RLS,RFPAGTUL,AUPRAT,,,BRZ_RLS,RFPAGTUL,AUPRAT,,,Direct,SLV_RLS,RFPAGTULB_NEW,AGENT_PRODUCTION_UPDATE_DAILY_LIFE,EXCH_RATE,ANSWER_17,EXCHANGE RATE (FOR DAILY RATE),,,,,
RLS,RFPAGTUL,AUPMODE,,,BRZ_RLS,RFPAGTUL,AUPMODE,,,Direct,SLV_RLS,RFPAGTULB_NEW,AGENT_PRODUCTION_UPDATE_DAILY_LIFE,PYMT_MODE,ANSWER_18,PAYMENT MODE,,,,,
RLS,RFPAGTUL,AURTFL,,,BRZ_RLS,RFPAGTUL,AURTFL,,,Direct,SLV_RLS,RFPAGTULB_NEW,AGENT_PRODUCTION_UPDATE_DAILY_LIFE,IS_RTU,ANSWER_19,RTU FLAG,boolean,,,,
RLS,RFPAGTUL,AURTUA,,,BRZ_RLS,RFPAGTUL,AURTUA,,,Direct,SLV_RLS,RFPAGTULB_NEW,AGENT_PRODUCTION_UPDATE_DAILY_LIFE,RTU,ANSWER_1,RTU(ANNUALIZED),,,,,
RLS,RFPAGTUL,AUCNL,,,BRZ_RLS,RFPAGTUL,AUCNL,,,Direct,SLV_RLS,RFPAGTULB_NEW,AGENT_PRODUCTION_UPDATE_DAILY_LIFE,CHANNEL_ID,ANSWER_20,CHANNEL ID,,,,,
RLS,RFPAGTUL,AUBNK,,,BRZ_RLS,RFPAGTUL,AUBNK,,,Direct,SLV_RLS,RFPAGTULB_NEW,AGENT_PRODUCTION_UPDATE_DAILY_LIFE,BANK_CD,ANSWER_21,BANK CODE,,,,,
RLS,RFPAGTUL,AURGN,,,BRZ_RLS,RFPAGTUL,AURGN,,,Direct,SLV_RLS,RFPAGTULB_NEW,AGENT_PRODUCTION_UPDATE_DAILY_LIFE,BANK_REGION_CD,ANSWER_22,BANK REGION CODE,,,,,
RLS,RFPAGTUL,AUARA,,,BRZ_RLS,RFPAGTUL,AUARA,,,Direct,SLV_RLS,RFPAGTULB_NEW,AGENT_PRODUCTION_UPDATE_DAILY_LIFE,BANK_AREA_CD,ANSWER_23,BANK AREA CODE,,,,,
RLS,RFPAGTUL,AUBRN,,,BRZ_RLS,RFPAGTUL,AUBRN,,,Direct,SLV_RLS,RFPAGTULB_NEW,AGENT_PRODUCTION_UPDATE_DAILY_LIFE,BANK_BRANCH_CD,ANSWER_24,BANK BRANCH CODE,,,,,
RLS,RFPAGTUL,AUSYS,,,BRZ_RLS,RFPAGTUL,AUSYS,,,Direct,SLV_RLS,RFPAGTULB_NEW,AGENT_PRODUCTION_UPDATE_DAILY_LIFE,FROM_SYSTEM,ANSWER_25,FROM SYSTEM,,,,,
RLS,LFLDEPN1,DCRSEQ,,,BRZ_RLS,LFLDEPN1,DCRSEQ,,,Direct,SLV_RLS,RLS_LFLDEPN1,DEPOSIT_NB_BY_COMPANY,SEQ_NO,ANSWER_26,SEQ NO.,,,,,
RLS,LFLDEPN1,DCRDOT,,,BRZ_RLS,LFLDEPN1,DCRDOT,,,Direct,SLV_RLS,RLS_LFLDEPN1,DEPOSIT_NB_BY_COMPANY,TRAN_DT,ANSWER_27,TRANS DATE,,,,,
RLS,LFLDEPN1,DCRDOS,,,BRZ_RLS,LFLDEPN1,DCRDOS,,,Direct,SLV_RLS,RLS_LFLDEPN1,DEPOSIT_NB_BY_COMPANY,SUBM_DT,ANSWER_28,SUBM DATE,,,,,
RLS,LFLDEPN1,DCRECP,,,BRZ_RLS,LFLDEPN1,DCRECP,,,Direct,SLV_RLS,RLS_LFLDEPN1,DEPOSIT_NB_BY_COMPANY,RECEIPT_NO,ANSWER_29,RECEIPT NO.,,,,,
RLS,LFLDEPN1,DCRTYP,,,BRZ_RLS,LFLDEPN1,DCRTYP,,,Direct,SLV_RLS,RLS_LFLDEPN1,DEPOSIT_NB_BY_COMPANY,RECORD_TYPE,ANSWER_2,RECORD TYPE,,,,,
RLS,LFLDEPN1,DCRDOP,,,BRZ_RLS,LFLDEPN1,DCRDOP,,,Direct,SLV_RLS,RLS_LFLDEPN1,DEPOSIT_NB_BY_COMPANY,POSTED_DT,ANSWER_30,DATE POSTED,,,,,
RLS,LFLDEPN1,DCREV,,,BRZ_RLS,LFLDEPN1,DCREV,,,Direct,SLV_RLS,RLS_LFLDEPN1,DEPOSIT_NB_BY_COMPANY,REVERSAL_CD,ANSWER_31,REVERSAL CODE,,,,,
RLS,LFLDEPN1,DCRBCQ,,,BRZ_RLS,LFLDEPN1,DCRBCQ,,,Direct,SLV_RLS,RLS_LFLDEPN1,DEPOSIT_NB_BY_COMPANY,BOUNCED_CHQ,ANSWER_32,BOUNCED CHEQUE,,,,,
RLS,LFLDEPN1,DCPAID,,,BRZ_RLS,LFLDEPN1,DCPAID,,,Direct,SLV_RLS,RLS_LFLDEPN1,DEPOSIT_NB_BY_COMPANY,PYMT_LCL_CCY_AMT,ANSWER_33,PAYMENT AMT LOCAL CCY,,,,,
RLS,LFLDEPN1,DCCY,,,BRZ_RLS,LFLDEPN1,DCCY,,,Direct,SLV_RLS,RLS_LFLDEPN1,DEPOSIT_NB_BY_COMPANY,TRAN_CCY,ANSWER_34,TRAN CCY,,,,,
RLS,LFLDEPN1,DCRATE,,,BRZ_RLS,LFLDEPN1,DCRATE,,,Direct,SLV_RLS,RLS_LFLDEPN1,DEPOSIT_NB_BY_COMPANY,EXCH_RATE,ANSWER_35,EXCH RATE,,,,,
RLS,LFLDEPN1,DCTRAN,,,BRZ_RLS,LFLDEPN1,DCTRAN,,,Direct,SLV_RLS,RLS_LFLDEPN1,DEPOSIT_NB_BY_COMPANY,DEPOSIT_AMT,ANSWER_36,DEPOSIT AMT,,,,,
RLS,LFLDEPN1,DCPCO,,,BRZ_RLS,LFLDEPN1,DCPCO,,,Direct,SLV_RLS,RLS_LFLDEPN1,DEPOSIT_NB_BY_COMPANY,COMPANY,ANSWER_37,COMPANY,,,,,
RLS,LFLDEPN1,DCPNO,,,BRZ_RLS,LFLDEPN1,DCPNO,,,Direct,SLV_RLS,RLS_LFLDEPN1,DEPOSIT_NB_BY_COMPANY,POLICY_NO,ANSWER_38,POLICY NO.,,,,,
RLS,LFLDEPN1,DCPCCY,,,BRZ_RLS,LFLDEPN1,DCPCCY,,,Direct,SLV_RLS,RLS_LFLDEPN1,DEPOSIT_NB_BY_COMPANY,POLICY_CCY,ANSWER_39,POLICY CCY,,,,,
RLS,LFLDEPN1,DCPRAT,,,BRZ_RLS,LFLDEPN1,DCPRAT,,,Direct,SLV_RLS,RLS_LFLDEPN1,DEPOSIT_NB_BY_COMPANY,EXCH_RATE,ANSWER_3,EXCH RATE,,,,,
RLS,LFLDEPN1,DCPN#,,,BRZ_RLS,LFLDEPN1,DCPN#,,,Direct,SLV_RLS,RLS_LFLDEPN1,DEPOSIT_NB_BY_COMPANY,P_N_NO,ANSWER_40,P/N NO,,,,,
RLS,LFLDEPN1,DCDUE,,,BRZ_RLS,LFLDEPN1,DCDUE,,,Direct,SLV_RLS,RLS_LFLDEPN1,DEPOSIT_NB_BY_COMPANY,DUE_DT,ANSWER_41,DUE DATE,,,,,
RLS,LFLDEPN1,DCFYP,,,BRZ_RLS,LFLDEPN1,DCFYP,,,Direct,SLV_RLS,RLS_LFLDEPN1,DEPOSIT_NB_BY_COMPANY,FYP_CD,ANSWER_42,FYP CODE,,,,,
RLS,LFLDEPN1,DCMODE,,,BRZ_RLS,LFLDEPN1,DCMODE,,,Direct,SLV_RLS,RLS_LFLDEPN1,DEPOSIT_NB_BY_COMPANY,PAY_MODE,ANSWER_43,PAY MODE,,,,,
RLS,LFLDEPN1,DCPREM,,,BRZ_RLS,LFLDEPN1,DCPREM,,,Direct,SLV_RLS,RLS_LFLDEPN1,DEPOSIT_NB_BY_COMPANY,PREMI_SETTLED_EXCLUDED_TOPUP_REG,ANSWER_44,PREMIUM SETTLED  EXCLUDED TOP-UP REG.,,,,,
RLS,LFLDEPN1,DCMTH,,,BRZ_RLS,LFLDEPN1,DCMTH,,,Direct,SLV_RLS,RLS_LFLDEPN1,DEPOSIT_NB_BY_COMPANY,MONTHS_COVERED,ANSWER_45,MONTHS COVERED,,,,,
RLS,LFLDEPN1,DCDIFF,,,BRZ_RLS,LFLDEPN1,DCDIFF,,,Direct,SLV_RLS,RLS_LFLDEPN1,DEPOSIT_NB_BY_COMPANY,PREMI_DIFF_LCL_CCY,ANSWER_46,PREM DIFF LOCAL CCY,,,,,
RLS,LFLDEPN1,DCAGT1,,,BRZ_RLS,LFLDEPN1,DCAGT1,,,Direct,SLV_RLS,RLS_LFLDEPN1,DEPOSIT_NB_BY_COMPANY,AGENT_1,ANSWER_47,AGENT-1,,,,,
RLS,LFLDEPN1,DCAGT2,,,BRZ_RLS,LFLDEPN1,DCAGT2,,,Direct,SLV_RLS,RLS_LFLDEPN1,DEPOSIT_NB_BY_COMPANY,AGENT_2,ANSWER_48,AGENT-2,,,,,
RLS,LFLDEPN1,DCCOMM,,,BRZ_RLS,LFLDEPN1,DCCOMM,,,Direct,SLV_RLS,RLS_LFLDEPN1,DEPOSIT_NB_BY_COMPANY,COMM_EXCLUDED_TOPUP_REG,ANSWER_49,COMM. EXCLUDED  TOP-UP REGULAR,,,,,
RLS,LFLDEPN1,DCLN,,,BRZ_RLS,LFLDEPN1,DCLN,,,Direct,SLV_RLS,RLS_LFLDEPN1,DEPOSIT_NB_BY_COMPANY,LOAN_REPAID,ANSWER_4,LOAN'REPAID,,,,,
RLS,LFLDEPN1,DCLNI,,,BRZ_RLS,LFLDEPN1,DCLNI,,,Direct,SLV_RLS,RLS_LFLDEPN1,DEPOSIT_NB_BY_COMPANY,LOAN_INT_REPAID,ANSWER_50,LOAN'INT'REPAID,,,,,
RLS,LFLDEPN1,DCDVD,,,BRZ_RLS,LFLDEPN1,DCDVD,,,Direct,SLV_RLS,RLS_LFLDEPN1,DEPOSIT_NB_BY_COMPANY,DVD_SETTLED,ANSWER_5,DVD SETTLED,,,,,
RLS,LFLDEPN1,DCDVDI,,,BRZ_RLS,LFLDEPN1,DCDVDI,,,Direct,SLV_RLS,RLS_LFLDEPN1,DEPOSIT_NB_BY_COMPANY,DVD_INT_SETTLED,ANSWER_5_AFI,DVD INT SETTLED,,,,,
RLS,LFLDEPN1,DCFPD,,,BRZ_RLS,LFLDEPN1,DCFPD,,,Direct,SLV_RLS,RLS_LFLDEPN1,DEPOSIT_NB_BY_COMPANY,FUTURE_PREMI_DEP_SETTLED,ANSWER_6,FUTURE PREM DEP SETTLED,,,,,
RLS,LFLDEPN1,DCFPDI,,,BRZ_RLS,LFLDEPN1,DCFPDI,,,Direct,SLV_RLS,RLS_LFLDEPN1,DEPOSIT_NB_BY_COMPANY,DEP_INT_SETTLED,ANSWER_7,DEP INT SETTLED,,,,,
RLS,LFLDEPN1,DCSDA1,,,BRZ_RLS,LFLDEPN1,DCSDA1,,,Direct,SLV_RLS,RLS_LFLDEPN1,DEPOSIT_NB_BY_COMPANY,SUNDRY_ACCT,ANSWER_8,SUNDRY A/C,,,,,
RLS,LFLDEPN1,DCSDC1,,,BRZ_RLS,LFLDEPN1,DCSDC1,,,Direct,SLV_RLS,RLS_LFLDEPN1,DEPOSIT_NB_BY_COMPANY,SUNDRY_ACCT_CCY,ANSWER_9,SUNDRY A/C CCY,,,,,
RLS,LFLDEPN1,DCRAT1,,,BRZ_RLS,LFLDEPN1,DCRAT1,,,Direct,SLV_RLS,RLS_LFLDEPN1,DEPOSIT_NB_BY_COMPANY,EXCH_RATE,ANSWER_INDEX_10,EXCH RATE,,,,,
RLS,LFLDEPN1,DCSD1,,,BRZ_RLS,LFLDEPN1,DCSD1,,,Direct,SLV_RLS,RLS_LFLDEPN1,DEPOSIT_NB_BY_COMPANY,SUNDRY_AMT,ANSWER_INDEX_11,SUNDRY AMT,,,,,
RLS,LFLDEPN1,DCSDA2,,,BRZ_RLS,LFLDEPN1,DCSDA2,,,Direct,SLV_RLS,RLS_LFLDEPN1,DEPOSIT_NB_BY_COMPANY,SUNDRY_ACCT,ANSWER_INDEX_12,SUNDRY A/C,,,,,
RLS,LFLDEPN1,DCSDC2,,,BRZ_RLS,LFLDEPN1,DCSDC2,,,Direct,SLV_RLS,RLS_LFLDEPN1,DEPOSIT_NB_BY_COMPANY,SUNDRY_ACCT_CCY,ANSWER_INDEX_13,SUNDRY A/C CCY,,,,,
RLS,LFLDEPN1,DCRAT2,,,BRZ_RLS,LFLDEPN1,DCRAT2,,,Direct,SLV_RLS,RLS_LFLDEPN1,DEPOSIT_NB_BY_COMPANY,EXCH_RATE,ANSWER_INDEX_14,EXCH RATE,,,,,
RLS,LFLDEPN1,DCSD2,,,BRZ_RLS,LFLDEPN1,DCSD2,,,Direct,SLV_RLS,RLS_LFLDEPN1,DEPOSIT_NB_BY_COMPANY,SUNDRY_AMT,ANSWER_INDEX_15,SUNDRY AMT,,,,,
RLS,LFLDEPN1,DCSDA3,,,BRZ_RLS,LFLDEPN1,DCSDA3,,,Direct,SLV_RLS,RLS_LFLDEPN1,DEPOSIT_NB_BY_COMPANY,SUNDRY_ACCT,ANSWER_INDEX_16,SUNDRY A/C,,,,,
RLS,LFLDEPN1,DCSDC3,,,BRZ_RLS,LFLDEPN1,DCSDC3,,,Direct,SLV_RLS,RLS_LFLDEPN1,DEPOSIT_NB_BY_COMPANY,SUNDRY_ACCT_CCY,ANSWER_INDEX_17,SUNDRY A/C CCY,,,,,
RLS,LFLDEPN1,DCRAT3,,,BRZ_RLS,LFLDEPN1,DCRAT3,,,Direct,SLV_RLS,RLS_LFLDEPN1,DEPOSIT_NB_BY_COMPANY,EXCH_RATE,ANSWER_INDEX_18,EXCH RATE,,,,,
RLS,LFLDEPN1,DCSD3,,,BRZ_RLS,LFLDEPN1,DCSD3,,,Direct,SLV_RLS,RLS_LFLDEPN1,DEPOSIT_NB_BY_COMPANY,SUNDRY_AMT,ANSWER_INDEX_19,SUNDRY AMT,,,,,
RLS,LFLDEPN1,DCSDA4,,,BRZ_RLS,LFLDEPN1,DCSDA4,,,Direct,SLV_RLS,RLS_LFLDEPN1,DEPOSIT_NB_BY_COMPANY,SUNDRY_ACCT,ANSWER_INDEX_1,SUNDRY A/C,,,,,
RLS,LFLDEPN1,DCSDC4,,,BRZ_RLS,LFLDEPN1,DCSDC4,,,Direct,SLV_RLS,RLS_LFLDEPN1,DEPOSIT_NB_BY_COMPANY,SUNDRY_ACCT_CCY,ANSWER_INDEX_20,SUNDRY A/C CCY,,,,,
RLS,LFLDEPN1,DCRAT4,,,BRZ_RLS,LFLDEPN1,DCRAT4,,,Direct,SLV_RLS,RLS_LFLDEPN1,DEPOSIT_NB_BY_COMPANY,EXCH_RATE,ANSWER_INDEX_2,EXCH RATE,,,,,
RLS,LFLDEPN1,DCSD4,,,BRZ_RLS,LFLDEPN1,DCSD4,,,Direct,SLV_RLS,RLS_LFLDEPN1,DEPOSIT_NB_BY_COMPANY,SUNDRY_AMT,ANSWER_INDEX_3,SUNDRY AMT,,,,,
RLS,LFLDEPN1,DCSDA5,,,BRZ_RLS,LFLDEPN1,DCSDA5,,,Direct,SLV_RLS,RLS_LFLDEPN1,DEPOSIT_NB_BY_COMPANY,SUNDRY_ACCT,ANSWER_INDEX_4,SUNDRY A/C,,,,,
RLS,LFLDEPN1,DCSDC5,,,BRZ_RLS,LFLDEPN1,DCSDC5,,,Direct,SLV_RLS,RLS_LFLDEPN1,DEPOSIT_NB_BY_COMPANY,SUNDRY_ACCT_CCY,ANSWER_INDEX_5,SUNDRY A/C CCY,,,,,
RLS,LFLDEPN1,DCRAT5,,,BRZ_RLS,LFLDEPN1,DCRAT5,,,Direct,SLV_RLS,RLS_LFLDEPN1,DEPOSIT_NB_BY_COMPANY,EXCH_RATE,ANSWER_INDEX_6,EXCH RATE,,,,,
RLS,LFLDEPN1,DCSD5,,,BRZ_RLS,LFLDEPN1,DCSD5,,,Direct,SLV_RLS,RLS_LFLDEPN1,DEPOSIT_NB_BY_COMPANY,SUNDRY_AMT,ANSWER_INDEX_7,SUNDRY AMT,,,,,
RLS,LFLDEPN1,DCPLAN,,,BRZ_RLS,LFLDEPN1,DCPLAN,,,Direct,SLV_RLS,RLS_LFLDEPN1,DEPOSIT_NB_BY_COMPANY,PLAN_CD,ANSWER_INDEX_8,PLAN CODE,,,,,
RLS,LFLDEPN1,DCPLNN,,,BRZ_RLS,LFLDEPN1,DCPLNN,,,Direct,SLV_RLS,RLS_LFLDEPN1,DEPOSIT_NB_BY_COMPANY,NUMERIC_CD,ANSWER_INDEX_9,NUMERIC CODE,,,,,
RLS,LFLDEPN1,DCTRMP,,,BRZ_RLS,LFLDEPN1,DCTRMP,,,Direct,SLV_RLS,RLS_LFLDEPN1,DEPOSIT_NB_BY_COMPANY,TOT_REG_TOPUP_PREMI,ANSWER_REPORT_10,TOTAL REG. TOP- UP PREMIUM,,,,,
RLS,LFLDEPN1,DCTRMC,,,BRZ_RLS,LFLDEPN1,DCTRMC,,,Direct,SLV_RLS,RLS_LFLDEPN1,DEPOSIT_NB_BY_COMPANY,TOT_REG_TOPUP_COMM,ANSWER_REPORT_1,TOTAL REG. TOP- UP COMM.,,,,,
RLS,LFLDEPN1,DCILSP,,,BRZ_RLS,LFLDEPN1,DCILSP,,,Direct,SLV_RLS,RLS_LFLDEPN1,DEPOSIT_NB_BY_COMPANY,INIT_LUMP_SUM_PREMI,ANSWER_REPORT_2,INITIAL LUMP SUM PREMIUM,,,,,
RLS,LFLDEPN1,DCTLSP,,,BRZ_RLS,LFLDEPN1,DCTLSP,,,Direct,SLV_RLS,RLS_LFLDEPN1,DEPOSIT_NB_BY_COMPANY,LUMP_SUM_PREMI_AMT,ANSWER_REPORT_3,LUMP SUM PREMIUM,,,,,
RLS,LFLDEPN1,DCILSC,,,BRZ_RLS,LFLDEPN1,DCILSC,,,Direct,SLV_RLS,RLS_LFLDEPN1,DEPOSIT_NB_BY_COMPANY,INIT_LUMP_SUM_PREMI_COMM,ANSWER_REPORT_4,INITIAL LUMP SUM PREMIUM COMMISSION,,,,,
RLS,LFLDEPN1,DCTLSC,,,BRZ_RLS,LFLDEPN1,DCTLSC,,,Direct,SLV_RLS,RLS_LFLDEPN1,DEPOSIT_NB_BY_COMPANY,LUMP_SUM_PREMI_COMM,ANSWER_REPORT_5,LUMP SUM PREMIUM COMMISSION,,,,,
RLS,LFLDEPN1,DCSEQ2,,,BRZ_RLS,LFLDEPN1,DCSEQ2,,,Direct,SLV_RLS,RLS_LFLDEPN1,DEPOSIT_NB_BY_COMPANY,BREAK_DOWN_SEQUENCE_NO,ANSWER_REPORT_6,BREAK DOWN SEQUENCE NO,,,,,
RLS,LFLDEPN1,DCXCLC,,,BRZ_RLS,LFLDEPN1,DCXCLC,,,Direct,SLV_RLS,RLS_LFLDEPN1,DEPOSIT_NB_BY_COMPANY,LARGE_CASE_BONUS,ANSWER_REPORT_7,LARGE CASE BONUS,,,,,
RLS,LFLDEPN1,DCXCAM,,,BRZ_RLS,LFLDEPN1,DCXCAM,,,Direct,SLV_RLS,RLS_LFLDEPN1,DEPOSIT_NB_BY_COMPANY,ANNUAL_MODE_BONUS,ANSWER_REPORT_8,ANNUAL MODE BONUS,,,,,
RLS,LFLDEPN1,DCRAL,,,BRZ_RLS,LFLDEPN1,DCRAL,,,Direct,SLV_RLS,RLS_LFLDEPN1,DEPOSIT_NB_BY_COMPANY,RETAINED_COMM,ANSWER_REPORT_9,RETAINED COMMISION,,,,,
RLS,LFLDEPN1,DCMEXTR,,,BRZ_RLS,LFLDEPN1,DCMEXTR,,,Direct,SLV_RLS,RLS_LFLDEPN1,DEPOSIT_NB_BY_COMPANY,10_EXTRA_COMM_PCT,BOTTOM_6,10% EXTRA COMMISION,,,,,
RLS,LFLDEPN1,DCMBNS,,,BRZ_RLS,LFLDEPN1,DCMBNS,,,Direct,SLV_RLS,RLS_LFLDEPN1,DEPOSIT_NB_BY_COMPANY,MODAL_BONUS_AMT,EMAIL_SMS_LOG,MODAL BONUS AMOUNT,,,,,
RLS,LFLDEPN1,DCRSOUR,,,BRZ_RLS,LFLDEPN1,DCRSOUR,,,Direct,SLV_RLS,RLS_LFLDEPN1,DEPOSIT_NB_BY_COMPANY,SOURCE_CD,LAST_ACTIVITY_DT,SOURCE CODE,,,,,
RLS,LFLDEPN1,DCCSPL,,,BRZ_RLS,LFLDEPN1,DCCSPL,,,Direct,SLV_RLS,RLS_LFLDEPN1,DEPOSIT_NB_BY_COMPANY,COMM_SPLIT_PCT,NEGATIVE_ANSWER,COMMISSION SPLIT %,,,,,
RLS,LFLDEPN1,DCPFX,,,BRZ_RLS,LFLDEPN1,DCPFX,,,Direct,SLV_RLS,RLS_LFLDEPN1,DEPOSIT_NB_BY_COMPANY,PREMI_FOR_COM_GEN,IS_NEGATIVE,PREM-FOR-COM-GEN (EXCLUDE REG TOP-UP),,,,,
RLS,LFLDEPN1,DCPFT,,,BRZ_RLS,LFLDEPN1,DCPFT,,,Direct,SLV_RLS,RLS_LFLDEPN1,DEPOSIT_NB_BY_COMPANY,PREMI_FOR_COM_GEN,NEGATIVE_QUESTION,PREM-FOR-COM-GEN (TOTAL REG TOP-UP),,,,,
RLS,LFLDEPN1,DCPIL,,,BRZ_RLS,LFLDEPN1,DCPIL,,,Direct,SLV_RLS,RLS_LFLDEPN1,DEPOSIT_NB_BY_COMPANY,PREMI_FOR_COM_GEN,NEGATIVE_RESULT,PREM-FOR-COM-GEN (TOTAL INITIAL LUMP SUM),,,,,
RLS,LFLDEPN1,DCPFL,,,BRZ_RLS,LFLDEPN1,DCPFL,,,Direct,SLV_RLS,RLS_LFLDEPN1,DEPOSIT_NB_BY_COMPANY,PREMI_FOR_COM_GEN,NETRAL_6,PREM-FOR-COM-GEN (TOTAL LUMP SUM),,,,,
RLS,LFLDEPN1,DCNAVD,,,BRZ_RLS,LFLDEPN1,DCNAVD,,,Direct,SLV_RLS,RLS_LFLDEPN1,DEPOSIT_NB_BY_COMPANY,NAV_DT,PARTICIPANT,NAV DATE,,,,,
RLS,LFLDEPN1,DCBKDTF,,,BRZ_RLS,LFLDEPN1,DCBKDTF,,,Direct,SLV_RLS,RLS_LFLDEPN1,DEPOSIT_NB_BY_COMPANY,BACK_FLAG_DT,QUESTION_10,BACK DATE FLAG,,,,,
RLS,LFLDEPN1,DCPRD,,,BRZ_RLS,LFLDEPN1,DCPRD,,,Direct,SLV_RLS,RLS_LFLDEPN1,DEPOSIT_NB_BY_COMPANY,REFUND_DT,QUESTION_11,REFUND DATE,,,,,
RLS,LFLDEPN1,DCLRPC,,,BRZ_RLS,LFLDEPN1,DCLRPC,,,Direct,SLV_RLS,RLS_LFLDEPN1,DEPOSIT_NB_BY_COMPANY,COLL_LEVY_REG_PREMI_IN_POLICY_CCY,QUESTION_12,COLL. LEVY ON REG PREM IN POL CCY,,,,,
RLS,LFLDEPN1,DCLRLC,,,BRZ_RLS,LFLDEPN1,DCLRLC,,,Direct,SLV_RLS,RLS_LFLDEPN1,DEPOSIT_NB_BY_COMPANY,COLL_LEVY_REG_PREMI_IN_LCL_CCY,QUESTION_13,COLL. LEVY ON REG PREM IN LCL CCY,,,,,
RLS,LFLDEPN1,DCLTPC,,,BRZ_RLS,LFLDEPN1,DCLTPC,,,Direct,SLV_RLS,RLS_LFLDEPN1,DEPOSIT_NB_BY_COMPANY,COLL_LEVY_TOPUP_IN_POLICY_CCY,QUESTION_14,COLL. LEVY ON T/U IN POL CCY,,,,,
RLS,LFLDEPN1,DCLTLC,,,BRZ_RLS,LFLDEPN1,DCLTLC,,,Direct,SLV_RLS,RLS_LFLDEPN1,DEPOSIT_NB_BY_COMPANY,COLL_LEVY_TOPUP_IN_LCL_CCY,QUESTION_15,COLL. LEVY ON T/U IN LCL CCY,,,,,
RLS,LFLDEPN1,DCLIPC,,,BRZ_RLS,LFLDEPN1,DCLIPC,,,Direct,SLV_RLS,RLS_LFLDEPN1,DEPOSIT_NB_BY_COMPANY,COLL_LEVY_INIT_LUMP_SUM_IN_POLICY_CCY,QUESTION_16,COLL. LEVY ON INIT LUMP SUM IN POL CCY,,,,,
RLS,LFLDEPN1,DCLILC,,,BRZ_RLS,LFLDEPN1,DCLILC,,,Direct,SLV_RLS,RLS_LFLDEPN1,DEPOSIT_NB_BY_COMPANY,COLL_LEVY_INIT_LUMP_SUM_IN_LCL_CCY,QUESTION_17,COLL. LEVY ON INIT LUMP SUM IN LCL CCY,,,,,
RLS,LFLDEPN1,DCLLPC,,,BRZ_RLS,LFLDEPN1,DCLLPC,,,Direct,SLV_RLS,RLS_LFLDEPN1,DEPOSIT_NB_BY_COMPANY,COLL_LEVY_LUMP_SUM_IN_POLICY_CCY,QUESTION_18,COLL. LEVY ON LUMP SUM IN POL CCY,,,,,
RLS,LFLDEPN1,DCLLLC,,,BRZ_RLS,LFLDEPN1,DCLLLC,,,Direct,SLV_RLS,RLS_LFLDEPN1,DEPOSIT_NB_BY_COMPANY,COLL_LEVY_LUMP_SUM_IN_LCL_CCY,QUESTION_19,COLL. LEVY ON LUMP SUM IN LCL CCY,,,,,
RLS,LFLDEPN1,DCLRPCS,,,BRZ_RLS,LFLDEPN1,DCLRPCS,,,Direct,SLV_RLS,RLS_LFLDEPN1,DEPOSIT_NB_BY_COMPANY,CALC_LEVY_REG_PREMI_IN_POLICY_CCY,QUESTION_1,CALC. LEVY ON REG. PREM IN POL CCY,,,,,
RLS,LFLDEPN1,DCLRLCS,,,BRZ_RLS,LFLDEPN1,DCLRLCS,,,Direct,SLV_RLS,RLS_LFLDEPN1,DEPOSIT_NB_BY_COMPANY,CALC_LEVY_REG_PREMI_IN_LCL_CCY,QUESTION_20,CALC. LEVY ON REG. PREM IN LCL CCY,,,,,
RLS,LFLDEPN1,DCLTPCS,,,BRZ_RLS,LFLDEPN1,DCLTPCS,,,Direct,SLV_RLS,RLS_LFLDEPN1,DEPOSIT_NB_BY_COMPANY,CALC_LEVY_TOPUP_IN_POLICY_CCY,QUESTION_2,CALC. LEVY ON T/U IN POL CCY,,,,,
RLS,LFLDEPN1,DCLTLCS,,,BRZ_RLS,LFLDEPN1,DCLTLCS,,,Direct,SLV_RLS,RLS_LFLDEPN1,DEPOSIT_NB_BY_COMPANY,CALC_LEVY_TOPUP_IN_LCL_CCY,QUESTION_3,CALC. LEVY ON T/U IN LCL CCY,,,,,
RLS,LFLDEPN1,DCLIPCS,,,BRZ_RLS,LFLDEPN1,DCLIPCS,,,Direct,SLV_RLS,RLS_LFLDEPN1,DEPOSIT_NB_BY_COMPANY,CALC_LEVY_INIT_LUMP_SUM_IN_POLICY_CCY,QUESTION_4,CALC. LEVY ON INIT LUMP SUM IN POL CCY,,,,,
RLS,LFLDEPN1,DCLILCS,,,BRZ_RLS,LFLDEPN1,DCLILCS,,,Direct,SLV_RLS,RLS_LFLDEPN1,DEPOSIT_NB_BY_COMPANY,CALC_LEVY_INIT_LUMP_SUM_IN_LCL_CCY,QUESTION_5,CALC. LEVY ON INIT LUMP SUM IN LCL CCY,,,,,
RLS,LFLDEPN1,DCLLPCS,,,BRZ_RLS,LFLDEPN1,DCLLPCS,,,Direct,SLV_RLS,RLS_LFLDEPN1,DEPOSIT_NB_BY_COMPANY,CALC_LEVY_LUMP_SUM_IN_POLICY_CCY,QUESTION_6,CALC. LEVY ON LUMP SUM IN POL CCY,,,,,
RLS,LFLDEPN1,DCLLLCS,,,BRZ_RLS,LFLDEPN1,DCLLLCS,,,Direct,SLV_RLS,RLS_LFLDEPN1,DEPOSIT_NB_BY_COMPANY,CALC_LEVY_LUMP_SUM_IN_LCL_CCY,QUESTION_7,CALC. LEVY ON LUMP SUM IN LCL CCY,,,,,
RLS,RFPAGTUC,PNO,,,BRZ_RLS,RFPAGTUC,PNO,,,Direct,SLV_RLS,RFPAGTUCB_NEW,AGENT_PRODUCTION_UPDATE_DAILY_CLAIM,,QUESTION_8,,,,,,
RLS,RFPAGTUC,PCCY,,,BRZ_RLS,RFPAGTUC,PCCY,,,Direct,SLV_RLS,RFPAGTUCB_NEW,AGENT_PRODUCTION_UPDATE_DAILY_CLAIM,,QUESTION_9,,,,,,
RLS,RFPAGTUC,AUUNT,,,BRZ_RLS,RFPAGTUC,AUUNT,,,Direct,SLV_RLS,RFPAGTUCB_NEW,AGENT_PRODUCTION_UPDATE_DAILY_CLAIM,UNIT_CD,QUESTION_ID_10,UNIT CODE,,,,,
RLS,RFPAGTUC,AULVL,,,BRZ_RLS,RFPAGTUC,AULVL,,,Direct,SLV_RLS,RFPAGTUCB_NEW,AGENT_PRODUCTION_UPDATE_DAILY_CLAIM,SOURCE_CD,QUESTION_ID_11,SOURCE CODE,,,,,
RLS,RFPAGTUC,AUAGC,,,BRZ_RLS,RFPAGTUC,AUAGC,,,Direct,SLV_RLS,RFPAGTUCB_NEW,AGENT_PRODUCTION_UPDATE_DAILY_CLAIM,AGENT_CD,QUESTION_ID_12,AGENT CODE,,,,,
RLS,RFPAGTUC,AUDOS,,,BRZ_RLS,RFPAGTUC,AUDOS,,,Direct,SLV_RLS,RFPAGTUCB_NEW,AGENT_PRODUCTION_UPDATE_DAILY_CLAIM,SUBMIT_DT,QUESTION_ID_13,DATE SUBMITTED,,,,,
RLS,RFPAGTUC,AUTT,,,BRZ_RLS,RFPAGTUC,AUTT,,,Direct,SLV_RLS,RFPAGTUCB_NEW,AGENT_PRODUCTION_UPDATE_DAILY_CLAIM,TRAN_TYPE,QUESTION_ID_14,TRANS TYPE,,,,,
RLS,RFPAGTUC,AUBRT,,,BRZ_RLS,RFPAGTUC,AUBRT,,,Direct,SLV_RLS,RFPAGTUCB_NEW,AGENT_PRODUCTION_UPDATE_DAILY_CLAIM,RECORD_TYPE,QUESTION_ID_15,RECORD TYPE (BASIC),,,,,
RLS,RFPAGTUC,AURT,,,BRZ_RLS,RFPAGTUC,AURT,,,Direct,SLV_RLS,RFPAGTUCB_NEW,AGENT_PRODUCTION_UPDATE_DAILY_CLAIM,RECORD_TYPE,QUESTION_ID_16,RECORD TYPE (BASIC/RIDER),,,,,
RLS,RFPAGTUC,AUFY,,,BRZ_RLS,RFPAGTUC,AUFY,,,Direct,SLV_RLS,RFPAGTUCB_NEW,AGENT_PRODUCTION_UPDATE_DAILY_CLAIM,FY_CD,QUESTION_ID_17,FY CODE (BASIC),,,,,
RLS,RFPAGTUC,AUBRFY,,,BRZ_RLS,RFPAGTUC,AUBRFY,,,Direct,SLV_RLS,RFPAGTUCB_NEW,AGENT_PRODUCTION_UPDATE_DAILY_CLAIM,FY_CD,QUESTION_ID_18,FY CODE (BASIC/RIDER),,,,,
RLS,RFPAGTUC,AUDFY,,,BRZ_RLS,RFPAGTUC,AUDFY,,,Direct,SLV_RLS,RFPAGTUCB_NEW,AGENT_PRODUCTION_UPDATE_DAILY_CLAIM,FY_CD,QUESTION_ID_19,FY CODE (DEPENDENT),,,,,
RLS,RFPAGTUC,AUPT,,,BRZ_RLS,RFPAGTUC,AUPT,,,Direct,SLV_RLS,RFPAGTUCB_NEW,AGENT_PRODUCTION_UPDATE_DAILY_CLAIM,PREMI_TYPE,QUESTION_ID_1,PREMIUM TYPE,,,,,
RLS,RFPAGTUC,AUFYP,,,BRZ_RLS,RFPAGTUC,AUFYP,,,Direct,SLV_RLS,RFPAGTUCB_NEW,AGENT_PRODUCTION_UPDATE_DAILY_CLAIM,FY_PREMI,QUESTION_ID_20,FY PREMIUM,,,,,
RLS,RFPAGTUC,AURC,,,BRZ_RLS,RFPAGTUC,AURC,,,Direct,SLV_RLS,RFPAGTUCB_NEW,AGENT_PRODUCTION_UPDATE_DAILY_CLAIM,RECORD_CNT,QUESTION_ID_21,RECORD COUNT,,,,,
RLS,RFPAGTUC,AUDOI,,,BRZ_RLS,RFPAGTUC,AUDOI,,,Direct,SLV_RLS,RFPAGTUCB_NEW,AGENT_PRODUCTION_UPDATE_DAILY_CLAIM,ISSUE_DT,QUESTION_ID_22,ISSUE DATE,,,,,
RLS,RFPAGTUC,AUPEFF,,,BRZ_RLS,RFPAGTUC,AUPEFF,,,Direct,SLV_RLS,RFPAGTUCB_NEW,AGENT_PRODUCTION_UPDATE_DAILY_CLAIM,POLICY_EFF_DT,QUESTION_ID_23,POLICY EFFECTIVE DATE,,,,,
RLS,RFPAGTUC,AUBREFF,,,BRZ_RLS,RFPAGTUC,AUBREFF,,,Direct,SLV_RLS,RFPAGTUCB_NEW,AGENT_PRODUCTION_UPDATE_DAILY_CLAIM,EFF_DT_BASIC,QUESTION_ID_24,EFFECTIVE DATE (BASIC/RIDER),,,,,
RLS,RFPAGTUC,AUDEFF,,,BRZ_RLS,RFPAGTUC,AUDEFF,,,Direct,SLV_RLS,RFPAGTUCB_NEW,AGENT_PRODUCTION_UPDATE_DAILY_CLAIM,EFF_DT_DEPENDENT,QUESTION_ID_25,EFFECTIVE DATE (DEPENDENT),,,,,
RLS,RFPAGTUC,AUCEXP,,,BRZ_RLS,RFPAGTUC,AUCEXP,,,Direct,SLV_RLS,RFPAGTUCB_NEW,AGENT_PRODUCTION_UPDATE_DAILY_CLAIM,COOLING_OFF_EXPIRY_DT,QUESTION_ID_26,COOLING OFF EXPIRY DATE,,,,,
RLS,RFPAGTUC,AUZFLG,,,BRZ_RLS,RFPAGTUC,AUZFLG,,,Direct,SLV_RLS,RFPAGTUCB_NEW,AGENT_PRODUCTION_UPDATE_DAILY_CLAIM,IS_2ND_CUTOFF_PROCESSING,QUESTION_ID_27,2ND CUTOFF PROCESSING FLAG,boolean,,,,
RLS,RFPAGTUC,AUBCGP,,,BRZ_RLS,RFPAGTUC,AUBCGP,,,Direct,SLV_RLS,RFPAGTUCB_NEW,AGENT_PRODUCTION_UPDATE_DAILY_CLAIM,BEFORE_CHANGE_ANNUALIZED_PREMI,QUESTION_ID_28,BEFORE CHANGE ANNUALIZED PREMIUM (BASIC/RIDER),,,,,
RLS,RFPAGTUC,AUBCGR,,,BRZ_RLS,RFPAGTUC,AUBCGR,,,Direct,SLV_RLS,RFPAGTUCB_NEW,AGENT_PRODUCTION_UPDATE_DAILY_CLAIM,BEFORE_CHANGE_ANNUALIZED_PREMI,QUESTION_ID_29,BEFORE CHANGE ANNUALIZED PREMIUM (REG TP),,,,,
RLS,RFPAGTUC,AUACGP,,,BRZ_RLS,RFPAGTUC,AUACGP,,,Direct,SLV_RLS,RFPAGTUCB_NEW,AGENT_PRODUCTION_UPDATE_DAILY_CLAIM,AFTER_CHANGE_ANNUALIZED_PREMI,QUESTION_ID_2,AFTER CHANGE ANNUALIZED PREMIUM (BASIC/RIDER),,,,,
RLS,RFPAGTUC,AUACGR,,,BRZ_RLS,RFPAGTUC,AUACGR,,,Direct,SLV_RLS,RFPAGTUCB_NEW,AGENT_PRODUCTION_UPDATE_DAILY_CLAIM,AFTER_CHANGE_ANNUALIZED_PREMI,QUESTION_ID_30,AFTER CHANGE ANNUALIZED PREMIUM (REG TP),,,,,
RLS,RFPAGTUC,AUPUNT,,,BRZ_RLS,RFPAGTUC,AUPUNT,,,Direct,SLV_RLS,RFPAGTUCB_NEW,AGENT_PRODUCTION_UPDATE_DAILY_CLAIM,PRODUCING_AGENT_UNIT_CD,QUESTION_ID_31,PRODUCING AGENT UNIT CODE,,,,,
RLS,RFPAGTUC,AUPLVL,,,BRZ_RLS,RFPAGTUC,AUPLVL,,,Direct,SLV_RLS,RFPAGTUCB_NEW,AGENT_PRODUCTION_UPDATE_DAILY_CLAIM,PRODUCING_AGENT_LEVEL_CD,QUESTION_ID_32,PRODUCING AGENT LEVEL CODE,,,,,
RLS,RFPAGTUC,AUPAGC,,,BRZ_RLS,RFPAGTUC,AUPAGC,,,Direct,SLV_RLS,RFPAGTUCB_NEW,AGENT_PRODUCTION_UPDATE_DAILY_CLAIM,PRODUCING_AGENT_CD,QUESTION_ID_33,PRODUCING AGENT CODE,,,,,
RLS,RFPAGTUC,AUPLAN,,,BRZ_RLS,RFPAGTUC,AUPLAN,,,Direct,SLV_RLS,RFPAGTUCB_NEW,AGENT_PRODUCTION_UPDATE_DAILY_CLAIM,BASIC_PLAN_CD,QUESTION_ID_34,BASIC PLAN CODE,,,,,
RLS,RFPAGTUC,AUBRPLAN,,,BRZ_RLS,RFPAGTUC,AUBRPLAN,,,Direct,SLV_RLS,RFPAGTUCB_NEW,AGENT_PRODUCTION_UPDATE_DAILY_CLAIM,BASIC_RIDER_PLAN_CD,QUESTION_ID_35,BASIC/RIDER PLAN CODE,,,,,
RLS,RFPAGTUC,AUDPLAN,,,BRZ_RLS,RFPAGTUC,AUDPLAN,,,Direct,SLV_RLS,RFPAGTUCB_NEW,AGENT_PRODUCTION_UPDATE_DAILY_CLAIM,DEPENDENT_PLAN_CD,QUESTION_ID_36,DEPENDENT PLAN CODE,,,,,
RLS,RFPAGTUC,AUDFLG,,,BRZ_RLS,RFPAGTUC,AUDFLG,,,Direct,SLV_RLS,RFPAGTUCB_NEW,AGENT_PRODUCTION_UPDATE_DAILY_CLAIM,IS_DEPENDENT,QUESTION_ID_37,DEPENDENT FLAG,boolean,,,,
RLS,RFPAGTUC,AUDEPN,,,BRZ_RLS,RFPAGTUC,AUDEPN,,,Direct,SLV_RLS,RFPAGTUCB_NEW,AGENT_PRODUCTION_UPDATE_DAILY_CLAIM,DEPENDENT_NO,QUESTION_ID_38,DEPENDENT NUMBER,,,,,
RLS,RFPAGTUC,AUSEQ,,,BRZ_RLS,RFPAGTUC,AUSEQ,,,Direct,SLV_RLS,RFPAGTUCB_NEW,AGENT_PRODUCTION_UPDATE_DAILY_CLAIM,TRAN_SEQUENCE,QUESTION_ID_39,TRANSACTION SEQUENCE,,,,,
RLS,RFPAGTUC,AUSYSDT,,,BRZ_RLS,RFPAGTUC,AUSYSDT,,,Direct,SLV_RLS,RFPAGTUCB_NEW,AGENT_PRODUCTION_UPDATE_DAILY_CLAIM,RECORD_DT,QUESTION_ID_3,RECORD DATE,,,,,
RLS,RFPAGTUC,AUPLPT,,,BRZ_RLS,RFPAGTUC,AUPLPT,,,Direct,SLV_RLS,RFPAGTUCB_NEW,AGENT_PRODUCTION_UPDATE_DAILY_CLAIM,PLAN_TYPE,QUESTION_ID_40,PLAN TYPE,,,,,
RLS,RFPAGTUC,AUATTO,,,BRZ_RLS,RFPAGTUC,AUATTO,,,Direct,SLV_RLS,RFPAGTUCB_NEW,AGENT_PRODUCTION_UPDATE_DAILY_CLAIM,ATTACHED_PLAN_CD,QUESTION_ID_41,ATTACHED TO PLAN CODE,,,,,
RLS,RFPAGTUC,AUTPRD,,,BRZ_RLS,RFPAGTUC,AUTPRD,,,Direct,SLV_RLS,RFPAGTUCB_NEW,AGENT_PRODUCTION_UPDATE_DAILY_CLAIM,IS_TOPUP_RIDER,QUESTION_ID_42,TOP-UP RIDER FLAG,boolean,,,,
RLS,RFPAGTUC,AUADJ,,,BRZ_RLS,RFPAGTUC,AUADJ,,,Direct,SLV_RLS,RFPAGTUCB_NEW,AGENT_PRODUCTION_UPDATE_DAILY_CLAIM,IS_USER_ADJUSTMENT,QUESTION_ID_43,USER ADJUSTMENT FLAG,boolean,,,,
RLS,RFPAGTUC,AUPRAT,,,BRZ_RLS,RFPAGTUC,AUPRAT,,,Direct,SLV_RLS,RFPAGTUCB_NEW,AGENT_PRODUCTION_UPDATE_DAILY_CLAIM,EXCH_RATE,QUESTION_ID_44,EXCHANGE RATE (FOR DAILY RATE),,,,,
RLS,RFPAGTUC,AUPMODE,,,BRZ_RLS,RFPAGTUC,AUPMODE,,,Direct,SLV_RLS,RFPAGTUCB_NEW,AGENT_PRODUCTION_UPDATE_DAILY_CLAIM,PYMT_MODE,QUESTION_ID_45,PAYMENT MODE,,,,,
RLS,RFPAGTUC,AURTFL,,,BRZ_RLS,RFPAGTUC,AURTFL,,,Direct,SLV_RLS,RFPAGTUCB_NEW,AGENT_PRODUCTION_UPDATE_DAILY_CLAIM,IS_RTU,QUESTION_ID_46,RTU FLAG,boolean,,,,
RLS,RFPAGTUC,AURTUA,,,BRZ_RLS,RFPAGTUC,AURTUA,,,Direct,SLV_RLS,RFPAGTUCB_NEW,AGENT_PRODUCTION_UPDATE_DAILY_CLAIM,RTU,QUESTION_ID_47,RTU(ANNUALIZED),,,,,
RLS,RFPAGTUC,AUCNL,,,BRZ_RLS,RFPAGTUC,AUCNL,,,Direct,SLV_RLS,RFPAGTUCB_NEW,AGENT_PRODUCTION_UPDATE_DAILY_CLAIM,CHANNEL_ID,QUESTION_ID_48,CHANNEL ID,,,,,
RLS,RFPAGTUC,AUBNK,,,BRZ_RLS,RFPAGTUC,AUBNK,,,Direct,SLV_RLS,RFPAGTUCB_NEW,AGENT_PRODUCTION_UPDATE_DAILY_CLAIM,BANK_CD,QUESTION_ID_49,BANK CODE,,,,,
RLS,RFPAGTUC,AURGN,,,BRZ_RLS,RFPAGTUC,AURGN,,,Direct,SLV_RLS,RFPAGTUCB_NEW,AGENT_PRODUCTION_UPDATE_DAILY_CLAIM,BANK_REGION_CD,QUESTION_ID_4,BANK REGION CODE,,,,,
RLS,RFPAGTUC,AUARA,,,BRZ_RLS,RFPAGTUC,AUARA,,,Direct,SLV_RLS,RFPAGTUCB_NEW,AGENT_PRODUCTION_UPDATE_DAILY_CLAIM,BANK_AREA_CD,QUESTION_ID_50,BANK AREA CODE,,,,,
RLS,RFPAGTUC,AUBRN,,,BRZ_RLS,RFPAGTUC,AUBRN,,,Direct,SLV_RLS,RFPAGTUCB_NEW,AGENT_PRODUCTION_UPDATE_DAILY_CLAIM,BANK_BRANCH_CD,QUESTION_ID_5,BANK BRANCH CODE,,,,,
RLS,RFPAGTUC,AUSYS,,,BRZ_RLS,RFPAGTUC,AUSYS,,,Direct,SLV_RLS,RFPAGTUCB_NEW,AGENT_PRODUCTION_UPDATE_DAILY_CLAIM,FROM_SYSTEM,QUESTION_ID_6,FROM SYSTEM,,,,,
RLS,RFPPAAC,A1CTC,,,BRZ_RLS,RFPPAAC,A1CTC,,,Direct,SLV_RLS,RFPPAACB,POLICY_ADMIN_ACTIVITY,TRAN_CD,QUESTION_ID_7,TRAN. CODE,,,,,
RLS,RFPPAAC,A1DOS,,,BRZ_RLS,RFPPAAC,A1DOS,,,Direct,SLV_RLS,RFPPAACB,POLICY_ADMIN_ACTIVITY,TRAN_SUBMIT_DT,QUESTION_ID_8,TRAN SUBMIT DATE,,,,,
RLS,RFPPAAC,A1PNO,,,BRZ_RLS,RFPPAAC,A1PNO,,,Direct,SLV_RLS,RFPPAACB,POLICY_ADMIN_ACTIVITY,POLICY_NO,QUESTION_ID_9,POLICY NO.,,,,,
RLS,RFPPAAC,A1OWN,,,BRZ_RLS,RFPPAAC,A1OWN,,,Direct,SLV_RLS,RFPPAACB,POLICY_ADMIN_ACTIVITY,OWNER,SURVEYTAKER,OWNER,,,,,
RLS,RFPPAAC,A1STU,,,BRZ_RLS,RFPPAAC,A1STU,,,Direct,SLV_RLS,RFPPAACB,POLICY_ADMIN_ACTIVITY,TRAN_STATUS,TOP_6,TRAN. STATUS,,,,,
RLS,RFPPAAC,A1DOC,,,BRZ_RLS,RFPPAAC,A1DOC,,,Direct,SLV_RLS,RFPPAACB,POLICY_ADMIN_ACTIVITY,CAPTURED_DT,WELCOMECALL_ADDR_1,DATE CAPTURED,,,,,
RLS,RFPPAAC,A1DOA,,,BRZ_RLS,RFPPAAC,A1DOA,,,Direct,SLV_RLS,RFPPAACB,POLICY_ADMIN_ACTIVITY,APPROVAL_DT,WELCOMECALL_ADDR_2,APPROVAL DATE,,,,,
RLS,RFPPAAC,A1REF,,,BRZ_RLS,RFPPAAC,A1REF,,,Direct,SLV_RLS,RFPPAACB,POLICY_ADMIN_ACTIVITY,TRAN_REF_NO,WELCOMECALL_ADDR_3,TRAN. REF NO.,,,,,
RLS,RFPPAAC,A1EFF,,,BRZ_RLS,RFPPAAC,A1EFF,,,Direct,SLV_RLS,RFPPAACB,POLICY_ADMIN_ACTIVITY,TRAN_EFF_DT,WELCOMECALL_ADDR_4,TRAN. EFF. DATE,,,,,
RLS,RFPPAAC,A1DOI,,,BRZ_RLS,RFPPAAC,A1DOI,,,Direct,SLV_RLS,RFPPAACB,POLICY_ADMIN_ACTIVITY,ISSUE_DT,WELCOMECALL_CALL_LINE,ISSUE DATE,,,,,
RLS,RFPPAAC,A1CCY,,,BRZ_RLS,RFPPAAC,A1CCY,,,Direct,SLV_RLS,RFPPAACB,POLICY_ADMIN_ACTIVITY,CCY,WELCOMECALL_EMAIL,CURRENCY,,,,,
RLS,RFPPAAC,A1AMTU,,,BRZ_RLS,RFPPAAC,A1AMTU,,,Direct,SLV_RLS,RFPPAACB,POLICY_ADMIN_ACTIVITY,UNIT_PROCESSED,WELCOMECALL_NOTE,UNIT PROCESSED,,,,,
RLS,RFPPAAC,A1AMTP,,,BRZ_RLS,RFPPAAC,A1AMTP,,,Direct,SLV_RLS,RFPPAACB,POLICY_ADMIN_ACTIVITY,PROCESSED_IN_POLICY_CCY_AMT,WELCOMECALL_OTHERS,AMOUNT PROCESSED IN POLICY CCY,,,,,
RLS,RFPPAAC,A1AMT,,,BRZ_RLS,RFPPAAC,A1AMT,,,Direct,SLV_RLS,RFPPAACB,POLICY_ADMIN_ACTIVITY,TOT_CASH_AMT,WELCOMECALL_SECTION,TOTAL CASH AMT.,,,,,
RLS,RFPPAAC,A1AMTH,,,BRZ_RLS,RFPPAAC,A1AMTH,,,Direct,SLV_RLS,RFPPAACB,POLICY_ADMIN_ACTIVITY,TOT_CASH_LCL_CCY_AMT,WELCOMECALL_TAB,TOTAL CASH AMT LOCAL CCY,,,,,
RLS,RFPPAAC,A1COMD,,,BRZ_RLS,RFPPAAC,A1COMD,,,Direct,SLV_RLS,RFPPAACB,POLICY_ADMIN_ACTIVITY,COMPLETION_DT,SURVEYTAKER__R_NM,COMPLETION DATE,,,,,
RLS,RFPPAAC,A1COMS,,,BRZ_RLS,RFPPAAC,A1COMS,,,Direct,SLV_RLS,RFPPAACB,POLICY_ADMIN_ACTIVITY,COMPLETION_STATUS,SURVEYTAKER__R_MOT,COMPLETION STATUS,,,,,
RLS,RFPPAAC,A1AGT1,,,BRZ_RLS,RFPPAAC,A1AGT1,,,Direct,SLV_RLS,RFPPAACB,POLICY_ADMIN_ACTIVITY,AGENT_1_CD,SURVEYTAKER__R_CASE,AGENT 1 CODE,,,,,
RLS,RFPPAAC,AGNAME,,,BRZ_RLS,RFPPAAC,AGNAME,,,Direct,SLV_RLS,RFPPAACB,POLICY_ADMIN_ACTIVITY,AGENT_NM,SURVEYTAKER__R_TYPE,AGENT NAME,,,,,
RLS,RFPPAAC,A1DOBI,,,BRZ_RLS,RFPPAAC,A1DOBI,,,Direct,SLV_RLS,RFPPAACB,POLICY_ADMIN_ACTIVITY,INSURED_DOB,LOG_DT,INSURED DOB,,,,,
RLS,RFPPAAC,A1CID,,,BRZ_RLS,RFPPAAC,A1CID,,,Direct,SLV_RLS,RFPPAACB,POLICY_ADMIN_ACTIVITY,INSURED_ID,,INSURED ID,,,,,
RLS,RFPPAAC,A1AAC,,,BRZ_RLS,RFPPAAC,A1AAC,,,Direct,SLV_RLS,RFPPAACB,POLICY_ADMIN_ACTIVITY,ACCT_NO,,ACCOUNT NO.,,,,,
RLS,RFPPAAC,A1ANAME,,,BRZ_RLS,RFPPAAC,A1ANAME,,,Direct,SLV_RLS,RFPPAACB,POLICY_ADMIN_ACTIVITY,DEBTOR_S_NM,,DEBTOR'S NAME,,,,,
RLS,RFPPAAC,A1LPLAN,,,BRZ_RLS,RFPPAAC,A1LPLAN,,,Direct,SLV_RLS,RFPPAACB,POLICY_ADMIN_ACTIVITY,PLAN_CD,,PLAN CODE,,,,,
RLS,RFPPAAC,A1OPHO,,,BRZ_RLS,RFPPAAC,A1OPHO,,,Direct,SLV_RLS,RFPPAACB,POLICY_ADMIN_ACTIVITY,OWNER_HP_NO,,OWNER HP NO,,,,,
RLS,RFPPAAC,A1APHO,,,BRZ_RLS,RFPPAAC,A1APHO,,,Direct,SLV_RLS,RFPPAACB,POLICY_ADMIN_ACTIVITY,AGENT_HP_NO,,AGENT HP NO,,,,,
RLS,RFPPAAC,A1SOCOD,,,BRZ_RLS,RFPPAAC,A1SOCOD,,,Direct,SLV_RLS,RFPPAACB,POLICY_ADMIN_ACTIVITY,SO_CD,,SO CODE,,,,,
RLS,RFPPAAC,A1SOLOC,,,BRZ_RLS,RFPPAAC,A1SOLOC,,,Direct,SLV_RLS,RFPPAACB,POLICY_ADMIN_ACTIVITY,SO_LOCATION,,SO LOCATION,,,,,
RLS,RFPPAAC,A1ADCOD,,,BRZ_RLS,RFPPAAC,A1ADCOD,,,Direct,SLV_RLS,RFPPAACB,POLICY_ADMIN_ACTIVITY,AD_CD,,AD CODE,,,,,
RLS,RFPPAAC,A1ADNAM,,,BRZ_RLS,RFPPAAC,A1ADNAM,,,Direct,SLV_RLS,RFPPAACB,POLICY_ADMIN_ACTIVITY,AD_NM,,AD NAME,,,,,
RLS,RFPPAAC,A1ACBAL,,,BRZ_RLS,RFPPAAC,A1ACBAL,,,Direct,SLV_RLS,RFPPAACB,POLICY_ADMIN_ACTIVITY,ACC_BAL,,ACC BAL,,,,,
RLS,RFPPAAC,A1ANAV,,,BRZ_RLS,RFPPAAC,A1ANAV,,,Direct,SLV_RLS,RFPPAACB,POLICY_ADMIN_ACTIVITY,NAV_DT,,NAV DATE,,,,,
RLS,RFPPAAC,A1TAX,,,BRZ_RLS,RFPPAAC,A1TAX,,,Direct,SLV_RLS,RFPPAACB,POLICY_ADMIN_ACTIVITY,JML_TAX,,JML TAX,,,,,
RLS,RFPPAAC,A1AMTPCHG,,,BRZ_RLS,RFPPAAC,A1AMTPCHG,,,Direct,SLV_RLS,RFPPAACB,POLICY_ADMIN_ACTIVITY,BEFORE_CHARGES_IN_POLICY_CCY_AMT,,AMOUNT BEFORE CHARGES IN POLICY CCY,,,,,
RLS,RFPPAAC,A1CAAC,,,BRZ_RLS,RFPPAAC,A1CAAC,,,Direct,SLV_RLS,RFPPAACB,POLICY_ADMIN_ACTIVITY,CA_ACCT,,CA ACCOUNT,,,,,
RLS,RFPPAAC,A1CABRN,,,BRZ_RLS,RFPPAAC,A1CABRN,,,Direct,SLV_RLS,RFPPAACB,POLICY_ADMIN_ACTIVITY,BRANCH_NO,,BRANCH NO.,,,,,
RLS,RFPPAAC,A1CANAME,,,BRZ_RLS,RFPPAAC,A1CANAME,,,Direct,SLV_RLS,RFPPAACB,POLICY_ADMIN_ACTIVITY,CREDITOR_S_NM,,CREDITOR'S NAME,,,,,
RLS,RFPPAAC,A1IILP,,,BRZ_RLS,RFPPAAC,A1IILP,,,Direct,SLV_RLS,RFPPAACB,POLICY_ADMIN_ACTIVITY,INIT_LUMP_SUM_PREMI,,INITIAL LUMP SUM PREMIUM,,,,,
RLS,RFPPAAC,A1ILSP,,,BRZ_RLS,RFPPAAC,A1ILSP,,,Direct,SLV_RLS,RFPPAACB,POLICY_ADMIN_ACTIVITY,LUMP_SUM_PREMI_AMT,,LUMP SUM PREMIUM,,,,,
RLS,RFPPAAC,A1RMK,,,BRZ_RLS,RFPPAAC,A1RMK,,,Direct,SLV_RLS,RFPPAACB,POLICY_ADMIN_ACTIVITY,REMARK,,REMARK,,,,,
RLS,LFPCHG,CSECT,,,BRZ_RLS,LFPCHG,CSECT,,,Direct,SLV_RLS,LFPCHGB,POLICY_CHANGE,SECTION_CD,,SECTION CODE,,,,,
RLS,LFPCHG,CUSRID,,,BRZ_RLS,LFPCHG,CUSRID,,,Direct,SLV_RLS,LFPCHGB,POLICY_CHANGE,USER_ID,,USER ID,,,,,
RLS,LFPCHG,PCO,,,BRZ_RLS,LFPCHG,PCO,,,Direct,SLV_RLS,LFPCHGB,POLICY_CHANGE,COMPANY_CD,,COMPANY CODE,,,,,
RLS,LFPCHG,PNO,,,BRZ_RLS,LFPCHG,PNO,,,Direct,SLV_RLS,LFPCHGB,POLICY_CHANGE,POLICY_NO,,POLICY NO.,,,,,
RLS,LFPCHG,CTDOS,,,BRZ_RLS,LFPCHG,CTDOS,,,Direct,SLV_RLS,LFPCHGB,POLICY_CHANGE,TRAN_SUBMIT_DT,,TRAN SUBMIT DATE,,,,,
RLS,LFPCHG,CDOC,,,BRZ_RLS,LFPCHG,CDOC,,,Direct,SLV_RLS,LFPCHGB,POLICY_CHANGE,CAPTURED_DT,,DATE CAPTURED,,,,,
RLS,LFPCHG,CREF,,,BRZ_RLS,LFPCHG,CREF,,,Direct,SLV_RLS,LFPCHGB,POLICY_CHANGE,TRAN_REF_NO,,TRAN. REF NO.,,,,,
RLS,LFPCHG,CDOT,,,BRZ_RLS,LFPCHG,CDOT,,,Direct,SLV_RLS,LFPCHGB,POLICY_CHANGE,TRAN_PROCESS_DT,,TRAN. PROCESS DATE,,,,,
RLS,LFPCHG,CDOA,,,BRZ_RLS,LFPCHG,CDOA,,,Direct,SLV_RLS,LFPCHGB,POLICY_CHANGE,APPROVAL_DT,,APPROVAL DATE,,,,,
RLS,LFPCHG,CDOF,,,BRZ_RLS,LFPCHG,CDOF,,,Direct,SLV_RLS,LFPCHGB,POLICY_CHANGE,FOLLOW_UP_DT,,FOLLOW-UP DATE,,,,,
RLS,LFPCHG,CFTD,,,BRZ_RLS,LFPCHG,CFTD,,,Direct,SLV_RLS,LFPCHGB,POLICY_CHANGE,FOLLOW_UP_TODAY,,FOLLOW-UP TODAY,,,,,
RLS,LFPCHG,CRMK,,,BRZ_RLS,LFPCHG,CRMK,,,Direct,SLV_RLS,LFPCHGB,POLICY_CHANGE,APPROVAL_REMARK_1,,APPROVAL REMARK 1,,,,,
RLS,LFPCHG,CRMK2,,,BRZ_RLS,LFPCHG,CRMK2,,,Direct,SLV_RLS,LFPCHGB,POLICY_CHANGE,APPROVAL_REMARK_2,,APPROVAL REMARK 2,,,,,
RLS,LFPCHG,CRMK3,,,BRZ_RLS,LFPCHG,CRMK3,,,Direct,SLV_RLS,LFPCHGB,POLICY_CHANGE,APPROVAL_REMARK_3,,APPROVAL REMARK 3,,,,,
RLS,LFPCHG,CTSTU,,,BRZ_RLS,LFPCHG,CTSTU,,,Direct,SLV_RLS,LFPCHGB,POLICY_CHANGE,TRAN_STATUS,,TRAN. STATUS,,,,,
RLS,LFPCHG,CTC,,,BRZ_RLS,LFPCHG,CTC,,,Direct,SLV_RLS,LFPCHGB,POLICY_CHANGE,TRAN_CD,,TRAN. CODE,,,,,
RLS,LFPCHG,CTEFF,,,BRZ_RLS,LFPCHG,CTEFF,,,Direct,SLV_RLS,LFPCHGB,POLICY_CHANGE,TRAN_EFF_DT,,TRAN. EFF. DATE,,,,,
RLS,LFPCHG,COPTD,,,BRZ_RLS,LFPCHG,COPTD,,,Direct,SLV_RLS,LFPCHGB,POLICY_CHANGE,OLD_P_T_D,,OLD P-T-D,,,,,
RLS,LFPCHG,CSNCD,,,BRZ_RLS,LFPCHG,CSNCD,,,Direct,SLV_RLS,LFPCHGB,POLICY_CHANGE,S_N_CD,,S/N CODE,,,,,
RLS,LFPCHG,CRAGT,,,BRZ_RLS,LFPCHG,CRAGT,,,Direct,SLV_RLS,LFPCHGB,POLICY_CHANGE,REQUEST_AGENT,,REQUEST AGENT,,,,,
RLS,LFPCHG,CITEL,,,BRZ_RLS,LFPCHG,CITEL,,,Direct,SLV_RLS,LFPCHGB,POLICY_CHANGE,INSURED_TEL,,INSURED TEL.,,,,,
RLS,LFPCHG,CCO,,,BRZ_RLS,LFPCHG,CCO,,,Direct,SLV_RLS,LFPCHGB,POLICY_CHANGE,COMPANY_CD,,COMPANY CODE,,,,,
RLS,LFPCHG,CNO,,,BRZ_RLS,LFPCHG,CNO,,,Direct,SLV_RLS,LFPCHGB,POLICY_CHANGE,POLICY_NO,,POLICY NO.,,,,,
RLS,LFPCHG,CSOUR,,,BRZ_RLS,LFPCHG,CSOUR,,,Direct,SLV_RLS,LFPCHGB,POLICY_CHANGE,SOURCE_CD,,SOURCE CODE,,,,,
RLS,LFPCHG,CDOS,,,BRZ_RLS,LFPCHG,CDOS,,,Direct,SLV_RLS,LFPCHGB,POLICY_CHANGE,SUBMIT_DT,,SUBMIT DATE,,,,,
RLS,LFPCHG,CDOI,,,BRZ_RLS,LFPCHG,CDOI,,,Direct,SLV_RLS,LFPCHGB,POLICY_CHANGE,ISSUE_DT,,ISSUE DATE,,,,,
RLS,LFPCHG,CEFF,,,BRZ_RLS,LFPCHG,CEFF,,,Direct,SLV_RLS,LFPCHGB,POLICY_CHANGE,POLICY_DT,,POLICY DATE,,,,,
RLS,LFPCHG,CEXP,,,BRZ_RLS,LFPCHG,CEXP,,,Direct,SLV_RLS,LFPCHGB,POLICY_CHANGE,EXPIRY_DT,,EXPIRY DATE,,,,,
RLS,LFPCHG,CTERM,,,BRZ_RLS,LFPCHG,CTERM,,,Direct,SLV_RLS,LFPCHGB,POLICY_CHANGE,TERMINATION_DT,,TERMINATION DATE,,,,,
RLS,LFPCHG,CPTD,,,BRZ_RLS,LFPCHG,CPTD,,,Direct,SLV_RLS,LFPCHGB,POLICY_CHANGE,PAID_DT,,PAID-TO-DATE,,,,,
RLS,LFPCHG,CPAYDT,,,BRZ_RLS,LFPCHG,CPAYDT,,,Direct,SLV_RLS,LFPCHGB,POLICY_CHANGE,LAST_PYMT_DT,,LAST PAYMENT DATE,,,,,
RLS,LFPCHG,CPAYD1,,,BRZ_RLS,LFPCHG,CPAYD1,,,Direct,SLV_RLS,LFPCHGB,POLICY_CHANGE,FIRST_PYMT_DT,,FIRST PAYMENT DATE,,,,,
RLS,LFPCHG,CSTU,,,BRZ_RLS,LFPCHG,CSTU,,,Direct,SLV_RLS,LFPCHGB,POLICY_CHANGE,STATUS_CD,,STATUS CODE,,,,,
RLS,LFPCHG,CSUSF,,,BRZ_RLS,LFPCHG,CSUSF,,,Direct,SLV_RLS,LFPCHGB,POLICY_CHANGE,IS_ACTIVITY_SUSPENSION,,ACTIVITY SUSPENSION FLAG,boolean,,,,
RLS,LFPCHG,CSUMP,,,BRZ_RLS,LFPCHG,CSUMP,,,Direct,SLV_RLS,LFPCHGB,POLICY_CHANGE,MONTHS_PAID_NO,,NO. OF MONTHS PAID,,,,,
RLS,LFPCHG,CSUSD,,,BRZ_RLS,LFPCHG,CSUSD,,,Direct,SLV_RLS,LFPCHGB,POLICY_CHANGE,SUSPENSION_START_DT,,SUSPENSION START DATE,,,,,
RLS,LFPCHG,CMED,,,BRZ_RLS,LFPCHG,CMED,,,Direct,SLV_RLS,LFPCHGB,POLICY_CHANGE,MEDICAL_CD,,MEDICAL CODE,,,,,
RLS,LFPCHG,CREINS,,,BRZ_RLS,LFPCHG,CREINS,,,Direct,SLV_RLS,LFPCHGB,POLICY_CHANGE,R_I_INDICATOR,,R/I INDICATOR,,,,,
RLS,LFPCHG,CLANG,,,BRZ_RLS,LFPCHG,CLANG,,,Direct,SLV_RLS,LFPCHGB,POLICY_CHANGE,IS_LANGUAGE,,LANGUAGE FLAG,boolean,,,,
RLS,LFPCHG,CMODE,,,BRZ_RLS,LFPCHG,CMODE,,,Direct,SLV_RLS,LFPCHGB,POLICY_CHANGE,PYMT_MODE,,PAYMENT MODE,,,,,
RLS,LFPCHG,CMPREM,,,BRZ_RLS,LFPCHG,CMPREM,,,Direct,SLV_RLS,LFPCHGB,POLICY_CHANGE,MODAL_PREMI_EXCLUDE_TOPUP_REG,,MODAL PREMIUM EXCLUDE TOP-UP REGULAR,,,,,
RLS,LFPCHG,CMCOMM,,,BRZ_RLS,LFPCHG,CMCOMM,,,Direct,SLV_RLS,LFPCHGB,POLICY_CHANGE,MODAL_COMM_EXCLUDE_TOPUP_REG,,MODAL COMM EXCLUDE TOP-UP REGULAR,,,,,
RLS,LFPCHG,CMTHOD,,,BRZ_RLS,LFPCHG,CMTHOD,,,Direct,SLV_RLS,LFPCHGB,POLICY_CHANGE,PYMT_METHOD,,PAYMENT METHOD,,,,,
RLS,LFPCHG,CATPDT,,,BRZ_RLS,LFPCHG,CATPDT,,,Direct,SLV_RLS,LFPCHGB,POLICY_CHANGE,AUTOPAY_DT,,AUTOPAY DATE,,,,,
RLS,LFPCHG,CFACTR,,,BRZ_RLS,LFPCHG,CFACTR,,,Direct,SLV_RLS,LFPCHGB,POLICY_CHANGE,POLICY_FACTOR,,POLICY FACTOR,,,,,
RLS,LFPCHG,CCCY,,,BRZ_RLS,LFPCHG,CCCY,,,Direct,SLV_RLS,LFPCHGB,POLICY_CHANGE,CCY,,CURRENCY,,,,,
RLS,LFPCHG,CCSCD,,,BRZ_RLS,LFPCHG,CCSCD,,,Direct,SLV_RLS,LFPCHGB,POLICY_CHANGE,COLL_STATION_CD,,COLLECTION STATION CODE,,,,,
RLS,LFPCHG,CAGT1,,,BRZ_RLS,LFPCHG,CAGT1,,,Direct,SLV_RLS,LFPCHGB,POLICY_CHANGE,AGENT_1_CD,,AGENT 1 CODE,,,,,
RLS,LFPCHG,CAGT2,,,BRZ_RLS,LFPCHG,CAGT2,,,Direct,SLV_RLS,LFPCHGB,POLICY_CHANGE,AGENT_2_CD,,AGENT 2 CODE,,,,,
RLS,LFPCHG,CASIGC,,,BRZ_RLS,LFPCHG,CASIGC,,,Direct,SLV_RLS,LFPCHGB,POLICY_CHANGE,ASSIGNED_COMM,,ASSIGNED COMM,,,,,
RLS,LFPCHG,CAGTC1,,,BRZ_RLS,LFPCHG,CAGTC1,,,Direct,SLV_RLS,LFPCHGB,POLICY_CHANGE,1ST_YR_COMM_BASIC_PCT,,1ST YR COMM % ON BASIC,,,,,
RLS,LFPCHG,CAGTC2,,,BRZ_RLS,LFPCHG,CAGTC2,,,Direct,SLV_RLS,LFPCHGB,POLICY_CHANGE,2ND_YR_COMM_BASIC_PCT,,2ND YR COMM % ON BASIC,,,,,
RLS,LFPCHG,CAGTC3,,,BRZ_RLS,LFPCHG,CAGTC3,,,Direct,SLV_RLS,LFPCHGB,POLICY_CHANGE,3RD_YR_COMM_BASIC_PCT,,3RD YR COMM % ON BASIC,,,,,
RLS,LFPCHG,CAGTC4,,,BRZ_RLS,LFPCHG,CAGTC4,,,Direct,SLV_RLS,LFPCHGB,POLICY_CHANGE,4TH_YR_COMM_BASIC_PCT,,4TH YR COMM% ON BASIC,,,,,
RLS,LFPCHG,CAGTC5,,,BRZ_RLS,LFPCHG,CAGTC5,,,Direct,SLV_RLS,LFPCHGB,POLICY_CHANGE,5TH_YR_COMM_BASIC_PCT,,5TH YR COMM% ON BASIC,,,,,
RLS,LFPCHG,CAGTC6,,,BRZ_RLS,LFPCHG,CAGTC6,,,Direct,SLV_RLS,LFPCHGB,POLICY_CHANGE,6TH_YR_COMM_BASIC_PCT,,6TH YR COMM% ON BASIC,,,,,
RLS,LFPCHG,CAGTC7,,,BRZ_RLS,LFPCHG,CAGTC7,,,Direct,SLV_RLS,LFPCHGB,POLICY_CHANGE,7TH_YR_COMM_BASIC_PCT,,7TH YR COMM% ON BASIC,,,,,
RLS,LFPCHG,CAGTC8,,,BRZ_RLS,LFPCHG,CAGTC8,,,Direct,SLV_RLS,LFPCHGB,POLICY_CHANGE,8TH_YR_COMM_BASIC_PCT,,8TH YR COMM% ON BASIC,,,,,
RLS,LFPCHG,CAGTC9,,,BRZ_RLS,LFPCHG,CAGTC9,,,Direct,SLV_RLS,LFPCHGB,POLICY_CHANGE,9TH_YR_COMM_BASIC_PCT,,9TH YR COMM% ON BASIC,,,,,
RLS,LFPCHG,CAGTC10,,,BRZ_RLS,LFPCHG,CAGTC10,,,Direct,SLV_RLS,LFPCHGB,POLICY_CHANGE,10TH_YR_COMM_BASIC_PCT,,10TH YR COMM%       ON BASIC,,,,,
RLS,LFPCHG,CAGTC11,,,BRZ_RLS,LFPCHG,CAGTC11,,,Direct,SLV_RLS,LFPCHGB,POLICY_CHANGE,11TH_YR_COMM_BASIC_PCT,,11TH YR COMM%       ON BASIC,,,,,
RLS,LFPCHG,CPAGT1,,,BRZ_RLS,LFPCHG,CPAGT1,,,Direct,SLV_RLS,LFPCHGB,POLICY_CHANGE,PROD_AGENT_1_CD,,PROD AGENT 1 CODE,,,,,
RLS,LFPCHG,CPAGT2,,,BRZ_RLS,LFPCHG,CPAGT2,,,Direct,SLV_RLS,LFPCHGB,POLICY_CHANGE,PROD_AGENT_2_CD,,PROD AGENT 2 CODE,,,,,
RLS,LFPCHG,CPARTC,,,BRZ_RLS,LFPCHG,CPARTC,,,Direct,SLV_RLS,LFPCHGB,POLICY_CHANGE,PARTIAL_COMM_PCT,,PARTIAL COMM. %,,,,,
RLS,LFPCHG,CNAMF,,,BRZ_RLS,LFPCHG,CNAMF,,,Direct,SLV_RLS,LFPCHGB,POLICY_CHANGE,INSURED_FIRST_NM,,INSURED FIRST NAME,,,,,
RLS,LFPCHG,CNAME,,,BRZ_RLS,LFPCHG,CNAME,,,Direct,SLV_RLS,LFPCHGB,POLICY_CHANGE,INSURED,,INSURED,,,,,
RLS,LFPCHG,CSEX,,,BRZ_RLS,LFPCHG,CSEX,,,Direct,SLV_RLS,LFPCHGB,POLICY_CHANGE,SEX,,SEX,,,,,
RLS,LFPCHG,CAGEI,,,BRZ_RLS,LFPCHG,CAGEI,,,Direct,SLV_RLS,LFPCHGB,POLICY_CHANGE,AGE_AT_ISSUE,,AGE AT ISSUE,,,,,
RLS,LFPCHG,CDOB,,,BRZ_RLS,LFPCHG,CDOB,,,Direct,SLV_RLS,LFPCHGB,POLICY_CHANGE,BIRTH_DT,,BIRTH DATE,,,,,
RLS,LFPCHG,CID,,,BRZ_RLS,LFPCHG,CID,,,Direct,SLV_RLS,LFPCHGB,POLICY_CHANGE,ID_NO,,ID. NO.,,,,,
RLS,LFPCHG,CADR1,,,BRZ_RLS,LFPCHG,CADR1,,,Direct,SLV_RLS,LFPCHGB,POLICY_CHANGE,CORR_ADDR_1,,CORR ADDRESS 1,,,,,
RLS,LFPCHG,CADR2,,,BRZ_RLS,LFPCHG,CADR2,,,Direct,SLV_RLS,LFPCHGB,POLICY_CHANGE,CORR_ADDR_2,,CORR ADDRESS 2,,,,,
RLS,LFPCHG,CADR3,,,BRZ_RLS,LFPCHG,CADR3,,,Direct,SLV_RLS,LFPCHGB,POLICY_CHANGE,CORR_ADDR_3,,CORR ADDRESS 3,,,,,
RLS,LFPCHG,CADR4,,,BRZ_RLS,LFPCHG,CADR4,,,Direct,SLV_RLS,LFPCHGB,POLICY_CHANGE,CORR_ADDR_4,,CORR ADDRESS 4,,,,,
RLS,LFPCHG,CCTY,,,BRZ_RLS,LFPCHG,CCTY,,,Direct,SLV_RLS,LFPCHGB,POLICY_CHANGE,CORR_CITY_CD,,CORR CITY CODE,,,,,
RLS,LFPCHG,CTEL1,,,BRZ_RLS,LFPCHG,CTEL1,,,Direct,SLV_RLS,LFPCHGB,POLICY_CHANGE,TEL_RES,,TEL-RES,,,,,
RLS,LFPCHG,CTEL2,,,BRZ_RLS,LFPCHG,CTEL2,,,Direct,SLV_RLS,LFPCHGB,POLICY_CHANGE,TEL_OFFICE,,TEL-OFFICE,,,,,
RLS,LFPCHG,CMRSTU,,,BRZ_RLS,LFPCHG,CMRSTU,,,Direct,SLV_RLS,LFPCHGB,POLICY_CHANGE,MARITAL_STATUS,,MARITAL STATUS,,,,,
RLS,LFPCHG,COWNRF,,,BRZ_RLS,LFPCHG,COWNRF,,,Direct,SLV_RLS,LFPCHGB,POLICY_CHANGE,OWNER_FIRST_NM,,OWNER FIRST NAME,,,,,
RLS,LFPCHG,COWNER,,,BRZ_RLS,LFPCHG,COWNER,,,Direct,SLV_RLS,LFPCHGB,POLICY_CHANGE,OWNER,,OWNER,,,,,
RLS,LFPCHG,COWNID,,,BRZ_RLS,LFPCHG,COWNID,,,Direct,SLV_RLS,LFPCHGB,POLICY_CHANGE,OWNER_HKID,,OWNER HKID,,,,,
RLS,LFPCHG,COWNIDCD,,,BRZ_RLS,LFPCHG,COWNIDCD,,,Direct,SLV_RLS,LFPCHGB,POLICY_CHANGE,OWNER_ID_CHECK_DIGIT,,OWNER ID CHECK DIGIT,,,,,
RLS,LFPCHG,CIDINC,,,BRZ_RLS,LFPCHG,CIDINC,,,Direct,SLV_RLS,LFPCHGB,POLICY_CHANGE,ID_INDICATOR,,ID INDICATOR,,,,,
RLS,LFPCHG,COWNDT,,,BRZ_RLS,LFPCHG,COWNDT,,,Direct,SLV_RLS,LFPCHGB,POLICY_CHANGE,OWNER_TRANSFER_DT,,DATE OWNER TRANSFER,,,,,
RLS,LFPCHG,CFYC,,,BRZ_RLS,LFPCHG,CFYC,,,Direct,SLV_RLS,LFPCHGB,POLICY_CHANGE,FY_CHANGES_CD,,FY CHANGES CODE,,,,,
RLS,LFPCHG,CREFF,,,BRZ_RLS,LFPCHG,CREFF,,,Direct,SLV_RLS,LFPCHGB,POLICY_CHANGE,REINSTATEMENT_EFF_DT,,REINSTATEMENT EFF DATE,,,,,
RLS,LFPCHG,CRDT,,,BRZ_RLS,LFPCHG,CRDT,,,Direct,SLV_RLS,LFPCHGB,POLICY_CHANGE,REINSTATEMENT_TRAN_DT,,REINSTATEMENT TRAN DATE,,,,,
RLS,LFPCHG,CDOTRF,,,BRZ_RLS,LFPCHG,CDOTRF,,,Direct,SLV_RLS,LFPCHGB,POLICY_CHANGE,OWNERSHIP_TRANSFER_DT,,OWNERSHIP TRANSFER DATE,,,,,
RLS,LFPCHG,CBANK,,,BRZ_RLS,LFPCHG,CBANK,,,Direct,SLV_RLS,LFPCHGB,POLICY_CHANGE,BANK_NO,,BANK NO.,,,,,
RLS,LFPCHG,CBRN,,,BRZ_RLS,LFPCHG,CBRN,,,Direct,SLV_RLS,LFPCHGB,POLICY_CHANGE,BRANCH_NO,,BRANCH NO.,,,,,
RLS,LFPCHG,CAC,,,BRZ_RLS,LFPCHG,CAC,,,Direct,SLV_RLS,LFPCHGB,POLICY_CHANGE,ACCT_NO,,ACCOUNT NO.,,,,,
RLS,LFPCHG,CPLAN,,,BRZ_RLS,LFPCHG,CPLAN,,,Direct,SLV_RLS,LFPCHGB,POLICY_CHANGE,PLAN_CD,,PLAN CODE,,,,,
RLS,LFPCHG,CPLANN,,,BRZ_RLS,LFPCHG,CPLANN,,,Direct,SLV_RLS,LFPCHGB,POLICY_CHANGE,NUMERIC_CD,,NUMERIC CODE,,,,,
RLS,LFPCHG,CCLS,,,BRZ_RLS,LFPCHG,CCLS,,,Direct,SLV_RLS,LFPCHGB,POLICY_CHANGE,CLASS_CD,,CLASS CODE,,,,,
RLS,LFPCHG,CFPDB,,,BRZ_RLS,LFPCHG,CFPDB,,,Direct,SLV_RLS,LFPCHGB,POLICY_CHANGE,FUTURE_PREMI_DEP,,FUTURE PREM DEP,,,,,
RLS,LFPCHG,CFPDI,,,BRZ_RLS,LFPCHG,CFPDI,,,Direct,SLV_RLS,LFPCHGB,POLICY_CHANGE,DEP_INT,,DEP INT,,,,,
RLS,LFPCHG,CFPDIM,,,BRZ_RLS,LFPCHG,CFPDIM,,,Direct,SLV_RLS,LFPCHGB,POLICY_CHANGE,DEP_INT_THIS_MTH,,DEP INT THIS MTH,,,,,
RLS,LFPCHG,CSTRUP,,,BRZ_RLS,LFPCHG,CSTRUP,,,Direct,SLV_RLS,LFPCHGB,POLICY_CHANGE,ACCUM_STARTUP_BONUS_PCCY_AMT,,ACCUM STARTUP BONUS AMT. PCCY,,,,,
RLS,LFPCHG,CAPPFN,,,BRZ_RLS,LFPCHG,CAPPFN,,,Direct,SLV_RLS,LFPCHGB,POLICY_CHANGE,APPOINTEE_FNM,,APPOINTEE FNAME,,,,,
RLS,LFPCHG,CAPONTEN,,,BRZ_RLS,LFPCHG,CAPONTEN,,,Direct,SLV_RLS,LFPCHGB,POLICY_CHANGE,APPOINTEE_NM,,APPOINTEE NAME,,,,,
RLS,LFPCHG,CRELATNB,,,BRZ_RLS,LFPCHG,CRELATNB,,,Direct,SLV_RLS,LFPCHGB,POLICY_CHANGE,RELATION_BENEFICIARY,,RELATION TO BENEFICIARY,,,,,
RLS,LFPCHG,CLPCDT,,,BRZ_RLS,LFPCHG,CLPCDT,,,Direct,SLV_RLS,LFPCHGB,POLICY_CHANGE,LAST_PREMI_COMM_CHANGE_DT,,LAST PREMIUM/ COMMISSION CHANGE DATE,,,,,
RLS,LFPCHG,CNPCDT,,,BRZ_RLS,LFPCHG,CNPCDT,,,Direct,SLV_RLS,LFPCHGB,POLICY_CHANGE,NEXT_PREMI_COMM_CHANGE_DT,,NEXT PREMIUM/ COMMISSION CHANGE DATE,,,,,
RLS,LFPCHG,CPAYM,,,BRZ_RLS,LFPCHG,CPAYM,,,Direct,SLV_RLS,LFPCHGB,POLICY_CHANGE,PYMT,,PAYMENT,,,,,
RLS,LFPCHG,CTOPNO,,,BRZ_RLS,LFPCHG,CTOPNO,,,Direct,SLV_RLS,LFPCHGB,POLICY_CHANGE,TRANSFER_POLICY_NO,,TRANSFER TO  POLICY NUMBER,,,,,
RLS,LFPCHG,CDSEQ,,,BRZ_RLS,LFPCHG,CDSEQ,,,Direct,SLV_RLS,LFPCHGB,POLICY_CHANGE,DCR_SEQUENCE_NO,,DCR SEQUENCE NO.,,,,,
RLS,LFPCHG,CEMAL,,,BRZ_RLS,LFPCHG,CEMAL,,,Direct,SLV_RLS,LFPCHGB,POLICY_CHANGE,EMAIL_ADDR_OWNER,,EMAIL ADDRESS OF OWNER,,,,,
RLS,LFPCHG,CIEMAL,,,BRZ_RLS,LFPCHG,CIEMAL,,,Direct,SLV_RLS,LFPCHGB,POLICY_CHANGE,EMAIL_ADDR_INSURED,,EMAIL ADDRESS OF INSURED,,,,,
RLS,LFPCHG,CAESF,,,BRZ_RLS,LFPCHG,CAESF,,,Direct,SLV_RLS,LFPCHGB,POLICY_CHANGE,IS_ALLOW_E_SERVICE,,ALLOW E-SERVICE FLAG,boolean,,,,
RLS,LFPCHG,CEBF,,,BRZ_RLS,LFPCHG,CEBF,,,Direct,SLV_RLS,LFPCHGB,POLICY_CHANGE,IS_USE_E_BILLING,,USE E-BILLING FLAG,boolean,,,,
RLS,LFPCHG,CASGNF,,,BRZ_RLS,LFPCHG,CASGNF,,,Direct,SLV_RLS,LFPCHGB,POLICY_CHANGE,ASSIGNEE_FIRST_NM,,ASSIGNEE FIRST NAME,,,,,
RLS,LFPCHG,CASSGN,,,BRZ_RLS,LFPCHG,CASSGN,,,Direct,SLV_RLS,LFPCHGB,POLICY_CHANGE,ASSIGNEE,,ASSIGNEE,,,,,
RLS,LFPCHG,CASSA1,,,BRZ_RLS,LFPCHG,CASSA1,,,Direct,SLV_RLS,LFPCHGB,POLICY_CHANGE,ASSIGNEE_ADDR_1,,ASSIGNEE ADDRESS 1,,,,,
RLS,LFPCHG,CASSA2,,,BRZ_RLS,LFPCHG,CASSA2,,,Direct,SLV_RLS,LFPCHGB,POLICY_CHANGE,ASSIGNEE_ADDR_2,,ASSIGNEE ADDRESS 2,,,,,
RLS,LFPCHG,CASSA3,,,BRZ_RLS,LFPCHG,CASSA3,,,Direct,SLV_RLS,LFPCHGB,POLICY_CHANGE,ASSIGNEE_ADDR_3,,ASSIGNEE ADDRESS 3,,,,,
RLS,LFPCHG,CASSA4,,,BRZ_RLS,LFPCHG,CASSA4,,,Direct,SLV_RLS,LFPCHGB,POLICY_CHANGE,ASSIGNEE_ADDR_4,,ASSIGNEE ADDRESS 4,,,,,
RLS,LFPCHG,CASCTY,,,BRZ_RLS,LFPCHG,CASCTY,,,Direct,SLV_RLS,LFPCHGB,POLICY_CHANGE,ASSIGNEE_CITY_CD,,ASSIGNEE CITY CODE,,,,,
RLS,LFPCHG,CASSID,,,BRZ_RLS,LFPCHG,CASSID,,,Direct,SLV_RLS,LFPCHGB,POLICY_CHANGE,ASSIGNEE_ID,,ASSIGNEE ID,,,,,
RLS,LFPCHG,CASSIDCD,,,BRZ_RLS,LFPCHG,CASSIDCD,,,Direct,SLV_RLS,LFPCHGB,POLICY_CHANGE,ASSIGNEE_ID_CHECK_DIGIT,,ASSIGNEE ID CHECK DIGIT,,,,,
RLS,LFPCHG,CSA,,,BRZ_RLS,LFPCHG,CSA,,,Direct,SLV_RLS,LFPCHGB,POLICY_CHANGE,SA_BNF,,SA/BNF,,,,,
RLS,LFPCHG,CPR,,,BRZ_RLS,LFPCHG,CPR,,,Direct,SLV_RLS,LFPCHGB,POLICY_CHANGE,BASIC_PREMI_RATE,,BASIC PREMIUM RATE,,,,,
RLS,LFPCHG,CPRL,,,BRZ_RLS,LFPCHG,CPRL,,,Direct,SLV_RLS,LFPCHGB,POLICY_CHANGE,LOADING,,LOADING,,,,,
RLS,LFPCHG,CPRLT,,,BRZ_RLS,LFPCHG,CPRLT,,,Direct,SLV_RLS,LFPCHGB,POLICY_CHANGE,TEMP_LOADING,,TEMP. LOADING,,,,,
RLS,LFPCHG,CPRLTE,,,BRZ_RLS,LFPCHG,CPRLTE,,,Direct,SLV_RLS,LFPCHGB,POLICY_CHANGE,LOADING_EXPIRY,,LOADING EXPIRY,,,,,
RLS,LFPCHG,CEXCL,,,BRZ_RLS,LFPCHG,CEXCL,,,Direct,SLV_RLS,LFPCHGB,POLICY_CHANGE,EXCLUSION_CD,,EXCLUSION CODE,,,,,
RLS,LFPCHG,CASNCD,,,BRZ_RLS,LFPCHG,CASNCD,,,Direct,SLV_RLS,LFPCHGB,POLICY_CHANGE,ASSIGNMENT_CD,,ASSIGNMENT CODE,,,,,
RLS,LFPCHG,CINXO,,,BRZ_RLS,LFPCHG,CINXO,,,Direct,SLV_RLS,LFPCHGB,POLICY_CHANGE,INDEXATION_OPTION,,INDEXATION OPTION,,,,,
RLS,LFPCHG,CINXRO,,,BRZ_RLS,LFPCHG,CINXRO,,,Direct,SLV_RLS,LFPCHGB,POLICY_CHANGE,INDEXATION_RATE_OPTION,,INDEXATION RATE OPTION,,,,,
RLS,LFPCHG,CINXP,,,BRZ_RLS,LFPCHG,CINXP,,,Direct,SLV_RLS,LFPCHGB,POLICY_CHANGE,INDEXED_POLICY,,INDEXED POLICY,,,,,
RLS,LFPCHG,CTSI,,,BRZ_RLS,LFPCHG,CTSI,,,Direct,SLV_RLS,LFPCHGB,POLICY_CHANGE,TOT_SUM_INSURED_BENEFIT,,TOTAL SUM INSURED/ BENEFIT,,,,,
RLS,LFPCHG,CSMF,,,BRZ_RLS,LFPCHG,CSMF,,,Direct,SLV_RLS,LFPCHGB,POLICY_CHANGE,IS_SEGMENT_MAINT,,SEGMENT MAINT. FLAG,boolean,,,,
RLS,LFPCHG,CPAYDB,,,BRZ_RLS,LFPCHG,CPAYDB,,,Direct,SLV_RLS,LFPCHGB,POLICY_CHANGE,OWNER_BIRTH_DT,,OWNER BIRTH DATE,,,,,
RLS,LFPCHG,CPAYAG,,,BRZ_RLS,LFPCHG,CPAYAG,,,Direct,SLV_RLS,LFPCHGB,POLICY_CHANGE,OWNER_ISSUE_AGE,,OWNER ISSUE AGE,,,,,
RLS,LFPCHG,CPRLTF,,,BRZ_RLS,LFPCHG,CPRLTF,,,Direct,SLV_RLS,LFPCHGB,POLICY_CHANGE,PERMANENT_FLAT_LOADING,,PERMANENT FLAT LOADING,,,,,
RLS,LFPCHG,CPCCY,,,BRZ_RLS,LFPCHG,CPCCY,,,Direct,SLV_RLS,LFPCHGB,POLICY_CHANGE,PYMT_CCY,,PAYMENT CCY,,,,,
RLS,LFPCHG,CNFO,,,BRZ_RLS,LFPCHG,CNFO,,,Direct,SLV_RLS,LFPCHGB,POLICY_CHANGE,NON_FORFEITURE_OPTION,,NON-FORFEITURE OPTION,,,,,
RLS,LFPCHG,CETA,,,BRZ_RLS,LFPCHG,CETA,,,Direct,SLV_RLS,LFPCHGB,POLICY_CHANGE,ETA_EXPIRY_DT,,ETA EXPIRY DATE,,,,,
RLS,LFPCHG,CRPUP,,,BRZ_RLS,LFPCHG,CRPUP,,,Direct,SLV_RLS,LFPCHGB,POLICY_CHANGE,RPU_SA,,RPU SA,,,,,
RLS,LFPCHG,CENDT,,,BRZ_RLS,LFPCHG,CENDT,,,Direct,SLV_RLS,LFPCHGB,POLICY_CHANGE,ETA_PURE_ENDT,,ETA PURE ENDT,,,,,
RLS,LFPCHG,CAPUP,,,BRZ_RLS,LFPCHG,CAPUP,,,Direct,SLV_RLS,LFPCHGB,POLICY_CHANGE,ADD_PAID_UP_SA,,ADD. PAID-UP SA,,,,,
RLS,LFPCHG,CCVF,,,BRZ_RLS,LFPCHG,CCVF,,,Direct,SLV_RLS,LFPCHGB,POLICY_CHANGE,IS_CASH_VALUE,,CASH VALUE FLAG,boolean,,,,
RLS,LFPCHG,CPAF,,,BRZ_RLS,LFPCHG,CPAF,,,Direct,SLV_RLS,LFPCHGB,POLICY_CHANGE,IS_PREMI_ADJ,,PREM ADJ FLAG,boolean,,,,
RLS,LFPCHG,CGIO,,,BRZ_RLS,LFPCHG,CGIO,,,Direct,SLV_RLS,LFPCHGB,POLICY_CHANGE,G_I_OPTION,,G.I. OPTION,,,,,
RLS,LFPCHG,CWPCF,,,BRZ_RLS,LFPCHG,CWPCF,,,Direct,SLV_RLS,LFPCHGB,POLICY_CHANGE,IS_VOLUME_DISCNT,,VOLUME DISCOUNT FLAG,boolean,,,,
RLS,LFPCHG,CRBF,,,BRZ_RLS,LFPCHG,CRBF,,,Direct,SLV_RLS,LFPCHGB,POLICY_CHANGE,IS_RB,,RB FLAG,boolean,,,,
RLS,LFPCHG,CTRB,,,BRZ_RLS,LFPCHG,CTRB,,,Direct,SLV_RLS,LFPCHGB,POLICY_CHANGE,TOT_RB_FACE_VALUE,,TOTAL RB FACE VALUE,,,,,
RLS,LFPCHG,CTTB,,,BRZ_RLS,LFPCHG,CTTB,,,Direct,SLV_RLS,LFPCHGB,POLICY_CHANGE,TOT_TB_FACE_VALUE,,TOTAL TB FACE VALUE,,,,,
RLS,LFPCHG,CRB,,,BRZ_RLS,LFPCHG,CRB,,,Direct,SLV_RLS,LFPCHGB,POLICY_CHANGE,RB_FACE_VALUE,,RB FACE VALUE,,,,,
RLS,LFPCHG,CTB,,,BRZ_RLS,LFPCHG,CTB,,,Direct,SLV_RLS,LFPCHGB,POLICY_CHANGE,TB_FACE_VALUE,,TB FACE VALUE,,,,,
RLS,LFPCHG,CBDT,,,BRZ_RLS,LFPCHG,CBDT,,,Direct,SLV_RLS,LFPCHGB,POLICY_CHANGE,NEXT_BONUS_EFF_DT,,NEXT BONUS EFF DATE,,,,,
RLS,LFPCHG,CRBL,,,BRZ_RLS,LFPCHG,CRBL,,,Direct,SLV_RLS,LFPCHGB,POLICY_CHANGE,LAST_RB_FACE_VALUE,,LAST RB FACE VALUE,,,,,
RLS,LFPCHG,CTBL,,,BRZ_RLS,LFPCHG,CTBL,,,Direct,SLV_RLS,LFPCHGB,POLICY_CHANGE,LAST_TB_FACE_VALUE,,LAST TB FACE VALUE,,,,,
RLS,LFPCHG,CBDTL,,,BRZ_RLS,LFPCHG,CBDTL,,,Direct,SLV_RLS,LFPCHGB,POLICY_CHANGE,LAST_RB_DT,,LAST RB DATE,,,,,
RLS,LFPCHG,CDVDO,,,BRZ_RLS,LFPCHG,CDVDO,,,Direct,SLV_RLS,LFPCHGB,POLICY_CHANGE,DIVIDEND_OPTION,,DIVIDEND OPTION,,,,,
RLS,LFPCHG,CDVDB,,,BRZ_RLS,LFPCHG,CDVDB,,,Direct,SLV_RLS,LFPCHGB,POLICY_CHANGE,DIVIDEND_BAL,,DIVIDEND BAL,,,,,
RLS,LFPCHG,CDVDI,,,BRZ_RLS,LFPCHG,CDVDI,,,Direct,SLV_RLS,LFPCHGB,POLICY_CHANGE,DIVIDEND_INT,,DIVIDEND INT,,,,,
RLS,LFPCHG,CDVDIM,,,BRZ_RLS,LFPCHG,CDVDIM,,,Direct,SLV_RLS,LFPCHGB,POLICY_CHANGE,DVD_INT_THIS_MTH,,DVD INT THIS MTH,,,,,
RLS,LFPCHG,CDVDDT,,,BRZ_RLS,LFPCHG,CDVDDT,,,Direct,SLV_RLS,LFPCHGB,POLICY_CHANGE,NEXT_DVD_DT,,NEXT DVD DATE,,,,,
RLS,LFPCHG,CMAEO,,,BRZ_RLS,LFPCHG,CMAEO,,,Direct,SLV_RLS,LFPCHGB,POLICY_CHANGE,MAE_OPTION,,MAE OPTION,,,,,
RLS,LFPCHG,CMAEDT,,,BRZ_RLS,LFPCHG,CMAEDT,,,Direct,SLV_RLS,LFPCHGB,POLICY_CHANGE,NEXT_MAE_DT,,NEXT MAE DATE,,,,,
RLS,LFPCHG,CLOAN,,,BRZ_RLS,LFPCHG,CLOAN,,,Direct,SLV_RLS,LFPCHGB,POLICY_CHANGE,LOAN_BALANCE,,LOAN BALANCE,,,,,
RLS,LFPCHG,CLNIR,,,BRZ_RLS,LFPCHG,CLNIR,,,Direct,SLV_RLS,LFPCHGB,POLICY_CHANGE,LOAN_INT_RATE,,LOAN INT RATE,,,,,
RLS,LFPCHG,CLNI,,,BRZ_RLS,LFPCHG,CLNI,,,Direct,SLV_RLS,LFPCHGB,POLICY_CHANGE,O_S_LOAN_INT,,O/S LOAN INT,,,,,
RLS,LFPCHG,CLNIM,,,BRZ_RLS,LFPCHG,CLNIM,,,Direct,SLV_RLS,LFPCHGB,POLICY_CHANGE,LOAN_INT_THIS_MTH,,LOAN INT THIS MTH,,,,,
RLS,LFPCHG,CCOIDT,,,BRZ_RLS,LFPCHG,CCOIDT,,,Direct,SLV_RLS,LFPCHGB,POLICY_CHANGE,COI_DT,,COI DATE,,,,,
RLS,LFPCHG,CIMFDT,,,BRZ_RLS,LFPCHG,CIMFDT,,,Direct,SLV_RLS,LFPCHGB,POLICY_CHANGE,INV_MANAGEMENT_FEE_DT,,INV. MANAGEMENT FEE DATE,,,,,
RLS,LFPCHG,CPMFDT,,,BRZ_RLS,LFPCHG,CPMFDT,,,Direct,SLV_RLS,LFPCHGB,POLICY_CHANGE,POLICY_MAINT_FEE_DT,,POL MAINT FEE DATE,,,,,
RLS,LFPCHG,CPHOF,,,BRZ_RLS,LFPCHG,CPHOF,,,Direct,SLV_RLS,LFPCHGB,POLICY_CHANGE,IS_PREMI_HOLIDAY,,PREMIUM HOLIDAY FLAG (LATEST),boolean,,,,
RLS,LFPCHG,CPHOFD,,,BRZ_RLS,LFPCHG,CPHOFD,,,Direct,SLV_RLS,LFPCHGB,POLICY_CHANGE,PREMI_HOLIDAY_FROM_DT,,PREMIUM HOLIDAY FROM DATE (LATEST),,,,,
RLS,LFPCHG,CPHOTD,,,BRZ_RLS,LFPCHG,CPHOTD,,,Direct,SLV_RLS,LFPCHGB,POLICY_CHANGE,PREMI_HOLIDAY_DT,,PREMIUM HOLIDAY TO DATE (LATEST),,,,,
RLS,LFPCHG,CTRMP,,,BRZ_RLS,LFPCHG,CTRMP,,,Direct,SLV_RLS,LFPCHGB,POLICY_CHANGE,TOPUP_REG_MODAL_PREMI_AMT,,TOP-UP REGULAR MODAL PREMIUM,,,,,
RLS,LFPCHG,CTTRMP,,,BRZ_RLS,LFPCHG,CTTRMP,,,Direct,SLV_RLS,LFPCHGB,POLICY_CHANGE,TOTAL_TOPUP_REG_MODAL_PREMI_AMT,,TOTAL TOP-UP REGULAR MODAL PREMIUM,,,,,
RLS,LFPCHG,CTRMC,,,BRZ_RLS,LFPCHG,CTRMC,,,Direct,SLV_RLS,LFPCHGB,POLICY_CHANGE,TOTAL_TOPUP_REG_MODAL_COMM_AMT,,TOTAL TOP-UP REGULAR MODAL COMMISSION,,,,,
RLS,LFPCHG,CTRCP1,,,BRZ_RLS,LFPCHG,CTRCP1,,,Direct,SLV_RLS,LFPCHGB,POLICY_CHANGE,TOPUP_REG_1ST_YR_COMM_PCT,,TOP-UP REGULAR 1ST YR COMMISSION%,,,,,
RLS,LFPCHG,CTRCP2,,,BRZ_RLS,LFPCHG,CTRCP2,,,Direct,SLV_RLS,LFPCHGB,POLICY_CHANGE,TOPUP_REG_2ND_YR_COMM_PCT,,TOP-UP REGULAR 2ND YR COMMISSION%,,,,,
RLS,LFPCHG,CTRCP3,,,BRZ_RLS,LFPCHG,CTRCP3,,,Direct,SLV_RLS,LFPCHGB,POLICY_CHANGE,TOPUP_REG_3RD_YR_COMM_PCT,,TOP-UP REGULAR 3RD YR COMMISSION%,,,,,
RLS,LFPCHG,CTRCP4,,,BRZ_RLS,LFPCHG,CTRCP4,,,Direct,SLV_RLS,LFPCHGB,POLICY_CHANGE,4TH_YR_TOPUP_REG_PREMI_COMM_PCT,,4TH YR TOP UP REG PREMIUM COMMISSION%,,,,,
RLS,LFPCHG,CTRCP5,,,BRZ_RLS,LFPCHG,CTRCP5,,,Direct,SLV_RLS,LFPCHGB,POLICY_CHANGE,5TH_YR_TOPUP_REG_PREMI_COMM_PCT,,5TH YR TOP UP REG PREMIUM COMMISSION%,,,,,
RLS,LFPCHG,CTRCP6,,,BRZ_RLS,LFPCHG,CTRCP6,,,Direct,SLV_RLS,LFPCHGB,POLICY_CHANGE,6TH_YR_TOPUP_REG_PREMI_COMM_PCT,,6TH YR TOP UP REG PREMIUM COMMISSION%,,,,,
RLS,LFPCHG,CTRCP7,,,BRZ_RLS,LFPCHG,CTRCP7,,,Direct,SLV_RLS,LFPCHGB,POLICY_CHANGE,7TH_YR_TOPUP_REG_PREMI_COMM_PCT,,7TH YR TOP UP REG PREMIUM COMMISSION%,,,,,
RLS,LFPCHG,CTRCP8,,,BRZ_RLS,LFPCHG,CTRCP8,,,Direct,SLV_RLS,LFPCHGB,POLICY_CHANGE,8TH_YR_TOPUP_REG_PREMI_COMM_PCT,,8TH YR TOP UP REG PREMIUM COMMISSION%,,,,,
RLS,LFPCHG,CTRCP9,,,BRZ_RLS,LFPCHG,CTRCP9,,,Direct,SLV_RLS,LFPCHGB,POLICY_CHANGE,9TH_YR_TOPUP_REG_PREMI_COMM_PCT,,9TH YR TOP UP REG PREMIUM COMMISSION%,,,,,
RLS,LFPCHG,CTRCP10,,,BRZ_RLS,LFPCHG,CTRCP10,,,Direct,SLV_RLS,LFPCHGB,POLICY_CHANGE,10TH_YR_TOPUP_REG_PREMI_COMM_PCT,,10TH YR TOP UP REG PREMIUM COMMISSION%,,,,,
RLS,LFPCHG,CTRCP11,,,BRZ_RLS,LFPCHG,CTRCP11,,,Direct,SLV_RLS,LFPCHGB,POLICY_CHANGE,11TH_YR_TOPUP_REG_PREMI_COMM_PCT,,11TH YR TOP UP REG PREMIUM COMMISSION%,,,,,
RLS,LFPCHG,CILCP,,,BRZ_RLS,LFPCHG,CILCP,,,Direct,SLV_RLS,LFPCHGB,POLICY_CHANGE,INIT_LUMP_SUM_COMM_PCT,,INITIAL LUMP SUM COMMISSION%,,,,,
RLS,LFPCHG,CTLCP,,,BRZ_RLS,LFPCHG,CTLCP,,,Direct,SLV_RLS,LFPCHGB,POLICY_CHANGE,LUMP_SUM_PREMI_COMM_PCT,,LUMP SUM PREMIUM COMMISSION%,,,,,
RLS,LFPCHG,CDAPCT,,,BRZ_RLS,LFPCHG,CDAPCT,,,Direct,SLV_RLS,LFPCHGB,POLICY_CHANGE,STARTUP_BONUS_ADJUSTMENT,,STARTUP BONUS ADJUSTMENT,,,,,
RLS,LFPCHG,CBPRM,,,BRZ_RLS,LFPCHG,CBPRM,,,Direct,SLV_RLS,LFPCHGB,POLICY_CHANGE,BASIC_MD_REG_PRM_EXC_TOPUP_PCCY,,BASIC MD REG PRM EXC T/U PCCY,,,,,
RLS,LFPCHG,CTBPRM,,,BRZ_RLS,LFPCHG,CTBPRM,,,Direct,SLV_RLS,LFPCHGB,POLICY_CHANGE,TOT_BASIC_MD_REG_PRM_EXC_TOPUP_INC_SEGM_PCCY,,TOT BASIC MD REG PRM EXC T/U INC SEGM PCCY,,,,,
RLS,LFPCHG,CPRE,,,BRZ_RLS,LFPCHG,CPRE,,,Direct,SLV_RLS,LFPCHGB,POLICY_CHANGE,PREMI_TERM_AT_PLAN_LVL,,PREM TERM AT PLAN LVL,,,,,
RLS,LFPCHG,CPREA,,,BRZ_RLS,LFPCHG,CPREA,,,Direct,SLV_RLS,LFPCHGB,POLICY_CHANGE,PREMI_TERM_AT_PLAN_LVL_AT_AGE_YR,,PREM TERM AT PLAN LVL AT AGE/YR,,,,,
RLS,LFPCHG,CDTHBO,,,BRZ_RLS,LFPCHG,CDTHBO,,,Direct,SLV_RLS,LFPCHGB,POLICY_CHANGE,DEATH_BENEFIT_OPTION,,DEATH BENEFIT OPTION,,,,,
RLS,LFPCHG,CPCDUE,,,BRZ_RLS,LFPCHG,CPCDUE,,,Direct,SLV_RLS,LFPCHGB,POLICY_CHANGE,PREMI_CHARGE_DUE_DT,,PREMIUM CHARGE DUE DATE,,,,,
RLS,LFPCHG,CIILP,,,BRZ_RLS,LFPCHG,CIILP,,,Direct,SLV_RLS,LFPCHGB,POLICY_CHANGE,INIT_LUMP_SUM_PREMI,,INITIAL LUMP SUM PREMIUM,,,,,
RLS,LFPCHG,CILSP,,,BRZ_RLS,LFPCHG,CILSP,,,Direct,SLV_RLS,LFPCHGB,POLICY_CHANGE,LUMP_SUM_PREMI_AMT,,LUMP SUM PREMIUM,,,,,
RLS,LFPCHG,CROVRO,,,BRZ_RLS,LFPCHG,CROVRO,,,Direct,SLV_RLS,LFPCHGB,POLICY_CHANGE,ROLLOVER_OPTION,,ROLLOVER OPTION,,,,,
RLS,LFPCHG,CPLANL,,,BRZ_RLS,LFPCHG,CPLANL,,,Direct,SLV_RLS,LFPCHGB,POLICY_CHANGE,LAST_YR_PLAN,,LAST YR PLAN,,,,,
RLS,LFPCHG,CSURGL,,,BRZ_RLS,LFPCHG,CSURGL,,,Direct,SLV_RLS,LFPCHGB,POLICY_CHANGE,LAST_YR_SURG_OPT,,LAST YR SURG OPT,,,,,
RLS,LFPCHG,CHEXCL,,,BRZ_RLS,LFPCHG,CHEXCL,,,Direct,SLV_RLS,LFPCHGB,POLICY_CHANGE,EXCLUSIONS,,EXCLUSIONS,,,,,
RLS,LFPCHG,CSURG,,,BRZ_RLS,LFPCHG,CSURG,,,Direct,SLV_RLS,LFPCHGB,POLICY_CHANGE,SURGICAL_OPTION,,SURGICAL OPTION,,,,,
RLS,LFPCHG,CHPR,,,BRZ_RLS,LFPCHG,CHPR,,,Direct,SLV_RLS,LFPCHGB,POLICY_CHANGE,BASIC_PREMI_RATE,,BASIC PREMIUM RATE,,,,,
RLS,LFPCHG,CFMDIS,,,BRZ_RLS,LFPCHG,CFMDIS,,,Direct,SLV_RLS,LFPCHGB,POLICY_CHANGE,FAMILY_DISCNT_PCT,,FAMILY DISCOUNT %,,,,,
RLS,LFPCHG,CNOCLM,,,BRZ_RLS,LFPCHG,CNOCLM,,,Direct,SLV_RLS,LFPCHGB,POLICY_CHANGE,NO_CLAIM_BONUS_PCT,,NO CLAIM BONUS %,,,,,
RLS,LFPCHG,CLOC1,,,BRZ_RLS,LFPCHG,CLOC1,,,Direct,SLV_RLS,LFPCHGB,POLICY_CHANGE,LOCATION_ADDR_1,,LOCATION ADDRESS 1,,,,,
RLS,LFPCHG,CLOC2,,,BRZ_RLS,LFPCHG,CLOC2,,,Direct,SLV_RLS,LFPCHGB,POLICY_CHANGE,LOCATION_ADDR_2,,LOCATION ADDRESS 2,,,,,
RLS,LFPCHG,CLOC3,,,BRZ_RLS,LFPCHG,CLOC3,,,Direct,SLV_RLS,LFPCHGB,POLICY_CHANGE,LOCATION_ADDR_3,,LOCATION ADDRESS 3,,,,,
RLS,LFPCHG,CLOC4,,,BRZ_RLS,LFPCHG,CLOC4,,,Direct,SLV_RLS,LFPCHGB,POLICY_CHANGE,LOCATION_ADDR_4,,LOCATION ADDRESS 4,,,,,
RLS,LFPCHG,CLCTY,,,BRZ_RLS,LFPCHG,CLCTY,,,Direct,SLV_RLS,LFPCHGB,POLICY_CHANGE,LOCATION_CITY_CD,,LOCATION CITY CODE,,,,,
RLS,LFPCHG,CGPR,,,BRZ_RLS,LFPCHG,CGPR,,,Direct,SLV_RLS,LFPCHGB,POLICY_CHANGE,BASIC_PREMI_RATE,,BASIC PREMIUM RATE,,,,,
RLS,LFPCHG,CGPRLT,,,BRZ_RLS,LFPCHG,CGPRLT,,,Direct,SLV_RLS,LFPCHGB,POLICY_CHANGE,TEMP_LOADING,,TEMP. LOADING,,,,,
RLS,LFPCHG,CGPLTE,,,BRZ_RLS,LFPCHG,CGPLTE,,,Direct,SLV_RLS,LFPCHGB,POLICY_CHANGE,LOADING_EXPIRY,,LOADING EXPIRY,,,,,
RLS,LFPCHG,CPRV1,,,BRZ_RLS,LFPCHG,CPRV1,,,Direct,SLV_RLS,LFPCHGB,POLICY_CHANGE,PREV_PNO_1,,PREV PNO #1,,,,,
RLS,LFPCHG,CPRV2,,,BRZ_RLS,LFPCHG,CPRV2,,,Direct,SLV_RLS,LFPCHGB,POLICY_CHANGE,PREV_PNO_2,,PREV PNO #2,,,,,
RLS,LFPCHG,CPRV3,,,BRZ_RLS,LFPCHG,CPRV3,,,Direct,SLV_RLS,LFPCHGB,POLICY_CHANGE,PREV_PNO_3,,PREV PNO #3,,,,,
RLS,LFPCHG,CPRV4,,,BRZ_RLS,LFPCHG,CPRV4,,,Direct,SLV_RLS,LFPCHGB,POLICY_CHANGE,PREV_PNO_4,,PREV PNO #4,,,,,
RLS,LFPCHG,CPRV5,,,BRZ_RLS,LFPCHG,CPRV5,,,Direct,SLV_RLS,LFPCHGB,POLICY_CHANGE,PREV_PNO_5,,PREV PNO #5,,,,,
RLS,LFPCHG,CPRV6,,,BRZ_RLS,LFPCHG,CPRV6,,,Direct,SLV_RLS,LFPCHGB,POLICY_CHANGE,PREV_PNO_6,,PREV PNO #6,,,,,
RLS,LFPCHG,CPRV7,,,BRZ_RLS,LFPCHG,CPRV7,,,Direct,SLV_RLS,LFPCHGB,POLICY_CHANGE,PREV_PNO_7,,PREV PNO #7,,,,,
RLS,LFPCHG,CPRV8,,,BRZ_RLS,LFPCHG,CPRV8,,,Direct,SLV_RLS,LFPCHGB,POLICY_CHANGE,PREV_PNO_8,,PREV PNO #8,,,,,
RLS,LFPCHG,CPRV9,,,BRZ_RLS,LFPCHG,CPRV9,,,Direct,SLV_RLS,LFPCHGB,POLICY_CHANGE,PREV_PNO_9,,PREV PNO #9,,,,,
RLS,LFPCHG,CPRV10,,,BRZ_RLS,LFPCHG,CPRV10,,,Direct,SLV_RLS,LFPCHGB,POLICY_CHANGE,PREV_PNO_10,,PREV PNO #10,,,,,
RLS,LFPCHG,CPRV11,,,BRZ_RLS,LFPCHG,CPRV11,,,Direct,SLV_RLS,LFPCHGB,POLICY_CHANGE,PREV_PNO_11,,PREV PNO #11,,,,,
RLS,LFPCHG,CPRV12,,,BRZ_RLS,LFPCHG,CPRV12,,,Direct,SLV_RLS,LFPCHGB,POLICY_CHANGE,PREV_PNO_12,,PREV PNO #12,,,,,
RLS,LFPCHG,CPVO1,,,BRZ_RLS,LFPCHG,CPVO1,,,Direct,SLV_RLS,LFPCHGB,POLICY_CHANGE,PAYOR_PREV_PNO_1,,PAYOR PREV. PNO #1,,,,,
RLS,LFPCHG,CPVO2,,,BRZ_RLS,LFPCHG,CPVO2,,,Direct,SLV_RLS,LFPCHGB,POLICY_CHANGE,PAYOR_PREV_PNO_2,,PAYOR PREV. PNO #2,,,,,
RLS,LFPCHG,CPVO3,,,BRZ_RLS,LFPCHG,CPVO3,,,Direct,SLV_RLS,LFPCHGB,POLICY_CHANGE,PAYOR_PREV_PNO_3,,PAYOR PREV. PNO #3,,,,,
RLS,LFPCHG,CPVO4,,,BRZ_RLS,LFPCHG,CPVO4,,,Direct,SLV_RLS,LFPCHGB,POLICY_CHANGE,PAYOR_PREV_PNO_4,,PAYOR PREV. PNO #4,,,,,
RLS,LFPCHG,CPVO5,,,BRZ_RLS,LFPCHG,CPVO5,,,Direct,SLV_RLS,LFPCHGB,POLICY_CHANGE,PAYOR_PREV_PNO_5,,PAYOR PREV. PNO #5,,,,,
RLS,LFPCHG,CPVO6,,,BRZ_RLS,LFPCHG,CPVO6,,,Direct,SLV_RLS,LFPCHGB,POLICY_CHANGE,PAYOR_PREV_PNO_6,,PAYOR PREV. PNO #6,,,,,
RLS,LFPCHG,CPVO7,,,BRZ_RLS,LFPCHG,CPVO7,,,Direct,SLV_RLS,LFPCHGB,POLICY_CHANGE,PAYOR_PREV_PNO_7,,PAYOR PREV. PNO #7,,,,,
RLS,LFPCHG,CPVO8,,,BRZ_RLS,LFPCHG,CPVO8,,,Direct,SLV_RLS,LFPCHGB,POLICY_CHANGE,PAYOR_PREV_PNO_8,,PAYOR PREV. PNO #8,,,,,
RLS,LFPCHG,CPVO9,,,BRZ_RLS,LFPCHG,CPVO9,,,Direct,SLV_RLS,LFPCHGB,POLICY_CHANGE,PAYOR_PREV_PNO_9,,PAYOR PREV. PNO #9,,,,,
RLS,LFPCHG,CPVO10,,,BRZ_RLS,LFPCHG,CPVO10,,,Direct,SLV_RLS,LFPCHGB,POLICY_CHANGE,PAYOR_PREV_PNO_10,,PAYOR PREV. PNO #10,,,,,
RLS,LFPCHG,CPVO11,,,BRZ_RLS,LFPCHG,CPVO11,,,Direct,SLV_RLS,LFPCHGB,POLICY_CHANGE,PAYOR_PREV_PNO_11,,PAYOR PREV. PNO #11,,,,,
RLS,LFPCHG,CPVO12,,,BRZ_RLS,LFPCHG,CPVO12,,,Direct,SLV_RLS,LFPCHGB,POLICY_CHANGE,PAYOR_PREV_PNO_12,,PAYOR PREV. PNO #12,,,,,
RLS,LFPCHG,CSUR,,,BRZ_RLS,LFPCHG,CSUR,,,Direct,SLV_RLS,LFPCHGB,POLICY_CHANGE,SURRENDER,,SURRENDER,,,,,
RLS,LFPCHG,CRBSUR,,,BRZ_RLS,LFPCHG,CRBSUR,,,Direct,SLV_RLS,LFPCHGB,POLICY_CHANGE,RB_SURRENDER,,RB SURRENDER,,,,,
RLS,LFPCHG,CTBSUR,,,BRZ_RLS,LFPCHG,CTBSUR,,,Direct,SLV_RLS,LFPCHGB,POLICY_CHANGE,TB_SURRENDER,,TB SURRENDER,,,,,
RLS,LFPCHG,CWDVD,,,BRZ_RLS,LFPCHG,CWDVD,,,Direct,SLV_RLS,LFPCHGB,POLICY_CHANGE,DIVIDEND,,DIVIDEND,,,,,
RLS,LFPCHG,CWDVDI,,,BRZ_RLS,LFPCHG,CWDVDI,,,Direct,SLV_RLS,LFPCHGB,POLICY_CHANGE,DIVIDEND_INT,,DIVIDEND INT.,,,,,
RLS,LFPCHG,CWFPD,,,BRZ_RLS,LFPCHG,CWFPD,,,Direct,SLV_RLS,LFPCHGB,POLICY_CHANGE,FPD,,FPD,,,,,
RLS,LFPCHG,CWFPDI,,,BRZ_RLS,LFPCHG,CWFPDI,,,Direct,SLV_RLS,LFPCHGB,POLICY_CHANGE,FPD_INT,,FPD INT.,,,,,
RLS,LFPCHG,CDELM,,,BRZ_RLS,LFPCHG,CDELM,,,Direct,SLV_RLS,LFPCHGB,POLICY_CHANGE,DELIVERY_METHOD,,DELIVERY METHOD,,,,,
RLS,LFPCHG,CRSTLT,,,BRZ_RLS,LFPCHG,CRSTLT,,,Direct,SLV_RLS,LFPCHGB,POLICY_CHANGE,REINSTATE_LETTER_CD,,REINSTATE LETTER CODE,,,,,
RLS,LFPCHG,CBFSDT,,,BRZ_RLS,LFPCHG,CBFSDT,,,Direct,SLV_RLS,LFPCHGB,POLICY_CHANGE,CHANGE_EFF_DT,,CHANGE EFF. DATE,,,,,
RLS,LFPCHG,CPSPEC,,,BRZ_RLS,LFPCHG,CPSPEC,,,Direct,SLV_RLS,LFPCHGB,POLICY_CHANGE,POLICY_SPEC_CD,,POLICY SPEC. CODE,,,,,
RLS,LFPCHG,CSURO,,,BRZ_RLS,LFPCHG,CSURO,,,Direct,SLV_RLS,LFPCHGB,POLICY_CHANGE,DVD_SUR_OPTION,,DVD SUR OPTION,,,,,
RLS,LFPCHG,COVFPD,,,BRZ_RLS,LFPCHG,COVFPD,,,Direct,SLV_RLS,LFPCHGB,POLICY_CHANGE,OVERAGE_FPD_OPTION,,OVERAGE TO FPD OPTION,,,,,
RLS,LFPCHG,CIIELT,,,BRZ_RLS,LFPCHG,CIIELT,,,Direct,SLV_RLS,LFPCHGB,POLICY_CHANGE,REJECT_IIE_LETTER_CD,,REJECT IIE LETTER CODE,,,,,
RLS,LFPCHG,CURID2,,,BRZ_RLS,LFPCHG,CURID2,,,Direct,SLV_RLS,LFPCHGB,POLICY_CHANGE,USER_ID,,USER ID,,,,,
RLS,LFPCHG,CSWMD,,,BRZ_RLS,LFPCHG,CSWMD,,,Direct,SLV_RLS,LFPCHGB,POLICY_CHANGE,SWITCH_METHOD,,SWITCH METHOD,,,,,
RLS,LFPCHG,CCFFF,,,BRZ_RLS,LFPCHG,CCFFF,,,Direct,SLV_RLS,LFPCHGB,POLICY_CHANGE,CHANGE_FUTURE_FUND_ALLOC_FLAG_PCT,,CHANGE FUTURE FUND ALLOC % FLAG,,,,,
RLS,LFPCHG,CWHFG,,,BRZ_RLS,LFPCHG,CWHFG,,,Direct,SLV_RLS,LFPCHGB,POLICY_CHANGE,IS_WITHHOLD,,WITHHOLD FLAG,boolean,,,,
RLS,LFPCHG,CNLBDT,,,BRZ_RLS,LFPCHG,CNLBDT,,,Direct,SLV_RLS,LFPCHGB,POLICY_CHANGE,NEXT_LOYALTY_BONUS_DT,,NEXT LOYALTY BONUS DATE,,,,,
RLS,LFPCHG,CLLBDT,,,BRZ_RLS,LFPCHG,CLLBDT,,,Direct,SLV_RLS,LFPCHGB,POLICY_CHANGE,LAST_LOYALTY_BONUS_DT,,LAST LOYALTY BONUS DATE,,,,,
RLS,LFPCHG,CNTCDT,,,BRZ_RLS,LFPCHG,CNTCDT,,,Direct,SLV_RLS,LFPCHGB,POLICY_CHANGE,NEXT_TRAIL_COMM_PAY_DT,,NEXT TRAIL COMM PAY DATE,,,,,
RLS,LFPCHG,LEDWO,,,BRZ_RLS,LFPCHG,LEDWO,,,Direct,SLV_RLS,LFPCHGB,POLICY_CHANGE,IS_ENDOWMENT_ACTION,,ENDOWMENT'ACTION FLAG,boolean,,,,
RLS,LFPCHG,PSGPPO,,,BRZ_RLS,LFPCHG,PSGPPO,,,Direct,SLV_RLS,LFPCHGB,POLICY_CHANGE,IS_SIGNPOST_PYMT,,SIGNPOST'PAYMENT FLAG,boolean,,,,
RLS,LFPCHG,PSDFIN,,,BRZ_RLS,LFPCHG,PSDFIN,,,Direct,SLV_RLS,LFPCHGB,POLICY_CHANGE,SD_FINANCE_INDICATOR,,SD'FINANCE INDICATOR,,,,,
RLS,LFPCHG,PCOMID,,,BRZ_RLS,LFPCHG,PCOMID,,,Direct,SLV_RLS,LFPCHGB,POLICY_CHANGE,COMPANY_ID_FOR_SD_FINANCE,,COMPANY ID FOR SD FINANCE,,,,,
RLS,LFPCHG,PCPFMBR,,,BRZ_RLS,LFPCHG,PCPFMBR,,,Direct,SLV_RLS,LFPCHGB,POLICY_CHANGE,BANK_ID_NO,,BANK ID NO,,,,,
RLS,LFPCHG,PCPFAC,,,BRZ_RLS,LFPCHG,PCPFAC,,,Direct,SLV_RLS,LFPCHGB,POLICY_CHANGE,CPF_ACCT_FOR_BANK_ACCT_RECONCILATION_NO,,CPF A/C NO FOR BANK A/C RECONCILATION,,,,,
RLS,LFPCHG,PBABBR,,,BRZ_RLS,LFPCHG,PBABBR,,,Direct,SLV_RLS,LFPCHGB,POLICY_CHANGE,?,,,,,,,
RLS,LFPCHG,PAC,,,BRZ_RLS,LFPCHG,PAC,,,Direct,SLV_RLS,LFPCHGB,POLICY_CHANGE,BANK_ACCT_NO,,BANK A/C NO,,,,,
RLS,LFPCHG,PACNAME,,,BRZ_RLS,LFPCHG,PACNAME,,,Direct,SLV_RLS,LFPCHGB,POLICY_CHANGE,ACCT_NM,,A/C NAME,,,,,
RLS,LFPCHG,PGCSF,,,BRZ_RLS,LFPCHG,PGCSF,,,Direct,SLV_RLS,LFPCHGB,POLICY_CHANGE,CPF_ACCT_TYPE,,CPF A/C TYPE,,,,,
RLS,LFPCHG,CCRF,,,BRZ_RLS,LFPCHG,CCRF,,,Direct,SLV_RLS,LFPCHGB,POLICY_CHANGE,DFC_SOURCE,,DFC SOURCE,,,,,
RLS,LFPCHG,CCPF,,,BRZ_RLS,LFPCHG,CCPF,,,Direct,SLV_RLS,LFPCHGB,POLICY_CHANGE,TOT_REFUND_PAID_BY_CPF,,TOTAL'REFUND PAID BY CPF,,,,,
RLS,LFPCHG,CNCPF,,,BRZ_RLS,LFPCHG,CNCPF,,,Direct,SLV_RLS,LFPCHGB,POLICY_CHANGE,TOT_REFUND_PAID_BY_NON_CPF,,TOTAL'REFUND PAID BY NON-CPF,,,,,
RLS,LFPCHG,CCPFCF,,,BRZ_RLS,LFPCHG,CCPFCF,,,Direct,SLV_RLS,LFPCHGB,POLICY_CHANGE,IS_CPF_NON_CPF_CONVERSION,,CPF TO NON-CPF CONVERSION FLAG,boolean,,,,
RLS,LFPCHG,CMPRMA,,,BRZ_RLS,LFPCHG,CMPRMA,,,Direct,SLV_RLS,LFPCHGB,POLICY_CHANGE,MODAL_PREMI_ADJUSTMENT,,MODAL'PREMIUM ADJUSTMENT,,,,,
RLS,LFPCHG,CWPP,,,BRZ_RLS,LFPCHG,CWPP,,,Direct,SLV_RLS,LFPCHGB,POLICY_CHANGE,WAIVER_PREMI_PCT,,WAIVER OF PREM PERCENTAGE,,,,,
RLS,LFPCHG,LNFO,,,BRZ_RLS,LFPCHG,LNFO,,,Direct,SLV_RLS,LFPCHGB,POLICY_CHANGE,NON_FORFEITURE_OPTION,,NON-FORFEITURE OPTION,,,,,
RLS,LFPCHG,CAVOF,,,BRZ_RLS,LFPCHG,CAVOF,,,Direct,SLV_RLS,LFPCHGB,POLICY_CHANGE,IS_AUTOVESTING_OWNERSHIP,,AUTOVESTING OF OWNERSHIP FLAG,boolean,,,,
RLS,LFPCHG,CMFEE,,,BRZ_RLS,LFPCHG,CMFEE,,,Direct,SLV_RLS,LFPCHGB,POLICY_CHANGE,MEDICAL_FEE,,MEDICAL FEE,,,,,
RLS,LFPCHG,CPRPTDT,,,BRZ_RLS,LFPCHG,CPRPTDT,,,Direct,SLV_RLS,LFPCHGB,POLICY_CHANGE,POLICY_RECIEPT_DT,,POLICY'RECIEPT DATE,,,,,
RLS,LFPCHG,CPMBNO,,,BRZ_RLS,LFPCHG,CPMBNO,,,Direct,SLV_RLS,LFPCHGB,POLICY_CHANGE,MOBILE_INSURED_NO,,MOBILE'NUMBER OF INSURED,,,,,
RLS,LFPCHG,CPOMBNO,,,BRZ_RLS,LFPCHG,CPOMBNO,,,Direct,SLV_RLS,LFPCHGB,POLICY_CHANGE,MOBILE_OWNER_NO,,MOBILE'NUMBER OF OWNER,,,,,
RLS,LFPCHG,CPFXNO,,,BRZ_RLS,LFPCHG,CPFXNO,,,Direct,SLV_RLS,LFPCHGB,POLICY_CHANGE,FAX_NO,,FAX'NUMBER,,,,,
RLS,LFPCHG,CDST,,,BRZ_RLS,LFPCHG,CDST,,,Direct,SLV_RLS,LFPCHGB,POLICY_CHANGE,DOCUMENTARY_STAMP_TAX,,DOCUMENTARY STAMP TAX,,,,,
RLS,LFPCHG,COWSEX,,,BRZ_RLS,LFPCHG,COWSEX,,,Direct,SLV_RLS,LFPCHGB,POLICY_CHANGE,OWNER_GENDER,,OWNER GENDER,,,,,
RLS,LFPCHG,CLRNDT,,,BRZ_RLS,LFPCHG,CLRNDT,,,Direct,SLV_RLS,LFPCHGB,POLICY_CHANGE,LAST_RENEWAL_DT,,LAST RENEWAL DATE,,,,,
RLS,LFPCHG,CLANND,,,BRZ_RLS,LFPCHG,CLANND,,,Direct,SLV_RLS,LFPCHGB,POLICY_CHANGE,ANNUITIZATION_DT,,ANNUITIZATION DATE,,,,,
RLS,LFPCHG,CLLAPD,,,BRZ_RLS,LFPCHG,CLLAPD,,,Direct,SLV_RLS,LFPCHGB,POLICY_CHANGE,LAST_ANNUITY_PYMT_DT,,LAST ANNUITY  PAYMENT DATE,,,,,
RLS,LFPCHG,CLNAPD,,,BRZ_RLS,LFPCHG,CLNAPD,,,Direct,SLV_RLS,LFPCHGB,POLICY_CHANGE,NEXT_ANNUITY_PYMT_DT,,NEXT ANNUITY  PAYMENT DATE,,,,,
RLS,LFPCHG,CLHAPD,,,BRZ_RLS,LFPCHG,CLHAPD,,,Direct,SLV_RLS,LFPCHGB,POLICY_CHANGE,HOLD_ANNUITY_DT,,HOLD ANNUITY DATE,,,,,
RLS,LFPCHG,CLCOMO,,,BRZ_RLS,LFPCHG,CLCOMO,,,Direct,SLV_RLS,LFPCHGB,POLICY_CHANGE,COMM_OPTION,,COMMISSION OPTION,,,,,
RLS,LFPCHG,CLRPCA,,,BRZ_RLS,LFPCHG,CLRPCA,,,Direct,SLV_RLS,LFPCHGB,POLICY_CHANGE,REG_PREMI_COMM_ADJUSTMENT_PCT,,REGULAR PREMIUM COMMISSION % ADJUSTMENT,,,,,
RLS,LFPCHG,CLTPCA,,,BRZ_RLS,LFPCHG,CLTPCA,,,Direct,SLV_RLS,LFPCHGB,POLICY_CHANGE,TOPUP_PREMI_COMM_ADJUSTMENT_PCT,,TOP-UP PREMIUM COMMISSION % ADJUSTMENT,,,,,
RLS,LFPCHG,CILSCA,,,BRZ_RLS,LFPCHG,CILSCA,,,Direct,SLV_RLS,LFPCHGB,POLICY_CHANGE,INIT_LUMP_SUM_PREMI_COMM_ADJUSTMENT,,INITIAL LUMP SUM PREMIUM COMMISSION ADJUSTMENT,,,,,
RLS,LFPCHG,CLLSCA,,,BRZ_RLS,LFPCHG,CLLSCA,,,Direct,SLV_RLS,LFPCHGB,POLICY_CHANGE,LUMPSUM_PREMI_COMM_ADJUSTMENT_PCT,,LUMPSUM PREMIUM COMMISSION % ADJUSTMENT,,,,,
RLS,LFPCHG,CLTRCP,,,BRZ_RLS,LFPCHG,CLTRCP,,,Direct,SLV_RLS,LFPCHGB,POLICY_CHANGE,TRAIL_COMM_PCT,,TRAIL COMMISSION %,,,,,
RLS,LFPCHG,CLPRFD,,,BRZ_RLS,LFPCHG,CLPRFD,,,Direct,SLV_RLS,LFPCHGB,POLICY_CHANGE,PMF_REFUND_DT,,PMF REFUND DATE,,,,,
RLS,LFPCHG,CLPRFA,,,BRZ_RLS,LFPCHG,CLPRFA,,,Direct,SLV_RLS,LFPCHGB,POLICY_CHANGE,PMF_REFUND_AMT,,PMF REFUND AMOUNT,,,,,
RLS,LFPCHG,CNAV,,,BRZ_RLS,LFPCHG,CNAV,,,Direct,SLV_RLS,LFPCHGB,POLICY_CHANGE,NAV_APPLICATION_DT,,NAV APPLICATION DATE,,,,,
RLS,LFPCHG,CIADDR1,,,BRZ_RLS,LFPCHG,CIADDR1,,,Direct,SLV_RLS,LFPCHGB,POLICY_CHANGE,INSURED_RESIDENTIAL_1_ADDR,,INSURED RESIDENTIAL 1 ADDRESS,,,,,
RLS,LFPCHG,CIADDR2,,,BRZ_RLS,LFPCHG,CIADDR2,,,Direct,SLV_RLS,LFPCHGB,POLICY_CHANGE,INSURED_RESIDENTIAL_1_ADDR,,INSURED RESIDENTIAL 1 ADDRESS,,,,,
RLS,LFPCHG,CIADDR3,,,BRZ_RLS,LFPCHG,CIADDR3,,,Direct,SLV_RLS,LFPCHGB,POLICY_CHANGE,INSURED_RESIDENTIAL_1_ADDR,,INSURED RESIDENTIAL 1 ADDRESS,,,,,
RLS,LFPCHG,CIADDR4,,,BRZ_RLS,LFPCHG,CIADDR4,,,Direct,SLV_RLS,LFPCHGB,POLICY_CHANGE,INSURED_RESIDENTIAL_1_ADDR,,INSURED RESIDENTIAL 1 ADDRESS,,,,,
RLS,LFPCHG,CICITY,,,BRZ_RLS,LFPCHG,CICITY,,,Direct,SLV_RLS,LFPCHGB,POLICY_CHANGE,INSURED_RESIDENTIAL_CITY,,INSURED RESIDENTIAL CITY,,,,,
RLS,LFPCHG,CENDPH,,,BRZ_RLS,LFPCHG,CENDPH,,,Direct,SLV_RLS,LFPCHGB,POLICY_CHANGE,IS_CHANGE_REQUEST_FOR_ENDING_PH,,CHANGE REQUEST FOR ENDING PH FLAG,boolean,,,,
RLS,LFPCHG,CBSTAT,,,BRZ_RLS,LFPCHG,CBSTAT,,,Direct,SLV_RLS,LFPCHGB,POLICY_CHANGE,BUS_STATUS,,BUS STATUS,,,,,
RLS,LFPCHG,CBEFF,,,BRZ_RLS,LFPCHG,CBEFF,,,Direct,SLV_RLS,LFPCHGB,POLICY_CHANGE,BUS_EFF_DT,,BUS EFFECTIVE DATE,,,,,
RLS,LFPCHG,CBTERM,,,BRZ_RLS,LFPCHG,CBTERM,,,Direct,SLV_RLS,LFPCHGB,POLICY_CHANGE,BUS_TERMINATION_DT,,BUS TERMINATION DATE,,,,,
RLS,LFPCHG,CPRFO,,,BRZ_RLS,LFPCHG,CPRFO,,,Direct,SLV_RLS,LFPCHGB,POLICY_CHANGE,CLIENTS_PREFERRED_OPTION,,CLIENTS PREFERRED OPTION,,,,,
RLS,LFPCHG,CBBSF,,,BRZ_RLS,LFPCHG,CBBSF,,,Direct,SLV_RLS,LFPCHGB,POLICY_CHANGE,IS_BULK_SWITCHING_AUTHORISATION,,BULK SWITCHING AUTHORISATION FLAG,boolean,,,,
RLS,LFPCHG,CACFF,,,BRZ_RLS,LFPCHG,CACFF,,,Direct,SLV_RLS,LFPCHGB,POLICY_CHANGE,IS_CONSULTANT_SERVICE_FEE_AUTHORISATION,,CONSULTANT SERVICE FEE AUTHORISATION FLAG,boolean,,,,
RLS,LFPCHG,CACFPER,,,BRZ_RLS,LFPCHG,CACFPER,,,Direct,SLV_RLS,LFPCHGB,POLICY_CHANGE,CONSULTANT_SERVICE_FEE_PCT,,CONSULTANT SERVICE FEE %,,,,,
RLS,LFPCHG,CDDFM,,,BRZ_RLS,LFPCHG,CDDFM,,,Direct,SLV_RLS,LFPCHGB,POLICY_CHANGE,IS_DELEGATED_FUND_MANAGEMENT,,DELEGATED FUND MANAGEMENT FLAG,boolean,,,,
RLS,LFPCHG,CSCHB,,,BRZ_RLS,LFPCHG,CSCHB,,,Direct,SLV_RLS,LFPCHGB,POLICY_CHANGE,COUPON_AMT,,COUPON AMOUNT,,,,,
RLS,LFPCHG,CSCHI,,,BRZ_RLS,LFPCHG,CSCHI,,,Direct,SLV_RLS,LFPCHGB,POLICY_CHANGE,COUPON_INTEREST_AMT,,COUPON AMOUNT INTEREST,,,,,
RLS,LFPCHG,CWSCH,,,BRZ_RLS,LFPCHG,CWSCH,,,Direct,SLV_RLS,LFPCHGB,POLICY_CHANGE,COUPON_WITHDRAW_AMT,,COUPON AMOUNT WITHDRAW,,,,,
RLS,LFPCHG,CWSCHI,,,BRZ_RLS,LFPCHG,CWSCHI,,,Direct,SLV_RLS,LFPCHGB,POLICY_CHANGE,COUPON_INTEREST_WITHDRAW_AMT,,COUPON AMOUNT INTEREST WITHDRAW,,,,,
RLS,LFPCHG,CTCWTH,,,BRZ_RLS,LFPCHG,CTCWTH,,,Direct,SLV_RLS,LFPCHGB,POLICY_CHANGE,TOT_COUPON_WITHDRAWL_FIELD_AMT,,TOTAL COUPON AMOUNT WITHDRAWL FIELD,,,,,
RLS,LFPCHG,CSCHIM,,,BRZ_RLS,LFPCHG,CSCHIM,,,Direct,SLV_RLS,LFPCHGB,POLICY_CHANGE,SCHEDULE_COUPON_INTEREST_THIS_MONTH,,SCHEDULE COUPON INTEREST THIS MONTH,,,,,
RLS,LFPCHG,CSCHBT,,,BRZ_RLS,LFPCHG,CSCHBT,,,Direct,SLV_RLS,LFPCHGB,POLICY_CHANGE,TOT_SCHEDULE_COUPON_AMT,,TOTAL SCHEDULE COUPON AMOUNT,,,,,
RLS,LFPCHG,CSCHDT,,,BRZ_RLS,LFPCHG,CSCHDT,,,Direct,SLV_RLS,LFPCHGB,POLICY_CHANGE,NEXT_ANNIVERSARY_FOR_SCHEDULE_COUPON,,NEXT  ANNIVERSARY FOR SCHEDULE COUPON,,,,,
RLS,LFPCHG,CSMKEI,,,BRZ_RLS,LFPCHG,CSMKEI,,,Direct,SLV_RLS,LFPCHGB,POLICY_CHANGE,IS_SMOKER_INSURED,,SMOKER FLAG 'INSURED,boolean,,,,
RLS,LFPCHG,CLIEN,,,BRZ_RLS,LFPCHG,CLIEN,,,Direct,SLV_RLS,LFPCHGB,POLICY_CHANGE,LIEN_PCT,,LIEN PERCENTAGE,,,,,
RLS,LFPCHG,CPRLS,,,BRZ_RLS,LFPCHG,CPRLS,,,Direct,SLV_RLS,LFPCHGB,POLICY_CHANGE,EXTRA_VARIES_SUBSTANDARD_LOADING_PCT,,EXTRA VARIES SUBSTANDARD LOADING PERCENTAGE,,,,,
RLS,LFPCHG,CSTDDT,,,BRZ_RLS,LFPCHG,CSTDDT,,,Direct,SLV_RLS,LFPCHGB,POLICY_CHANGE,PYMT_START_DUE_DT,,PAYMENT START DUE DATE,,,,,
RLS,LFPCHG,CRWSD,,,BRZ_RLS,LFPCHG,CRWSD,,,Direct,SLV_RLS,LFPCHGB,POLICY_CHANGE,REG_WITHDRAWAL_START_DT,,Reg withdrawal Start Date,,,,,
RLS,LFPCHG,CRWED,,,BRZ_RLS,LFPCHG,CRWED,,,Direct,SLV_RLS,LFPCHGB,POLICY_CHANGE,REG_WITHDRAWAL_END_DT,,Reg withdrawal End Date,,,,,
RLS,LFPCHG,CRWAMT,,,BRZ_RLS,LFPCHG,CRWAMT,,,Direct,SLV_RLS,LFPCHGB,POLICY_CHANGE,REG_WITHDRAWAL_AMT,,Regular withdrawal Amount,,,,,
RLS,LFPCHG,CWDLFQ,,,BRZ_RLS,LFPCHG,CWDLFQ,,,Direct,SLV_RLS,LFPCHGB,POLICY_CHANGE,WITHDRAWAL_FREQUENCY,,Withdrawal frequency,,,,,
RLS,LFPCHG,CRTMODE,,,BRZ_RLS,LFPCHG,CRTMODE,,,Direct,SLV_RLS,LFPCHGB,POLICY_CHANGE,PYMT_MODE_DE_LINK_RTU,,PAYMENT MODE OF  DE-LINK RTU,,,,,
RLS,LFPCHG,CRTMTHOD,,,BRZ_RLS,LFPCHG,CRTMTHOD,,,Direct,SLV_RLS,LFPCHGB,POLICY_CHANGE,PYMT_METHOD_DE_LINK_RTU,,PAYMENT METHOD OF DE-LINK RTU,,,,,
RLS,LFPCHG,CRTPTD,,,BRZ_RLS,LFPCHG,CRTPTD,,,Direct,SLV_RLS,LFPCHGB,POLICY_CHANGE,P_T_D_DE_LINK_RTU,,P-T-D OF DE-LINK RTU,,,,,
RLS,LFPCHG,CRTSTD,,,BRZ_RLS,LFPCHG,CRTSTD,,,Direct,SLV_RLS,LFPCHGB,POLICY_CHANGE,START_DE_LINK_RTU_DT,,START DATE OF DE-LINK RTU,,,,,
RLS,LFPCHG,CRTETD,,,BRZ_RLS,LFPCHG,CRTETD,,,Direct,SLV_RLS,LFPCHGB,POLICY_CHANGE,END_DE_LINK_RTU_DT,,END DATE OF DE-LINK RTU,,,,,
RLS,LFPCHG,CRTCNT,,,BRZ_RLS,LFPCHG,CRTCNT,,,Direct,SLV_RLS,LFPCHGB,POLICY_CHANGE,UNSUCCESSFUL_RTU_COLL_IN_ATP,,UNSUCCESSFUL RTU  COLLECTION IN  ATP,,,,,
RLS,LFPCHG,CRTSTS,,,BRZ_RLS,LFPCHG,CRTSTS,,,Direct,SLV_RLS,LFPCHGB,POLICY_CHANGE,RTU_STATUS,,RTU STATUS,,,,,
RLS,LFPCHG,CENDPHFLG,,,BRZ_RLS,LFPCHG,CENDPHFLG,,,Direct,SLV_RLS,LFPCHGB,POLICY_CHANGE,IS_END_PH,,End PH Flag,boolean,,,,
RLS,LFPCHG,CLROFLG,,,BRZ_RLS,LFPCHG,CLROFLG,,,Direct,SLV_RLS,LFPCHGB,POLICY_CHANGE,IS_LRO,,LRO FLAG,boolean,,,,
RLS,LFPCHG,CCOMM,,,BRZ_RLS,LFPCHG,CCOMM,,,Direct,SLV_RLS,LFPCHGB,POLICY_CHANGE,COMMUNICATION_MEANS,,COMMUNICATION MEANS,,,,,
RLS,LFPCHG,CSMS,,,BRZ_RLS,LFPCHG,CSMS,,,Direct,SLV_RLS,LFPCHGB,POLICY_CHANGE,IS_RECEIVE_SMS,,RECEIVE SMS FLAG,boolean,,,,
RLS,LFPCHG,CSUSPE,,,BRZ_RLS,LFPCHG,CSUSPE,,,Direct,SLV_RLS,LFPCHGB,POLICY_CHANGE,EMAIL_SUSPENSION,,EMAIL SUSPENSION,,,,,
RLS,LFPCHG,CSUSPS,,,BRZ_RLS,LFPCHG,CSUSPS,,,Direct,SLV_RLS,LFPCHGB,POLICY_CHANGE,SMS_SUSPENSION,,SMS SUSPENSION,,,,,
RLS,LFPCHG,CLRPF,,,BRZ_RLS,LFPCHG,CLRPF,,,Direct,SLV_RLS,LFPCHGB,POLICY_CHANGE,IS_LOAN_REPYMT,,LOAN REPAYMENT FLAG,boolean,,,,
RLS,LFPCHG,CLRAMT,,,BRZ_RLS,LFPCHG,CLRAMT,,,Direct,SLV_RLS,LFPCHGB,POLICY_CHANGE,LOAN_REPYMT_AMT,,LOAN REPAYMENT AMT,,,,,
RLS,LFPCHG,CLSUPSD,,,BRZ_RLS,LFPCHG,CLSUPSD,,,Direct,SLV_RLS,LFPCHGB,POLICY_CHANGE,SUPPRESS_START_DT,,SUPPRESS.START DATE,,,,,
RLS,LFPCHG,CLSUPED,,,BRZ_RLS,LFPCHG,CLSUPED,,,Direct,SLV_RLS,LFPCHGB,POLICY_CHANGE,SUPPRESS_END_DT,,SUPPRESS.END DATE,,,,,
RLS,LFPCHG,CLUSRPA,,,BRZ_RLS,LFPCHG,CLUSRPA,,,Direct,SLV_RLS,LFPCHGB,POLICY_CHANGE,USER_REPAID_AMT,,USER REPAID AMT,,,,,
RLS,LFPCHG,CEXPFLG,,,BRZ_RLS,LFPCHG,CEXPFLG,,,Direct,SLV_RLS,LFPCHGB,POLICY_CHANGE,IS_EXPIRY,,EXPIRY FLAG,boolean,,,,
RLS,LFPCHG,CNEXPDT,,,BRZ_RLS,LFPCHG,CNEXPDT,,,Direct,SLV_RLS,LFPCHGB,POLICY_CHANGE,NEW_EXPIRY_DT,,NEW EXPIRY DATE,,,,,
RLS,LFPCHG,CRSNCD,,,BRZ_RLS,LFPCHG,CRSNCD,,,Direct,SLV_RLS,LFPCHGB,POLICY_CHANGE,REASON_CD,,REASON CODE,,,,,
RLS,LFPUFTDH,M2PCO,,,BRZ_RLS,LFPUFTDH,M2PCO,,,Direct,SLV_RLS,LFPUFTDH,UL_FUND_TRAN_DETAIL_HIST,COMPANY_CD,,COMPANY CODE,,,,,
RLS,LFPUFTDH,M2PNO,,,BRZ_RLS,LFPUFTDH,M2PNO,,,Direct,SLV_RLS,LFPUFTDH,UL_FUND_TRAN_DETAIL_HIST,POLICY_NO,,POLICY NO.,,,,,
RLS,LFPUFTDH,M2EFFD,,,BRZ_RLS,LFPUFTDH,M2EFFD,,,Direct,SLV_RLS,LFPUFTDH,UL_FUND_TRAN_DETAIL_HIST,TRAN_EFF_DT,,TRANSACTION EFFECTIVE DATE,,,,,
RLS,LFPUFTDH,M2TDAT,,,BRZ_RLS,LFPUFTDH,M2TDAT,,,Direct,SLV_RLS,LFPUFTDH,UL_FUND_TRAN_DETAIL_HIST,TRAN_DT,,TRANSACTION DATE,,,,,
RLS,LFPUFTDH,M2PTYP,,,BRZ_RLS,LFPUFTDH,M2PTYP,,,Direct,SLV_RLS,LFPUFTDH,UL_FUND_TRAN_DETAIL_HIST,PROCESSING_TYPE,,PROCESSING TYPE,,,,,
RLS,LFPUFTDH,M2TCOD,,,BRZ_RLS,LFPUFTDH,M2TCOD,,,Direct,SLV_RLS,LFPUFTDH,UL_FUND_TRAN_DETAIL_HIST,TRAN_CD,,TRANSACTION CODE,,,,,
RLS,LFPUFTDH,M2CODE,,,BRZ_RLS,LFPUFTDH,M2CODE,,,Direct,SLV_RLS,LFPUFTDH,UL_FUND_TRAN_DETAIL_HIST,U_L_FUND_CD,,U/L FUND CODE,,,,,
RLS,LFPUFTDH,M2FCCY,,,BRZ_RLS,LFPUFTDH,M2FCCY,,,Direct,SLV_RLS,LFPUFTDH,UL_FUND_TRAN_DETAIL_HIST,FUND_CCY,,FUND CURRENCY,,,,,
RLS,LFPUFTDH,M2FPRD,,,BRZ_RLS,LFPUFTDH,M2FPRD,,,Direct,SLV_RLS,LFPUFTDH,UL_FUND_TRAN_DETAIL_HIST,FUND_PRICE_FOR_FUND_SYSTEM_DT,,FUND PRICE DATE FOR FUND SYSTEM,,,,,
RLS,LFPUFTDH,M2UPRD,,,BRZ_RLS,LFPUFTDH,M2UPRD,,,Direct,SLV_RLS,LFPUFTDH,UL_FUND_TRAN_DETAIL_HIST,U_L_VALUATION_DT,,U/L VALUATION DATE,,,,,
RLS,LFPUFTDH,M2UPRC,,,BRZ_RLS,LFPUFTDH,M2UPRC,,,Direct,SLV_RLS,LFPUFTDH,UL_FUND_TRAN_DETAIL_HIST,UNIT_PRICE,,UNIT PRICE,,,,,
RLS,LFPUFTDH,M2SPRD,,,BRZ_RLS,LFPUFTDH,M2SPRD,,,Direct,SLV_RLS,LFPUFTDH,UL_FUND_TRAN_DETAIL_HIST,SPREAD_PCT,,SPREAD %,,,,,
RLS,LFPUFTDH,M2PIND,,,BRZ_RLS,LFPUFTDH,M2PIND,,,Direct,SLV_RLS,LFPUFTDH,UL_FUND_TRAN_DETAIL_HIST,PRICE_INDICATOR,,PRICE INDICATOR,,,,,
RLS,LFPUFTDH,M2FTRD,,,BRZ_RLS,LFPUFTDH,M2FTRD,,,Direct,SLV_RLS,LFPUFTDH,UL_FUND_TRAN_DETAIL_HIST,FUND_TRAN_DT,,FUND TRANSACTION DATE,,,,,
RLS,LFPUFTDH,M2EXCH,,,BRZ_RLS,LFPUFTDH,M2EXCH,,,Direct,SLV_RLS,LFPUFTDH,UL_FUND_TRAN_DETAIL_HIST,EXCH_RATE,,EXCHANGE RATE,,,,,
RLS,LFPUFTDH,M2AMTF,,,BRZ_RLS,LFPUFTDH,M2AMTF,,,Direct,SLV_RLS,LFPUFTDH,UL_FUND_TRAN_DETAIL_HIST,TRAN_IN_FUND_CCY_AMT,,TRANSACTION AMOUNT IN FUND CCY,,,,,
RLS,LFPUFTDH,M2AMTP,,,BRZ_RLS,LFPUFTDH,M2AMTP,,,Direct,SLV_RLS,LFPUFTDH,UL_FUND_TRAN_DETAIL_HIST,TRAN_IN_POLICY_CCY_AMT,,TRANSACTION AMOUNT IN POLICY CCY,,,,,
RLS,LFPUFTDH,M2AMTU,,,BRZ_RLS,LFPUFTDH,M2AMTU,,,Direct,SLV_RLS,LFPUFTDH,UL_FUND_TRAN_DETAIL_HIST,TRAN_IN_UNIT,,TRANSACTION IN UNIT,,,,,
RLS,LFPUFTDH,M2PMOD,,,BRZ_RLS,LFPUFTDH,M2PMOD,,,Direct,SLV_RLS,LFPUFTDH,UL_FUND_TRAN_DETAIL_HIST,PROCESSING_MODE,,PROCESSING MODE,,,,,
RLS,LFPUFTDH,M2OUPD,,,BRZ_RLS,LFPUFTDH,M2OUPD,,,Direct,SLV_RLS,LFPUFTDH,UL_FUND_TRAN_DETAIL_HIST,U_L_FUND_PRICE_DT,,U/L FUND PRICE DATE,,,,,
RLS,LFPUFTDH,M2DEAL,,,BRZ_RLS,LFPUFTDH,M2DEAL,,,Direct,SLV_RLS,LFPUFTDH,UL_FUND_TRAN_DETAIL_HIST,U_L_DEALING_DT,,U/L DEALING DATE,,,,,
CLP,TMSTCNL,CNLCOD,,,BRZ_CLP,TMSTCNL,CNLCOD,,,Direct,SLV_CLP,TMSTCNL,MASTER_CHANNEL,CHANNEL_CD,,Channel Code,,,,,
CLP,TMSTCNL,CNLNAM,,,BRZ_CLP,TMSTCNL,CNLNAM,,,Direct,SLV_CLP,TMSTCNL,MASTER_CHANNEL,CHANNEL_NM,,Channel Name,,,,,
CLP,TMSTCNL,CNLSTS,,,BRZ_CLP,TMSTCNL,CNLSTS,,,Direct,SLV_CLP,TMSTCNL,MASTER_CHANNEL,CHANNEL_STATUS,,Channel Status,,,,,
CLP,TMSTCNL,CNLENU,,,BRZ_CLP,TMSTCNL,CNLENU,,,Direct,SLV_CLP,TMSTCNL,MASTER_CHANNEL,ENTRY_USER,,Entry User,,,,,
CLP,TMSTCNL,CNLEND,,,BRZ_CLP,TMSTCNL,CNLEND,,,Direct,SLV_CLP,TMSTCNL,MASTER_CHANNEL,ENTRY_DT,,Entry Date,,,,,
CLP,TMSTCNL,CNLCHU,,,BRZ_CLP,TMSTCNL,CNLCHU,,,Direct,SLV_CLP,TMSTCNL,MASTER_CHANNEL,CHANGE_USER,,Change User,,,,,
CLP,TMSTCNL,CNLCHD,,,BRZ_CLP,TMSTCNL,CNLCHD,,,Direct,SLV_CLP,TMSTCNL,MASTER_CHANNEL,CHANGE_DT,,Change Date,,,,,
CLP,TMSTJKR,JKRCNL,,,BRZ_CLP,TMSTJKR,JKRCNL,,,Direct,SLV_CLP,TMSTJKR,MASTER_LOAN_TYPE,CHANNEL,,Channel,,,,,
CLP,TMSTJKR,JKRCOD,,,BRZ_CLP,TMSTJKR,JKRCOD,,,Direct,SLV_CLP,TMSTJKR,MASTER_LOAN_TYPE,CREDIT_TYPE,,Jenis Kredit,,,,,
CLP,TMSTJKR,JKRDES,,,BRZ_CLP,TMSTJKR,JKRDES,,,Direct,SLV_CLP,TMSTJKR,MASTER_LOAN_TYPE,DESCRIPTION,,Description,,,,,
CLP,TMSTJKR,JKRPLN,,,BRZ_CLP,TMSTJKR,JKRPLN,,,Direct,SLV_CLP,TMSTJKR,MASTER_LOAN_TYPE,PLAN,,Plan,,,,,
CLP,TMSTJKR,JKRRTP,,,BRZ_CLP,TMSTJKR,JKRRTP,,,Direct,SLV_CLP,TMSTJKR,MASTER_LOAN_TYPE,RATE_TYPE,,Rate Type,,,,,
CLP,TMSTJKR,JKRCOR,,,BRZ_CLP,TMSTJKR,JKRCOR,,,Direct,SLV_CLP,TMSTJKR,MASTER_LOAN_TYPE,COMM_RATE,,Commission Rate,,,,,
CLP,TMSTJKR,JKRSTS,,,BRZ_CLP,TMSTJKR,JKRSTS,,,Direct,SLV_CLP,TMSTJKR,MASTER_LOAN_TYPE,STATUS,,Status,,,,,
CLP,TMSTJKR,JKRENU,,,BRZ_CLP,TMSTJKR,JKRENU,,,Direct,SLV_CLP,TMSTJKR,MASTER_LOAN_TYPE,ENTRY_USER,,Entry User,,,,,
CLP,TMSTJKR,JKREND,,,BRZ_CLP,TMSTJKR,JKREND,,,Direct,SLV_CLP,TMSTJKR,MASTER_LOAN_TYPE,ENTRY_DT,,Entry Date,,,,,
CLP,TMSTJKR,JKRCHU,,,BRZ_CLP,TMSTJKR,JKRCHU,,,Direct,SLV_CLP,TMSTJKR,MASTER_LOAN_TYPE,CHANGE_USER,,Change User,,,,,
CLP,TMSTJKR,JKRCHD,,,BRZ_CLP,TMSTJKR,JKRCHD,,,Direct,SLV_CLP,TMSTJKR,MASTER_LOAN_TYPE,CHANGE_DT,,Change Date,,,,,
CLP,TTRNTLP,TLPPOL,,,BRZ_CLP,TTRNTLP,TLPPOL,,,Direct,SLV_CLP,TTRNTLP,POLICY_SHARIA,POLICY_NO,,Policy No.,,,,,
CLP,TTRNTLP,TLPNRK,,,BRZ_CLP,TTRNTLP,TLPNRK,,,Direct,SLV_CLP,TTRNTLP,POLICY_SHARIA,ACCOUNT_NO,,Rekening No.,,,,,
CLP,TTRNTLP,TLPSEQ,,,BRZ_CLP,TTRNTLP,TLPSEQ,,,Direct,SLV_CLP,TTRNTLP,POLICY_SHARIA,SEQUENCE_NO,,Sequence No.,,,,,
CLP,TTRNTLP,TLPDOS,,,BRZ_CLP,TTRNTLP,TLPDOS,,,Direct,SLV_CLP,TTRNTLP,POLICY_SHARIA,SUBMIT_DT,,Submit Date,,,,,
CLP,TTRNTLP,TLPSTS,,,BRZ_CLP,TTRNTLP,TLPSTS,,,Direct,SLV_CLP,TTRNTLP,POLICY_SHARIA,POLICY_STATUS_CD,,Status,,,,,
CLP,TTRNTLP,TLPDOI,,,BRZ_CLP,TTRNTLP,TLPDOI,,,Direct,SLV_CLP,TTRNTLP,POLICY_SHARIA,ISSUE_DT,,Issue Date,,,,,
CLP,TTRNTLP,TLPPLN,,,BRZ_CLP,TTRNTLP,TLPPLN,,,Direct,SLV_CLP,TTRNTLP,POLICY_SHARIA,PRODUCT_CD,,Plan Code,,,,,
CLP,TTRNTLP,TLPCNL,,,BRZ_CLP,TTRNTLP,TLPCNL,,,Direct,SLV_CLP,TTRNTLP,POLICY_SHARIA,DISTRIBUTION_CHANNEL,,Channel Distribusi,,,,,
CLP,TTRNTLP,TLPBRC,,,BRZ_CLP,TTRNTLP,TLPBRC,,,Direct,SLV_CLP,TTRNTLP,POLICY_SHARIA,BRANCH_CD,,Branch Code,,,,,
CLP,TTRNTLP,TLPINS,,,BRZ_CLP,TTRNTLP,TLPINS,,,Direct,SLV_CLP,TTRNTLP,POLICY_SHARIA,INSURED_NM,,Insured Name,,,,,
CLP,TTRNTLP,TLPDOB,,,BRZ_CLP,TTRNTLP,TLPDOB,,,Direct,SLV_CLP,TTRNTLP,POLICY_SHARIA,BIRTH_DT,,Date of Birth,,,,,
CLP,TTRNTLP,TLPAGE,,,BRZ_CLP,TTRNTLP,TLPAGE,,,Direct,SLV_CLP,TTRNTLP,POLICY_SHARIA,AGE_AT_EFF,,Age at Effective,,,,,
CLP,TTRNTLP,TLPSEX,,,BRZ_CLP,TTRNTLP,TLPSEX,,,Direct,SLV_CLP,TTRNTLP,POLICY_SHARIA,SEX,,Sex,,,,,
CLP,TTRNTLP,TLPIDC,,,BRZ_CLP,TTRNTLP,TLPIDC,,,Direct,SLV_CLP,TTRNTLP,POLICY_SHARIA,ID_CARD_NO,,ID Card No.,,,,,
CLP,TTRNTLP,TLPAD1,,,BRZ_CLP,TTRNTLP,TLPAD1,,,Direct,SLV_CLP,TTRNTLP,POLICY_SHARIA,ADDR_LINE_1,,Address Line 1,,,,,
CLP,TTRNTLP,TLPAD2,,,BRZ_CLP,TTRNTLP,TLPAD2,,,Direct,SLV_CLP,TTRNTLP,POLICY_SHARIA,ADDR_LINE_2,,Address Line 2,,,,,
CLP,TTRNTLP,TLPAD3,,,BRZ_CLP,TTRNTLP,TLPAD3,,,Direct,SLV_CLP,TTRNTLP,POLICY_SHARIA,ADDR_LINE_3,,Address Line 3,,,,,
CLP,TTRNTLP,TLPAD4,,,BRZ_CLP,TTRNTLP,TLPAD4,,,Direct,SLV_CLP,TTRNTLP,POLICY_SHARIA,ADDR_LINE_4,,Address Line 4,,,,,
CLP,TTRNTLP,TLPZIP,,,BRZ_CLP,TTRNTLP,TLPZIP,,,Direct,SLV_CLP,TTRNTLP,POLICY_SHARIA,ZIP,,Zip,,,,,
CLP,TTRNTLP,TLPPH1,,,BRZ_CLP,TTRNTLP,TLPPH1,,,Direct,SLV_CLP,TTRNTLP,POLICY_SHARIA,HOME_PHONE,,Home Phone,,,,,
CLP,TTRNTLP,TLPPH2,,,BRZ_CLP,TTRNTLP,TLPPH2,,,Direct,SLV_CLP,TTRNTLP,POLICY_SHARIA,OFFICE_PHONE,,Office Phone,,,,,
CLP,TTRNTLP,TLPPH3,,,BRZ_CLP,TTRNTLP,TLPPH3,,,Direct,SLV_CLP,TTRNTLP,POLICY_SHARIA,MOBILE_PHONE,,Mobile Phone,,,,,
CLP,TTRNTLP,TLPEFF,,,BRZ_CLP,TTRNTLP,TLPEFF,,,Direct,SLV_CLP,TTRNTLP,POLICY_SHARIA,EFF_DT,,Effective Date,,,,,
CLP,TTRNTLP,TLPEXP,,,BRZ_CLP,TTRNTLP,TLPEXP,,,Direct,SLV_CLP,TTRNTLP,POLICY_SHARIA,EXP_DT,,Expiry Date,,,,,
CLP,TTRNTLP,TLPGPR,,,BRZ_CLP,TTRNTLP,TLPGPR,,,Direct,SLV_CLP,TTRNTLP,POLICY_SHARIA,GROSS_PREMI,,Gross Premium,,,,,
CLP,TTRNTLP,TLPSUM,,,BRZ_CLP,TTRNTLP,TLPSUM,,,Direct,SLV_CLP,TTRNTLP,POLICY_SHARIA,SUM_INSURED,,Sum Insured,,,,,
CLP,TTRNTLP,TLPCOR,,,BRZ_CLP,TTRNTLP,TLPCOR,,,Direct,SLV_CLP,TTRNTLP,POLICY_SHARIA,COMM_RATE,,Commission Rate,,,,,
CLP,TTRNTLP,TLPCOM,,,BRZ_CLP,TTRNTLP,TLPCOM,,,Direct,SLV_CLP,TTRNTLP,POLICY_SHARIA,COMM_AMT,,Commission Amount,,,,,
CLP,TTRNTLP,TLPNPR,,,BRZ_CLP,TTRNTLP,TLPNPR,,,Direct,SLV_CLP,TTRNTLP,POLICY_SHARIA,NET_PREMI,,Net Premium,,,,,
CLP,TTRNTLP,TLPRMK,,,BRZ_CLP,TTRNTLP,TLPRMK,,,Direct,SLV_CLP,TTRNTLP,POLICY_SHARIA,REMARK,,Remark,,,,,
CLP,TTRNTLP,TLPINO,,,BRZ_CLP,TTRNTLP,TLPINO,,,Direct,SLV_CLP,TTRNTLP,POLICY_SHARIA,INVOICE_NO,,Invoice Number,,,,,
CLP,TTRNTLP,TLPPYM,,,BRZ_CLP,TTRNTLP,TLPPYM,,,Direct,SLV_CLP,TTRNTLP,POLICY_SHARIA,PYMT_NO,,Payment Number,,,,,
CLP,TTRNTLP,TLPCAD,,,BRZ_CLP,TTRNTLP,TLPCAD,,,Direct,SLV_CLP,TTRNTLP,POLICY_SHARIA,CAPTURE_DT,,Capture Date,,,,,
CLP,TTRNTLP,TLPCAU,,,BRZ_CLP,TTRNTLP,TLPCAU,,,Direct,SLV_CLP,TTRNTLP,POLICY_SHARIA,CAPTURE_USER,,Capture User,,,,,
CLP,TTRNTLP,TLPCHD,,,BRZ_CLP,TTRNTLP,TLPCHD,,,Direct,SLV_CLP,TTRNTLP,POLICY_SHARIA,CHANGE_DT,,Change Date,,,,,
CLP,TTRNTLP,TLPCHU,,,BRZ_CLP,TTRNTLP,TLPCHU,,,Direct,SLV_CLP,TTRNTLP,POLICY_SHARIA,CHANGE_USER,,Change User,,,,,
CLP,TTRNDCL,DCLDOS,,0,BRZ_CLP,TTRNDCL,DCLDOS,,,Direct,SLV_CLP,TTRNDCL,POLICY_CONVENTIONAL,SUBMIT_DT,,Submit Date,,,,,
CLP,TTRNDCL,DCLSPA,,0,BRZ_CLP,TTRNDCL,DCLSPA,,,Direct,SLV_CLP,TTRNDCL,POLICY_CONVENTIONAL,SPAJ_NO,,SPAJ No.,,,,,
CLP,TTRNDCL,DCLLNO,,0,BRZ_CLP,TTRNDCL,DCLLNO,,,Direct,SLV_CLP,TTRNDCL,POLICY_CONVENTIONAL,LIST_NO,,List No.,,,,,
CLP,TTRNDCL,DCLNOP,,0,BRZ_CLP,TTRNDCL,DCLNOP,,,Direct,SLV_CLP,TTRNDCL,POLICY_CONVENTIONAL,PARTICIPANT_NO,,Participant No.,,,,,
CLP,TTRNDCL,DCLDOI,,0,BRZ_CLP,TTRNDCL,DCLDOI,,,Direct,SLV_CLP,TTRNDCL,POLICY_CONVENTIONAL,ISSUE_DT,,Issue Date,,,,,
CLP,TTRNDCL,DCLAPS,,0,BRZ_CLP,TTRNDCL,DCLAPS,,,Direct,SLV_CLP,TTRNDCL,POLICY_CONVENTIONAL,APPLICATION_STATUS,,Application Status,,,,,
CLP,TTRNDCL,DCLSTS,,0,BRZ_CLP,TTRNDCL,DCLSTS,,,Direct,SLV_CLP,TTRNDCL,POLICY_CONVENTIONAL,POLICY_STATUS_CD,,Policy Status,,,,,
CLP,TTRNDCL,DCLPAR,,0,BRZ_CLP,TTRNDCL,DCLPAR,,,Direct,SLV_CLP,TTRNDCL,POLICY_CONVENTIONAL,PARTICIPANT_NM,,Participant Name,,,,,
CLP,TTRNDCL,DCLDOB,,0,BRZ_CLP,TTRNDCL,DCLDOB,,,Direct,SLV_CLP,TTRNDCL,POLICY_CONVENTIONAL,BIRTH_DT,,Date of Birth,,,,,
CLP,TTRNDCL,DCLAGE,,0,BRZ_CLP,TTRNDCL,DCLAGE,,,Direct,SLV_CLP,TTRNDCL,POLICY_CONVENTIONAL,AGE,,Age,,,,,
CLP,TTRNDCL,DCLSEX,,0,BRZ_CLP,TTRNDCL,DCLSEX,,,Direct,SLV_CLP,TTRNDCL,POLICY_CONVENTIONAL,SEX,,Sex,,,,,
CLP,TTRNDCL,DCLSMO,,0,BRZ_CLP,TTRNDCL,DCLSMO,,,Direct,SLV_CLP,TTRNDCL,POLICY_CONVENTIONAL,SMOKER,,Smoker,,,,,
CLP,TTRNDCL,DCLOCU,,0,BRZ_CLP,TTRNDCL,DCLOCU,,,Direct,SLV_CLP,TTRNDCL,POLICY_CONVENTIONAL,OCCUPATION,,Occupation,,,,,
CLP,TTRNDCL,DCLINC,,0,BRZ_CLP,TTRNDCL,DCLINC,,,Direct,SLV_CLP,TTRNDCL,POLICY_CONVENTIONAL,INCOME,,Income,,,,,
CLP,TTRNDCL,DCLHGT,,0,BRZ_CLP,TTRNDCL,DCLHGT,,,Direct,SLV_CLP,TTRNDCL,POLICY_CONVENTIONAL,HEIGHT,,Height,,,,,
CLP,TTRNDCL,DCLWGT,,0,BRZ_CLP,TTRNDCL,DCLWGT,,,Direct,SLV_CLP,TTRNDCL,POLICY_CONVENTIONAL,WEIGHT,,Weight,,,,,
CLP,TTRNDCL,DCLBPR,,0,BRZ_CLP,TTRNDCL,DCLBPR,,,Direct,SLV_CLP,TTRNDCL,POLICY_CONVENTIONAL,BEGIN_PERIOD,,Begin Period,,,,,
CLP,TTRNDCL,DCLTRY,,0,BRZ_CLP,TTRNDCL,DCLTRY,,,Direct,SLV_CLP,TTRNDCL,POLICY_CONVENTIONAL,TERM_YR,,Term (Year),,,,,
CLP,TTRNDCL,DCLTRM,,0,BRZ_CLP,TTRNDCL,DCLTRM,,,Direct,SLV_CLP,TTRNDCL,POLICY_CONVENTIONAL,TERM_MTH,,Term (Month),,,,,
CLP,TTRNDCL,DCLEPR,,0,BRZ_CLP,TTRNDCL,DCLEPR,,,Direct,SLV_CLP,TTRNDCL,POLICY_CONVENTIONAL,END_PERIOD,,End Period,,,,,
CLP,TTRNDCL,DCLSUM,,0,BRZ_CLP,TTRNDCL,DCLSUM,,,Direct,SLV_CLP,TTRNDCL,POLICY_CONVENTIONAL,SUM_INSURED,,Sum Insured,,,,,
CLP,TTRNDCL,DCLMED,,0,BRZ_CLP,TTRNDCL,DCLMED,,,Direct,SLV_CLP,TTRNDCL,POLICY_CONVENTIONAL,MEDICAL,,Medical,,,,,
CLP,TTRNDCL,DCLMTP,,0,BRZ_CLP,TTRNDCL,DCLMTP,,,Direct,SLV_CLP,TTRNDCL,POLICY_CONVENTIONAL,MEDICAL_TYPE,,Medical Type,,,,,
CLP,TTRNDCL,DCLCLS,,0,BRZ_CLP,TTRNDCL,DCLCLS,,,Direct,SLV_CLP,TTRNDCL,POLICY_CONVENTIONAL,CLASS,,Class,,,,,
CLP,TTRNDCL,DCLPRE,,0,BRZ_CLP,TTRNDCL,DCLPRE,,,Direct,SLV_CLP,TTRNDCL,POLICY_CONVENTIONAL,BASIC_PREMI,,Basic Premium,,,,,
CLP,TTRNDCL,DCLRAT,,0,BRZ_CLP,TTRNDCL,DCLRAT,,,Direct,SLV_CLP,TTRNDCL,POLICY_CONVENTIONAL,RATE,,Rate,,,,,
CLP,TTRNDCL,DCLEXT,,0,BRZ_CLP,TTRNDCL,DCLEXT,,,Direct,SLV_CLP,TTRNDCL,POLICY_CONVENTIONAL,EXTRA_PREMI,,Extra Premium,,,,,
CLP,TTRNDCL,DCLLOD,,0,BRZ_CLP,TTRNDCL,DCLLOD,,,Direct,SLV_CLP,TTRNDCL,POLICY_CONVENTIONAL,LOADING,,Loading,,,,,
CLP,TTRNDCL,DCLIDC,,0,BRZ_CLP,TTRNDCL,DCLIDC,,,Direct,SLV_CLP,TTRNDCL,POLICY_CONVENTIONAL,ID_CARD_NO,,ID Card No.,,,,,
CLP,TTRNDCL,DCLAD1,,0,BRZ_CLP,TTRNDCL,DCLAD1,,,Direct,SLV_CLP,TTRNDCL,POLICY_CONVENTIONAL,ADDR_LINE_1,,Address Line 1,,,,,
CLP,TTRNDCL,DCLAD2,,0,BRZ_CLP,TTRNDCL,DCLAD2,,,Direct,SLV_CLP,TTRNDCL,POLICY_CONVENTIONAL,ADDR_LINE_2,,Address Line 2,,,,,
CLP,TTRNDCL,DCLAD3,,0,BRZ_CLP,TTRNDCL,DCLAD3,,,Direct,SLV_CLP,TTRNDCL,POLICY_CONVENTIONAL,ADDR_LINE_3,,Address Line 3,,,,,
CLP,TTRNDCL,DCLAD4,,0,BRZ_CLP,TTRNDCL,DCLAD4,,,Direct,SLV_CLP,TTRNDCL,POLICY_CONVENTIONAL,ADDR_LINE_4,,Address Line 4,,,,,
CLP,TTRNDCL,DCLZIP,,0,BRZ_CLP,TTRNDCL,DCLZIP,,,Direct,SLV_CLP,TTRNDCL,POLICY_CONVENTIONAL,ZIP,,Zip,,,,,
CLP,TTRNDCL,DCLPH1,,0,BRZ_CLP,TTRNDCL,DCLPH1,,,Direct,SLV_CLP,TTRNDCL,POLICY_CONVENTIONAL,HOME_PHONE,,Home Phone,,,,,
CLP,TTRNDCL,DCLPH2,,0,BRZ_CLP,TTRNDCL,DCLPH2,,,Direct,SLV_CLP,TTRNDCL,POLICY_CONVENTIONAL,OFFICE_PHONE,,Office Phone,,,,,
CLP,TTRNDCL,DCLPH3,,0,BRZ_CLP,TTRNDCL,DCLPH3,,,Direct,SLV_CLP,TTRNDCL,POLICY_CONVENTIONAL,MOBILE_PHONE,,Mobile Phone,,,,,
CLP,TTRNDCL,DCLREC,,0,BRZ_CLP,TTRNDCL,DCLREC,,,Direct,SLV_CLP,TTRNDCL,POLICY_CONVENTIONAL,REINS_CD,,Reins. Code,,,,,
CLP,TTRNDCL,DCLRER,,0,BRZ_CLP,TTRNDCL,DCLRER,,,Direct,SLV_CLP,TTRNDCL,POLICY_CONVENTIONAL,REINSURER,,Reinsurer,,,,,
CLP,TTRNDCL,DCLREG,,0,BRZ_CLP,TTRNDCL,DCLREG,,,Direct,SLV_CLP,TTRNDCL,POLICY_CONVENTIONAL,REGION_BR,,Region/Branch,,,,,
CLP,TTRNDCL,DCLCLO,,0,BRZ_CLP,TTRNDCL,DCLCLO,,,Direct,SLV_CLP,TTRNDCL,POLICY_CONVENTIONAL,CLP_OFFICER,,CLP Officer,,,,,
CLP,TTRNDCL,DCLJKR,,0,BRZ_CLP,TTRNDCL,DCLJKR,,,Direct,SLV_CLP,TTRNDCL,POLICY_CONVENTIONAL,LOAN_TYPE,,Loan Type,,,,,
CLP,TTRNDCL,DCLNOT,,0,BRZ_CLP,TTRNDCL,DCLNOT,,,Direct,SLV_CLP,TTRNDCL,POLICY_CONVENTIONAL,NOTES,,Notes,,,,,
CLP,TTRNDCL,DCLCAU,,0,BRZ_CLP,TTRNDCL,DCLCAU,,,Direct,SLV_CLP,TTRNDCL,POLICY_CONVENTIONAL,CAPTURE_USER,,Capture User,,,,,
CLP,TTRNDCL,DCLCAD,,0,BRZ_CLP,TTRNDCL,DCLCAD,,,Direct,SLV_CLP,TTRNDCL,POLICY_CONVENTIONAL,CAPTURE_DT,,Capture Date,,,,,
CLP,TTRNDCL,DCLVEU,,0,BRZ_CLP,TTRNDCL,DCLVEU,,,Direct,SLV_CLP,TTRNDCL,POLICY_CONVENTIONAL,VERIFY_USER,,Verify User,,,,,
CLP,TTRNDCL,DCLVED,,0,BRZ_CLP,TTRNDCL,DCLVED,,,Direct,SLV_CLP,TTRNDCL,POLICY_CONVENTIONAL,VERIFY_DT,,Verify Date,,,,,
CLP,TTRNDCL,DCLAPU,,0,BRZ_CLP,TTRNDCL,DCLAPU,,,Direct,SLV_CLP,TTRNDCL,POLICY_CONVENTIONAL,APPROVAL_USER,,Approval User,,,,,
CLP,TTRNDCL,DCLAPD,,0,BRZ_CLP,TTRNDCL,DCLAPD,,,Direct,SLV_CLP,TTRNDCL,POLICY_CONVENTIONAL,APPROVAL_DT,,Approval Date,,,,,
CLP,TTRNDCL,DCLMTU,,1,BRZ_CLP,TTRNDCL,DCLPPS,,,Direct,SLV_CLP,TTRNDCL,POLICY_CONVENTIONAL,PRINT_POLICY_STATUS,,Print Polis Status,,,,,
CLP,TTRNDCL,DCLMTD,,1,BRZ_CLP,TTRNDCL,DCLMTU,,,Direct,SLV_CLP,TTRNDCL,POLICY_CONVENTIONAL,MAINTENANCE_USER,,Maintenance User,,,,,
CLP,TTRNDCL,DCLMTE,,1,BRZ_CLP,TTRNDCL,DCLMTD,,,Direct,SLV_CLP,TTRNDCL,POLICY_CONVENTIONAL,MAINTENANCE_DT,,Maintenance Date,,,,,
CLP,TTRNDCL,DCLPPS,,1,BRZ_CLP,TTRNDCL,DCLMTE,,,Direct,SLV_CLP,TTRNDCL,POLICY_CONVENTIONAL,MAINTENANCE_EFF,,Maintenance Effective,,,,,
CLP,TTRNDCL,DCLPPU,,0,BRZ_CLP,TTRNDCL,DCLPPU,,,Direct,SLV_CLP,TTRNDCL,POLICY_CONVENTIONAL,PRINT_POLICY_USER,,Print Polis User,,,,,
CLP,TTRNDCL,DCLPPD,,0,BRZ_CLP,TTRNDCL,DCLPPD,,,Direct,SLV_CLP,TTRNDCL,POLICY_CONVENTIONAL,PRINT_POLICY_DT,,Print Polis Date,,,,,
CLP,TTRNDCL,DCLPLS,,0,BRZ_CLP,TTRNDCL,DCLPLS,,,Direct,SLV_CLP,TTRNDCL,POLICY_CONVENTIONAL,PRINT_LIST_STATUS,,Print List Status,,,,,
CLP,TTRNDCL,DCLPLU,,0,BRZ_CLP,TTRNDCL,DCLPLU,,,Direct,SLV_CLP,TTRNDCL,POLICY_CONVENTIONAL,PRINT_LIST_USER,,Print List User,,,,,
CLP,TTRNDCL,DCLPLD,,0,BRZ_CLP,TTRNDCL,DCLPLD,,,Direct,SLV_CLP,TTRNDCL,POLICY_CONVENTIONAL,PRINT_LIST_DT,,Print List Date,,,,,
CLP,TTRNDCL,DCLLCU,,0,BRZ_CLP,TTRNDCL,DCLLCU,,,Direct,SLV_CLP,TTRNDCL,POLICY_CONVENTIONAL,LAST_CHANGE_USER,,Last Change User,,,,,
CLP,TTRNDCL,DCLLCD,,0,BRZ_CLP,TTRNDCL,DCLLCD,,,Direct,SLV_CLP,TTRNDCL,POLICY_CONVENTIONAL,LAST_CHANGE_DT,,Last Change Date,,,,,
CLP,TTRNDCL,DCLINO,,0,BRZ_CLP,TTRNDCL,DCLINO,,,Direct,SLV_CLP,TTRNDCL,POLICY_CONVENTIONAL,INVOICE_NO,,Invoice Number,,,,,
CLP,TTRNDCL,DCLPYN,,0,BRZ_CLP,TTRNDCL,DCLPYN,,,Direct,SLV_CLP,TTRNDCL,POLICY_CONVENTIONAL,PYMT_NO,,Payment Number,,,,,
CLP,TTRNDCL,DCLPRT,,0,BRZ_CLP,TTRNDCL,DCLPRT,,,Direct,SLV_CLP,TTRNDCL,POLICY_CONVENTIONAL,PREMI_TOT,,Premium Total,,,,,
CLP,TTRNDCL,DCLCOR,,0,BRZ_CLP,TTRNDCL,DCLCOR,,,Direct,SLV_CLP,TTRNDCL,POLICY_CONVENTIONAL,COMM_RATE,,Commission Rate,,,,,
CLP,TTRNDCL,DCLCOM,,0,BRZ_CLP,TTRNDCL,DCLCOM,,,Direct,SLV_CLP,TTRNDCL,POLICY_CONVENTIONAL,COMM_AMT,,Commission Amount,,,,,
CLP,TTRNDCL,DCLPRN,,0,BRZ_CLP,TTRNDCL,DCLPRN,,,Direct,SLV_CLP,TTRNDCL,POLICY_CONVENTIONAL,NET_PREMI,,Premium Netto,,,,,
CLP,TTRNDCL,DCLUPN,,0,BRZ_CLP,TTRNDCL,DCLUPN,,,Direct,SLV_CLP,TTRNDCL,POLICY_CONVENTIONAL,UPLOAD_NO,,Upload No.,,,,,
CLP,TTRNDCL,DCLPLN,,0,BRZ_CLP,TTRNDCL,DCLPLN,,,Direct,SLV_CLP,TTRNDCL,POLICY_CONVENTIONAL,PLAN_CD,,Plan Code,,,,,
CLP,TTRNDCL,DCLCNL,,0,BRZ_CLP,TTRNDCL,DCLCNL,,,Direct,SLV_CLP,TTRNDCL,POLICY_CONVENTIONAL,DISTRIBUTION_CHANNEL,,Channel Distribusi,,,,,
CLP,TTRNDCL,DCLBCD,,0,BRZ_CLP,TTRNDCL,DCLBCD,,,Direct,SLV_CLP,TTRNDCL,POLICY_CONVENTIONAL,BBC_BUSINESS_CD,,BBC Business Code,,,,,
CLP,TTRNDCL,DCLMPR,,0,BRZ_CLP,TTRNDCL,DCLMPR,,,Direct,SLV_CLP,TTRNDCL,POLICY_CONVENTIONAL,MAIN_PARTICIPANT,,Main Participant,,,,,
CLP,TTRNDCL,DCLAGT,,0,BRZ_CLP,TTRNDCL,DCLAGT,,,Direct,SLV_CLP,TTRNDCL,POLICY_CONVENTIONAL,FA_CD,,FA Code,,,,,
CLP,TTRNDCL,DCLNPK,,0,BRZ_CLP,TTRNDCL,DCLNPK,,,Direct,SLV_CLP,TTRNDCL,POLICY_CONVENTIONAL,PK_NO,,No. PK,,,,,
CLP,TTRNDCL,DCLAPN,,0,BRZ_CLP,TTRNDCL,DCLAPN,,,Direct,SLV_CLP,TTRNDCL,POLICY_CONVENTIONAL,APPLICATION_NO,,No. Aplikasi (Mikro),,,,,
CLP,TTRNDCL,DCLRKD,,0,BRZ_CLP,TTRNDCL,DCLRKD,,,Direct,SLV_CLP,TTRNDCL,POLICY_CONVENTIONAL,DEBTOR_ACCOUNT_NO,,No. Rekening Debitur,,,,,
CLP,TTRNDCL,ProgramId,,0,BRZ_CLP,TTRNDCL,ProgramId,,,Direct,SLV_CLP,TTRNDCL,POLICY_CONVENTIONAL,PROGRAM_ID,,,,,,,
CLP,TTRNDCL,PercentageDiscPremi,,0,BRZ_CLP,TTRNDCL,PercentageDiscPremi,,,Direct,SLV_CLP,TTRNDCL,POLICY_CONVENTIONAL,DISC_PREMI_PCT,,,,,,,
CLP,TTRNDCL,PercentageFbiDeduct,,0,BRZ_CLP,TTRNDCL,PercentageFbiDeduct,,,Direct,SLV_CLP,TTRNDCL,POLICY_CONVENTIONAL,FBI_DEDUCT_PCT,,,,,,,
CLP,TTRNDCL,DiscPremi,,0,BRZ_CLP,TTRNDCL,DiscPremi,,,Direct,SLV_CLP,TTRNDCL,POLICY_CONVENTIONAL,DISC_PREMI,,,,,,,
CLP,TTRNDCL,CommissionDeduct,,0,BRZ_CLP,TTRNDCL,CommissionDeduct,,,Direct,SLV_CLP,TTRNDCL,POLICY_CONVENTIONAL,COMM_DEDUCT,,,,,,,
CLP,TTRNDCL,NewTotalPremi,,0,BRZ_CLP,TTRNDCL,NewTotalPremi,,,Direct,SLV_CLP,TTRNDCL,POLICY_CONVENTIONAL,NEW_TOT_PREMI,,,,,,,
CLP,TTRNDCL,NewCommission,,0,BRZ_CLP,TTRNDCL,NewCommission,,,Direct,SLV_CLP,TTRNDCL,POLICY_CONVENTIONAL,NEW_COMM,,,,,,,
CLP,TTRNDCL,Email,,0,BRZ_CLP,TTRNDCL,Email,,,Direct,SLV_CLP,TTRNDCL,POLICY_CONVENTIONAL,EMAIL,,,,,,,
CLP,TTRNDCL,CreditLimit,,0,BRZ_CLP,TTRNDCL,CreditLimit,,,Direct,SLV_CLP,TTRNDCL,POLICY_CONVENTIONAL,CREDIT_LIMIT,,,,,,,
CLP,TTRNDCL,Assessment,,0,BRZ_CLP,TTRNDCL,Assessment,,,Direct,SLV_CLP,TTRNDCL,POLICY_CONVENTIONAL,ASSESSMENT,,,,,,,
CLP,TTRNDCL,ExpireDate,,0,BRZ_CLP,TTRNDCL,ExpireDate,,,Direct,SLV_CLP,TTRNDCL,POLICY_CONVENTIONAL,EXP_DT,,,,,,,
CLP,TTRNDCL,isExpire,,0,BRZ_CLP,TTRNDCL,isExpire,,,Direct,SLV_CLP,TTRNDCL,POLICY_CONVENTIONAL,IS_EXP,,,,,,,
CLP,TTRNDCL,ExpireCount,,0,BRZ_CLP,TTRNDCL,ExpireCount,,,Direct,SLV_CLP,TTRNDCL,POLICY_CONVENTIONAL,EXP_CNT,,,,,,,
CLP,TTRNDCL,FLD,,0,BRZ_CLP,TTRNDCL,FLD,,,Direct,SLV_CLP,TTRNDCL,POLICY_CONVENTIONAL,LAST_4_DIGIT,,4 Digit Terakhir,,,,,
CLP,TTRNDCL,JP,,0,BRZ_CLP,TTRNDCL,JP,,,Direct,SLV_CLP,TTRNDCL,POLICY_CONVENTIONAL,PRODUCT_TYPE,,Jenis Product,,,,,
CLP,TTRNDCL,NSDMTM,,0,BRZ_CLP,TTRNDCL,NSDMTM,,,Direct,SLV_CLP,TTRNDCL,POLICY_CONVENTIONAL,POLICY_NO,,No Polis DMTM,,,,,
CLP,TTRNDCL,Flag,,0,BRZ_CLP,TTRNDCL,Flag,,,Direct,SLV_CLP,TTRNDCL,POLICY_CONVENTIONAL,FLAG,,,,,,,
CLP,TTRNDCL,PaidToDate,,0,BRZ_CLP,TTRNDCL,PaidToDate,,,Direct,SLV_CLP,TTRNDCL,POLICY_CONVENTIONAL,PAID_TO_DT,,,,,,,
CLP,TTRNDCL,DCLSTT,,0,BRZ_CLP,TTRNDCL,DCLSTT,,,Direct,SLV_CLP,TTRNDCL,POLICY_CONVENTIONAL,STT,,,,,,,
CLP,TTRNDCL,LapseDate,,0,BRZ_CLP,TTRNDCL,LapseDate,,,Direct,SLV_CLP,TTRNDCL,POLICY_CONVENTIONAL,LAPSE_DT,,,,,,,
CLP,TTRNDCL,JPNew,,0,BRZ_CLP,TTRNDCL,JPNew,,,Direct,SLV_CLP,TTRNDCL,POLICY_CONVENTIONAL,PRODUCT_TYPE_NEW,,,,,,,
CLP,TTRNDCL,FLDNew,,0,BRZ_CLP,TTRNDCL,FLDNew,,,Direct,SLV_CLP,TTRNDCL,POLICY_CONVENTIONAL,LAST_4_DIGIT_NEW,,,,,,,
CLP,TTRNDCL,MUFREG,,0,BRZ_CLP,TTRNDCL,MUFREG,,,Direct,SLV_CLP,TTRNDCL,POLICY_CONVENTIONAL,MUFREG,,,,,,,
CLP,TTRNDCL,PrintPolicy,,0,BRZ_CLP,TTRNDCL,PrintPolicy,,,Direct,SLV_CLP,TTRNDCL,POLICY_CONVENTIONAL,PRINT_POLICY,,,,,,,
CLP,TTRNDCL,ISREDFLAG,,0,BRZ_CLP,TTRNDCL,ISREDFLAG,,,Direct,SLV_CLP,TTRNDCL,POLICY_CONVENTIONAL,IS_RED,,,,,,,
CLP,TTRNDCL,DCLPOB,,0,BRZ_CLP,TTRNDCL,DCLPOB,,,Direct,SLV_CLP,TTRNDCL,POLICY_CONVENTIONAL,POB,,,,,,,
CLP,TTRNDCL,UwReason,,0,BRZ_CLP,TTRNDCL,UwReason,,,Direct,SLV_CLP,TTRNDCL,POLICY_CONVENTIONAL,UW_REASON,,,,,,,
CLP,TTRNDCL,PremiumPaid,,0,BRZ_CLP,TTRNDCL,PremiumPaid,,,Direct,SLV_CLP,TTRNDCL,POLICY_CONVENTIONAL,PAID_PREMI_AMT,,,,,,,
CLP,TTRNDCL,DCLRER2,,0,BRZ_CLP,TTRNDCL,DCLRER2,,,Direct,SLV_CLP,TTRNDCL,POLICY_CONVENTIONAL,REINSURER_2,,,,,,,
CLP,TTRNDCL,DCLSUM1,,0,BRZ_CLP,TTRNDCL,DCLSUM1,,,Direct,SLV_CLP,TTRNDCL,POLICY_CONVENTIONAL,SUM_INSURED_1,,,,,,,
CLP,TTRNDCL,DCLSUM2,,0,BRZ_CLP,TTRNDCL,DCLSUM2,,,Direct,SLV_CLP,TTRNDCL,POLICY_CONVENTIONAL,SUM_INSURED_2,,,,,,,
CLP,TTRNDCL,DCLREF,,0,BRZ_CLP,TTRNDCL,DCLREF,,,Direct,SLV_CLP,TTRNDCL,POLICY_CONVENTIONAL,REF,,,,,,,
CLP,TTRNDCL,DCLREF2,,0,BRZ_CLP,TTRNDCL,DCLREF2,,,Direct,SLV_CLP,TTRNDCL,POLICY_CONVENTIONAL,REF_2,,,,,,,
CLP,TTRNDCL,DCLRTN,,0,BRZ_CLP,TTRNDCL,DCLRTN,,,Direct,SLV_CLP,TTRNDCL,POLICY_CONVENTIONAL,RETENTION,,,,,,,
CLP,TTRNDCL,DCLOTR,,0,BRZ_CLP,TTRNDCL,DCLOTR,,,Direct,SLV_CLP,TTRNDCL,POLICY_CONVENTIONAL,OTR,,,,,,,
CLP,TTRNDCL,PREMI_RATE,,0,BRZ_CLP,TTRNDCL,PREMI_RATE,,,Direct,SLV_CLP,TTRNDCL,POLICY_CONVENTIONAL,PREMI_RATE,,,,,,,
CLP,TTRNDCL,PREMI_NETT,,0,BRZ_CLP,TTRNDCL,PREMI_NETT,,,Direct,SLV_CLP,TTRNDCL,POLICY_CONVENTIONAL,PREMI_NETT,,,,,,,
CLP,TMSTPLN,PLNID,,,BRZ_CLP,TMSTPLN,PLNID,,,Direct,SLV_CLP,TMSTPLN,MASTER_PLAN,PLAN_ID,,Plan Id,,,,,
CLP,TMSTPLN,PLNCOD,,,BRZ_CLP,TMSTPLN,PLNCOD,,,Direct,SLV_CLP,TMSTPLN,MASTER_PLAN,PLAN_CD,,Plan Code,,,,,
CLP,TMSTPLN,PLNDESC,,,BRZ_CLP,TMSTPLN,PLNDESC,,,Direct,SLV_CLP,TMSTPLN,MASTER_PLAN,PLAN_DESC,,Plan Description,,,,,
RLS,RFPCACFB,PNO,,,BRZ_RLS,RFPCACFB,PNO,,,Direct,SLV_RLS,RFPCACFB,AUTOPAY_CREDIT_AUTH,POLICY_NO,,POLICY NO.,,,,,
RLS,RFPCACFB,AREFN,,,BRZ_RLS,RFPCACFB,AREFN,,,Direct,SLV_RLS,RFPCACFB,AUTOPAY_CREDIT_AUTH,,,CLAIM/REF NO.,,,,,
RLS,RFPCACFB,APLAN,,,BRZ_RLS,RFPCACFB,APLAN,,,Direct,SLV_RLS,RFPCACFB,AUTOPAY_CREDIT_AUTH,,,PLAN CODE,,,,,
RLS,RFPCACFB,AATO,,,BRZ_RLS,RFPCACFB,AATO,,,Direct,SLV_RLS,RFPCACFB,AUTOPAY_CREDIT_AUTH,,,ATTACHED TO,,,,,
RLS,RFPCACFB,APKTO,,,BRZ_RLS,RFPCACFB,APKTO,,,Direct,SLV_RLS,RFPCACFB,AUTOPAY_CREDIT_AUTH,,,PACKAGED TO,,,,,
RLS,RFPCACFB,AEFF,,,BRZ_RLS,RFPCACFB,AEFF,,,Direct,SLV_RLS,RFPCACFB,AUTOPAY_CREDIT_AUTH,CA_EFF_DT,,CA EFF DATE,,,,,
RLS,RFPCACFB,ASTATU,,,BRZ_RLS,RFPCACFB,ASTATU,,,Direct,SLV_RLS,RFPCACFB,AUTOPAY_CREDIT_AUTH,ACCT_STATUS,,STATUS,,,,,
RLS,RFPCACFB,ANAME,,,BRZ_RLS,RFPCACFB,ANAME,,,Direct,SLV_RLS,RFPCACFB,AUTOPAY_CREDIT_AUTH,ACCT_NM,,CREDITOR'S NAME,,,,,
RLS,RFPCACFB,ABANK,,,BRZ_RLS,RFPCACFB,ABANK,,,Direct,SLV_RLS,RFPCACFB,AUTOPAY_CREDIT_AUTH,BANK_NO,,BANK NO.,,,,,
RLS,RFPCACFB,ABRN,,,BRZ_RLS,RFPCACFB,ABRN,,,Direct,SLV_RLS,RFPCACFB,AUTOPAY_CREDIT_AUTH,BRANCH_NO,,BRANCH NO.,,,,,
RLS,RFPCACFB,AAC,,,BRZ_RLS,RFPCACFB,AAC,,,Direct,SLV_RLS,RFPCACFB,AUTOPAY_CREDIT_AUTH,ACCT_NO,,ACCOUNT NO.,,,,,
RLS,RFPCACFB,ALIMIT,,,BRZ_RLS,RFPCACFB,ALIMIT,,,Direct,SLV_RLS,RFPCACFB,AUTOPAY_CREDIT_AUTH,LIMIT_AMT,,LIMIT,,,,,
RLS,RFPCACFB,ACBANK,,,BRZ_RLS,RFPCACFB,ACBANK,,,Direct,SLV_RLS,RFPCACFB,AUTOPAY_CREDIT_AUTH,BANK_COLL_CD,,COLLECTION BANK,,,,,
RLS,RFPCACFB,ADATE,,,BRZ_RLS,RFPCACFB,ADATE,,,Direct,SLV_RLS,RFPCACFB,AUTOPAY_CREDIT_AUTH,PROCESS_DT,,CA PROCESS DATE,,,,,
RLS,RFPCACFB,ARDATE,,,BRZ_RLS,RFPCACFB,ARDATE,,,Direct,SLV_RLS,RFPCACFB,AUTOPAY_CREDIT_AUTH,REJECTION_CD,,REJECTION DATE,,,,,
RLS,RFPCACFB,ARCODE,,,BRZ_RLS,RFPCACFB,ARCODE,,,Direct,SLV_RLS,RFPCACFB,AUTOPAY_CREDIT_AUTH,REJECTION_DT,,REJECTION CODE,,,,,
RLS,RFPCACFB,ASECT,,,BRZ_RLS,RFPCACFB,ASECT,,,Direct,SLV_RLS,RFPCACFB,AUTOPAY_CREDIT_AUTH,SECT_CD,,SECTION CODE,,,,,
RLS,RFPCACFB,AMDATE,,,BRZ_RLS,RFPCACFB,AMDATE,,,Direct,SLV_RLS,RFPCACFB,AUTOPAY_CREDIT_AUTH,LAST_CHG_DT,,CAPTURE/ LAST CHANGE DATE,,,,,
RLS,RFPCACFB,ATYP,,,BRZ_RLS,RFPCACFB,ATYP,,,Direct,SLV_RLS,RFPCACFB,AUTOPAY_CREDIT_AUTH,,,TYPE,,,,,
RLS,RFPCACFB,ASEQ,,,BRZ_RLS,RFPCACFB,ASEQ,,,Direct,SLV_RLS,RFPCACFB,AUTOPAY_CREDIT_AUTH,,,SUBTRANSACTION NO.,,,,,
RLS,RFPCACFB,APID,,,BRZ_RLS,RFPCACFB,APID,,,Direct,SLV_RLS,RFPCACFB,AUTOPAY_CREDIT_AUTH,,,PAYER ID,,,,,
RLS,RFPCACFB,AUSR,,,BRZ_RLS,RFPCACFB,AUSR,,,Direct,SLV_RLS,RFPCACFB,AUTOPAY_CREDIT_AUTH,,,LAST UPDATED USER,,,,,
RLS,RFPCACFB,AUTIME,,,BRZ_RLS,RFPCACFB,AUTIME,,,Direct,SLV_RLS,RFPCACFB,AUTOPAY_CREDIT_AUTH,,,LAST UPDATED TIME,,,,,
MAN,AREA_CODE_MAPPING,AREA_CODE_ORI,,,BRZ_MAN,AREA_CODE_MAPPING,AREA_CODE_ORI,,,Direct,SLV_MAN,AREA_CODE_MAPPING,AREA_CODE_MAPPING,AREA_CD_ORI,,,,,,,
MAN,AREA_CODE_MAPPING,AREA_CODE_To_Be,,,BRZ_MAN,AREA_CODE_MAPPING,AREA_CODE_To_Be,,,Direct,SLV_MAN,AREA_CODE_MAPPING,AREA_CODE_MAPPING,AREA_CD_TOBE,,,,,,,
MAN,AREA_CODE_MAPPING,EFECTIFF STAR DATE,,,BRZ_MAN,AREA_CODE_MAPPING,EFECTIFF STAR DATE,,,Direct,SLV_MAN,AREA_CODE_MAPPING,AREA_CODE_MAPPING,EFF_START_DT,,,,,,,
MAN,AREA_CODE_MAPPING,EFECTIFF END DATE,,,BRZ_MAN,AREA_CODE_MAPPING,EFECTIFF END DATE,,,Direct,SLV_MAN,AREA_CODE_MAPPING,AREA_CODE_MAPPING,EFF_END_DT,,,,,,,
MAN,PR_ACTIVATION_STATUS,MDM_ID,,,BRZ_MAN,PR_ACTIVATION_STATUS,MDM_ID,,,Direct,SLV_MAN,PR_ACTIVATION_STATUS,PR_ACTIVATION_STATUS,MDM_ID,,,,,,,
MAN,PR_ACTIVATION_STATUS,EMAIL_ID,,,BRZ_MAN,PR_ACTIVATION_STATUS,EMAIL_ID,,,Direct,SLV_MAN,PR_ACTIVATION_STATUS,PR_ACTIVATION_STATUS,EMAIL_ID,,,,,,,
MAN,PR_ACTIVATION_STATUS,LOGIN_ID,,,BRZ_MAN,PR_ACTIVATION_STATUS,LOGIN_ID,,,Direct,SLV_MAN,PR_ACTIVATION_STATUS,PR_ACTIVATION_STATUS,LOGIN_ID,,,,,,,
MAN,PR_ACTIVATION_STATUS,ACTIVATION_DATE,,,BRZ_MAN,PR_ACTIVATION_STATUS,ACTIVATION_DATE,,,Direct,SLV_MAN,PR_ACTIVATION_STATUS,PR_ACTIVATION_STATUS,ACTIVATION_DT,,,,,,,
MAN,PR_ACTIVATION_STATUS,POLICY_NO,,,BRZ_MAN,PR_ACTIVATION_STATUS,POLICY_NO,,,Direct,SLV_MAN,PR_ACTIVATION_STATUS,PR_ACTIVATION_STATUS,POLICY_NO,,,,,,,
MAN,PR_ACTIVATION_STATUS,APE,,,BRZ_MAN,PR_ACTIVATION_STATUS,APE,,,Direct,SLV_MAN,PR_ACTIVATION_STATUS,PR_ACTIVATION_STATUS,APE_AMT,,,,,,,
MAN,PR_ACTIVATION_STATUS,IS_APE,,,BRZ_MAN,PR_ACTIVATION_STATUS,IS_APE,,,Direct,SLV_MAN,PR_ACTIVATION_STATUS,PR_ACTIVATION_STATUS,IS_APE,,,boolean,,,,
MAN,PR_ACTIVATION_STATUS,STATUS_POLICY,,,BRZ_MAN,PR_ACTIVATION_STATUS,STATUS_POLICY,,,Direct,SLV_MAN,PR_ACTIVATION_STATUS,PR_ACTIVATION_STATUS,POLICY_STATUS_CD,,,,,,,
MAN,PR_ACTIVATION_STATUS,PRODUCT_CODE,,,BRZ_MAN,PR_ACTIVATION_STATUS,PRODUCT_CODE,,,Direct,SLV_MAN,PR_ACTIVATION_STATUS,PR_ACTIVATION_STATUS,PRODUCT_CD,,,,,,,
MAN,PR_ACTIVATION_STATUS,SYS_UPD_DT,,,BRZ_MAN,PR_ACTIVATION_STATUS,SYS_UPD_DT,,,Direct,SLV_MAN,PR_ACTIVATION_STATUS,PR_ACTIVATION_STATUS,SYS_UPD_DT,,,,,,,
MAN,BIZCASE,POLICYNO,varchar,20,BRZ_MAN,BIZCASE,POLICYNO,varchar,,Direct,SLV_MAN,BIZCASE,BIZCASE,POLICY_NO,,,varchar,,,,
MAN,BIZCASE,factperiod,int,,BRZ_MAN,BIZCASE,factperiod,integer,,Direct,SLV_MAN,BIZCASE,BIZCASE,FACT_PERIOD,,,integer,,,,
MAN,BUDGET_AMFS_BY_SUBCHANNEL,ENTITY,nvarchar,255,BRZ_MAN,BUDGET_AMFS_BY_SUBCHANNEL,ENTITY,varchar,,Direct,SLV_MAN,BUDGET_AMFS_BY_SUBCHANNEL,BUDGET_AMFS_BY_SUBCHANNEL,ENTITY,,,varchar,,,,
MAN,BUDGET_AMFS_BY_SUBCHANNEL,YEAR,float,,BRZ_MAN,BUDGET_AMFS_BY_SUBCHANNEL,YEAR,float,,Direct,SLV_MAN,BUDGET_AMFS_BY_SUBCHANNEL,BUDGET_AMFS_BY_SUBCHANNEL,YR,,,float,,,,
MAN,BUDGET_AMFS_BY_SUBCHANNEL,MONTH,float,,BRZ_MAN,BUDGET_AMFS_BY_SUBCHANNEL,MONTH,float,,Direct,SLV_MAN,BUDGET_AMFS_BY_SUBCHANNEL,BUDGET_AMFS_BY_SUBCHANNEL,MTH,,,float,,,,
MAN,BUDGET_AMFS_BY_SUBCHANNEL,SUBCHANNEL,nvarchar,255,BRZ_MAN,BUDGET_AMFS_BY_SUBCHANNEL,SUBCHANNEL,varchar,,Direct,SLV_MAN,BUDGET_AMFS_BY_SUBCHANNEL,BUDGET_AMFS_BY_SUBCHANNEL,SUBCHANNEL,,,varchar,,,,
MAN,BUDGET_AMFS_BY_SUBCHANNEL,APE BUDGET,float,,BRZ_MAN,BUDGET_AMFS_BY_SUBCHANNEL,APE BUDGET,float,,Direct,SLV_MAN,BUDGET_AMFS_BY_SUBCHANNEL,BUDGET_AMFS_BY_SUBCHANNEL,APE_BUDGET,,,float,,,,
MAN,BUDGET_AMFS_BY_SUBCHANNEL,NBV BUDGET,nvarchar,255,BRZ_MAN,BUDGET_AMFS_BY_SUBCHANNEL,NBV BUDGET,varchar,,Direct,SLV_MAN,BUDGET_AMFS_BY_SUBCHANNEL,BUDGET_AMFS_BY_SUBCHANNEL,NBV_BUDGET,,,varchar,,,,
MAN,NBVAMBITION,Entity,varchar,20,BRZ_MAN,NBVAMBITION,Entity,varchar,,Direct,SLV_MAN,NBVAMBITION,NBV_AMBITION,ENTITY,,,varchar,,,,
MAN,NBVAMBITION,Year,float,,BRZ_MAN,NBVAMBITION,Year,float,,Direct,SLV_MAN,NBVAMBITION,NBV_AMBITION,YR,,,float,,,,
MAN,NBVAMBITION,Month,float,,BRZ_MAN,NBVAMBITION,Month,float,,Direct,SLV_MAN,NBVAMBITION,NBV_AMBITION,MTH,,,float,,,,
MAN,NBVAMBITION,Ambition ID,varchar,50,BRZ_MAN,NBVAMBITION,Ambition ID,varchar,,Direct,SLV_MAN,NBVAMBITION,NBV_AMBITION,AMBITION_CD,,,varchar,,,,
MAN,NBVAMBITION,APE Ambition,float,,BRZ_MAN,NBVAMBITION,APE Ambition,float,,Direct,SLV_MAN,NBVAMBITION,NBV_AMBITION,APE_AMT,,,float,,,,
MAN,NBVAMBITION,NBV Ambition,float,,BRZ_MAN,NBVAMBITION,NBV Ambition,float,,Direct,SLV_MAN,NBVAMBITION,NBV_AMBITION,NBV_AMBITION,,,float,,,,
MAN,NBVAMBITION,NBV MBR,float,,BRZ_MAN,NBVAMBITION,NBV MBR,float,,Direct,SLV_MAN,NBVAMBITION,NBV_AMBITION,NBV_MBR,,,float,,,,
MAN,NBVAMBITION,CASE COUNT,float,,BRZ_MAN,NBVAMBITION,CASE COUNT,float,,Direct,SLV_MAN,NBVAMBITION,NBV_AMBITION,CASE_CNT,,,float,,,,
MAN,IDAS_TM_PATCH_CO,POLICYNO,varchar,25,BRZ_MAN,IDAS_TM_PATCH_CO,POLICYNO,varchar,,Direct,SLV_MAN,IDAS_TM_PATCH_CO,TM_PATCH_CO,POLICY_NO,,,varchar,,,,
MAN,IDAS_TM_PATCH_CO,modifydate_patch,datetime,,BRZ_MAN,IDAS_TM_PATCH_CO,modifydate_patch,timestamp_ntz,,Direct,SLV_MAN,IDAS_TM_PATCH_CO,TM_PATCH_CO,MODIFY_DT_PATCH,,,timestamp_ntz,,,,
MAN,IDAS_TM_PATCH_CO,FACTPERIOD_PATCH,int,,BRZ_MAN,IDAS_TM_PATCH_CO,FACTPERIOD_PATCH,integer,,Direct,SLV_MAN,IDAS_TM_PATCH_CO,TM_PATCH_CO,FACT_PERIOD_PATCH,,,integer,,,,
MAN,IDAS_TM_PATCH_CO,FACTPERIOD_EFF_PATCH,int,,BRZ_MAN,IDAS_TM_PATCH_CO,FACTPERIOD_EFF_PATCH,integer,,Direct,SLV_MAN,IDAS_TM_PATCH_CO,TM_PATCH_CO,FACT_PERIOD_EFF_PATCH,,,integer,,,,
MAN,IDAS_TM_PATCH_CO,FACTPERIOD_MOD_PATCH,int,,BRZ_MAN,IDAS_TM_PATCH_CO,FACTPERIOD_MOD_PATCH,integer,,Direct,SLV_MAN,IDAS_TM_PATCH_CO,TM_PATCH_CO,FACT_PERIOD_MOD_PATCH,,,integer,,,,
MAN,IDAS_TM_PATCH_CO,statusid,varchar,10,BRZ_MAN,IDAS_TM_PATCH_CO,statusid,varchar,,Direct,SLV_MAN,IDAS_TM_PATCH_CO,TM_PATCH_CO,STATUS_ID,,,varchar,,,,
MAN,IDAS_TM_PATCH_CO,PROCESS_TYPE,varchar,50,BRZ_MAN,IDAS_TM_PATCH_CO,PROCESS_TYPE,varchar,,Direct,SLV_MAN,IDAS_TM_PATCH_CO,TM_PATCH_CO,PROCESS_TYPE,,,varchar,,,,
MAN,IDAS_TM_PATCH_CO,APE_MIX,varchar,25,BRZ_MAN,IDAS_TM_PATCH_CO,APE_MIX,varchar,,Direct,SLV_MAN,IDAS_TM_PATCH_CO,TM_PATCH_CO,APE_MIX,,,varchar,,,,
MAN,IDAS_TM_PATCH_CO,FLAG_COOLOFF,int,,BRZ_MAN,IDAS_TM_PATCH_CO,FLAG_COOLOFF,integer,,Direct,SLV_MAN,IDAS_TM_PATCH_CO,TM_PATCH_CO,IS_COOLOFF,,,boolean,,,,
MAN,BIZCASE_TM,POLICYNO,varchar,15,BRZ_MAN,BIZCASE_TM,POLICYNO,varchar,,Direct,SLV_MAN,BIZCASE_TM,BIZCASE_TM,POLICY_NO,,,varchar,,,,
MAN,BIZCASE_TM,factperiod,int,,BRZ_MAN,BIZCASE_TM,factperiod,integer,,Direct,SLV_MAN,BIZCASE_TM,BIZCASE_TM,FACT_PERIOD,,,integer,,,,
MAN,MASTERBUDGET,Entity,varchar,20,BRZ_MAN,MASTERBUDGET,Entity,varchar,,Direct,SLV_MAN,MASTERBUDGET,MASTERBUDGET,ENTITY,,,varchar,,,,
MAN,MASTERBUDGET,Year,float,,BRZ_MAN,MASTERBUDGET,Year,float,,Direct,SLV_MAN,MASTERBUDGET,MASTERBUDGET,YR,,,float,,,,
MAN,MASTERBUDGET,Month,float,,BRZ_MAN,MASTERBUDGET,Month,float,,Direct,SLV_MAN,MASTERBUDGET,MASTERBUDGET,MTH,,,float,,,,
MAN,MASTERBUDGET,GMD ID,varchar,50,BRZ_MAN,MASTERBUDGET,GMD ID,varchar,,Direct,SLV_MAN,MASTERBUDGET,MASTERBUDGET,GMD_CD,,,varchar,,,,
MAN,MASTERBUDGET,APE Budget,float,,BRZ_MAN,MASTERBUDGET,APE Budget,float,,Direct,SLV_MAN,MASTERBUDGET,MASTERBUDGET,APE_BUDGET,,,float,,,,
MAN,MASTERBUDGET,NBV Budget,float,,BRZ_MAN,MASTERBUDGET,NBV Budget,float,,Direct,SLV_MAN,MASTERBUDGET,MASTERBUDGET,NBV_BUDGET,,,float,,,,
MAN,IDAS_MANPOWER_NA_MANUAL_UPLOAD,FACTPERIOD,int,,BRZ_MAN,IDAS_MANPOWER_NA_MANUAL_UPLOAD,FACTPERIOD,integer,,Direct,SLV_MAN,IDAS_MANPOWER_NA,MANPOWER_NA,FACT_PERIOD,,,integer,,,,
MAN,IDAS_MANPOWER_NA_MANUAL_UPLOAD,PERIODKEY,int,,BRZ_MAN,IDAS_MANPOWER_NA_MANUAL_UPLOAD,PERIODKEY,integer,,Direct,SLV_MAN,IDAS_MANPOWER_NA,MANPOWER_NA,PERIOD_KEY,,,integer,,,,
MAN,IDAS_MANPOWER_NA_MANUAL_UPLOAD,FLAG,int,,BRZ_MAN,IDAS_MANPOWER_NA_MANUAL_UPLOAD,FLAG,integer,,Direct,SLV_MAN,IDAS_MANPOWER_NA,MANPOWER_NA,FLAG,,,integer,,,,
MAN,IDAS_MANPOWER_NA_MANUAL_UPLOAD,Category,varchar,255,BRZ_MAN,IDAS_MANPOWER_NA_MANUAL_UPLOAD,Category,varchar,,Direct,SLV_MAN,IDAS_MANPOWER_NA,MANPOWER_NA,CATEGORY,,,varchar,,,,
MAN,IDAS_MANPOWER_NA_MANUAL_UPLOAD,Region Name,varchar,255,BRZ_MAN,IDAS_MANPOWER_NA_MANUAL_UPLOAD,Region Name,varchar,,Direct,SLV_MAN,IDAS_MANPOWER_NA,MANPOWER_NA,REGION_NM,,,varchar,,,,
MAN,IDAS_MANPOWER_NA_MANUAL_UPLOAD,RSM Branch,float,,BRZ_MAN,IDAS_MANPOWER_NA_MANUAL_UPLOAD,RSM Branch,float,,Direct,SLV_MAN,IDAS_MANPOWER_NA,MANPOWER_NA,RSM_BRANCH,,,float,,,,
MAN,IDAS_MANPOWER_NA_MANUAL_UPLOAD,RSM Branch Type,varchar,255,BRZ_MAN,IDAS_MANPOWER_NA_MANUAL_UPLOAD,RSM Branch Type,varchar,,Direct,SLV_MAN,IDAS_MANPOWER_NA,MANPOWER_NA,RSM_BRANCH_TYPE,,,varchar,,,,
MAN,IDAS_MANPOWER_NA_MANUAL_UPLOAD,RSM Branch Name,varchar,255,BRZ_MAN,IDAS_MANPOWER_NA_MANUAL_UPLOAD,RSM Branch Name,varchar,,Direct,SLV_MAN,IDAS_MANPOWER_NA,MANPOWER_NA,RSM_BRANCH_NM,,,varchar,,,,
MAN,IDAS_MANPOWER_NA_MANUAL_UPLOAD,RSM Name,varchar,255,BRZ_MAN,IDAS_MANPOWER_NA_MANUAL_UPLOAD,RSM Name,varchar,,Direct,SLV_MAN,IDAS_MANPOWER_NA,MANPOWER_NA,RSM_NM,,,varchar,,,,
MAN,IDAS_MANPOWER_NA_MANUAL_UPLOAD,RSM Code,varchar,255,BRZ_MAN,IDAS_MANPOWER_NA_MANUAL_UPLOAD,RSM Code,varchar,,Direct,SLV_MAN,IDAS_MANPOWER_NA,MANPOWER_NA,RSM_CD,,,varchar,,,,
MAN,IDAS_MANPOWER_NA_MANUAL_UPLOAD,DSM Name,varchar,255,BRZ_MAN,IDAS_MANPOWER_NA_MANUAL_UPLOAD,DSM Name,varchar,,Direct,SLV_MAN,IDAS_MANPOWER_NA,MANPOWER_NA,DSM_NM,,,varchar,,,,
MAN,IDAS_MANPOWER_NA_MANUAL_UPLOAD,DSM Code,varchar,255,BRZ_MAN,IDAS_MANPOWER_NA_MANUAL_UPLOAD,DSM Code,varchar,,Direct,SLV_MAN,IDAS_MANPOWER_NA,MANPOWER_NA,DSM_CD,,,varchar,,,,
MAN,IDAS_MANPOWER_NA_MANUAL_UPLOAD,Area BM,float,,BRZ_MAN,IDAS_MANPOWER_NA_MANUAL_UPLOAD,Area BM,float,,Direct,SLV_MAN,IDAS_MANPOWER_NA,MANPOWER_NA,AREA_BM,,,float,,,,
MAN,IDAS_MANPOWER_NA_MANUAL_UPLOAD,ASM Branch,float,,BRZ_MAN,IDAS_MANPOWER_NA_MANUAL_UPLOAD,ASM Branch,float,,Direct,SLV_MAN,IDAS_MANPOWER_NA,MANPOWER_NA,ASM_BRANCH,,,float,,,,
MAN,IDAS_MANPOWER_NA_MANUAL_UPLOAD,ASM Branch Type,varchar,255,BRZ_MAN,IDAS_MANPOWER_NA_MANUAL_UPLOAD,ASM Branch Type,varchar,,Direct,SLV_MAN,IDAS_MANPOWER_NA,MANPOWER_NA,ASM_BRANCH_TYPE,,,varchar,,,,
MAN,IDAS_MANPOWER_NA_MANUAL_UPLOAD,Branch Name,varchar,255,BRZ_MAN,IDAS_MANPOWER_NA_MANUAL_UPLOAD,Branch Name,varchar,,Direct,SLV_MAN,IDAS_MANPOWER_NA,MANPOWER_NA,BRANCH_NM,,,varchar,,,,
MAN,IDAS_MANPOWER_NA_MANUAL_UPLOAD,ASM Name,varchar,255,BRZ_MAN,IDAS_MANPOWER_NA_MANUAL_UPLOAD,ASM Name,varchar,,Direct,SLV_MAN,IDAS_MANPOWER_NA,MANPOWER_NA,ASM_NM,,,varchar,,,,
MAN,IDAS_MANPOWER_NA_MANUAL_UPLOAD,ASM Code,varchar,255,BRZ_MAN,IDAS_MANPOWER_NA_MANUAL_UPLOAD,ASM Code,varchar,,Direct,SLV_MAN,IDAS_MANPOWER_NA,MANPOWER_NA,ASM_CD,,,varchar,,,,
MAN,IDAS_MANPOWER_NA_MANUAL_UPLOAD,Branch Code1,float,,BRZ_MAN,IDAS_MANPOWER_NA_MANUAL_UPLOAD,Branch Code1,float,,Direct,SLV_MAN,IDAS_MANPOWER_NA,MANPOWER_NA,BRANCH_CD_1,,,float,,,,
MAN,IDAS_MANPOWER_NA_MANUAL_UPLOAD,Branch Type,varchar,255,BRZ_MAN,IDAS_MANPOWER_NA_MANUAL_UPLOAD,Branch Type,varchar,,Direct,SLV_MAN,IDAS_MANPOWER_NA,MANPOWER_NA,BRANCH_TYPE,,,varchar,,,,
MAN,IDAS_MANPOWER_NA_MANUAL_UPLOAD,Branch Name1,varchar,255,BRZ_MAN,IDAS_MANPOWER_NA_MANUAL_UPLOAD,Branch Name1,varchar,,Direct,SLV_MAN,IDAS_MANPOWER_NA,MANPOWER_NA,BRANCH_NM_1,,,varchar,,,,
MAN,IDAS_MANPOWER_NA_MANUAL_UPLOAD,Sales Force Name,varchar,255,BRZ_MAN,IDAS_MANPOWER_NA_MANUAL_UPLOAD,Sales Force Name,varchar,,Direct,SLV_MAN,IDAS_MANPOWER_NA,MANPOWER_NA,SALES_FORCE_NM,,,varchar,,,,
MAN,IDAS_MANPOWER_NA_MANUAL_UPLOAD,Sales Force Code,varchar,255,BRZ_MAN,IDAS_MANPOWER_NA_MANUAL_UPLOAD,Sales Force Code,varchar,,Direct,SLV_MAN,IDAS_MANPOWER_NA,MANPOWER_NA,SALES_FORCE_CD,,,varchar,,,,
MAN,IDAS_MANPOWER_NA_MANUAL_UPLOAD,Sales Force Type,varchar,255,BRZ_MAN,IDAS_MANPOWER_NA_MANUAL_UPLOAD,Sales Force Type,varchar,,Direct,SLV_MAN,IDAS_MANPOWER_NA,MANPOWER_NA,SALES_FORCE_TYPE,,,varchar,,,,
MAN,IDAS_MANPOWER_NA_MANUAL_UPLOAD,Sales Force E-mail,varchar,255,BRZ_MAN,IDAS_MANPOWER_NA_MANUAL_UPLOAD,Sales Force E-mail,varchar,,Direct,SLV_MAN,IDAS_MANPOWER_NA,MANPOWER_NA,SALES_FORCE_EMAIL,,,varchar,,,,
MAN,IDAS_MANPOWER_NA_MANUAL_UPLOAD,FA Code,float,,BRZ_MAN,IDAS_MANPOWER_NA_MANUAL_UPLOAD,FA Code,float,,Direct,SLV_MAN,IDAS_MANPOWER_NA,MANPOWER_NA,FA_CD,,,float,,,,
MAN,IDAS_MANPOWER_NA_MANUAL_UPLOAD,Gender,varchar,255,BRZ_MAN,IDAS_MANPOWER_NA_MANUAL_UPLOAD,Gender,varchar,,Direct,SLV_MAN,IDAS_MANPOWER_NA,MANPOWER_NA,GENDER,,,varchar,,,,
MAN,IDAS_MANPOWER_NA_MANUAL_UPLOAD,LOS,float,,BRZ_MAN,IDAS_MANPOWER_NA_MANUAL_UPLOAD,LOS,float,,Direct,SLV_MAN,IDAS_MANPOWER_NA,MANPOWER_NA,LOS,,,float,,,,
MAN,IDAS_MANPOWER_NA_MANUAL_UPLOAD,DOB,float,,BRZ_MAN,IDAS_MANPOWER_NA_MANUAL_UPLOAD,DOB,float,,Direct,SLV_MAN,IDAS_MANPOWER_NA,MANPOWER_NA,BIRTH_DT,,,float,,,,
MAN,IDAS_MANPOWER_NA_MANUAL_UPLOAD,Thn Lahir,float,,BRZ_MAN,IDAS_MANPOWER_NA_MANUAL_UPLOAD,Thn Lahir,float,,Direct,SLV_MAN,IDAS_MANPOWER_NA,MANPOWER_NA,BIRTH_YR,,,float,,,,
MAN,IDAS_MANPOWER_NA_MANUAL_UPLOAD,Age,float,,BRZ_MAN,IDAS_MANPOWER_NA_MANUAL_UPLOAD,Age,float,,Direct,SLV_MAN,IDAS_MANPOWER_NA,MANPOWER_NA,AGE,,,float,,,,
MAN,IDAS_MANPOWER_NA_MANUAL_UPLOAD,Batch,varchar,255,BRZ_MAN,IDAS_MANPOWER_NA_MANUAL_UPLOAD,Batch,varchar,,Direct,SLV_MAN,IDAS_MANPOWER_NA,MANPOWER_NA,BATCH,,,varchar,,,,
MAN,IDAS_MANPOWER_NA_MANUAL_UPLOAD,Month Deploy,datetime,,BRZ_MAN,IDAS_MANPOWER_NA_MANUAL_UPLOAD,Month Deploy,timestamp_ntz,,Direct,SLV_MAN,IDAS_MANPOWER_NA,MANPOWER_NA,MONTH_DEPLOY,,,timestamp_ntz,,,,
MAN,IDAS_MANPOWER_NA_MANUAL_UPLOAD,Type,varchar,255,BRZ_MAN,IDAS_MANPOWER_NA_MANUAL_UPLOAD,Type,varchar,,Direct,SLV_MAN,IDAS_MANPOWER_NA,MANPOWER_NA,TYPE,,,varchar,,,,
MAN,IDAS_MANPOWER_NA_MANUAL_UPLOAD,LOGDATE,datetime,,BRZ_MAN,IDAS_MANPOWER_NA_MANUAL_UPLOAD,LOGDATE,timestamp_ntz,,Direct,SLV_MAN,IDAS_MANPOWER_NA,MANPOWER_NA,LOG_DT,,,timestamp_ntz,,,,
MAN,IDAS_MANPOWER_NA_MANUAL_UPLOAD,ASM Status,nvarchar,255,BRZ_MAN,IDAS_MANPOWER_NA_MANUAL_UPLOAD,ASM Status,varchar,,Direct,SLV_MAN,IDAS_MANPOWER_NA,MANPOWER_NA,ASM_STATUS,,,varchar,,,,
MAN,IDAS_MANPOWER_TERMINATED_MANUAL_UPLOAD,FACTPERIOD,int,,BRZ_MAN,IDAS_MANPOWER_TERMINATED_MANUAL_UPLOAD,FACTPERIOD,integer,,Direct,SLV_MAN,IDAS_MANPOWER_TERMINATED,MANPOWER_TERMINATED,FACT_PERIOD,,,integer,,,,
MAN,IDAS_MANPOWER_TERMINATED_MANUAL_UPLOAD,PERIODKEY,int,,BRZ_MAN,IDAS_MANPOWER_TERMINATED_MANUAL_UPLOAD,PERIODKEY,integer,,Direct,SLV_MAN,IDAS_MANPOWER_TERMINATED,MANPOWER_TERMINATED,PERIOD_KEY,,,integer,,,,
MAN,IDAS_MANPOWER_TERMINATED_MANUAL_UPLOAD,FLAG,int,,BRZ_MAN,IDAS_MANPOWER_TERMINATED_MANUAL_UPLOAD,FLAG,integer,,Direct,SLV_MAN,IDAS_MANPOWER_TERMINATED,MANPOWER_TERMINATED,FLAG,,,integer,,,,
MAN,IDAS_MANPOWER_TERMINATED_MANUAL_UPLOAD,Category,varchar,255,BRZ_MAN,IDAS_MANPOWER_TERMINATED_MANUAL_UPLOAD,Category,varchar,,Direct,SLV_MAN,IDAS_MANPOWER_TERMINATED,MANPOWER_TERMINATED,CATEGORY,,,varchar,,,,
MAN,IDAS_MANPOWER_TERMINATED_MANUAL_UPLOAD,Region Name,varchar,255,BRZ_MAN,IDAS_MANPOWER_TERMINATED_MANUAL_UPLOAD,Region Name,varchar,,Direct,SLV_MAN,IDAS_MANPOWER_TERMINATED,MANPOWER_TERMINATED,REGION_NM,,,varchar,,,,
MAN,IDAS_MANPOWER_TERMINATED_MANUAL_UPLOAD,Branch Code,float,,BRZ_MAN,IDAS_MANPOWER_TERMINATED_MANUAL_UPLOAD,Branch Code,float,,Direct,SLV_MAN,IDAS_MANPOWER_TERMINATED,MANPOWER_TERMINATED,BRANCH_CD,,,float,,,,
MAN,IDAS_MANPOWER_TERMINATED_MANUAL_UPLOAD,Branch Type,varchar,255,BRZ_MAN,IDAS_MANPOWER_TERMINATED_MANUAL_UPLOAD,Branch Type,varchar,,Direct,SLV_MAN,IDAS_MANPOWER_TERMINATED,MANPOWER_TERMINATED,BRANCH_TYPE,,,varchar,,,,
MAN,IDAS_MANPOWER_TERMINATED_MANUAL_UPLOAD,Branch Name,varchar,255,BRZ_MAN,IDAS_MANPOWER_TERMINATED_MANUAL_UPLOAD,Branch Name,varchar,,Direct,SLV_MAN,IDAS_MANPOWER_TERMINATED,MANPOWER_TERMINATED,BRANCH_NM,,,varchar,,,,
MAN,IDAS_MANPOWER_TERMINATED_MANUAL_UPLOAD,Sales Force Name,varchar,255,BRZ_MAN,IDAS_MANPOWER_TERMINATED_MANUAL_UPLOAD,Sales Force Name,varchar,,Direct,SLV_MAN,IDAS_MANPOWER_TERMINATED,MANPOWER_TERMINATED,SALES_FORCE_NM,,,varchar,,,,
MAN,IDAS_MANPOWER_TERMINATED_MANUAL_UPLOAD,Sales Force Code,varchar,255,BRZ_MAN,IDAS_MANPOWER_TERMINATED_MANUAL_UPLOAD,Sales Force Code,varchar,,Direct,SLV_MAN,IDAS_MANPOWER_TERMINATED,MANPOWER_TERMINATED,SALES_FORCE_CD,,,varchar,,,,
MAN,IDAS_MANPOWER_TERMINATED_MANUAL_UPLOAD,Sales Force Type,varchar,255,BRZ_MAN,IDAS_MANPOWER_TERMINATED_MANUAL_UPLOAD,Sales Force Type,varchar,,Direct,SLV_MAN,IDAS_MANPOWER_TERMINATED,MANPOWER_TERMINATED,SALES_FORCE_TYPE,,,varchar,,,,
MAN,IDAS_MANPOWER_TERMINATED_MANUAL_UPLOAD,Termination Date,float,,BRZ_MAN,IDAS_MANPOWER_TERMINATED_MANUAL_UPLOAD,Termination Date,float,,Direct,SLV_MAN,IDAS_MANPOWER_TERMINATED,MANPOWER_TERMINATED,TERMINATION_DT,,,float,,,,
MAN,IDAS_MANPOWER_TERMINATED_MANUAL_UPLOAD,Termination Reason,varchar,255,BRZ_MAN,IDAS_MANPOWER_TERMINATED_MANUAL_UPLOAD,Termination Reason,varchar,,Direct,SLV_MAN,IDAS_MANPOWER_TERMINATED,MANPOWER_TERMINATED,TERMINATION_REASON,,,varchar,,,,
MAN,IDAS_MANPOWER_TERMINATED_MANUAL_UPLOAD,Termination Remark,varchar,255,BRZ_MAN,IDAS_MANPOWER_TERMINATED_MANUAL_UPLOAD,Termination Remark,varchar,,Direct,SLV_MAN,IDAS_MANPOWER_TERMINATED,MANPOWER_TERMINATED,TERMINATION_REMARK,,,varchar,,,,
MAN,IDAS_MANPOWER_TERMINATED_MANUAL_UPLOAD,RSM,varchar,255,BRZ_MAN,IDAS_MANPOWER_TERMINATED_MANUAL_UPLOAD,RSM,varchar,,Direct,SLV_MAN,IDAS_MANPOWER_TERMINATED,MANPOWER_TERMINATED,RSM,,,varchar,,,,
MAN,IDAS_MANPOWER_TERMINATED_MANUAL_UPLOAD,DSM,varchar,255,BRZ_MAN,IDAS_MANPOWER_TERMINATED_MANUAL_UPLOAD,DSM,varchar,,Direct,SLV_MAN,IDAS_MANPOWER_TERMINATED,MANPOWER_TERMINATED,DSM,,,varchar,,,,
MAN,IDAS_MANPOWER_TERMINATED_MANUAL_UPLOAD,ASM,varchar,255,BRZ_MAN,IDAS_MANPOWER_TERMINATED_MANUAL_UPLOAD,ASM,varchar,,Direct,SLV_MAN,IDAS_MANPOWER_TERMINATED,MANPOWER_TERMINATED,ASM,,,varchar,,,,
MAN,IDAS_MANPOWER_TERMINATED_MANUAL_UPLOAD,LOS,float,,BRZ_MAN,IDAS_MANPOWER_TERMINATED_MANUAL_UPLOAD,LOS,float,,Direct,SLV_MAN,IDAS_MANPOWER_TERMINATED,MANPOWER_TERMINATED,LOS,,,float,,,,
MAN,IDAS_MANPOWER_TERMINATED_MANUAL_UPLOAD,FA Code,float,,BRZ_MAN,IDAS_MANPOWER_TERMINATED_MANUAL_UPLOAD,FA Code,float,,Direct,SLV_MAN,IDAS_MANPOWER_TERMINATED,MANPOWER_TERMINATED,FA_CD,,,float,,,,
MAN,IDAS_MANPOWER_TERMINATED_MANUAL_UPLOAD,Sex,varchar,255,BRZ_MAN,IDAS_MANPOWER_TERMINATED_MANUAL_UPLOAD,Sex,varchar,,Direct,SLV_MAN,IDAS_MANPOWER_TERMINATED,MANPOWER_TERMINATED,SEX,,,varchar,,,,
MAN,IDAS_MANPOWER_MANUAL_UPLOAD_ASM,FACTPERIOD,int,,BRZ_MAN,IDAS_MANPOWER_MANUAL_UPLOAD_ASM,FACTPERIOD,integer,,Direct,SLV_MAN,IDAS_MANPOWER_ASM,MANPOWER_ASM,FACT_PERIOD,,,integer,,,,
MAN,IDAS_MANPOWER_MANUAL_UPLOAD_ASM,PERIODKEY,int,,BRZ_MAN,IDAS_MANPOWER_MANUAL_UPLOAD_ASM,PERIODKEY,integer,,Direct,SLV_MAN,IDAS_MANPOWER_ASM,MANPOWER_ASM,PERIOD_KEY,,,integer,,,,
MAN,IDAS_MANPOWER_MANUAL_UPLOAD_ASM,FLAG,int,,BRZ_MAN,IDAS_MANPOWER_MANUAL_UPLOAD_ASM,FLAG,integer,,Direct,SLV_MAN,IDAS_MANPOWER_ASM,MANPOWER_ASM,FLAG,,,integer,,,,
MAN,IDAS_MANPOWER_MANUAL_UPLOAD_ASM,Category,varchar,255,BRZ_MAN,IDAS_MANPOWER_MANUAL_UPLOAD_ASM,Category,varchar,,Direct,SLV_MAN,IDAS_MANPOWER_ASM,MANPOWER_ASM,CATEGORY,,,varchar,,,,
MAN,IDAS_MANPOWER_MANUAL_UPLOAD_ASM,Region Name,varchar,255,BRZ_MAN,IDAS_MANPOWER_MANUAL_UPLOAD_ASM,Region Name,varchar,,Direct,SLV_MAN,IDAS_MANPOWER_ASM,MANPOWER_ASM,REGION_NM,,,varchar,,,,
MAN,IDAS_MANPOWER_MANUAL_UPLOAD_ASM,RSM Branch,float,,BRZ_MAN,IDAS_MANPOWER_MANUAL_UPLOAD_ASM,RSM Branch,float,,Direct,SLV_MAN,IDAS_MANPOWER_ASM,MANPOWER_ASM,RSM_BRANCH,,,float,,,,
MAN,IDAS_MANPOWER_MANUAL_UPLOAD_ASM,RSM Branch Type,varchar,255,BRZ_MAN,IDAS_MANPOWER_MANUAL_UPLOAD_ASM,RSM Branch Type,varchar,,Direct,SLV_MAN,IDAS_MANPOWER_ASM,MANPOWER_ASM,RSM_BRANCH_TYPE,,,varchar,,,,
MAN,IDAS_MANPOWER_MANUAL_UPLOAD_ASM,RSM Branch Name,varchar,255,BRZ_MAN,IDAS_MANPOWER_MANUAL_UPLOAD_ASM,RSM Branch Name,varchar,,Direct,SLV_MAN,IDAS_MANPOWER_ASM,MANPOWER_ASM,RSM_BRANCH_NM,,,varchar,,,,
MAN,IDAS_MANPOWER_MANUAL_UPLOAD_ASM,RSM Name,varchar,255,BRZ_MAN,IDAS_MANPOWER_MANUAL_UPLOAD_ASM,RSM Name,varchar,,Direct,SLV_MAN,IDAS_MANPOWER_ASM,MANPOWER_ASM,RSM_NM,,,varchar,,,,
MAN,IDAS_MANPOWER_MANUAL_UPLOAD_ASM,RSM Code,varchar,255,BRZ_MAN,IDAS_MANPOWER_MANUAL_UPLOAD_ASM,RSM Code,varchar,,Direct,SLV_MAN,IDAS_MANPOWER_ASM,MANPOWER_ASM,RSM_CD,,,varchar,,,,
MAN,IDAS_MANPOWER_MANUAL_UPLOAD_ASM,DSM Name,varchar,255,BRZ_MAN,IDAS_MANPOWER_MANUAL_UPLOAD_ASM,DSM Name,varchar,,Direct,SLV_MAN,IDAS_MANPOWER_ASM,MANPOWER_ASM,DSM_NM,,,varchar,,,,
MAN,IDAS_MANPOWER_MANUAL_UPLOAD_ASM,DSM Code,varchar,255,BRZ_MAN,IDAS_MANPOWER_MANUAL_UPLOAD_ASM,DSM Code,varchar,,Direct,SLV_MAN,IDAS_MANPOWER_ASM,MANPOWER_ASM,DSM_CD,,,varchar,,,,
MAN,IDAS_MANPOWER_MANUAL_UPLOAD_ASM,Area BM,float,,BRZ_MAN,IDAS_MANPOWER_MANUAL_UPLOAD_ASM,Area BM,float,,Direct,SLV_MAN,IDAS_MANPOWER_ASM,MANPOWER_ASM,AREA_BM,,,float,,,,
MAN,IDAS_MANPOWER_MANUAL_UPLOAD_ASM,ASM Branch,float,,BRZ_MAN,IDAS_MANPOWER_MANUAL_UPLOAD_ASM,ASM Branch,float,,Direct,SLV_MAN,IDAS_MANPOWER_ASM,MANPOWER_ASM,ASM_BRANCH,,,float,,,,
MAN,IDAS_MANPOWER_MANUAL_UPLOAD_ASM,ASM Branch Type,varchar,255,BRZ_MAN,IDAS_MANPOWER_MANUAL_UPLOAD_ASM,ASM Branch Type,varchar,,Direct,SLV_MAN,IDAS_MANPOWER_ASM,MANPOWER_ASM,ASM_BRANCH_TYPE,,,varchar,,,,
MAN,IDAS_MANPOWER_MANUAL_UPLOAD_ASM,Branch Name,varchar,255,BRZ_MAN,IDAS_MANPOWER_MANUAL_UPLOAD_ASM,Branch Name,varchar,,Direct,SLV_MAN,IDAS_MANPOWER_ASM,MANPOWER_ASM,BRANCH_NM,,,varchar,,,,
MAN,IDAS_MANPOWER_MANUAL_UPLOAD_ASM,ASM Name,varchar,255,BRZ_MAN,IDAS_MANPOWER_MANUAL_UPLOAD_ASM,ASM Name,varchar,,Direct,SLV_MAN,IDAS_MANPOWER_ASM,MANPOWER_ASM,ASM_NM,,,varchar,,,,
MAN,IDAS_MANPOWER_MANUAL_UPLOAD_ASM,ASM Code,varchar,255,BRZ_MAN,IDAS_MANPOWER_MANUAL_UPLOAD_ASM,ASM Code,varchar,,Direct,SLV_MAN,IDAS_MANPOWER_ASM,MANPOWER_ASM,ASM_CD,,,varchar,,,,
MAN,IDAS_MANPOWER_MANUAL_UPLOAD_ASM,Branch Code1,float,,BRZ_MAN,IDAS_MANPOWER_MANUAL_UPLOAD_ASM,Branch Code1,float,,Direct,SLV_MAN,IDAS_MANPOWER_ASM,MANPOWER_ASM,BRANCH_CD_1,,,float,,,,
MAN,IDAS_MANPOWER_MANUAL_UPLOAD_ASM,Branch Type,varchar,255,BRZ_MAN,IDAS_MANPOWER_MANUAL_UPLOAD_ASM,Branch Type,varchar,,Direct,SLV_MAN,IDAS_MANPOWER_ASM,MANPOWER_ASM,BRANCH_TYPE,,,varchar,,,,
MAN,IDAS_MANPOWER_MANUAL_UPLOAD_ASM,Branch Name1,varchar,255,BRZ_MAN,IDAS_MANPOWER_MANUAL_UPLOAD_ASM,Branch Name1,varchar,,Direct,SLV_MAN,IDAS_MANPOWER_ASM,MANPOWER_ASM,BRANCH_NM_1,,,varchar,,,,
MAN,IDAS_MANPOWER_MANUAL_UPLOAD_ASM,Sales Force Name,varchar,255,BRZ_MAN,IDAS_MANPOWER_MANUAL_UPLOAD_ASM,Sales Force Name,varchar,,Direct,SLV_MAN,IDAS_MANPOWER_ASM,MANPOWER_ASM,SALES_FORCE_NM,,,varchar,,,,
MAN,IDAS_MANPOWER_MANUAL_UPLOAD_ASM,Sales Force Code,varchar,255,BRZ_MAN,IDAS_MANPOWER_MANUAL_UPLOAD_ASM,Sales Force Code,varchar,,Direct,SLV_MAN,IDAS_MANPOWER_ASM,MANPOWER_ASM,SALES_FORCE_CD,,,varchar,,,,
MAN,IDAS_MANPOWER_MANUAL_UPLOAD_ASM,Sales Force Type,varchar,255,BRZ_MAN,IDAS_MANPOWER_MANUAL_UPLOAD_ASM,Sales Force Type,varchar,,Direct,SLV_MAN,IDAS_MANPOWER_ASM,MANPOWER_ASM,SALES_FORCE_TYPE,,,varchar,,,,
MAN,IDAS_MANPOWER_MANUAL_UPLOAD_ASM,Sales Force E-mail,varchar,255,BRZ_MAN,IDAS_MANPOWER_MANUAL_UPLOAD_ASM,Sales Force E-mail,varchar,,Direct,SLV_MAN,IDAS_MANPOWER_ASM,MANPOWER_ASM,SALES_FORCE_EMAIL,,,varchar,,,,
MAN,IDAS_MANPOWER_MANUAL_UPLOAD_ASM,FA Code,float,,BRZ_MAN,IDAS_MANPOWER_MANUAL_UPLOAD_ASM,FA Code,float,,Direct,SLV_MAN,IDAS_MANPOWER_ASM,MANPOWER_ASM,FA_CD,,,float,,,,
MAN,IDAS_MANPOWER_MANUAL_UPLOAD_ASM,Gender,varchar,255,BRZ_MAN,IDAS_MANPOWER_MANUAL_UPLOAD_ASM,Gender,varchar,,Direct,SLV_MAN,IDAS_MANPOWER_ASM,MANPOWER_ASM,GENDER,,,varchar,,,,
MAN,IDAS_MANPOWER_MANUAL_UPLOAD_ASM,LOS,float,,BRZ_MAN,IDAS_MANPOWER_MANUAL_UPLOAD_ASM,LOS,float,,Direct,SLV_MAN,IDAS_MANPOWER_ASM,MANPOWER_ASM,LOS,,,float,,,,
MAN,IDAS_MANPOWER_MANUAL_UPLOAD_ASM,DOB,float,,BRZ_MAN,IDAS_MANPOWER_MANUAL_UPLOAD_ASM,DOB,float,,Direct,SLV_MAN,IDAS_MANPOWER_ASM,MANPOWER_ASM,BIRTH_DT,,,float,,,,
MAN,IDAS_MANPOWER_MANUAL_UPLOAD_ASM,Thn Lahir,float,,BRZ_MAN,IDAS_MANPOWER_MANUAL_UPLOAD_ASM,Thn Lahir,float,,Direct,SLV_MAN,IDAS_MANPOWER_ASM,MANPOWER_ASM,BIRTH_YR,,,float,,,,
MAN,IDAS_MANPOWER_MANUAL_UPLOAD_ASM,Age,float,,BRZ_MAN,IDAS_MANPOWER_MANUAL_UPLOAD_ASM,Age,float,,Direct,SLV_MAN,IDAS_MANPOWER_ASM,MANPOWER_ASM,AGE,,,float,,,,
MAN,IDAS_MANPOWER_MANUAL_UPLOAD_ASM,Batch,varchar,255,BRZ_MAN,IDAS_MANPOWER_MANUAL_UPLOAD_ASM,Batch,varchar,,Direct,SLV_MAN,IDAS_MANPOWER_ASM,MANPOWER_ASM,BATCH,,,varchar,,,,
MAN,IDAS_MANPOWER_MANUAL_UPLOAD_ASM,Month Deploy,datetime,,BRZ_MAN,IDAS_MANPOWER_MANUAL_UPLOAD_ASM,Month Deploy,timestamp_ntz,,Direct,SLV_MAN,IDAS_MANPOWER_ASM,MANPOWER_ASM,MONTH_DEPLOY,,,timestamp_ntz,,,,
MAN,IDAS_MANPOWER_MANUAL_UPLOAD_ASM,Type,varchar,255,BRZ_MAN,IDAS_MANPOWER_MANUAL_UPLOAD_ASM,Type,varchar,,Direct,SLV_MAN,IDAS_MANPOWER_ASM,MANPOWER_ASM,TYPE,,,varchar,,,,
MAN,IDAS_MANPOWER_MANUAL_UPLOAD_ASM,LOGDATE,datetime,,BRZ_MAN,IDAS_MANPOWER_MANUAL_UPLOAD_ASM,LOGDATE,timestamp_ntz,,Direct,SLV_MAN,IDAS_MANPOWER_ASM,MANPOWER_ASM,LOG_DT,,,timestamp_ntz,,,,
MAN,IDAS_MANPOWER_MANUAL_UPLOAD_ASM,ASM Status,nvarchar,255,BRZ_MAN,IDAS_MANPOWER_MANUAL_UPLOAD_ASM,ASM Status,varchar,,Direct,SLV_MAN,IDAS_MANPOWER_ASM,MANPOWER_ASM,ASM_STATUS,,,varchar,,,,
MAN,IDAS_MANPOWER_MANUAL_UPLOAD_LP,FACTPERIOD,int,,BRZ_MAN,IDAS_MANPOWER_MANUAL_UPLOAD_LP,FACTPERIOD,integer,,Direct,SLV_MAN,IDAS_MANPOWER_LP,MANPOWER_LP,FACT_PERIOD,,,integer,,,,
MAN,IDAS_MANPOWER_MANUAL_UPLOAD_LP,PERIODKEY,int,,BRZ_MAN,IDAS_MANPOWER_MANUAL_UPLOAD_LP,PERIODKEY,integer,,Direct,SLV_MAN,IDAS_MANPOWER_LP,MANPOWER_LP,PERIOD_KEY,,,integer,,,,
MAN,IDAS_MANPOWER_MANUAL_UPLOAD_LP,FLAG,int,,BRZ_MAN,IDAS_MANPOWER_MANUAL_UPLOAD_LP,FLAG,integer,,Direct,SLV_MAN,IDAS_MANPOWER_LP,MANPOWER_LP,FLAG,,,integer,,,,
MAN,IDAS_MANPOWER_MANUAL_UPLOAD_LP,Category,varchar,255,BRZ_MAN,IDAS_MANPOWER_MANUAL_UPLOAD_LP,Category,varchar,,Direct,SLV_MAN,IDAS_MANPOWER_LP,MANPOWER_LP,CATEGORY,,,varchar,,,,
MAN,IDAS_MANPOWER_MANUAL_UPLOAD_LP,Region Name,varchar,255,BRZ_MAN,IDAS_MANPOWER_MANUAL_UPLOAD_LP,Region Name,varchar,,Direct,SLV_MAN,IDAS_MANPOWER_LP,MANPOWER_LP,REGION_NM,,,varchar,,,,
MAN,IDAS_MANPOWER_MANUAL_UPLOAD_LP,RSM Branch,float,,BRZ_MAN,IDAS_MANPOWER_MANUAL_UPLOAD_LP,RSM Branch,float,,Direct,SLV_MAN,IDAS_MANPOWER_LP,MANPOWER_LP,RSM_BRANCH,,,float,,,,
MAN,IDAS_MANPOWER_MANUAL_UPLOAD_LP,RSM Branch Type,varchar,255,BRZ_MAN,IDAS_MANPOWER_MANUAL_UPLOAD_LP,RSM Branch Type,varchar,,Direct,SLV_MAN,IDAS_MANPOWER_LP,MANPOWER_LP,RSM_BRANCH_TYPE,,,varchar,,,,
MAN,IDAS_MANPOWER_MANUAL_UPLOAD_LP,RSM Branch Name,varchar,255,BRZ_MAN,IDAS_MANPOWER_MANUAL_UPLOAD_LP,RSM Branch Name,varchar,,Direct,SLV_MAN,IDAS_MANPOWER_LP,MANPOWER_LP,RSM_BRANCH_NM,,,varchar,,,,
MAN,IDAS_MANPOWER_MANUAL_UPLOAD_LP,RSM Name,varchar,255,BRZ_MAN,IDAS_MANPOWER_MANUAL_UPLOAD_LP,RSM Name,varchar,,Direct,SLV_MAN,IDAS_MANPOWER_LP,MANPOWER_LP,RSM_NM,,,varchar,,,,
MAN,IDAS_MANPOWER_MANUAL_UPLOAD_LP,RSM Code,varchar,255,BRZ_MAN,IDAS_MANPOWER_MANUAL_UPLOAD_LP,RSM Code,varchar,,Direct,SLV_MAN,IDAS_MANPOWER_LP,MANPOWER_LP,RSM_CD,,,varchar,,,,
MAN,IDAS_MANPOWER_MANUAL_UPLOAD_LP,DSM Name,varchar,255,BRZ_MAN,IDAS_MANPOWER_MANUAL_UPLOAD_LP,DSM Name,varchar,,Direct,SLV_MAN,IDAS_MANPOWER_LP,MANPOWER_LP,DSM_NM,,,varchar,,,,
MAN,IDAS_MANPOWER_MANUAL_UPLOAD_LP,DSM Code,varchar,255,BRZ_MAN,IDAS_MANPOWER_MANUAL_UPLOAD_LP,DSM Code,varchar,,Direct,SLV_MAN,IDAS_MANPOWER_LP,MANPOWER_LP,DSM_CD,,,varchar,,,,
MAN,IDAS_MANPOWER_MANUAL_UPLOAD_LP,Area BM,float,,BRZ_MAN,IDAS_MANPOWER_MANUAL_UPLOAD_LP,Area BM,float,,Direct,SLV_MAN,IDAS_MANPOWER_LP,MANPOWER_LP,AREA_BM,,,float,,,,
MAN,IDAS_MANPOWER_MANUAL_UPLOAD_LP,ASM Branch,float,,BRZ_MAN,IDAS_MANPOWER_MANUAL_UPLOAD_LP,ASM Branch,float,,Direct,SLV_MAN,IDAS_MANPOWER_LP,MANPOWER_LP,ASM_BRANCH,,,float,,,,
MAN,IDAS_MANPOWER_MANUAL_UPLOAD_LP,ASM Branch Type,varchar,255,BRZ_MAN,IDAS_MANPOWER_MANUAL_UPLOAD_LP,ASM Branch Type,varchar,,Direct,SLV_MAN,IDAS_MANPOWER_LP,MANPOWER_LP,ASM_BRANCH_TYPE,,,varchar,,,,
MAN,IDAS_MANPOWER_MANUAL_UPLOAD_LP,Branch Name,varchar,255,BRZ_MAN,IDAS_MANPOWER_MANUAL_UPLOAD_LP,Branch Name,varchar,,Direct,SLV_MAN,IDAS_MANPOWER_LP,MANPOWER_LP,BRANCH_NM,,,varchar,,,,
MAN,IDAS_MANPOWER_MANUAL_UPLOAD_LP,ASM Name,varchar,255,BRZ_MAN,IDAS_MANPOWER_MANUAL_UPLOAD_LP,ASM Name,varchar,,Direct,SLV_MAN,IDAS_MANPOWER_LP,MANPOWER_LP,ASM_NM,,,varchar,,,,
MAN,IDAS_MANPOWER_MANUAL_UPLOAD_LP,ASM Code,varchar,255,BRZ_MAN,IDAS_MANPOWER_MANUAL_UPLOAD_LP,ASM Code,varchar,,Direct,SLV_MAN,IDAS_MANPOWER_LP,MANPOWER_LP,ASM_CD,,,varchar,,,,
MAN,IDAS_MANPOWER_MANUAL_UPLOAD_LP,Branch Code1,float,,BRZ_MAN,IDAS_MANPOWER_MANUAL_UPLOAD_LP,Branch Code1,float,,Direct,SLV_MAN,IDAS_MANPOWER_LP,MANPOWER_LP,BRANCH_CD_1,,,float,,,,
MAN,IDAS_MANPOWER_MANUAL_UPLOAD_LP,Branch Type,varchar,255,BRZ_MAN,IDAS_MANPOWER_MANUAL_UPLOAD_LP,Branch Type,varchar,,Direct,SLV_MAN,IDAS_MANPOWER_LP,MANPOWER_LP,BRANCH_TYPE,,,varchar,,,,
MAN,IDAS_MANPOWER_MANUAL_UPLOAD_LP,Branch Name1,varchar,255,BRZ_MAN,IDAS_MANPOWER_MANUAL_UPLOAD_LP,Branch Name1,varchar,,Direct,SLV_MAN,IDAS_MANPOWER_LP,MANPOWER_LP,BRANCH_NM_1,,,varchar,,,,
MAN,IDAS_MANPOWER_MANUAL_UPLOAD_LP,Sales Force Name,varchar,255,BRZ_MAN,IDAS_MANPOWER_MANUAL_UPLOAD_LP,Sales Force Name,varchar,,Direct,SLV_MAN,IDAS_MANPOWER_LP,MANPOWER_LP,SALES_FORCE_NM,,,varchar,,,,
MAN,IDAS_MANPOWER_MANUAL_UPLOAD_LP,Sales Force Code,varchar,255,BRZ_MAN,IDAS_MANPOWER_MANUAL_UPLOAD_LP,Sales Force Code,varchar,,Direct,SLV_MAN,IDAS_MANPOWER_LP,MANPOWER_LP,SALES_FORCE_CD,,,varchar,,,,
MAN,IDAS_MANPOWER_MANUAL_UPLOAD_LP,Sales Force Type,varchar,255,BRZ_MAN,IDAS_MANPOWER_MANUAL_UPLOAD_LP,Sales Force Type,varchar,,Direct,SLV_MAN,IDAS_MANPOWER_LP,MANPOWER_LP,SALES_FORCE_TYPE,,,varchar,,,,
MAN,IDAS_MANPOWER_MANUAL_UPLOAD_LP,Sales Force E-mail,varchar,255,BRZ_MAN,IDAS_MANPOWER_MANUAL_UPLOAD_LP,Sales Force E-mail,varchar,,Direct,SLV_MAN,IDAS_MANPOWER_LP,MANPOWER_LP,SALES_FORCE_EMAIL,,,varchar,,,,
MAN,IDAS_MANPOWER_MANUAL_UPLOAD_LP,FA Code,float,,BRZ_MAN,IDAS_MANPOWER_MANUAL_UPLOAD_LP,FA Code,float,,Direct,SLV_MAN,IDAS_MANPOWER_LP,MANPOWER_LP,FA_CD,,,float,,,,
MAN,IDAS_MANPOWER_MANUAL_UPLOAD_LP,Gender,varchar,255,BRZ_MAN,IDAS_MANPOWER_MANUAL_UPLOAD_LP,Gender,varchar,,Direct,SLV_MAN,IDAS_MANPOWER_LP,MANPOWER_LP,GENDER,,,varchar,,,,
MAN,IDAS_MANPOWER_MANUAL_UPLOAD_LP,LOS,float,,BRZ_MAN,IDAS_MANPOWER_MANUAL_UPLOAD_LP,LOS,float,,Direct,SLV_MAN,IDAS_MANPOWER_LP,MANPOWER_LP,LOS,,,float,,,,
MAN,IDAS_MANPOWER_MANUAL_UPLOAD_LP,DOB,float,,BRZ_MAN,IDAS_MANPOWER_MANUAL_UPLOAD_LP,DOB,float,,Direct,SLV_MAN,IDAS_MANPOWER_LP,MANPOWER_LP,BIRTH_DT,,,float,,,,
MAN,IDAS_MANPOWER_MANUAL_UPLOAD_LP,Thn Lahir,float,,BRZ_MAN,IDAS_MANPOWER_MANUAL_UPLOAD_LP,Thn Lahir,float,,Direct,SLV_MAN,IDAS_MANPOWER_LP,MANPOWER_LP,BIRTH_YR,,,float,,,,
MAN,IDAS_MANPOWER_MANUAL_UPLOAD_LP,Age,float,,BRZ_MAN,IDAS_MANPOWER_MANUAL_UPLOAD_LP,Age,float,,Direct,SLV_MAN,IDAS_MANPOWER_LP,MANPOWER_LP,AGE,,,float,,,,
MAN,IDAS_MANPOWER_MANUAL_UPLOAD_LP,Batch,varchar,255,BRZ_MAN,IDAS_MANPOWER_MANUAL_UPLOAD_LP,Batch,varchar,,Direct,SLV_MAN,IDAS_MANPOWER_LP,MANPOWER_LP,BATCH,,,varchar,,,,
MAN,IDAS_MANPOWER_MANUAL_UPLOAD_LP,Month Deploy,datetime,,BRZ_MAN,IDAS_MANPOWER_MANUAL_UPLOAD_LP,Month Deploy,timestamp_ntz,,Direct,SLV_MAN,IDAS_MANPOWER_LP,MANPOWER_LP,MONTH_DEPLOY,,,timestamp_ntz,,,,
MAN,IDAS_MANPOWER_MANUAL_UPLOAD_LP,Type,varchar,255,BRZ_MAN,IDAS_MANPOWER_MANUAL_UPLOAD_LP,Type,varchar,,Direct,SLV_MAN,IDAS_MANPOWER_LP,MANPOWER_LP,TYPE,,,varchar,,,,
MAN,IDAS_MANPOWER_MANUAL_UPLOAD_LP,LOGDATE,datetime,,BRZ_MAN,IDAS_MANPOWER_MANUAL_UPLOAD_LP,LOGDATE,timestamp_ntz,,Direct,SLV_MAN,IDAS_MANPOWER_LP,MANPOWER_LP,LOG_DT,,,timestamp_ntz,,,,
MAN,IDAS_MANPOWER_MANUAL_UPLOAD_LP,ASM Status,nvarchar,255,BRZ_MAN,IDAS_MANPOWER_MANUAL_UPLOAD_LP,ASM Status,varchar,,Direct,SLV_MAN,IDAS_MANPOWER_LP,MANPOWER_LP,ASM_STATUS,,,varchar,,,,
MAN,IDAS_MANPOWER_INITIAL,Month,float,,BRZ_MAN,IDAS_MANPOWER_INITIAL,Month,float,,Direct,SLV_MAN,IDAS_MANPOWER_INITIAL,MANPOWER_INITIAL,MONTH,,,float,,,,
MAN,IDAS_MANPOWER_INITIAL,Flag,float,,BRZ_MAN,IDAS_MANPOWER_INITIAL,Flag,float,,Direct,SLV_MAN,IDAS_MANPOWER_INITIAL,MANPOWER_INITIAL,FLAG,,,float,,,,
MAN,IDAS_MANPOWER_INITIAL,Category,nvarchar,255,BRZ_MAN,IDAS_MANPOWER_INITIAL,Category,varchar,,Direct,SLV_MAN,IDAS_MANPOWER_INITIAL,MANPOWER_INITIAL,CATEGORY,,,varchar,,,,
MAN,IDAS_MANPOWER_INITIAL,Region,float,,BRZ_MAN,IDAS_MANPOWER_INITIAL,Region,float,,Direct,SLV_MAN,IDAS_MANPOWER_INITIAL,MANPOWER_INITIAL,REGION,,,float,,,,
MAN,IDAS_MANPOWER_INITIAL,Kode RSM,float,,BRZ_MAN,IDAS_MANPOWER_INITIAL,Kode RSM,float,,Direct,SLV_MAN,IDAS_MANPOWER_INITIAL,MANPOWER_INITIAL,RSM_CD,,,float,,,,
MAN,IDAS_MANPOWER_INITIAL,Kode AGRSM,float,,BRZ_MAN,IDAS_MANPOWER_INITIAL,Kode AGRSM,float,,Direct,SLV_MAN,IDAS_MANPOWER_INITIAL,MANPOWER_INITIAL,AGRSM_CD,,,float,,,,
MAN,IDAS_MANPOWER_INITIAL,Nama RSM,nvarchar,255,BRZ_MAN,IDAS_MANPOWER_INITIAL,Nama RSM,varchar,,Direct,SLV_MAN,IDAS_MANPOWER_INITIAL,MANPOWER_INITIAL,RSM_NM,,,varchar,,,,
MAN,IDAS_MANPOWER_INITIAL,Kode DSM,float,,BRZ_MAN,IDAS_MANPOWER_INITIAL,Kode DSM,float,,Direct,SLV_MAN,IDAS_MANPOWER_INITIAL,MANPOWER_INITIAL,DSM_CD,,,float,,,,
MAN,IDAS_MANPOWER_INITIAL,Kode AGDSM,float,,BRZ_MAN,IDAS_MANPOWER_INITIAL,Kode AGDSM,float,,Direct,SLV_MAN,IDAS_MANPOWER_INITIAL,MANPOWER_INITIAL,AGDSM_CD,,,float,,,,
MAN,IDAS_MANPOWER_INITIAL,Nama DSM,nvarchar,255,BRZ_MAN,IDAS_MANPOWER_INITIAL,Nama DSM,varchar,,Direct,SLV_MAN,IDAS_MANPOWER_INITIAL,MANPOWER_INITIAL,DSM_NM,,,varchar,,,,
MAN,IDAS_MANPOWER_INITIAL,Kode ASM,float,,BRZ_MAN,IDAS_MANPOWER_INITIAL,Kode ASM,float,,Direct,SLV_MAN,IDAS_MANPOWER_INITIAL,MANPOWER_INITIAL,ASM_CD,,,float,,,,
MAN,IDAS_MANPOWER_INITIAL,Kode AGASM,float,,BRZ_MAN,IDAS_MANPOWER_INITIAL,Kode AGASM,float,,Direct,SLV_MAN,IDAS_MANPOWER_INITIAL,MANPOWER_INITIAL,AGASM_CD,,,float,,,,
MAN,IDAS_MANPOWER_INITIAL,Nama ASM,nvarchar,255,BRZ_MAN,IDAS_MANPOWER_INITIAL,Nama ASM,varchar,,Direct,SLV_MAN,IDAS_MANPOWER_INITIAL,MANPOWER_INITIAL,ASM_NM,,,varchar,,,,
MAN,IDAS_MANPOWER_INITIAL,Area Code,float,,BRZ_MAN,IDAS_MANPOWER_INITIAL,Area Code,float,,Direct,SLV_MAN,IDAS_MANPOWER_INITIAL,MANPOWER_INITIAL,AREA_CD,,,float,,,,
MAN,IDAS_MANPOWER_INITIAL,Kode FA,float,,BRZ_MAN,IDAS_MANPOWER_INITIAL,Kode FA,float,,Direct,SLV_MAN,IDAS_MANPOWER_INITIAL,MANPOWER_INITIAL,FA_CD,,,float,,,,
MAN,IDAS_MANPOWER_INITIAL,Nama FA,nvarchar,255,BRZ_MAN,IDAS_MANPOWER_INITIAL,Nama FA,varchar,,Direct,SLV_MAN,IDAS_MANPOWER_INITIAL,MANPOWER_INITIAL,FA_NM,,,varchar,,,,
MAN,IDAS_MANPOWER_INITIAL,Sales Force Type,nvarchar,255,BRZ_MAN,IDAS_MANPOWER_INITIAL,Sales Force Type,varchar,,Direct,SLV_MAN,IDAS_MANPOWER_INITIAL,MANPOWER_INITIAL,SALES_FORCE_TYPE,,,varchar,,,,
MAN,IDAS_MANPOWER_INITIAL,Branch Code,float,,BRZ_MAN,IDAS_MANPOWER_INITIAL,Branch Code,float,,Direct,SLV_MAN,IDAS_MANPOWER_INITIAL,MANPOWER_INITIAL,BRANCH_CD,,,float,,,,
MAN,IDAS_MANPOWER_INITIAL,Branch Type,nvarchar,255,BRZ_MAN,IDAS_MANPOWER_INITIAL,Branch Type,varchar,,Direct,SLV_MAN,IDAS_MANPOWER_INITIAL,MANPOWER_INITIAL,BRANCH_TYPE,,,varchar,,,,
MAN,IDAS_MANPOWER_INITIAL,BATCH,float,,BRZ_MAN,IDAS_MANPOWER_INITIAL,BATCH,float,,Direct,SLV_MAN,IDAS_MANPOWER_INITIAL,MANPOWER_INITIAL,BATCH,,,float,,,,
MAN,IDAS_MANPOWER_INITIAL,LOS,float,,BRZ_MAN,IDAS_MANPOWER_INITIAL,LOS,float,,Direct,SLV_MAN,IDAS_MANPOWER_INITIAL,MANPOWER_INITIAL,LOS,,,float,,,,
MAN,IDAS_MANPOWER_INITIAL,insert_date,datetime,,BRZ_MAN,IDAS_MANPOWER_INITIAL,insert_date,timestamp_ntz,,Direct,SLV_MAN,IDAS_MANPOWER_INITIAL,MANPOWER_INITIAL,INSERT_DT,,,timestamp_ntz,,,,
MAN,IDAS_MANPOWER_INITIAL,LOGDATE,datetime,,BRZ_MAN,IDAS_MANPOWER_INITIAL,LOGDATE,timestamp_ntz,,Direct,SLV_MAN,IDAS_MANPOWER_INITIAL,MANPOWER_INITIAL,LOG_DT,,,timestamp_ntz,,,,
MAN,UPLOAD_SINGLE_PREMI_PRODUCT_BA,PRODUCTID,varchar,30,BRZ_MAN,UPLOAD_SINGLE_PREMI_PRODUCT_BA,PRODUCTID,varchar,,Direct,SLV_MAN,UPLOAD_SINGLE_PREMI_PRODUCT_BA,SINGLE_PREMI_PRODUCT_BA,PRODUCT_CD,,,varchar,,,,
MAN,UPLOAD_SINGLE_PREMI_PRODUCT_BA,BPREM/LPREM,char,1,BRZ_MAN,UPLOAD_SINGLE_PREMI_PRODUCT_BA,BPREM/LPREM,varchar,,Direct,SLV_MAN,UPLOAD_SINGLE_PREMI_PRODUCT_BA,SINGLE_PREMI_PRODUCT_BA,IS_BPREM_LPREM,,,boolean,,,,
MAN,IDAS_UPLOAD_STRUCTURE_PBO,NIP,varchar,50,BRZ_MAN,IDAS_UPLOAD_STRUCTURE_PBO,NIP,varchar,,Direct,SLV_MAN,IDAS_UPLOAD_STRUCTURE_PBO,STRUCTURE_PBO,EMPLOYEE_ID,,,varchar,,,,
MAN,IDAS_UPLOAD_STRUCTURE_PBO,NAMA_PEGAWAI,varchar,100,BRZ_MAN,IDAS_UPLOAD_STRUCTURE_PBO,NAMA_PEGAWAI,varchar,,Direct,SLV_MAN,IDAS_UPLOAD_STRUCTURE_PBO,STRUCTURE_PBO,EMPLOYEE_NM,,,varchar,,,,
MAN,IDAS_UPLOAD_STRUCTURE_PBO,JABATAN,varchar,50,BRZ_MAN,IDAS_UPLOAD_STRUCTURE_PBO,JABATAN,varchar,,Direct,SLV_MAN,IDAS_UPLOAD_STRUCTURE_PBO,STRUCTURE_PBO,POSITION,,,varchar,,,,
MAN,IDAS_UPLOAD_STRUCTURE_PBO,NAMA_OUTLET,varchar,100,BRZ_MAN,IDAS_UPLOAD_STRUCTURE_PBO,NAMA_OUTLET,varchar,,Direct,SLV_MAN,IDAS_UPLOAD_STRUCTURE_PBO,STRUCTURE_PBO,OUTLET_NM,,,varchar,,,,
MAN,IDAS_UPLOAD_STRUCTURE_PBO,KODE_OUTLET,varchar,50,BRZ_MAN,IDAS_UPLOAD_STRUCTURE_PBO,KODE_OUTLET,varchar,,Direct,SLV_MAN,IDAS_UPLOAD_STRUCTURE_PBO,STRUCTURE_PBO,OUTLET_CD,,,varchar,,,,
MAN,IDAS_UPLOAD_STRUCTURE_PBO,KANWIL,varchar,10,BRZ_MAN,IDAS_UPLOAD_STRUCTURE_PBO,KANWIL,varchar,,Direct,SLV_MAN,IDAS_UPLOAD_STRUCTURE_PBO,STRUCTURE_PBO,REGIONAL_OFFICE,,,varchar,,,,
MAN,IDAS_UPLOAD_STRUCTURE_PBO,FACTPERIOD,int,,BRZ_MAN,IDAS_UPLOAD_STRUCTURE_PBO,FACTPERIOD,integer,,Direct,SLV_MAN,IDAS_UPLOAD_STRUCTURE_PBO,STRUCTURE_PBO,FACT_PERIOD,,,integer,,,,
MAN,IDAS_UPLOAD_MAPPING_AREA_MANDIRI,Kode Area,varchar,10,BRZ_MAN,IDAS_UPLOAD_MAPPING_AREA_MANDIRI,Kode Area,varchar,,Direct,SLV_MAN,IDAS_UPLOAD_MAPPING_AREA_MANDIRI,MAPPING_AREA_MANDIRI,AREA_CD,,,varchar,,,,
MAN,IDAS_UPLOAD_MAPPING_AREA_MANDIRI,Nama Area,varchar,100,BRZ_MAN,IDAS_UPLOAD_MAPPING_AREA_MANDIRI,Nama Area,varchar,,Direct,SLV_MAN,IDAS_UPLOAD_MAPPING_AREA_MANDIRI,MAPPING_AREA_MANDIRI,AREA_NM,,,varchar,,,,
MAN,IDAS_UPLOAD_MAPPING_AREA_MANDIRI,Logdate,datetime,,BRZ_MAN,IDAS_UPLOAD_MAPPING_AREA_MANDIRI,Logdate,timestamp_ntz,,Direct,SLV_MAN,IDAS_UPLOAD_MAPPING_AREA_MANDIRI,MAPPING_AREA_MANDIRI,LOG_DT,,,timestamp_ntz,,,,
MAN,IDAS_MANPOWER_TERMINATED_MANUAL_UPLOAD_LP,FACTPERIOD,int,,BRZ_MAN,IDAS_MANPOWER_TERMINATED_MANUAL_UPLOAD_LP,FACTPERIOD,integer,,Direct,SLV_MAN,IDAS_MANPOWER_TERMINATED_MANUAL_UPLOAD_LP,MANPOWER_TERMINATED_MANUAL_UPLOAD_LP,FACT_PERIOD,,,integer,,,,
MAN,IDAS_MANPOWER_TERMINATED_MANUAL_UPLOAD_LP,PERIODKEY,int,,BRZ_MAN,IDAS_MANPOWER_TERMINATED_MANUAL_UPLOAD_LP,PERIODKEY,integer,,Direct,SLV_MAN,IDAS_MANPOWER_TERMINATED_MANUAL_UPLOAD_LP,MANPOWER_TERMINATED_MANUAL_UPLOAD_LP,PERIOD_KEY,,,integer,,,,
MAN,IDAS_MANPOWER_TERMINATED_MANUAL_UPLOAD_LP,FLAG,int,,BRZ_MAN,IDAS_MANPOWER_TERMINATED_MANUAL_UPLOAD_LP,FLAG,integer,,Direct,SLV_MAN,IDAS_MANPOWER_TERMINATED_MANUAL_UPLOAD_LP,MANPOWER_TERMINATED_MANUAL_UPLOAD_LP,FLAG,,,integer,,,,
MAN,IDAS_MANPOWER_TERMINATED_MANUAL_UPLOAD_LP,Category,varchar,255,BRZ_MAN,IDAS_MANPOWER_TERMINATED_MANUAL_UPLOAD_LP,Category,varchar,,Direct,SLV_MAN,IDAS_MANPOWER_TERMINATED_MANUAL_UPLOAD_LP,MANPOWER_TERMINATED_MANUAL_UPLOAD_LP,CATEGORY,,,varchar,,,,
MAN,IDAS_MANPOWER_TERMINATED_MANUAL_UPLOAD_LP,Region Name,varchar,255,BRZ_MAN,IDAS_MANPOWER_TERMINATED_MANUAL_UPLOAD_LP,Region Name,varchar,,Direct,SLV_MAN,IDAS_MANPOWER_TERMINATED_MANUAL_UPLOAD_LP,MANPOWER_TERMINATED_MANUAL_UPLOAD_LP,REGION_NM,,,varchar,,,,
MAN,IDAS_MANPOWER_TERMINATED_MANUAL_UPLOAD_LP,Branch Code,float,,BRZ_MAN,IDAS_MANPOWER_TERMINATED_MANUAL_UPLOAD_LP,Branch Code,float,,Direct,SLV_MAN,IDAS_MANPOWER_TERMINATED_MANUAL_UPLOAD_LP,MANPOWER_TERMINATED_MANUAL_UPLOAD_LP,BRANCH_CD,,,float,,,,
MAN,IDAS_MANPOWER_TERMINATED_MANUAL_UPLOAD_LP,Branch Type,varchar,255,BRZ_MAN,IDAS_MANPOWER_TERMINATED_MANUAL_UPLOAD_LP,Branch Type,varchar,,Direct,SLV_MAN,IDAS_MANPOWER_TERMINATED_MANUAL_UPLOAD_LP,MANPOWER_TERMINATED_MANUAL_UPLOAD_LP,BRANCH_TYPE,,,varchar,,,,
MAN,IDAS_MANPOWER_TERMINATED_MANUAL_UPLOAD_LP,Branch Name,varchar,255,BRZ_MAN,IDAS_MANPOWER_TERMINATED_MANUAL_UPLOAD_LP,Branch Name,varchar,,Direct,SLV_MAN,IDAS_MANPOWER_TERMINATED_MANUAL_UPLOAD_LP,MANPOWER_TERMINATED_MANUAL_UPLOAD_LP,BRANCH_NM,,,varchar,,,,
MAN,IDAS_MANPOWER_TERMINATED_MANUAL_UPLOAD_LP,Sales Force Name,varchar,255,BRZ_MAN,IDAS_MANPOWER_TERMINATED_MANUAL_UPLOAD_LP,Sales Force Name,varchar,,Direct,SLV_MAN,IDAS_MANPOWER_TERMINATED_MANUAL_UPLOAD_LP,MANPOWER_TERMINATED_MANUAL_UPLOAD_LP,SALES_FORCE_NM,,,varchar,,,,
MAN,IDAS_MANPOWER_TERMINATED_MANUAL_UPLOAD_LP,Sales Force Code,varchar,255,BRZ_MAN,IDAS_MANPOWER_TERMINATED_MANUAL_UPLOAD_LP,Sales Force Code,varchar,,Direct,SLV_MAN,IDAS_MANPOWER_TERMINATED_MANUAL_UPLOAD_LP,MANPOWER_TERMINATED_MANUAL_UPLOAD_LP,SALES_FORCE_CD,,,varchar,,,,
MAN,IDAS_MANPOWER_TERMINATED_MANUAL_UPLOAD_LP,Sales Force Type,varchar,255,BRZ_MAN,IDAS_MANPOWER_TERMINATED_MANUAL_UPLOAD_LP,Sales Force Type,varchar,,Direct,SLV_MAN,IDAS_MANPOWER_TERMINATED_MANUAL_UPLOAD_LP,MANPOWER_TERMINATED_MANUAL_UPLOAD_LP,SALES_FORCE_TYPE,,,varchar,,,,
MAN,IDAS_MANPOWER_TERMINATED_MANUAL_UPLOAD_LP,Termination Date,float,,BRZ_MAN,IDAS_MANPOWER_TERMINATED_MANUAL_UPLOAD_LP,Termination Date,float,,Direct,SLV_MAN,IDAS_MANPOWER_TERMINATED_MANUAL_UPLOAD_LP,MANPOWER_TERMINATED_MANUAL_UPLOAD_LP,TERMINATION_DT,,,float,,,,
MAN,IDAS_MANPOWER_TERMINATED_MANUAL_UPLOAD_LP,Termination Reason,varchar,255,BRZ_MAN,IDAS_MANPOWER_TERMINATED_MANUAL_UPLOAD_LP,Termination Reason,varchar,,Direct,SLV_MAN,IDAS_MANPOWER_TERMINATED_MANUAL_UPLOAD_LP,MANPOWER_TERMINATED_MANUAL_UPLOAD_LP,TERMINATION_REASON,,,varchar,,,,
MAN,IDAS_MANPOWER_TERMINATED_MANUAL_UPLOAD_LP,Termination Remark,varchar,255,BRZ_MAN,IDAS_MANPOWER_TERMINATED_MANUAL_UPLOAD_LP,Termination Remark,varchar,,Direct,SLV_MAN,IDAS_MANPOWER_TERMINATED_MANUAL_UPLOAD_LP,MANPOWER_TERMINATED_MANUAL_UPLOAD_LP,TERMINATION_REMARK,,,varchar,,,,
MAN,IDAS_MANPOWER_TERMINATED_MANUAL_UPLOAD_LP,RSM,varchar,255,BRZ_MAN,IDAS_MANPOWER_TERMINATED_MANUAL_UPLOAD_LP,RSM,varchar,,Direct,SLV_MAN,IDAS_MANPOWER_TERMINATED_MANUAL_UPLOAD_LP,MANPOWER_TERMINATED_MANUAL_UPLOAD_LP,RSM,,,varchar,,,,
MAN,IDAS_MANPOWER_TERMINATED_MANUAL_UPLOAD_LP,DSM,varchar,255,BRZ_MAN,IDAS_MANPOWER_TERMINATED_MANUAL_UPLOAD_LP,DSM,varchar,,Direct,SLV_MAN,IDAS_MANPOWER_TERMINATED_MANUAL_UPLOAD_LP,MANPOWER_TERMINATED_MANUAL_UPLOAD_LP,DSM,,,varchar,,,,
MAN,IDAS_MANPOWER_TERMINATED_MANUAL_UPLOAD_LP,ASM,varchar,255,BRZ_MAN,IDAS_MANPOWER_TERMINATED_MANUAL_UPLOAD_LP,ASM,varchar,,Direct,SLV_MAN,IDAS_MANPOWER_TERMINATED_MANUAL_UPLOAD_LP,MANPOWER_TERMINATED_MANUAL_UPLOAD_LP,ASM,,,varchar,,,,
MAN,IDAS_MANPOWER_TERMINATED_MANUAL_UPLOAD_LP,LOS,float,,BRZ_MAN,IDAS_MANPOWER_TERMINATED_MANUAL_UPLOAD_LP,LOS,float,,Direct,SLV_MAN,IDAS_MANPOWER_TERMINATED_MANUAL_UPLOAD_LP,MANPOWER_TERMINATED_MANUAL_UPLOAD_LP,LOS,,,float,,,,
MAN,IDAS_MANPOWER_TERMINATED_MANUAL_UPLOAD_LP,FA Code,float,,BRZ_MAN,IDAS_MANPOWER_TERMINATED_MANUAL_UPLOAD_LP,FA Code,float,,Direct,SLV_MAN,IDAS_MANPOWER_TERMINATED_MANUAL_UPLOAD_LP,MANPOWER_TERMINATED_MANUAL_UPLOAD_LP,FA_CD,,,float,,,,
MAN,IDAS_MANPOWER_TERMINATED_MANUAL_UPLOAD_LP,Sex,varchar,255,BRZ_MAN,IDAS_MANPOWER_TERMINATED_MANUAL_UPLOAD_LP,Sex,varchar,,Direct,SLV_MAN,IDAS_MANPOWER_TERMINATED_MANUAL_UPLOAD_LP,MANPOWER_TERMINATED_MANUAL_UPLOAD_LP,SEX,,,varchar,,,,
MAN,IDAS_MANPOWER_TERMINATED_MANUAL_UPLOAD_LP,LOGDATE,datetime,,BRZ_MAN,IDAS_MANPOWER_TERMINATED_MANUAL_UPLOAD_LP,LOGDATE,timestamp_ntz,,Direct,SLV_MAN,IDAS_MANPOWER_TERMINATED_MANUAL_UPLOAD_LP,MANPOWER_TERMINATED_MANUAL_UPLOAD_LP,LOG_DT,,,timestamp_ntz,,,,
MDM,C_B_PARTY_ROLE_APPL,ROWID_OBJECT,bigint,,BRZ_MDM,C_B_PARTY_ROLE_APPL,ROWID_OBJECT,bigint,,Direct,SLV_MDM,C_B_PARTY_ROLE_APPL,C_B_PARTY_ROLE_APPL,ROWID_OBJECT,,,bigint,,,,
MDM,C_B_PARTY_ROLE_APPL,CREATOR,nvarchar,50,BRZ_MDM,C_B_PARTY_ROLE_APPL,CREATOR,varchar,,Direct,SLV_MDM,C_B_PARTY_ROLE_APPL,C_B_PARTY_ROLE_APPL,CREATOR,,,varchar,,,,
MDM,C_B_PARTY_ROLE_APPL,CREATE_DATE,varchar,75,BRZ_MDM,C_B_PARTY_ROLE_APPL,CREATE_DATE,varchar,,Direct,SLV_MDM,C_B_PARTY_ROLE_APPL,C_B_PARTY_ROLE_APPL,CREATE_DT,,,varchar,,,,
MDM,C_B_PARTY_ROLE_APPL,UPDATED_BY,nvarchar,50,BRZ_MDM,C_B_PARTY_ROLE_APPL,UPDATED_BY,varchar,,Direct,SLV_MDM,C_B_PARTY_ROLE_APPL,C_B_PARTY_ROLE_APPL,UPDATED_BY,,,varchar,,,,
MDM,C_B_PARTY_ROLE_APPL,LAST_UPDATE_DATE,varchar,75,BRZ_MDM,C_B_PARTY_ROLE_APPL,LAST_UPDATE_DATE,varchar,,Direct,SLV_MDM,C_B_PARTY_ROLE_APPL,C_B_PARTY_ROLE_APPL,LAST_UPDATE_DT,,,varchar,,,,
MDM,C_B_PARTY_ROLE_APPL,CONSOLIDATION_IND,numeric,"38, 0",BRZ_MDM,C_B_PARTY_ROLE_APPL,CONSOLIDATION_IND,number,"38, 0",Direct,SLV_MDM,C_B_PARTY_ROLE_APPL,C_B_PARTY_ROLE_APPL,CONSOLIDATION_IND,,,number,"38, 0",,,
MDM,C_B_PARTY_ROLE_APPL,DELETED_IND,numeric,"38, 0",BRZ_MDM,C_B_PARTY_ROLE_APPL,DELETED_IND,number,"38, 0",Direct,SLV_MDM,C_B_PARTY_ROLE_APPL,C_B_PARTY_ROLE_APPL,DELETED_IND,,,number,"38, 0",,,
MDM,C_B_PARTY_ROLE_APPL,DELETED_BY,nvarchar,50,BRZ_MDM,C_B_PARTY_ROLE_APPL,DELETED_BY,varchar,,Direct,SLV_MDM,C_B_PARTY_ROLE_APPL,C_B_PARTY_ROLE_APPL,DELETED_BY,,,varchar,,,,
MDM,C_B_PARTY_ROLE_APPL,DELETED_DATE,varchar,75,BRZ_MDM,C_B_PARTY_ROLE_APPL,DELETED_DATE,varchar,,Direct,SLV_MDM,C_B_PARTY_ROLE_APPL,C_B_PARTY_ROLE_APPL,DELETED_DT,,,varchar,,,,
MDM,C_B_PARTY_ROLE_APPL,LAST_ROWID_SYSTEM,nvarchar,14,BRZ_MDM,C_B_PARTY_ROLE_APPL,LAST_ROWID_SYSTEM,varchar,,Direct,SLV_MDM,C_B_PARTY_ROLE_APPL,C_B_PARTY_ROLE_APPL,LAST_ROWID_SYSTEM,,,varchar,,,,
MDM,C_B_PARTY_ROLE_APPL,DIRTY_IND,numeric,"38, 0",BRZ_MDM,C_B_PARTY_ROLE_APPL,DIRTY_IND,number,"38, 0",Direct,SLV_MDM,C_B_PARTY_ROLE_APPL,C_B_PARTY_ROLE_APPL,DIRTY_IND,,,number,"38, 0",,,
MDM,C_B_PARTY_ROLE_APPL,INTERACTION_ID,numeric,"38, 0",BRZ_MDM,C_B_PARTY_ROLE_APPL,INTERACTION_ID,number,"38, 0",Direct,SLV_MDM,C_B_PARTY_ROLE_APPL,C_B_PARTY_ROLE_APPL,INTERACTION_ID,,,number,"38, 0",,,
MDM,C_B_PARTY_ROLE_APPL,HUB_STATE_IND,numeric,"38, 0",BRZ_MDM,C_B_PARTY_ROLE_APPL,HUB_STATE_IND,number,"38, 0",Direct,SLV_MDM,C_B_PARTY_ROLE_APPL,C_B_PARTY_ROLE_APPL,HUB_STATE_IND,,,number,"38, 0",,,
MDM,C_B_PARTY_ROLE_APPL,CM_DIRTY_IND,numeric,"38, 0",BRZ_MDM,C_B_PARTY_ROLE_APPL,CM_DIRTY_IND,number,"38, 0",Direct,SLV_MDM,C_B_PARTY_ROLE_APPL,C_B_PARTY_ROLE_APPL,CM_DIRTY_IND,,,number,"38, 0",,,
MDM,C_B_PARTY_ROLE_APPL,ENTITY_CD,nvarchar,10,BRZ_MDM,C_B_PARTY_ROLE_APPL,ENTITY_CD,varchar,,Direct,SLV_MDM,C_B_PARTY_ROLE_APPL,C_B_PARTY_ROLE_APPL,ENTITY_CD,,,varchar,,,,
MDM,C_B_PARTY_ROLE_APPL,PARTY_ROLE_CD,nvarchar,10,BRZ_MDM,C_B_PARTY_ROLE_APPL,PARTY_ROLE_CD,varchar,,Direct,SLV_MDM,C_B_PARTY_ROLE_APPL,C_B_PARTY_ROLE_APPL,PARTY_ROLE_CD,,,varchar,,,,
MDM,C_B_PARTY_ROLE_APPL,ROWID_APPL,bigint,,BRZ_MDM,C_B_PARTY_ROLE_APPL,ROWID_APPL,bigint,,Direct,SLV_MDM,C_B_PARTY_ROLE_APPL,C_B_PARTY_ROLE_APPL,ROWID_APPL,,,bigint,,,,
MDM,C_B_PARTY_ROLE_APPL,ROWID_PARTY,bigint,,BRZ_MDM,C_B_PARTY_ROLE_APPL,ROWID_PARTY,bigint,,Direct,SLV_MDM,C_B_PARTY_ROLE_APPL,C_B_PARTY_ROLE_APPL,ROWID_PARTY,,,bigint,,,,
MDM,C_B_PARTY_ROLE_APPL,AFFILIATE_CD,nvarchar,10,BRZ_MDM,C_B_PARTY_ROLE_APPL,AFFILIATE_CD,varchar,,Direct,SLV_MDM,C_B_PARTY_ROLE_APPL,C_B_PARTY_ROLE_APPL,AFFILIATE_CD,,,varchar,,,,
MDM,C_B_PARTY_ROLE_APPL,CERTIFICATE_NO,nvarchar,10,BRZ_MDM,C_B_PARTY_ROLE_APPL,CERTIFICATE_NO,varchar,,Direct,SLV_MDM,C_B_PARTY_ROLE_APPL,C_B_PARTY_ROLE_APPL,CERTIFICATE_NO,,,varchar,,,,
MDM,C_B_PARTY_ROLE_APPL,DEPENDENT_NO,nvarchar,3,BRZ_MDM,C_B_PARTY_ROLE_APPL,DEPENDENT_NO,varchar,,Direct,SLV_MDM,C_B_PARTY_ROLE_APPL,C_B_PARTY_ROLE_APPL,DEPENDENT_NO,,,varchar,,,,
MDM,C_B_PARTY_ROLE_APPL,BENEFICIARY_ID,nvarchar,32,BRZ_MDM,C_B_PARTY_ROLE_APPL,BENEFICIARY_ID,varchar,,Direct,SLV_MDM,C_B_PARTY_ROLE_APPL,C_B_PARTY_ROLE_APPL,BENEFICIARY_ID,,,varchar,,,,
MDM,C_B_PARTY_ROLE_APPL,PARTY_ROLE_STAT_CD,nvarchar,10,BRZ_MDM,C_B_PARTY_ROLE_APPL,PARTY_ROLE_STAT_CD,varchar,,Direct,SLV_MDM,C_B_PARTY_ROLE_APPL,C_B_PARTY_ROLE_APPL,PARTY_ROLE_STAT_CD,,,varchar,,,,
MDM,C_B_PARTY_ROLE_APPL,STD_PARTY_ROLE_STAT_CD,nvarchar,10,BRZ_MDM,C_B_PARTY_ROLE_APPL,STD_PARTY_ROLE_STAT_CD,varchar,,Direct,SLV_MDM,C_B_PARTY_ROLE_APPL,C_B_PARTY_ROLE_APPL,STD_PARTY_ROLE_STAT_CD,,,varchar,,,,
MDM,C_B_PARTY_ROLE_APPL,PARTY_ROLE_START_DT,datetime,,BRZ_MDM,C_B_PARTY_ROLE_APPL,PARTY_ROLE_START_DT,timestamp_ntz,,Direct,SLV_MDM,C_B_PARTY_ROLE_APPL,C_B_PARTY_ROLE_APPL,PARTY_ROLE_START_DT,,,timestamp_ntz,,,,
MDM,C_B_PARTY_ROLE_APPL,PARTY_ROLE_TERMINATION_DT,datetime,,BRZ_MDM,C_B_PARTY_ROLE_APPL,PARTY_ROLE_TERMINATION_DT,timestamp_ntz,,Direct,SLV_MDM,C_B_PARTY_ROLE_APPL,C_B_PARTY_ROLE_APPL,PARTY_ROLE_TERMINATION_DT,,,timestamp_ntz,,,,
MDM,C_B_PARTY_IDENTIFIER,ROWID_OBJECT,bigint,,BRZ_MDM,C_B_PARTY_IDENTIFIER,ROWID_OBJECT,bigint,,Direct,SLV_MDM,C_B_PARTY_IDENTIFIER,C_B_PARTY_IDENTIFIER,ROWID_OBJ,,,bigint,,,,
MDM,C_B_PARTY_IDENTIFIER,CREATOR,nvarchar,50,BRZ_MDM,C_B_PARTY_IDENTIFIER,CREATOR,varchar,,Direct,SLV_MDM,C_B_PARTY_IDENTIFIER,C_B_PARTY_IDENTIFIER,CREATOR,,,varchar,,,,
MDM,C_B_PARTY_IDENTIFIER,CREATE_DATE,varchar,75,BRZ_MDM,C_B_PARTY_IDENTIFIER,CREATE_DATE,varchar,,Direct,SLV_MDM,C_B_PARTY_IDENTIFIER,C_B_PARTY_IDENTIFIER,CREATE_DT,,,varchar,,,,
MDM,C_B_PARTY_IDENTIFIER,UPDATED_BY,nvarchar,50,BRZ_MDM,C_B_PARTY_IDENTIFIER,UPDATED_BY,varchar,,Direct,SLV_MDM,C_B_PARTY_IDENTIFIER,C_B_PARTY_IDENTIFIER,UPDATED_BY,,,varchar,,,,
MDM,C_B_PARTY_IDENTIFIER,LAST_UPDATE_DATE,varchar,75,BRZ_MDM,C_B_PARTY_IDENTIFIER,LAST_UPDATE_DATE,varchar,,Direct,SLV_MDM,C_B_PARTY_IDENTIFIER,C_B_PARTY_IDENTIFIER,LAST_UPDATE_DT,,,varchar,,,,
MDM,C_B_PARTY_IDENTIFIER,CONSOLIDATION_IND,numeric,"38, 0",BRZ_MDM,C_B_PARTY_IDENTIFIER,CONSOLIDATION_IND,number,"38, 0",Direct,SLV_MDM,C_B_PARTY_IDENTIFIER,C_B_PARTY_IDENTIFIER,CONSOLIDATION_IND,,,number,"38, 0",,,
MDM,C_B_PARTY_IDENTIFIER,DELETED_IND,numeric,"38, 0",BRZ_MDM,C_B_PARTY_IDENTIFIER,DELETED_IND,number,"38, 0",Direct,SLV_MDM,C_B_PARTY_IDENTIFIER,C_B_PARTY_IDENTIFIER,DELETED_IND,,,number,"38, 0",,,
MDM,C_B_PARTY_IDENTIFIER,DELETED_BY,nvarchar,50,BRZ_MDM,C_B_PARTY_IDENTIFIER,DELETED_BY,varchar,,Direct,SLV_MDM,C_B_PARTY_IDENTIFIER,C_B_PARTY_IDENTIFIER,DELETED_BY,,,varchar,,,,
MDM,C_B_PARTY_IDENTIFIER,DELETED_DATE,varchar,75,BRZ_MDM,C_B_PARTY_IDENTIFIER,DELETED_DATE,varchar,,Direct,SLV_MDM,C_B_PARTY_IDENTIFIER,C_B_PARTY_IDENTIFIER,DELETED_DT,,,varchar,,,,
MDM,C_B_PARTY_IDENTIFIER,LAST_ROWID_SYSTEM,nvarchar,14,BRZ_MDM,C_B_PARTY_IDENTIFIER,LAST_ROWID_SYSTEM,varchar,,Direct,SLV_MDM,C_B_PARTY_IDENTIFIER,C_B_PARTY_IDENTIFIER,LAST_ROWID_SYSTEM,,,varchar,,,,
MDM,C_B_PARTY_IDENTIFIER,DIRTY_IND,numeric,"38, 0",BRZ_MDM,C_B_PARTY_IDENTIFIER,DIRTY_IND,number,"38, 0",Direct,SLV_MDM,C_B_PARTY_IDENTIFIER,C_B_PARTY_IDENTIFIER,DIRTY_IND,,,number,"38, 0",,,
MDM,C_B_PARTY_IDENTIFIER,INTERACTION_ID,numeric,"38, 0",BRZ_MDM,C_B_PARTY_IDENTIFIER,INTERACTION_ID,number,"38, 0",Direct,SLV_MDM,C_B_PARTY_IDENTIFIER,C_B_PARTY_IDENTIFIER,INTERACTION_ID,,,number,"38, 0",,,
MDM,C_B_PARTY_IDENTIFIER,HUB_STATE_IND,numeric,"38, 0",BRZ_MDM,C_B_PARTY_IDENTIFIER,HUB_STATE_IND,number,"38, 0",Direct,SLV_MDM,C_B_PARTY_IDENTIFIER,C_B_PARTY_IDENTIFIER,HUB_STATE_IND,,,number,"38, 0",,,
MDM,C_B_PARTY_IDENTIFIER,CM_DIRTY_IND,numeric,"38, 0",BRZ_MDM,C_B_PARTY_IDENTIFIER,CM_DIRTY_IND,number,"38, 0",Direct,SLV_MDM,C_B_PARTY_IDENTIFIER,C_B_PARTY_IDENTIFIER,CM_DIRTY_IND,,,number,"38, 0",,,
MDM,C_B_PARTY_IDENTIFIER,ID_DOC_NO,nvarchar,100,BRZ_MDM,C_B_PARTY_IDENTIFIER,ID_DOC_NO,varchar,,Direct,SLV_MDM,C_B_PARTY_IDENTIFIER,C_B_PARTY_IDENTIFIER,ID_DOC_NO,,,varchar,,,,
MDM,C_B_PARTY_IDENTIFIER,ID_DOC_TYPE_CD,nvarchar,20,BRZ_MDM,C_B_PARTY_IDENTIFIER,ID_DOC_TYPE_CD,varchar,,Direct,SLV_MDM,C_B_PARTY_IDENTIFIER,C_B_PARTY_IDENTIFIER,ID_DOC_TYPE_CD,,,varchar,,,,
MDM,C_B_PARTY_IDENTIFIER,ENTITY_CD,nvarchar,10,BRZ_MDM,C_B_PARTY_IDENTIFIER,ENTITY_CD,varchar,,Direct,SLV_MDM,C_B_PARTY_IDENTIFIER,C_B_PARTY_IDENTIFIER,ENTITY_CD,,,varchar,,,,
MDM,C_B_PARTY_IDENTIFIER,ROWID_PARTY,bigint,,BRZ_MDM,C_B_PARTY_IDENTIFIER,ROWID_PARTY,bigint,,Direct,SLV_MDM,C_B_PARTY_IDENTIFIER,C_B_PARTY_IDENTIFIER,ROWID_PARTY,,,bigint,,,,
MDM,C_B_PARTY_IDENTIFIER,GOLDEN_FLAG,nvarchar,1,BRZ_MDM,C_B_PARTY_IDENTIFIER,GOLDEN_FLAG,varchar,,Direct,SLV_MDM,C_B_PARTY_IDENTIFIER,C_B_PARTY_IDENTIFIER,IS_GOLDEN,,,boolean,,,,
MDM,C_B_PARTY_IDENTIFIER,ID_CHECK_DIGIT,nvarchar,3,BRZ_MDM,C_B_PARTY_IDENTIFIER,ID_CHECK_DIGIT,varchar,,Direct,SLV_MDM,C_B_PARTY_IDENTIFIER,C_B_PARTY_IDENTIFIER,ID_CHECK_DIGIT,,,varchar,,,,
MDM,C_B_PARTY_IDENTIFIER,PKEY_PARTY_IDEN,nvarchar,255,BRZ_MDM,C_B_PARTY_IDENTIFIER,PKEY_PARTY_IDEN,varchar,,Direct,SLV_MDM,C_B_PARTY_IDENTIFIER,C_B_PARTY_IDENTIFIER,PKEY_PARTY_IDEN,,,varchar,,,,
MDM,C_B_PARTY_IDENTIFIER,SRC_SYSTEM,nvarchar,10,BRZ_MDM,C_B_PARTY_IDENTIFIER,SRC_SYSTEM,varchar,,Direct,SLV_MDM,C_B_PARTY_IDENTIFIER,C_B_PARTY_IDENTIFIER,SRC_SYSTEM,,,varchar,,,,
MDM,C_B_PARTY_IDENTIFIER,STD_ID_DOC_NO,nvarchar,100,BRZ_MDM,C_B_PARTY_IDENTIFIER,STD_ID_DOC_NO,varchar,,Direct,SLV_MDM,C_B_PARTY_IDENTIFIER,C_B_PARTY_IDENTIFIER,STD_ID_DOC_NO,,,varchar,,,,
MDM,C_B_ELEC_CONTACT,ROWID_OBJECT,bigint,,BRZ_MDM,C_B_ELEC_CONTACT,ROWID_OBJECT,bigint,,Direct,SLV_MDM,C_B_ELEC_CONTACT,C_B_ELEC_CONTACT,ROW_ID_OBJECT,,,bigint,,,,
MDM,C_B_ELEC_CONTACT,CREATOR,nvarchar,50,BRZ_MDM,C_B_ELEC_CONTACT,CREATOR,varchar,,Direct,SLV_MDM,C_B_ELEC_CONTACT,C_B_ELEC_CONTACT,CREATOR,,,varchar,,,,
MDM,C_B_ELEC_CONTACT,CREATE_DATE,varchar,75,BRZ_MDM,C_B_ELEC_CONTACT,CREATE_DATE,varchar,,Direct,SLV_MDM,C_B_ELEC_CONTACT,C_B_ELEC_CONTACT,CREATE_DT,,,varchar,,,,
MDM,C_B_ELEC_CONTACT,UPDATED_BY,nvarchar,50,BRZ_MDM,C_B_ELEC_CONTACT,UPDATED_BY,varchar,,Direct,SLV_MDM,C_B_ELEC_CONTACT,C_B_ELEC_CONTACT,UPDATED_BY,,,varchar,,,,
MDM,C_B_ELEC_CONTACT,LAST_UPDATE_DATE,varchar,75,BRZ_MDM,C_B_ELEC_CONTACT,LAST_UPDATE_DATE,varchar,,Direct,SLV_MDM,C_B_ELEC_CONTACT,C_B_ELEC_CONTACT,LAST_UPDATE_DT,,,varchar,,,,
MDM,C_B_ELEC_CONTACT,CONSOLIDATION_IND,numeric,"38, 0",BRZ_MDM,C_B_ELEC_CONTACT,CONSOLIDATION_IND,number,"38, 0",Direct,SLV_MDM,C_B_ELEC_CONTACT,C_B_ELEC_CONTACT,IS_CONSOLIDATION,,,boolean,,,,
MDM,C_B_ELEC_CONTACT,DELETED_IND,numeric,"38, 0",BRZ_MDM,C_B_ELEC_CONTACT,DELETED_IND,number,"38, 0",Direct,SLV_MDM,C_B_ELEC_CONTACT,C_B_ELEC_CONTACT,IS_DELETED,,,boolean,,,,
MDM,C_B_ELEC_CONTACT,DELETED_BY,nvarchar,50,BRZ_MDM,C_B_ELEC_CONTACT,DELETED_BY,varchar,,Direct,SLV_MDM,C_B_ELEC_CONTACT,C_B_ELEC_CONTACT,DELETED_BY,,,varchar,,,,
MDM,C_B_ELEC_CONTACT,DELETED_DATE,varchar,75,BRZ_MDM,C_B_ELEC_CONTACT,DELETED_DATE,varchar,,Direct,SLV_MDM,C_B_ELEC_CONTACT,C_B_ELEC_CONTACT,DELETED_DT,,,varchar,,,,
MDM,C_B_ELEC_CONTACT,LAST_ROWID_SYSTEM,nvarchar,14,BRZ_MDM,C_B_ELEC_CONTACT,LAST_ROWID_SYSTEM,varchar,,Direct,SLV_MDM,C_B_ELEC_CONTACT,C_B_ELEC_CONTACT,LAST_ROW_ID_SYSTEM,,,varchar,,,,
MDM,C_B_ELEC_CONTACT,DIRTY_IND,numeric,"38, 0",BRZ_MDM,C_B_ELEC_CONTACT,DIRTY_IND,number,"38, 0",Direct,SLV_MDM,C_B_ELEC_CONTACT,C_B_ELEC_CONTACT,IS_DIRTY,,,boolean,,,,
MDM,C_B_ELEC_CONTACT,INTERACTION_ID,numeric,"38, 0",BRZ_MDM,C_B_ELEC_CONTACT,INTERACTION_ID,number,"38, 0",Direct,SLV_MDM,C_B_ELEC_CONTACT,C_B_ELEC_CONTACT,INTERACTION_ID,,,number,"38, 0",,,
MDM,C_B_ELEC_CONTACT,HUB_STATE_IND,numeric,"38, 0",BRZ_MDM,C_B_ELEC_CONTACT,HUB_STATE_IND,number,"38, 0",Direct,SLV_MDM,C_B_ELEC_CONTACT,C_B_ELEC_CONTACT,IS_HUB_STATE,,,boolean,,,,
MDM,C_B_ELEC_CONTACT,CM_DIRTY_IND,numeric,"38, 0",BRZ_MDM,C_B_ELEC_CONTACT,CM_DIRTY_IND,number,"38, 0",Direct,SLV_MDM,C_B_ELEC_CONTACT,C_B_ELEC_CONTACT,IS_CM_DIRTY,,,boolean,,,,
MDM,C_B_ELEC_CONTACT,ELECTRONIC_ADDR_VALUE,nvarchar,250,BRZ_MDM,C_B_ELEC_CONTACT,ELECTRONIC_ADDR_VALUE,varchar,,Direct,SLV_MDM,C_B_ELEC_CONTACT,C_B_ELEC_CONTACT,ELECTRONIC_ADDR_VALUE,,,varchar,,,,
MDM,C_B_ELEC_CONTACT,ELECTRONIC_ADDR_TYPE_CD,nvarchar,10,BRZ_MDM,C_B_ELEC_CONTACT,ELECTRONIC_ADDR_TYPE_CD,varchar,,Direct,SLV_MDM,C_B_ELEC_CONTACT,C_B_ELEC_CONTACT,ELECTRONIC_ADDR_TYPE_CD,,,varchar,,,,
MDM,C_B_ELEC_CONTACT,ENTITY_CD,nvarchar,10,BRZ_MDM,C_B_ELEC_CONTACT,ENTITY_CD,varchar,,Direct,SLV_MDM,C_B_ELEC_CONTACT,C_B_ELEC_CONTACT,ENTITY_CD,,,varchar,,,,
MDM,C_B_ELEC_CONTACT,ROWID_PARTY,bigint,,BRZ_MDM,C_B_ELEC_CONTACT,ROWID_PARTY,bigint,,Direct,SLV_MDM,C_B_ELEC_CONTACT,C_B_ELEC_CONTACT,ROW_ID_PARTY,,,bigint,,,,
MDM,C_B_ELEC_CONTACT,GOLDEN_FLAG,nvarchar,1,BRZ_MDM,C_B_ELEC_CONTACT,GOLDEN_FLAG,varchar,,Direct,SLV_MDM,C_B_ELEC_CONTACT,C_B_ELEC_CONTACT,IS_GOLDEN,,,boolean,,,,
MDM,C_B_ELEC_CONTACT,PKEY_ELEC_CONT,nvarchar,255,BRZ_MDM,C_B_ELEC_CONTACT,PKEY_ELEC_CONT,varchar,,Direct,SLV_MDM,C_B_ELEC_CONTACT,C_B_ELEC_CONTACT,PKEY_ELEC_CONT,,,varchar,,,,
MDM,C_B_ELEC_CONTACT,SRC_SYSTEM,nvarchar,10,BRZ_MDM,C_B_ELEC_CONTACT,SRC_SYSTEM,varchar,,Direct,SLV_MDM,C_B_ELEC_CONTACT,C_B_ELEC_CONTACT,SRC_SYSTEM,,,varchar,,,,
MDM,C_B_ELEC_CONTACT,LOGDATE,datetime,,BRZ_MDM,C_B_ELEC_CONTACT,LOGDATE,timestamp_ntz,,Direct,SLV_MDM,C_B_ELEC_CONTACT,C_B_ELEC_CONTACT,LOG_DT,,,timestamp_ntz,,,,
MAN,TBL_KODEPOS,,,,BRZ_MAN,TBL_KODEPOS,,,,Direct,SLV_MAN,TBL_KODEPOS,ZIP_CODE,,,,,,,,
DMTM,Beneficiary,BENEFICIARYID,varchar,25,BRZ_DMTM,Beneficiary,BENEFICIARYID,varchar,,Direct,SLV_DMTM,BENEFICIARY,BENEFICIARY,,,,varchar,,,,
DMTM,Beneficiary,INSUREDID,bigint,,BRZ_DMTM,Beneficiary,INSUREDID,bigint,,Direct,SLV_DMTM,BENEFICIARY,BENEFICIARY,,,,bigint,,,,
DMTM,Beneficiary,FIRSTNAME,varchar,100,BRZ_DMTM,Beneficiary,FIRSTNAME,varchar,,Direct,SLV_DMTM,BENEFICIARY,BENEFICIARY,,,,varchar,,,,
DMTM,Beneficiary,LASTNAME,varchar,100,BRZ_DMTM,Beneficiary,LASTNAME,varchar,,Direct,SLV_DMTM,BENEFICIARY,BENEFICIARY,,,,varchar,,,,
DMTM,Beneficiary,PERCENTAGE,float,,BRZ_DMTM,Beneficiary,PERCENTAGE,float,,Direct,SLV_DMTM,BENEFICIARY,BENEFICIARY,,,,float,,,,
DMTM,Beneficiary,IDENTITYNO,varchar,50,BRZ_DMTM,Beneficiary,IDENTITYNO,varchar,,Direct,SLV_DMTM,BENEFICIARY,BENEFICIARY,,,,varchar,,,,
DMTM,Beneficiary,COVERAGEID,char,10,BRZ_DMTM,Beneficiary,COVERAGEID,varchar,,Direct,SLV_DMTM,BENEFICIARY,BENEFICIARY,,,,varchar,,,,
DMTM,Beneficiary,SEXID,varchar,2,BRZ_DMTM,Beneficiary,SEXID,varchar,,Direct,SLV_DMTM,BENEFICIARY,BENEFICIARY,,,,varchar,,,,
DMTM,Beneficiary,RELATIONSHIPID,varchar,3,BRZ_DMTM,Beneficiary,RELATIONSHIPID,varchar,,Direct,SLV_DMTM,BENEFICIARY,BENEFICIARY,,,,varchar,,,,
DMTM,Beneficiary,BENEFICIARYTYPEID,varchar,3,BRZ_DMTM,Beneficiary,BENEFICIARYTYPEID,varchar,,Direct,SLV_DMTM,BENEFICIARY,BENEFICIARY,,,,varchar,,,,
DMTM,Beneficiary,CREATEBY,varchar,15,BRZ_DMTM,Beneficiary,CREATEBY,varchar,,Direct,SLV_DMTM,BENEFICIARY,BENEFICIARY,,,,varchar,,,,
DMTM,Beneficiary,CREATEDATE,datetime,,BRZ_DMTM,Beneficiary,CREATEDATE,timestamp_ntz,,Direct,SLV_DMTM,BENEFICIARY,BENEFICIARY,,,,timestamp_ntz,,,,
DMTM,Beneficiary,MODIFYBY,varchar,15,BRZ_DMTM,Beneficiary,MODIFYBY,varchar,,Direct,SLV_DMTM,BENEFICIARY,BENEFICIARY,,,,varchar,,,,
DMTM,Beneficiary,MODIFYDATE,datetime,,BRZ_DMTM,Beneficiary,MODIFYDATE,timestamp_ntz,,Direct,SLV_DMTM,BENEFICIARY,BENEFICIARY,,,,timestamp_ntz,,,,
DMTM,Beneficiary,BIRTHDATE,datetime,,BRZ_DMTM,Beneficiary,BIRTHDATE,timestamp_ntz,,Direct,SLV_DMTM,BENEFICIARY,BENEFICIARY,,,,timestamp_ntz,,,,
DMTM,Beneficiary,ACCOUNTNO,varchar,100,BRZ_DMTM,Beneficiary,ACCOUNTNO,varchar,,Direct,SLV_DMTM,BENEFICIARY,BENEFICIARY,,,,varchar,,,,
DMTM,Beneficiary,ACCOUNTNAME,varchar,200,BRZ_DMTM,Beneficiary,ACCOUNTNAME,varchar,,Direct,SLV_DMTM,BENEFICIARY,BENEFICIARY,,,,varchar,,,,
DMTM,Beneficiary,BANKNAME,varchar,100,BRZ_DMTM,Beneficiary,BANKNAME,varchar,,Direct,SLV_DMTM,BENEFICIARY,BENEFICIARY,,,,varchar,,,,
DMTM,Beneficiary,CLASSNAME,varchar,20,BRZ_DMTM,Beneficiary,CLASSNAME,varchar,,Direct,SLV_DMTM,BENEFICIARY,BENEFICIARY,,,,varchar,,,,
DMTM,Beneficiary,AMOUNTCLAIM,float,,BRZ_DMTM,Beneficiary,AMOUNTCLAIM,float,,Direct,SLV_DMTM,BENEFICIARY,BENEFICIARY,,,,float,,,,
DMTM,Beneficiary,SWIFTBANKCODE,varchar,25,BRZ_DMTM,Beneficiary,SWIFTBANKCODE,varchar,,Direct,SLV_DMTM,BENEFICIARY,BENEFICIARY,,,,varchar,,,,
DMTM,Beneficiary,BIRTHPLACE,varchar,100,BRZ_DMTM,Beneficiary,BIRTHPLACE,varchar,,Direct,SLV_DMTM,BENEFICIARY,BENEFICIARY,,,,varchar,,,,
DMTM,Beneficiary,LOGDATE,datetime,,BRZ_DMTM,Beneficiary,LOGDATE,timestamp_ntz,,Direct,SLV_DMTM,BENEFICIARY,BENEFICIARY,,,,timestamp_ntz,,,,
DMTM,Payment,PAYMENTID,varchar,50,BRZ_DMTM,Payment,PAYMENTID,varchar,,Direct,SLV_DMTM,PAYMENT,PAYMENT,PYMT_ID,,,varchar,,,,Direct
DMTM,Payment,POLICYNO,varchar,15,BRZ_DMTM,Payment,POLICYNO,varchar,,Direct,SLV_DMTM,PAYMENT,PAYMENT,POLICY_NO,,,varchar,,,,Direct
DMTM,Payment,CURRENCYID,varchar,3,BRZ_DMTM,Payment,CURRENCYID,varchar,,Direct,SLV_DMTM,PAYMENT,PAYMENT,CCY_ID,,,varchar,,,,Direct
DMTM,Payment,MODEID,varchar,3,BRZ_DMTM,Payment,MODEID,varchar,,Direct,SLV_DMTM,PAYMENT,PAYMENT,MODE_ID,,,varchar,,,,Direct
DMTM,Payment,METHODID,varchar,3,BRZ_DMTM,Payment,METHODID,varchar,,Direct,SLV_DMTM,PAYMENT,PAYMENT,MTHD_ID,,,varchar,,,,Direct
DMTM,Payment,STATUSID,varchar,3,BRZ_DMTM,Payment,STATUSID,varchar,,Direct,SLV_DMTM,PAYMENT,PAYMENT,STATUS_ID,,,varchar,,,,Direct
DMTM,Payment,TYPEID,varchar,3,BRZ_DMTM,Payment,TYPEID,varchar,,Direct,SLV_DMTM,PAYMENT,PAYMENT,TYPE_ID,,,varchar,,,,Direct
DMTM,Payment,REQUESTDATE,datetime,,BRZ_DMTM,Payment,REQUESTDATE,timestamp_ntz,,Direct,SLV_DMTM,PAYMENT,PAYMENT,REQUEST_DT,,,timestamp_ntz,,,,Direct
DMTM,Payment,PAYMENTDATE,datetime,,BRZ_DMTM,Payment,PAYMENTDATE,timestamp_ntz,,Direct,SLV_DMTM,PAYMENT,PAYMENT,PYMT_DT,,,timestamp_ntz,,,,Direct
DMTM,Payment,DUEDATE,datetime,,BRZ_DMTM,Payment,DUEDATE,timestamp_ntz,,Direct,SLV_DMTM,PAYMENT,PAYMENT,DUE_DT,,,timestamp_ntz,,,,Direct
DMTM,Payment,MONTHSPAID,int,,BRZ_DMTM,Payment,MONTHSPAID,integer,,Direct,SLV_DMTM,PAYMENT,PAYMENT,MTH_PAID,,,integer,,,,Direct
DMTM,Payment,ISDEBIT,int,,BRZ_DMTM,Payment,ISDEBIT,integer,,Direct,SLV_DMTM,PAYMENT,PAYMENT,IS_DEBIT,,,integer,,,,Direct
DMTM,Payment,AMOUNT,float,,BRZ_DMTM,Payment,AMOUNT,float,,Direct,SLV_DMTM,PAYMENT,PAYMENT,AMT,,,float,,,,Direct
DMTM,Payment,BANKID,varchar,15,BRZ_DMTM,Payment,BANKID,varchar,,Direct,SLV_DMTM,PAYMENT,PAYMENT,BANK_ID,,,varchar,,,,Direct
DMTM,Payment,BANKBRANCHID,varchar,15,BRZ_DMTM,Payment,BANKBRANCHID,varchar,,Direct,SLV_DMTM,PAYMENT,PAYMENT,BANK_BRANCH_ID,,,varchar,,,,Direct
DMTM,Payment,ACCOUNTNO,varchar,50,BRZ_DMTM,Payment,ACCOUNTNO,varchar,,Direct,SLV_DMTM,PAYMENT,PAYMENT,ACCT_NO,,,varchar,,,,Direct
DMTM,Payment,ACCOUNTNAME,varchar,100,BRZ_DMTM,Payment,ACCOUNTNAME,varchar,,Direct,SLV_DMTM,PAYMENT,PAYMENT,ACCT_NM,,,varchar,,,,Direct
DMTM,Payment,AUTHCODE,varchar,15,BRZ_DMTM,Payment,AUTHCODE,varchar,,Direct,SLV_DMTM,PAYMENT,PAYMENT,AUTH_CD,,,varchar,,,,Direct
DMTM,Payment,AUTHNOTES,varchar,50,BRZ_DMTM,Payment,AUTHNOTES,varchar,,Direct,SLV_DMTM,PAYMENT,PAYMENT,AUTH_NOTES,,,varchar,,,,Direct
DMTM,Payment,BILLEDAMOUNT,float,,BRZ_DMTM,Payment,BILLEDAMOUNT,float,,Direct,SLV_DMTM,PAYMENT,PAYMENT,BILLED_AMT,,,float,,,,Direct
DMTM,Payment,SOURCE,varchar,50,BRZ_DMTM,Payment,SOURCE,varchar,,Direct,SLV_DMTM,PAYMENT,PAYMENT,SRC,,,varchar,,,,Direct
DMTM,Payment,REFFERENCENO,varchar,50,BRZ_DMTM,Payment,REFFERENCENO,varchar,,Direct,SLV_DMTM,PAYMENT,PAYMENT,REF_NO,,,varchar,,,,Direct
DMTM,Payment,SEQUENCENO,varchar,15,BRZ_DMTM,Payment,SEQUENCENO,varchar,,Direct,SLV_DMTM,PAYMENT,PAYMENT,SEQ_NO,,,varchar,,,,Direct
DMTM,Payment,STATUSDATE,datetime,,BRZ_DMTM,Payment,STATUSDATE,timestamp_ntz,,Direct,SLV_DMTM,PAYMENT,PAYMENT,STATUS_DT,,,timestamp_ntz,,,,Direct
DMTM,Payment,STATUSNOTES,varchar,50,BRZ_DMTM,Payment,STATUSNOTES,varchar,,Direct,SLV_DMTM,PAYMENT,PAYMENT,STATUS_NOTES,,,varchar,,,,Direct
DMTM,Payment,CREATEDATE,datetime,,BRZ_DMTM,Payment,CREATEDATE,timestamp_ntz,,Direct,SLV_DMTM,PAYMENT,PAYMENT,CREATED_DT,,,timestamp_ntz,,,,Direct
DMTM,Payment,CREATEBY,varchar,15,BRZ_DMTM,Payment,CREATEBY,varchar,,Direct,SLV_DMTM,PAYMENT,PAYMENT,CREATED_BY,,,varchar,,,,Direct
DMTM,Payment,MODIFYDATE,datetime,,BRZ_DMTM,Payment,MODIFYDATE,timestamp_ntz,,Direct,SLV_DMTM,PAYMENT,PAYMENT,MODIFIED_DT,,,timestamp_ntz,,,,Direct
DMTM,Payment,MODIFYBY,varchar,15,BRZ_DMTM,Payment,MODIFYBY,varchar,,Direct,SLV_DMTM,PAYMENT,PAYMENT,MODIFIED_BY,,,varchar,,,,Direct
DMTM,Payment,ISOVERPAYMENT,varchar,15,BRZ_DMTM,Payment,ISOVERPAYMENT,varchar,,Direct,SLV_DMTM,PAYMENT,PAYMENT,IS_OVERPYMT,,,varchar,,,,Direct
DMTM,Payment,REMARK,varchar,8000,BRZ_DMTM,Payment,REMARK,varchar,,Direct,SLV_DMTM,PAYMENT,PAYMENT,REMARK,,,varchar,,,,Direct
DMTM,Payment,TARGETPAYMENTDATE,datetime,,BRZ_DMTM,Payment,TARGETPAYMENTDATE,timestamp_ntz,,Direct,SLV_DMTM,PAYMENT,PAYMENT,TARGET_PYMT_DT,,,timestamp_ntz,,,,Direct
DMTM,Payment,OVERPAYMENTRESULT,varchar,15,BRZ_DMTM,Payment,OVERPAYMENTRESULT,varchar,,Direct,SLV_DMTM,PAYMENT,PAYMENT,OVERPYMT_RESULT,,,varchar,,,,Direct
DMTM,Payment,REVERSEDATE,datetime,,BRZ_DMTM,Payment,REVERSEDATE,timestamp_ntz,,Direct,SLV_DMTM,PAYMENT,PAYMENT,REVERSE_DT,,,timestamp_ntz,,,,Direct
DMTM,Payment,cycle,datetime,,BRZ_DMTM,Payment,cycle,timestamp_ntz,,Direct,SLV_DMTM,PAYMENT,PAYMENT,CYCLE,,,timestamp_ntz,,,,Direct
DMTM,Payment,PAYMENTTYPE,varchar,3,BRZ_DMTM,Payment,PAYMENTTYPE,varchar,,Direct,SLV_DMTM,PAYMENT,PAYMENT,PYMT_TYPE,,,varchar,,,,Direct
DMTM,Payment,PAYMENTSOURCE,varchar,100,BRZ_DMTM,Payment,PAYMENTSOURCE,varchar,,Direct,SLV_DMTM,PAYMENT,PAYMENT,PYMT_SRC,,,varchar,,,,Direct
DMTM,Payment,BASICPREMIUM,float,,BRZ_DMTM,Payment,BASICPREMIUM,float,,Direct,SLV_DMTM,PAYMENT,PAYMENT,BASIC_PREMI,,,float,,,,Direct
DMTM,Payment,RIDERPREMIUM,float,,BRZ_DMTM,Payment,RIDERPREMIUM,float,,Direct,SLV_DMTM,PAYMENT,PAYMENT,RIDER_PREMI,,,float,,,,Direct
DMTM,Payment,DISCOUNTAMOUNT,float,,BRZ_DMTM,Payment,DISCOUNTAMOUNT,float,,Direct,SLV_DMTM,PAYMENT,PAYMENT,DISCOUNT_AMT,,,float,,,,Direct
DMTM,Payment,PAYMENTDATEBYFIN,datetime,,BRZ_DMTM,Payment,PAYMENTDATEBYFIN,timestamp_ntz,,Direct,SLV_DMTM,PAYMENT,PAYMENT,PYMT_DT_BY_FIN,,,timestamp_ntz,,,,Direct
DMTM,Payment,POSTDATE1,datetime,,BRZ_DMTM,Payment,POSTDATE1,timestamp_ntz,,Direct,SLV_DMTM,PAYMENT,PAYMENT,POST_DT_1,,,timestamp_ntz,,,,Direct
DMTM,Payment,POSTDATE2,datetime,,BRZ_DMTM,Payment,POSTDATE2,timestamp_ntz,,Direct,SLV_DMTM,PAYMENT,PAYMENT,POST_DT_2,,,timestamp_ntz,,,,Direct
DMTM,Payment,POSTDATE3,datetime,,BRZ_DMTM,Payment,POSTDATE3,timestamp_ntz,,Direct,SLV_DMTM,PAYMENT,PAYMENT,POST_DT_3,,,timestamp_ntz,,,,Direct
DMTM,Payment,POSTDATE4,datetime,,BRZ_DMTM,Payment,POSTDATE4,timestamp_ntz,,Direct,SLV_DMTM,PAYMENT,PAYMENT,POST_DT_4,,,timestamp_ntz,,,,Direct
DMTM,Payment,MONTHLYBENEFIT,float,,BRZ_DMTM,Payment,MONTHLYBENEFIT,float,,Direct,SLV_DMTM,PAYMENT,PAYMENT,MONTHLY_BENEFIT,,,float,,,,Direct
DMTM,Request,AGE,int,,BRZ_DMTM,Request,AGE,integer,,Direct,SLV_DMTM,REQUEST,REQUEST,AGE,,,integer,,,,
DMTM,Request,CREATEBY,varchar,50,BRZ_DMTM,Request,CREATEBY,varchar,,Direct,SLV_DMTM,REQUEST,REQUEST,CREATE_BY,,,varchar,,,,
DMTM,Request,CREATEDATE,datetime,,BRZ_DMTM,Request,CREATEDATE,timestamp_ntz,,Direct,SLV_DMTM,REQUEST,REQUEST,CREATE_DT,,,timestamp_ntz,,,,
DMTM,Request,DESCRIPTION,varchar,100,BRZ_DMTM,Request,DESCRIPTION,varchar,,Direct,SLV_DMTM,REQUEST,REQUEST,DESC,,,varchar,,,,
DMTM,Request,HANDLEBY,varchar,50,BRZ_DMTM,Request,HANDLEBY,varchar,,Direct,SLV_DMTM,REQUEST,REQUEST,HANDLE_BY,,,varchar,,,,
DMTM,Request,LOGDATE,datetime,,BRZ_DMTM,Request,LOGDATE,timestamp_ntz,,Direct,SLV_DMTM,REQUEST,REQUEST,LOG_DT,,,timestamp_ntz,,,,
DMTM,Request,MODIFYBY,varchar,50,BRZ_DMTM,Request,MODIFYBY,varchar,,Direct,SLV_DMTM,REQUEST,REQUEST,MODIFY_BY,,,varchar,,,,
DMTM,Request,MODIFYDATE,datetime,,BRZ_DMTM,Request,MODIFYDATE,timestamp_ntz,,Direct,SLV_DMTM,REQUEST,REQUEST,MODIFY_DT,,,timestamp_ntz,,,,
DMTM,Request,POLICYNO,varchar,15,BRZ_DMTM,Request,POLICYNO,varchar,,Direct,SLV_DMTM,REQUEST,REQUEST,POLICY_NO,,,varchar,,,,
DMTM,Request,REMARK,varchar,8000,BRZ_DMTM,Request,REMARK,varchar,,Direct,SLV_DMTM,REQUEST,REQUEST,REMARK,,,varchar,,,,
DMTM,Request,REQUESTBY,varchar,50,BRZ_DMTM,Request,REQUESTBY,varchar,,Direct,SLV_DMTM,REQUEST,REQUEST,REQUEST_BY,,,varchar,,,,
DMTM,Request,REQUESTBYNOTES,varchar,200,BRZ_DMTM,Request,REQUESTBYNOTES,varchar,,Direct,SLV_DMTM,REQUEST,REQUEST,REQUEST_BY_NOTES,,,varchar,,,,
DMTM,Request,REQUESTID,varchar,15,BRZ_DMTM,Request,REQUESTID,varchar,,Direct,SLV_DMTM,REQUEST,REQUEST,REQUEST_ID,,,varchar,,,,
DMTM,Request,SOURCEID,varchar,3,BRZ_DMTM,Request,SOURCEID,varchar,,Direct,SLV_DMTM,REQUEST,REQUEST,SRC_CD,,,varchar,,,,
DMTM,Request,STATUSDATE,datetime,,BRZ_DMTM,Request,STATUSDATE,timestamp_ntz,,Direct,SLV_DMTM,REQUEST,REQUEST,STATUS_DT,,,timestamp_ntz,,,,
DMTM,Request,STATUSID,varchar,3,BRZ_DMTM,Request,STATUSID,varchar,,Direct,SLV_DMTM,REQUEST,REQUEST,STATUS_CD,,,varchar,,,,
DMTM,Request,STATUSNOTES,varchar,100,BRZ_DMTM,Request,STATUSNOTES,varchar,,Direct,SLV_DMTM,REQUEST,REQUEST,STATUS_NOTES,,,varchar,,,,
DMTM,Request,SUBMITDATE,datetime,,BRZ_DMTM,Request,SUBMITDATE,timestamp_ntz,,Direct,SLV_DMTM,REQUEST,REQUEST,SUBMIT_DT,,,timestamp_ntz,,,,
DMTM,Request,TYPEID,varchar,3,BRZ_DMTM,Request,TYPEID,varchar,,Direct,SLV_DMTM,REQUEST,REQUEST,TYPE_CD,,,varchar,,,,
DMTM,PolicyStatus,STATUSID,varchar,2,BRZ_DMTM,PolicyStatus,STATUSID,varchar,,Direct,SLV_DMTM,POLICYSTATUS,POLICYSTATUS,,,,varchar,,,,
DMTM,PolicyStatus,DESCRIPTION,varchar,50,BRZ_DMTM,PolicyStatus,DESCRIPTION,varchar,,Direct,SLV_DMTM,POLICYSTATUS,POLICYSTATUS,,,,varchar,,,,
DMTM,PolicyStatus,LOGDATE,datetime,,BRZ_DMTM,PolicyStatus,LOGDATE,timestamp_ntz,,Direct,SLV_DMTM,POLICYSTATUS,POLICYSTATUS,,,,timestamp_ntz,,,,
DMTM,PAYMENTMTHOD,METHODID,varchar,3,BRZ_DMTM,PAYMENTMTHOD,METHODID,varchar,,Direct,SLV_DMTM,PAYMENTMETHOD,PAYMENTMETHOD,,,,varchar,,,,
DMTM,PAYMENTMTHOD,DESCRIPTION,varchar,50,BRZ_DMTM,PAYMENTMTHOD,DESCRIPTION,varchar,,Direct,SLV_DMTM,PAYMENTMETHOD,PAYMENTMETHOD,,,,varchar,,,,
DMTM,PAYMENTMTHOD,IPSOURCE,varchar,20,BRZ_DMTM,PAYMENTMTHOD,IPSOURCE,varchar,,Direct,SLV_DMTM,PAYMENTMETHOD,PAYMENTMETHOD,,,,varchar,,,,
DMTM,PAYMENTMTHOD,LOGDATE,datetime,,BRZ_DMTM,PAYMENTMTHOD,LOGDATE,timestamp_ntz,,Direct,SLV_DMTM,PAYMENTMETHOD,PAYMENTMETHOD,,,,timestamp_ntz,,,,
DMTM,AGENT,FIRSTNAME,varchar,100,BRZ_DMTM,AGENT,FIRSTNAME,varchar,,Direct,SLV_DMTM,AGENT,AGENT,,,,varchar,,,,
DMTM,AGENT,LASTNAME,varchar,100,BRZ_DMTM,AGENT,LASTNAME,varchar,,Direct,SLV_DMTM,AGENT,AGENT,,,,varchar,,,,
DMTM,AGENT,IDENTITYNO,varchar,100,BRZ_DMTM,AGENT,IDENTITYNO,varchar,,Direct,SLV_DMTM,AGENT,AGENT,,,,varchar,,,,
DMTM,AGENT,BIRTHPLACE,varchar,100,BRZ_DMTM,AGENT,BIRTHPLACE,varchar,,Direct,SLV_DMTM,AGENT,AGENT,,,,varchar,,,,
DMTM,AGENT,BIRTHDATE,datetime,,BRZ_DMTM,AGENT,BIRTHDATE,timestamp_ntz,,Direct,SLV_DMTM,AGENT,AGENT,,,,timestamp_ntz,,,,
DMTM,AGENT,TITLEID,varchar,3,BRZ_DMTM,AGENT,TITLEID,varchar,,Direct,SLV_DMTM,AGENT,AGENT,,,,varchar,,,,
DMTM,AGENT,SEXID,varchar,2,BRZ_DMTM,AGENT,SEXID,varchar,,Direct,SLV_DMTM,AGENT,AGENT,,,,varchar,,,,
DMTM,AGENT,IDENTITYTYPEID,varchar,3,BRZ_DMTM,AGENT,IDENTITYTYPEID,varchar,,Direct,SLV_DMTM,AGENT,AGENT,,,,varchar,,,,
DMTM,AGENT,CREATEBY,varchar,15,BRZ_DMTM,AGENT,CREATEBY,varchar,,Direct,SLV_DMTM,AGENT,AGENT,,,,varchar,,,,
DMTM,AGENT,CREATEDATE,datetime,,BRZ_DMTM,AGENT,CREATEDATE,timestamp_ntz,,Direct,SLV_DMTM,AGENT,AGENT,,,,timestamp_ntz,,,,
DMTM,AGENT,MODIFYBY,varchar,15,BRZ_DMTM,AGENT,MODIFYBY,varchar,,Direct,SLV_DMTM,AGENT,AGENT,,,,varchar,,,,
DMTM,AGENT,MODIFYDATE,datetime,,BRZ_DMTM,AGENT,MODIFYDATE,timestamp_ntz,,Direct,SLV_DMTM,AGENT,AGENT,,,,timestamp_ntz,,,,
DMTM,AGENT,ADDRESSID,bigint,,BRZ_DMTM,AGENT,ADDRESSID,bigint,,Direct,SLV_DMTM,AGENT,AGENT,,,,bigint,,,,
DMTM,AGENT,EMAIL,varchar,200,BRZ_DMTM,AGENT,EMAIL,varchar,,Direct,SLV_DMTM,AGENT,AGENT,,,,varchar,,,,
DMTM,AGENT,MOBILEPHONE,varchar,15,BRZ_DMTM,AGENT,MOBILEPHONE,varchar,,Direct,SLV_DMTM,AGENT,AGENT,,,,varchar,,,,
DMTM,AGENT,AGENTID,varchar,20,BRZ_DMTM,AGENT,AGENTID,varchar,,Direct,SLV_DMTM,AGENT,AGENT,,,,varchar,,,,
DMTM,AGENT,NPWP,varchar,25,BRZ_DMTM,AGENT,NPWP,varchar,,Direct,SLV_DMTM,AGENT,AGENT,,,,varchar,,,,
DMTM,AGENT,HOMEPHONE,varchar,15,BRZ_DMTM,AGENT,HOMEPHONE,varchar,,Direct,SLV_DMTM,AGENT,AGENT,,,,varchar,,,,
DMTM,AGENT,FAX,varchar,15,BRZ_DMTM,AGENT,FAX,varchar,,Direct,SLV_DMTM,AGENT,AGENT,,,,varchar,,,,
DMTM,AGENT,ACCOUNTNO,varchar,15,BRZ_DMTM,AGENT,ACCOUNTNO,varchar,,Direct,SLV_DMTM,AGENT,AGENT,,,,varchar,,,,
DMTM,AGENT,ACCOUNTNAME,varchar,50,BRZ_DMTM,AGENT,ACCOUNTNAME,varchar,,Direct,SLV_DMTM,AGENT,AGENT,,,,varchar,,,,
DMTM,AGENT,RELIGIONID,varchar,3,BRZ_DMTM,AGENT,RELIGIONID,varchar,,Direct,SLV_DMTM,AGENT,AGENT,,,,varchar,,,,
DMTM,AGENT,LEVELID,varchar,20,BRZ_DMTM,AGENT,LEVELID,varchar,,Direct,SLV_DMTM,AGENT,AGENT,,,,varchar,,,,
DMTM,AGENT,SPVID,varchar,20,BRZ_DMTM,AGENT,SPVID,varchar,,Direct,SLV_DMTM,AGENT,AGENT,,,,varchar,,,,
DMTM,AGENT,CHANNELID,varchar,15,BRZ_DMTM,AGENT,CHANNELID,varchar,,Direct,SLV_DMTM,AGENT,AGENT,,,,varchar,,,,
DMTM,AGENT,BRANCHID,varchar,15,BRZ_DMTM,AGENT,BRANCHID,varchar,,Direct,SLV_DMTM,AGENT,AGENT,,,,varchar,,,,
DMTM,AGENT,LOGDATE,datetime,,BRZ_DMTM,AGENT,LOGDATE,timestamp_ntz,,Direct,SLV_DMTM,AGENT,AGENT,,,,timestamp_ntz,,,,
DMTM,PLAN,PLANID,varchar,15,BRZ_DMTM,PLAN,PLANID,varchar,,Direct,SLV_DMTM,PLAN,PLAN,,,,varchar,,,,
DMTM,PLAN,DESCRIPTION,varchar,50,BRZ_DMTM,PLAN,DESCRIPTION,varchar,,Direct,SLV_DMTM,PLAN,PLAN,,,,varchar,,,,
DMTM,PLAN,PRODUCTID,varchar,15,BRZ_DMTM,PLAN,PRODUCTID,varchar,,Direct,SLV_DMTM,PLAN,PLAN,,,,varchar,,,,
DMTM,PLAN,TYPEID,varchar,3,BRZ_DMTM,PLAN,TYPEID,varchar,,Direct,SLV_DMTM,PLAN,PLAN,,,,varchar,,,,
DMTM,PLAN,LEVEL,int,,BRZ_DMTM,PLAN,LEVEL,integer,,Direct,SLV_DMTM,PLAN,PLAN,,,,integer,,,,
DMTM,PLAN,MININCOME,float,,BRZ_DMTM,PLAN,MININCOME,float,,Direct,SLV_DMTM,PLAN,PLAN,,,,float,,,,
DMTM,PLAN,LOGDATE,datetime,,BRZ_DMTM,PLAN,LOGDATE,timestamp_ntz,,Direct,SLV_DMTM,PLAN,PLAN,,,,timestamp_ntz,,,,
DMTM,PLAN,StatusData,varchar,1,BRZ_DMTM,PLAN,StatusData,varchar,,Direct,SLV_DMTM,PLAN,PLAN,,,,varchar,,,,
DMTM,PRODUCTDISCOUNT,DISCOUNTID,int,,BRZ_DMTM,PRODUCTDISCOUNT,DISCOUNTID,integer,,Direct,SLV_DMTM,PRODUCTDISCOUNT,PRODUCTDISCOUNT,,,,integer,,,,
DMTM,PRODUCTDISCOUNT,PRODUCTID,varchar,15,BRZ_DMTM,PRODUCTDISCOUNT,PRODUCTID,varchar,,Direct,SLV_DMTM,PRODUCTDISCOUNT,PRODUCTDISCOUNT,,,,varchar,,,,
DMTM,PRODUCTDISCOUNT,MININSURED,int,,BRZ_DMTM,PRODUCTDISCOUNT,MININSURED,integer,,Direct,SLV_DMTM,PRODUCTDISCOUNT,PRODUCTDISCOUNT,,,,integer,,,,
DMTM,PRODUCTDISCOUNT,DISCOUNT,float,,BRZ_DMTM,PRODUCTDISCOUNT,DISCOUNT,float,,Direct,SLV_DMTM,PRODUCTDISCOUNT,PRODUCTDISCOUNT,,,,float,,,,
DMTM,PRODUCTDISCOUNT,LOGDATE,datetime,,BRZ_DMTM,PRODUCTDISCOUNT,LOGDATE,timestamp_ntz,,Direct,SLV_DMTM,PRODUCTDISCOUNT,PRODUCTDISCOUNT,,,,timestamp_ntz,,,,
DMTM,RELIGION,RELIGIONID,varchar,3,BRZ_DMTM,RELIGION,RELIGIONID,varchar,,Direct,SLV_DMTM,RELIGION,RELIGION,,,,varchar,,,,
DMTM,RELIGION,NAME,varchar,50,BRZ_DMTM,RELIGION,NAME,varchar,,Direct,SLV_DMTM,RELIGION,RELIGION,,,,varchar,,,,
DMTM,RELIGION,LOGDATE,datetime,,BRZ_DMTM,RELIGION,LOGDATE,timestamp_ntz,,Direct,SLV_DMTM,RELIGION,RELIGION,,,,timestamp_ntz,,,,
DMTM,PREMIUM,PREMIUMID,bigint,,BRZ_DMTM,PREMIUM,PREMIUMID,bigint,,Direct,SLV_DMTM,PREMIUM,PREMIUM,,,,bigint,,,,
DMTM,PREMIUM,PRODUCTID,varchar,15,BRZ_DMTM,PREMIUM,PRODUCTID,varchar,,Direct,SLV_DMTM,PREMIUM,PREMIUM,,,,varchar,,,,
DMTM,PREMIUM,PLANID,varchar,15,BRZ_DMTM,PREMIUM,PLANID,varchar,,Direct,SLV_DMTM,PREMIUM,PREMIUM,,,,varchar,,,,
DMTM,PREMIUM,INSUREDTYPEID,varchar,2,BRZ_DMTM,PREMIUM,INSUREDTYPEID,varchar,,Direct,SLV_DMTM,PREMIUM,PREMIUM,,,,varchar,,,,
DMTM,PREMIUM,RATINGFACTORID1,varchar,3,BRZ_DMTM,PREMIUM,RATINGFACTORID1,varchar,,Direct,SLV_DMTM,PREMIUM,PREMIUM,,,,varchar,,,,
DMTM,PREMIUM,RATINGFACTORID2,varchar,3,BRZ_DMTM,PREMIUM,RATINGFACTORID2,varchar,,Direct,SLV_DMTM,PREMIUM,PREMIUM,,,,varchar,,,,
DMTM,PREMIUM,SEXID,varchar,2,BRZ_DMTM,PREMIUM,SEXID,varchar,,Direct,SLV_DMTM,PREMIUM,PREMIUM,,,,varchar,,,,
DMTM,PREMIUM,AGEBEGIN,int,,BRZ_DMTM,PREMIUM,AGEBEGIN,integer,,Direct,SLV_DMTM,PREMIUM,PREMIUM,,,,integer,,,,
DMTM,PREMIUM,AGEEND,int,,BRZ_DMTM,PREMIUM,AGEEND,integer,,Direct,SLV_DMTM,PREMIUM,PREMIUM,,,,integer,,,,
DMTM,PREMIUM,PREMIUM,float,,BRZ_DMTM,PREMIUM,PREMIUM,float,,Direct,SLV_DMTM,PREMIUM,PREMIUM,,,,float,,,,
DMTM,PREMIUM,EXTRAPREMIUM,float,,BRZ_DMTM,PREMIUM,EXTRAPREMIUM,float,,Direct,SLV_DMTM,PREMIUM,PREMIUM,,,,float,,,,
DMTM,PREMIUM,LOGDATE,datetime,,BRZ_DMTM,PREMIUM,LOGDATE,timestamp_ntz,,Direct,SLV_DMTM,PREMIUM,PREMIUM,,,,timestamp_ntz,,,,
DMTM,BENEFITDETAIL,BENEFITDETAILID,int,,BRZ_DMTM,BENEFITDETAIL,BENEFITDETAILID,integer,,Direct,SLV_DMTM,BENEFITDETAIL,BENEFITDETAIL,,,,integer,,,,
DMTM,BENEFITDETAIL,PRODUCTID,varchar,15,BRZ_DMTM,BENEFITDETAIL,PRODUCTID,varchar,,Direct,SLV_DMTM,BENEFITDETAIL,BENEFITDETAIL,,,,varchar,,,,
DMTM,BENEFITDETAIL,BENEFITID,int,,BRZ_DMTM,BENEFITDETAIL,BENEFITID,integer,,Direct,SLV_DMTM,BENEFITDETAIL,BENEFITDETAIL,,,,integer,,,,
DMTM,BENEFITDETAIL,PLANID,varchar,15,BRZ_DMTM,BENEFITDETAIL,PLANID,varchar,,Direct,SLV_DMTM,BENEFITDETAIL,BENEFITDETAIL,,,,varchar,,,,
DMTM,BENEFITDETAIL,LUMPSUM,bit,,BRZ_DMTM,BENEFITDETAIL,LUMPSUM,varchar,,Direct,SLV_DMTM,BENEFITDETAIL,BENEFITDETAIL,,,,varchar,,,,
DMTM,BENEFITDETAIL,STDAMOUNT,float,,BRZ_DMTM,BENEFITDETAIL,STDAMOUNT,float,,Direct,SLV_DMTM,BENEFITDETAIL,BENEFITDETAIL,,,,float,,,,
DMTM,BENEFITDETAIL,AMOUNTUNITID,varchar,3,BRZ_DMTM,BENEFITDETAIL,AMOUNTUNITID,varchar,,Direct,SLV_DMTM,BENEFITDETAIL,BENEFITDETAIL,,,,varchar,,,,
DMTM,BENEFITDETAIL,STDAMOUNTUNITID,varchar,3,BRZ_DMTM,BENEFITDETAIL,STDAMOUNTUNITID,varchar,,Direct,SLV_DMTM,BENEFITDETAIL,BENEFITDETAIL,,,,varchar,,,,
DMTM,BENEFITDETAIL,MINAMOUNT,float,,BRZ_DMTM,BENEFITDETAIL,MINAMOUNT,float,,Direct,SLV_DMTM,BENEFITDETAIL,BENEFITDETAIL,,,,float,,,,
DMTM,BENEFITDETAIL,MINAMOUNTUNITID,varchar,3,BRZ_DMTM,BENEFITDETAIL,MINAMOUNTUNITID,varchar,,Direct,SLV_DMTM,BENEFITDETAIL,BENEFITDETAIL,,,,varchar,,,,
DMTM,BENEFITDETAIL,MAXAMOUNT,float,,BRZ_DMTM,BENEFITDETAIL,MAXAMOUNT,float,,Direct,SLV_DMTM,BENEFITDETAIL,BENEFITDETAIL,,,,float,,,,
DMTM,BENEFITDETAIL,MAXAMOUNTUNITID,varchar,3,BRZ_DMTM,BENEFITDETAIL,MAXAMOUNTUNITID,varchar,,Direct,SLV_DMTM,BENEFITDETAIL,BENEFITDETAIL,,,,varchar,,,,
DMTM,BENEFITDETAIL,STDQUANTITY,int,,BRZ_DMTM,BENEFITDETAIL,STDQUANTITY,integer,,Direct,SLV_DMTM,BENEFITDETAIL,BENEFITDETAIL,,,,integer,,,,
DMTM,BENEFITDETAIL,STDQUANTITYUNITID,varchar,3,BRZ_DMTM,BENEFITDETAIL,STDQUANTITYUNITID,varchar,,Direct,SLV_DMTM,BENEFITDETAIL,BENEFITDETAIL,,,,varchar,,,,
DMTM,BENEFITDETAIL,MINQUANTITY,int,,BRZ_DMTM,BENEFITDETAIL,MINQUANTITY,integer,,Direct,SLV_DMTM,BENEFITDETAIL,BENEFITDETAIL,,,,integer,,,,
DMTM,BENEFITDETAIL,MINQUANTITYUNITID,varchar,3,BRZ_DMTM,BENEFITDETAIL,MINQUANTITYUNITID,varchar,,Direct,SLV_DMTM,BENEFITDETAIL,BENEFITDETAIL,,,,varchar,,,,
DMTM,BENEFITDETAIL,MAXQUANTITY,int,,BRZ_DMTM,BENEFITDETAIL,MAXQUANTITY,integer,,Direct,SLV_DMTM,BENEFITDETAIL,BENEFITDETAIL,,,,integer,,,,
DMTM,BENEFITDETAIL,MAXQUANTITYUNITID,varchar,3,BRZ_DMTM,BENEFITDETAIL,MAXQUANTITYUNITID,varchar,,Direct,SLV_DMTM,BENEFITDETAIL,BENEFITDETAIL,,,,varchar,,,,
DMTM,BENEFITDETAIL,SEXID,varchar,2,BRZ_DMTM,BENEFITDETAIL,SEXID,varchar,,Direct,SLV_DMTM,BENEFITDETAIL,BENEFITDETAIL,,,,varchar,,,,
DMTM,BENEFITDETAIL,RATINGFACTORID1,varchar,3,BRZ_DMTM,BENEFITDETAIL,RATINGFACTORID1,varchar,,Direct,SLV_DMTM,BENEFITDETAIL,BENEFITDETAIL,,,,varchar,,,,
DMTM,BENEFITDETAIL,RATINGFACTORID2,varchar,3,BRZ_DMTM,BENEFITDETAIL,RATINGFACTORID2,varchar,,Direct,SLV_DMTM,BENEFITDETAIL,BENEFITDETAIL,,,,varchar,,,,
DMTM,BENEFITDETAIL,AGEBEGIN,int,,BRZ_DMTM,BENEFITDETAIL,AGEBEGIN,integer,,Direct,SLV_DMTM,BENEFITDETAIL,BENEFITDETAIL,,,,integer,,,,
DMTM,BENEFITDETAIL,AGEEND,int,,BRZ_DMTM,BENEFITDETAIL,AGEEND,integer,,Direct,SLV_DMTM,BENEFITDETAIL,BENEFITDETAIL,,,,integer,,,,
DMTM,BENEFITDETAIL,INSUREDTYPEID,varchar,2,BRZ_DMTM,BENEFITDETAIL,INSUREDTYPEID,varchar,,Direct,SLV_DMTM,BENEFITDETAIL,BENEFITDETAIL,,,,varchar,,,,
DMTM,BENEFITDETAIL,DESCRIPTION,varchar,500,BRZ_DMTM,BENEFITDETAIL,DESCRIPTION,varchar,,Direct,SLV_DMTM,BENEFITDETAIL,BENEFITDETAIL,,,,varchar,,,,
DMTM,BENEFITDETAIL,REMARK,varchar,500,BRZ_DMTM,BENEFITDETAIL,REMARK,varchar,,Direct,SLV_DMTM,BENEFITDETAIL,BENEFITDETAIL,,,,varchar,,,,
DMTM,BENEFITDETAIL,AMOUNT,float,,BRZ_DMTM,BENEFITDETAIL,AMOUNT,float,,Direct,SLV_DMTM,BENEFITDETAIL,BENEFITDETAIL,,,,float,,,,
DMTM,BENEFITDETAIL,ISCHILD,bit,,BRZ_DMTM,BENEFITDETAIL,ISCHILD,varchar,,Direct,SLV_DMTM,BENEFITDETAIL,BENEFITDETAIL,,,,varchar,,,,
DMTM,BENEFITDETAIL,LOGDATE,datetime,,BRZ_DMTM,BENEFITDETAIL,LOGDATE,timestamp_ntz,,Direct,SLV_DMTM,BENEFITDETAIL,BENEFITDETAIL,,,,timestamp_ntz,,,,
DMTM,BENEFITDETAIL,IPSOURCE,varchar,20,BRZ_DMTM,BENEFITDETAIL,IPSOURCE,varchar,,Direct,SLV_DMTM,BENEFITDETAIL,BENEFITDETAIL,,,,varchar,,,,
DMTM,BENEFIT,PRODUCTID,varchar,15,BRZ_DMTM,BENEFIT,PRODUCTID,varchar,,Direct,SLV_DMTM,BENEFIT,BENEFIT,,,,varchar,,,,
DMTM,BENEFIT,BENEFITID,int,,BRZ_DMTM,BENEFIT,BENEFITID,integer,,Direct,SLV_DMTM,BENEFIT,BENEFIT,,,,integer,,,,
DMTM,BENEFIT,DESCRIPTION,varchar,500,BRZ_DMTM,BENEFIT,DESCRIPTION,varchar,,Direct,SLV_DMTM,BENEFIT,BENEFIT,,,,varchar,,,,
DMTM,BENEFIT,SEQUENCE,int,,BRZ_DMTM,BENEFIT,SEQUENCE,integer,,Direct,SLV_DMTM,BENEFIT,BENEFIT,,,,integer,,,,
DMTM,BENEFIT,TYPEID,varchar,3,BRZ_DMTM,BENEFIT,TYPEID,varchar,,Direct,SLV_DMTM,BENEFIT,BENEFIT,,,,varchar,,,,
DMTM,BENEFIT,MINQUANTITY,int,,BRZ_DMTM,BENEFIT,MINQUANTITY,integer,,Direct,SLV_DMTM,BENEFIT,BENEFIT,,,,integer,,,,
DMTM,BENEFIT,MAXQUANTITY,int,,BRZ_DMTM,BENEFIT,MAXQUANTITY,integer,,Direct,SLV_DMTM,BENEFIT,BENEFIT,,,,integer,,,,
DMTM,BENEFIT,MINAMOUNT,int,,BRZ_DMTM,BENEFIT,MINAMOUNT,integer,,Direct,SLV_DMTM,BENEFIT,BENEFIT,,,,integer,,,,
DMTM,BENEFIT,MAXAMOUNT,int,,BRZ_DMTM,BENEFIT,MAXAMOUNT,integer,,Direct,SLV_DMTM,BENEFIT,BENEFIT,,,,integer,,,,
DMTM,BENEFIT,ISVISIBLE,bit,,BRZ_DMTM,BENEFIT,ISVISIBLE,varchar,,Direct,SLV_DMTM,BENEFIT,BENEFIT,,,,varchar,,,,
DMTM,BENEFIT,PERIOD,int,,BRZ_DMTM,BENEFIT,PERIOD,integer,,Direct,SLV_DMTM,BENEFIT,BENEFIT,,,,integer,,,,
DMTM,BENEFIT,LEVELID,varchar,3,BRZ_DMTM,BENEFIT,LEVELID,varchar,,Direct,SLV_DMTM,BENEFIT,BENEFIT,,,,varchar,,,,
DMTM,BENEFIT,CRITERIAID,varchar,15,BRZ_DMTM,BENEFIT,CRITERIAID,varchar,,Direct,SLV_DMTM,BENEFIT,BENEFIT,,,,varchar,,,,
DMTM,BENEFIT,PARENTID,int,,BRZ_DMTM,BENEFIT,PARENTID,integer,,Direct,SLV_DMTM,BENEFIT,BENEFIT,,,,integer,,,,
DMTM,BENEFIT,ISCHILD,bit,,BRZ_DMTM,BENEFIT,ISCHILD,varchar,,Direct,SLV_DMTM,BENEFIT,BENEFIT,,,,varchar,,,,
DMTM,BENEFIT,RULES,varchar,200,BRZ_DMTM,BENEFIT,RULES,varchar,,Direct,SLV_DMTM,BENEFIT,BENEFIT,,,,varchar,,,,
DMTM,BENEFIT,WAITINGPERIOD,int,,BRZ_DMTM,BENEFIT,WAITINGPERIOD,integer,,Direct,SLV_DMTM,BENEFIT,BENEFIT,,,,integer,,,,
DMTM,BENEFIT,WAITINGPERIODUNITID,varchar,3,BRZ_DMTM,BENEFIT,WAITINGPERIODUNITID,varchar,,Direct,SLV_DMTM,BENEFIT,BENEFIT,,,,varchar,,,,
DMTM,BENEFIT,LOGDATE,datetime,,BRZ_DMTM,BENEFIT,LOGDATE,timestamp_ntz,,Direct,SLV_DMTM,BENEFIT,BENEFIT,,,,timestamp_ntz,,,,
DMTM,BENEFIT,IPSOURCE,varchar,20,BRZ_DMTM,BENEFIT,IPSOURCE,varchar,,Direct,SLV_DMTM,BENEFIT,BENEFIT,,,,varchar,,,,
DMTM,BillingMonthly_Log,bsp_billingno,varchar,15,BRZ_DMTM,BillingMonthly_Log,bsp_billingno,varchar,,Direct,SLV_DMTM,BILLINGMONTHLY_LOG,BILLINGMONTHLY_LOG,,,,varchar,,,,
DMTM,BillingMonthly_Log,bsp_refference,varchar,50,BRZ_DMTM,BillingMonthly_Log,bsp_refference,varchar,,Direct,SLV_DMTM,BILLINGMONTHLY_LOG,BILLINGMONTHLY_LOG,,,,varchar,,,,
DMTM,BillingMonthly_Log,bsp_billinghold,smallint,,BRZ_DMTM,BillingMonthly_Log,bsp_billinghold,smallint,,Direct,SLV_DMTM,BILLINGMONTHLY_LOG,BILLINGMONTHLY_LOG,,,,smallint,,,,
DMTM,BillingMonthly_Log,bsp_charge,float,,BRZ_DMTM,BillingMonthly_Log,bsp_charge,float,,Direct,SLV_DMTM,BILLINGMONTHLY_LOG,BILLINGMONTHLY_LOG,,,,float,,,,
DMTM,BillingMonthly_Log,bsp_status,varchar,15,BRZ_DMTM,BillingMonthly_Log,bsp_status,varchar,,Direct,SLV_DMTM,BILLINGMONTHLY_LOG,BILLINGMONTHLY_LOG,,,,varchar,,,,
DMTM,BillingMonthly_Log,bsp_paiddt,datetime2,3,BRZ_DMTM,BillingMonthly_Log,bsp_paiddt,timestamp_ntz,,Direct,SLV_DMTM,BILLINGMONTHLY_LOG,BILLINGMONTHLY_LOG,,,,timestamp_ntz,,,,
DMTM,BillingMonthly_Log,bsp_timestamp,datetime2,3,BRZ_DMTM,BillingMonthly_Log,bsp_timestamp,timestamp_ntz,,Direct,SLV_DMTM,BILLINGMONTHLY_LOG,BILLINGMONTHLY_LOG,,,,timestamp_ntz,,,,
DMTM,BillingMonthly_Log,bsp_install,datetime2,3,BRZ_DMTM,BillingMonthly_Log,bsp_install,timestamp_ntz,,Direct,SLV_DMTM,BILLINGMONTHLY_LOG,BILLINGMONTHLY_LOG,,,,timestamp_ntz,,,,
DMTM,BillingMonthly_Log,bsp_recstatus,varchar,15,BRZ_DMTM,BillingMonthly_Log,bsp_recstatus,varchar,,Direct,SLV_DMTM,BILLINGMONTHLY_LOG,BILLINGMONTHLY_LOG,,,,varchar,,,,
DMTM,BillingMonthly_Log,bsp_exportdt,datetime2,3,BRZ_DMTM,BillingMonthly_Log,bsp_exportdt,timestamp_ntz,,Direct,SLV_DMTM,BILLINGMONTHLY_LOG,BILLINGMONTHLY_LOG,,,,timestamp_ntz,,,,
DMTM,BillingMonthly_Log,bsp_source,smallint,,BRZ_DMTM,BillingMonthly_Log,bsp_source,smallint,,Direct,SLV_DMTM,BILLINGMONTHLY_LOG,BILLINGMONTHLY_LOG,,,,smallint,,,,
DMTM,BillingMonthly_Log,bsp_type,smallint,,BRZ_DMTM,BillingMonthly_Log,bsp_type,smallint,,Direct,SLV_DMTM,BILLINGMONTHLY_LOG,BILLINGMONTHLY_LOG,,,,smallint,,,,
DMTM,BillingMonthly_Log,bsp_collector,varchar,15,BRZ_DMTM,BillingMonthly_Log,bsp_collector,varchar,,Direct,SLV_DMTM,BILLINGMONTHLY_LOG,BILLINGMONTHLY_LOG,,,,varchar,,,,
DMTM,BillingMonthly_Log,bsp_coll_name,varchar,50,BRZ_DMTM,BillingMonthly_Log,bsp_coll_name,varchar,,Direct,SLV_DMTM,BILLINGMONTHLY_LOG,BILLINGMONTHLY_LOG,,,,varchar,,,,
DMTM,BillingMonthly_Log,bsp_spcode,varchar,15,BRZ_DMTM,BillingMonthly_Log,bsp_spcode,varchar,,Direct,SLV_DMTM,BILLINGMONTHLY_LOG,BILLINGMONTHLY_LOG,,,,varchar,,,,
DMTM,BillingMonthly_Log,bsp_product,varchar,15,BRZ_DMTM,BillingMonthly_Log,bsp_product,varchar,,Direct,SLV_DMTM,BILLINGMONTHLY_LOG,BILLINGMONTHLY_LOG,,,,varchar,,,,
DMTM,BillingMonthly_Log,bsp_productname,varchar,50,BRZ_DMTM,BillingMonthly_Log,bsp_productname,varchar,,Direct,SLV_DMTM,BILLINGMONTHLY_LOG,BILLINGMONTHLY_LOG,,,,varchar,,,,
DMTM,BillingMonthly_Log,bsp_senumber,varchar,50,BRZ_DMTM,BillingMonthly_Log,bsp_senumber,varchar,,Direct,SLV_DMTM,BILLINGMONTHLY_LOG,BILLINGMONTHLY_LOG,,,,varchar,,,,
DMTM,BillingMonthly_Log,bsp_policyno,varchar,15,BRZ_DMTM,BillingMonthly_Log,bsp_policyno,varchar,,Direct,SLV_DMTM,BILLINGMONTHLY_LOG,BILLINGMONTHLY_LOG,,,,varchar,,,,
DMTM,BillingMonthly_Log,bsp_country,varchar,50,BRZ_DMTM,BillingMonthly_Log,bsp_country,varchar,,Direct,SLV_DMTM,BILLINGMONTHLY_LOG,BILLINGMONTHLY_LOG,,,,varchar,,,,
DMTM,BillingMonthly_Log,bsp_campaign,varchar,15,BRZ_DMTM,BillingMonthly_Log,bsp_campaign,varchar,,Direct,SLV_DMTM,BILLINGMONTHLY_LOG,BILLINGMONTHLY_LOG,,,,varchar,,,,
DMTM,BillingMonthly_Log,bsp_acctid,varchar,15,BRZ_DMTM,BillingMonthly_Log,bsp_acctid,varchar,,Direct,SLV_DMTM,BILLINGMONTHLY_LOG,BILLINGMONTHLY_LOG,,,,varchar,,,,
DMTM,BillingMonthly_Log,bsp_name,varchar,200,BRZ_DMTM,BillingMonthly_Log,bsp_name,varchar,,Direct,SLV_DMTM,BILLINGMONTHLY_LOG,BILLINGMONTHLY_LOG,,,,varchar,,,,
DMTM,BillingMonthly_Log,bsp_ccexpdate,varchar,5,BRZ_DMTM,BillingMonthly_Log,bsp_ccexpdate,varchar,,Direct,SLV_DMTM,BILLINGMONTHLY_LOG,BILLINGMONTHLY_LOG,,,,varchar,,,,
DMTM,BillingMonthly_Log,bsp_bankcode,varchar,15,BRZ_DMTM,BillingMonthly_Log,bsp_bankcode,varchar,,Direct,SLV_DMTM,BILLINGMONTHLY_LOG,BILLINGMONTHLY_LOG,,,,varchar,,,,
DMTM,BillingMonthly_Log,bsp_bankname,varchar,50,BRZ_DMTM,BillingMonthly_Log,bsp_bankname,varchar,,Direct,SLV_DMTM,BILLINGMONTHLY_LOG,BILLINGMONTHLY_LOG,,,,varchar,,,,
DMTM,BillingMonthly_Log,bsp_branchcd,varchar,15,BRZ_DMTM,BillingMonthly_Log,bsp_branchcd,varchar,,Direct,SLV_DMTM,BILLINGMONTHLY_LOG,BILLINGMONTHLY_LOG,,,,varchar,,,,
DMTM,BillingMonthly_Log,bsp_branchname,varchar,100,BRZ_DMTM,BillingMonthly_Log,bsp_branchname,varchar,,Direct,SLV_DMTM,BILLINGMONTHLY_LOG,BILLINGMONTHLY_LOG,,,,varchar,,,,
DMTM,BillingMonthly_Log,bsp_bill_acctnum,varchar,50,BRZ_DMTM,BillingMonthly_Log,bsp_bill_acctnum,varchar,,Direct,SLV_DMTM,BILLINGMONTHLY_LOG,BILLINGMONTHLY_LOG,,,,varchar,,,,
DMTM,BillingMonthly_Log,bsp_effectdt,datetime2,3,BRZ_DMTM,BillingMonthly_Log,bsp_effectdt,timestamp_ntz,,Direct,SLV_DMTM,BILLINGMONTHLY_LOG,BILLINGMONTHLY_LOG,,,,timestamp_ntz,,,,
DMTM,BillingMonthly_Log,bsp_canceldt,datetime2,3,BRZ_DMTM,BillingMonthly_Log,bsp_canceldt,timestamp_ntz,,Direct,SLV_DMTM,BILLINGMONTHLY_LOG,BILLINGMONTHLY_LOG,,,,timestamp_ntz,,,,
DMTM,BillingMonthly_Log,bsp_plan,varchar,15,BRZ_DMTM,BillingMonthly_Log,bsp_plan,varchar,,Direct,SLV_DMTM,BILLINGMONTHLY_LOG,BILLINGMONTHLY_LOG,,,,varchar,,,,
DMTM,BillingMonthly_Log,bsp_reason,varchar,500,BRZ_DMTM,BillingMonthly_Log,bsp_reason,varchar,,Direct,SLV_DMTM,BILLINGMONTHLY_LOG,BILLINGMONTHLY_LOG,,,,varchar,,,,
DMTM,BillingMonthly_Log,bsp_reason_desc,varchar,8000,BRZ_DMTM,BillingMonthly_Log,bsp_reason_desc,varchar,,Direct,SLV_DMTM,BILLINGMONTHLY_LOG,BILLINGMONTHLY_LOG,,,,varchar,,,,
DMTM,BillingMonthly_Log,bsp_age,smallint,,BRZ_DMTM,BillingMonthly_Log,bsp_age,smallint,,Direct,SLV_DMTM,BILLINGMONTHLY_LOG,BILLINGMONTHLY_LOG,,,,smallint,,,,
DMTM,BillingMonthly_Log,bsp_bill_freq,varchar,15,BRZ_DMTM,BillingMonthly_Log,bsp_bill_freq,varchar,,Direct,SLV_DMTM,BILLINGMONTHLY_LOG,BILLINGMONTHLY_LOG,,,,varchar,,,,
DMTM,BillingMonthly_Log,bsp_bill_method,varchar,15,BRZ_DMTM,BillingMonthly_Log,bsp_bill_method,varchar,,Direct,SLV_DMTM,BILLINGMONTHLY_LOG,BILLINGMONTHLY_LOG,,,,varchar,,,,
DMTM,BillingMonthly_Log,bsp_bill_method_desc,varchar,50,BRZ_DMTM,BillingMonthly_Log,bsp_bill_method_desc,varchar,,Direct,SLV_DMTM,BILLINGMONTHLY_LOG,BILLINGMONTHLY_LOG,,,,varchar,,,,
DMTM,BillingMonthly_Log,bsp_sponsor,varchar,15,BRZ_DMTM,BillingMonthly_Log,bsp_sponsor,varchar,,Direct,SLV_DMTM,BILLINGMONTHLY_LOG,BILLINGMONTHLY_LOG,,,,varchar,,,,
DMTM,BillingMonthly_Log,bsp_sponsor_desc,varchar,50,BRZ_DMTM,BillingMonthly_Log,bsp_sponsor_desc,varchar,,Direct,SLV_DMTM,BILLINGMONTHLY_LOG,BILLINGMONTHLY_LOG,,,,varchar,,,,
DMTM,BillingMonthly_Log,bsp_ccname,varchar,100,BRZ_DMTM,BillingMonthly_Log,bsp_ccname,varchar,,Direct,SLV_DMTM,BILLINGMONTHLY_LOG,BILLINGMONTHLY_LOG,,,,varchar,,,,
DMTM,BillingMonthly_Log,bsp_benefit,varchar,500,BRZ_DMTM,BillingMonthly_Log,bsp_benefit,varchar,,Direct,SLV_DMTM,BILLINGMONTHLY_LOG,BILLINGMONTHLY_LOG,,,,varchar,,,,
DMTM,BillingMonthly_Log,bsp_recondt,datetime2,3,BRZ_DMTM,BillingMonthly_Log,bsp_recondt,timestamp_ntz,,Direct,SLV_DMTM,BILLINGMONTHLY_LOG,BILLINGMONTHLY_LOG,,,,timestamp_ntz,,,,
DMTM,BillingMonthly_Log,bsp_tax,float,,BRZ_DMTM,BillingMonthly_Log,bsp_tax,float,,Direct,SLV_DMTM,BILLINGMONTHLY_LOG,BILLINGMONTHLY_LOG,,,,float,,,,
DMTM,BillingMonthly_Log,bsp_firstbill,smallint,,BRZ_DMTM,BillingMonthly_Log,bsp_firstbill,smallint,,Direct,SLV_DMTM,BILLINGMONTHLY_LOG,BILLINGMONTHLY_LOG,,,,smallint,,,,
DMTM,BillingMonthly_Log,bsp_install_end,datetime2,3,BRZ_DMTM,BillingMonthly_Log,bsp_install_end,timestamp_ntz,,Direct,SLV_DMTM,BILLINGMONTHLY_LOG,BILLINGMONTHLY_LOG,,,,timestamp_ntz,,,,
DMTM,BillingMonthly_Log,bsp_id,int,,BRZ_DMTM,BillingMonthly_Log,bsp_id,integer,,Direct,SLV_DMTM,BILLINGMONTHLY_LOG,BILLINGMONTHLY_LOG,,,,integer,,,,
DMTM,BillingMonthly_Log,bsp_creation,datetime2,3,BRZ_DMTM,BillingMonthly_Log,bsp_creation,timestamp_ntz,,Direct,SLV_DMTM,BILLINGMONTHLY_LOG,BILLINGMONTHLY_LOG,,,,timestamp_ntz,,,,
DMTM,BillingMonthly_Log,bsp_currency,varchar,15,BRZ_DMTM,BillingMonthly_Log,bsp_currency,varchar,,Direct,SLV_DMTM,BILLINGMONTHLY_LOG,BILLINGMONTHLY_LOG,,,,varchar,,,,
DMTM,BillingMonthly_Log,bsp_expdate,varchar,5,BRZ_DMTM,BillingMonthly_Log,bsp_expdate,varchar,,Direct,SLV_DMTM,BILLINGMONTHLY_LOG,BILLINGMONTHLY_LOG,,,,varchar,,,,
DMTM,BillingMonthly_Log,bsp_cust_bdate,datetime2,3,BRZ_DMTM,BillingMonthly_Log,bsp_cust_bdate,timestamp_ntz,,Direct,SLV_DMTM,BILLINGMONTHLY_LOG,BILLINGMONTHLY_LOG,,,,timestamp_ntz,,,,
DMTM,BillingMonthly_Log,bsp_cifno,varchar,25,BRZ_DMTM,BillingMonthly_Log,bsp_cifno,varchar,,Direct,SLV_DMTM,BILLINGMONTHLY_LOG,BILLINGMONTHLY_LOG,,,,varchar,,,,
DMTM,BillingMonthly_Log,bsp_identityno,varchar,100,BRZ_DMTM,BillingMonthly_Log,bsp_identityno,varchar,,Direct,SLV_DMTM,BILLINGMONTHLY_LOG,BILLINGMONTHLY_LOG,,,,varchar,,,,
DMTM,BillingMonthly_Log,bsp_cardno,varchar,50,BRZ_DMTM,BillingMonthly_Log,bsp_cardno,varchar,,Direct,SLV_DMTM,BILLINGMONTHLY_LOG,BILLINGMONTHLY_LOG,,,,varchar,,,,
DMTM,BillingMonthly_Log,bsp_description,varchar,100,BRZ_DMTM,BillingMonthly_Log,bsp_description,varchar,,Direct,SLV_DMTM,BILLINGMONTHLY_LOG,BILLINGMONTHLY_LOG,,,,varchar,,,,
DMTM,BillingMonthly_Log,bsp_billingjobid,varchar,25,BRZ_DMTM,BillingMonthly_Log,bsp_billingjobid,varchar,,Direct,SLV_DMTM,BILLINGMONTHLY_LOG,BILLINGMONTHLY_LOG,,,,varchar,,,,
DMTM,BillingMonthly_Log,bsp_billingdate_c,datetime2,3,BRZ_DMTM,BillingMonthly_Log,bsp_billingdate_c,timestamp_ntz,,Direct,SLV_DMTM,BILLINGMONTHLY_LOG,BILLINGMONTHLY_LOG,,,,timestamp_ntz,,,,
DMTM,BillingMonthly_Log,bsp_billingdate_u,datetime2,3,BRZ_DMTM,BillingMonthly_Log,bsp_billingdate_u,timestamp_ntz,,Direct,SLV_DMTM,BILLINGMONTHLY_LOG,BILLINGMONTHLY_LOG,,,,timestamp_ntz,,,,
DMTM,BillingMonthly_Log,bsp_token,varchar,300,BRZ_DMTM,BillingMonthly_Log,bsp_token,varchar,,Direct,SLV_DMTM,BILLINGMONTHLY_LOG,BILLINGMONTHLY_LOG,,,,varchar,,,,
DMTM,BillingMonthly_Log,bsp_bill_method2,nvarchar,100,BRZ_DMTM,BillingMonthly_Log,bsp_bill_method2,varchar,,Direct,SLV_DMTM,BILLINGMONTHLY_LOG,BILLINGMONTHLY_LOG,,,,varchar,,,,
DMTM,BillingMonthly_Log,bsp_bill_acctnum2,nvarchar,100,BRZ_DMTM,BillingMonthly_Log,bsp_bill_acctnum2,varchar,,Direct,SLV_DMTM,BILLINGMONTHLY_LOG,BILLINGMONTHLY_LOG,,,,varchar,,,,
DMTM,BillingMonthly_Log,bsp_flag_number,varchar,50,BRZ_DMTM,BillingMonthly_Log,bsp_flag_number,varchar,,Direct,SLV_DMTM,BILLINGMONTHLY_LOG,BILLINGMONTHLY_LOG,,,,varchar,,,,
DMTM,BillingMonthly_Log,LOGDATE,datetime,,BRZ_DMTM,BillingMonthly_Log,LOGDATE,timestamp_ntz,,Direct,SLV_DMTM,BILLINGMONTHLY_LOG,BILLINGMONTHLY_LOG,,,,timestamp_ntz,,,,
DMTM,BILLING,BILLINGNO,varchar,50,BRZ_DMTM,BILLING,BILLINGNO,varchar,,Direct,SLV_DMTM,BILLING,BILLING,BILL_NO,,,varchar,,,,
DMTM,BILLING,BILLINGDATE,datetime,,BRZ_DMTM,BILLING,BILLINGDATE,timestamp_ntz,,Direct,SLV_DMTM,BILLING,BILLING,BILL_DT,,,timestamp_ntz,,,,
DMTM,BILLING,DUEDATE,datetime,,BRZ_DMTM,BILLING,DUEDATE,timestamp_ntz,,Direct,SLV_DMTM,BILLING,BILLING,DUE_DT,,,timestamp_ntz,,,,
DMTM,BILLING,MONTHSBILLED,int,,BRZ_DMTM,BILLING,MONTHSBILLED,integer,,Direct,SLV_DMTM,BILLING,BILLING,MTH_BILLED,,,integer,,,,
DMTM,BILLING,AMOUNT,float,,BRZ_DMTM,BILLING,AMOUNT,float,,Direct,SLV_DMTM,BILLING,BILLING,AMT,,,float,,,,
DMTM,BILLING,PAIDTODATE,datetime,,BRZ_DMTM,BILLING,PAIDTODATE,timestamp_ntz,,Direct,SLV_DMTM,BILLING,BILLING,PAID_TO_DT,,,timestamp_ntz,,,,
DMTM,BILLING,REFFERENCE,varchar,50,BRZ_DMTM,BILLING,REFFERENCE,varchar,,Direct,SLV_DMTM,BILLING,BILLING,REF,,,varchar,,,,
DMTM,BILLING,RECOLLECTION,int,,BRZ_DMTM,BILLING,RECOLLECTION,integer,,Direct,SLV_DMTM,BILLING,BILLING,RE_COLL,,,integer,,,,
DMTM,BILLING,AUTHCODE,varchar,50,BRZ_DMTM,BILLING,AUTHCODE,varchar,,Direct,SLV_DMTM,BILLING,BILLING,AUTH_CD,,,varchar,,,,
DMTM,BILLING,REMARK,varchar,8000,BRZ_DMTM,BILLING,REMARK,varchar,,Direct,SLV_DMTM,BILLING,BILLING,REMARK,,,varchar,,,,
DMTM,BILLING,TYPEID,varchar,3,BRZ_DMTM,BILLING,TYPEID,varchar,,Direct,SLV_DMTM,BILLING,BILLING,TYPE_CD,,,varchar,,,,
DMTM,BILLING,STATUSID,varchar,3,BRZ_DMTM,BILLING,STATUSID,varchar,,Direct,SLV_DMTM,BILLING,BILLING,STATUS_CD,,,varchar,,,,
DMTM,BILLING,POLICYNO,varchar,15,BRZ_DMTM,BILLING,POLICYNO,varchar,,Direct,SLV_DMTM,BILLING,BILLING,POLICY_NO,,,varchar,,,,
DMTM,BILLING,DESCRIPTION,varchar,100,BRZ_DMTM,BILLING,DESCRIPTION,varchar,,Direct,SLV_DMTM,BILLING,BILLING,DESC,,,varchar,,,,
DMTM,BILLING,AUTHNOTES,varchar,100,BRZ_DMTM,BILLING,AUTHNOTES,varchar,,Direct,SLV_DMTM,BILLING,BILLING,AUTH_NOTES,,,varchar,,,,
DMTM,BILLING,PREVBILLINGNO,varchar,50,BRZ_DMTM,BILLING,PREVBILLINGNO,varchar,,Direct,SLV_DMTM,BILLING,BILLING,PREV_BILL_NO,,,varchar,,,,
DMTM,BILLING,CURRENCYID,varchar,3,BRZ_DMTM,BILLING,CURRENCYID,varchar,,Direct,SLV_DMTM,BILLING,BILLING,CCY_CD,,,varchar,,,,
DMTM,BILLING,CYCLE,varchar,15,BRZ_DMTM,BILLING,CYCLE,varchar,,Direct,SLV_DMTM,BILLING,BILLING,CYCLE,,,varchar,,,,
DMTM,BILLING,PRINTDATE,datetime,,BRZ_DMTM,BILLING,PRINTDATE,timestamp_ntz,,Direct,SLV_DMTM,BILLING,BILLING,PRINT_DT,,,timestamp_ntz,,,,
DMTM,BILLING,STATUSDATE,datetime,,BRZ_DMTM,BILLING,STATUSDATE,timestamp_ntz,,Direct,SLV_DMTM,BILLING,BILLING,STATUS_DT,,,timestamp_ntz,,,,
DMTM,BILLING,STATUSNOTES,varchar,500,BRZ_DMTM,BILLING,STATUSNOTES,varchar,,Direct,SLV_DMTM,BILLING,BILLING,STATUS_NOTES,,,varchar,,,,
DMTM,BILLING,CREATEBY,varchar,15,BRZ_DMTM,BILLING,CREATEBY,varchar,,Direct,SLV_DMTM,BILLING,BILLING,CREATE_BY,,,varchar,,,,
DMTM,BILLING,CREATEDATE,datetime,,BRZ_DMTM,BILLING,CREATEDATE,timestamp_ntz,,Direct,SLV_DMTM,BILLING,BILLING,CREATE_DT,,,timestamp_ntz,,,,
DMTM,BILLING,MODIFYBY,varchar,15,BRZ_DMTM,BILLING,MODIFYBY,varchar,,Direct,SLV_DMTM,BILLING,BILLING,MODIFY_BY,,,varchar,,,,
DMTM,BILLING,MODIFYDATE,datetime,,BRZ_DMTM,BILLING,MODIFYDATE,timestamp_ntz,,Direct,SLV_DMTM,BILLING,BILLING,MODIFY_DT,,,timestamp_ntz,,,,
DMTM,BILLING,PAYMENTDATE,datetime,,BRZ_DMTM,BILLING,PAYMENTDATE,timestamp_ntz,,Direct,SLV_DMTM,BILLING,BILLING,PYMT_DT,,,timestamp_ntz,,,,
DMTM,BILLING,PAYMENTID,varchar,50,BRZ_DMTM,BILLING,PAYMENTID,varchar,,Direct,SLV_DMTM,BILLING,BILLING,PYMT_CD,,,varchar,,,,
DMTM,BILLING,CARDNO,varchar,25,BRZ_DMTM,BILLING,CARDNO,varchar,,Direct,SLV_DMTM,BILLING,BILLING,CARD_NO,,,varchar,,,,
DMTM,BILLING,BATCHID,varchar,15,BRZ_DMTM,BILLING,BATCHID,varchar,,Direct,SLV_DMTM,BILLING,BILLING,BATCH_CD,,,varchar,,,,
DMTM,BILLING,UPLOADFLAG,varchar,255,BRZ_DMTM,BILLING,UPLOADFLAG,varchar,,Direct,SLV_DMTM,BILLING,BILLING,IS_UPLOAD,,,varchar,,,,
DMTM,BILLING,replicatedate,datetime,,BRZ_DMTM,BILLING,replicatedate,timestamp_ntz,,Direct,SLV_DMTM,BILLING,BILLING,REPLICATE_DT,,,timestamp_ntz,,,,
DMTM,BILLING,BILLINGTYPE,varchar,3,BRZ_DMTM,BILLING,BILLINGTYPE,varchar,,Direct,SLV_DMTM,BILLING,BILLING,BILL_TYPE,,,varchar,,,,
DMTM,BILLING,BASICPREMIUM,float,,BRZ_DMTM,BILLING,BASICPREMIUM,float,,Direct,SLV_DMTM,BILLING,BILLING,BASIC_PREMI,,,float,,,,
DMTM,BILLING,RIDERPREMIUM,float,,BRZ_DMTM,BILLING,RIDERPREMIUM,float,,Direct,SLV_DMTM,BILLING,BILLING,RIDER_PREMI,,,float,,,,
DMTM,BILLING,DISCOUNTAMOUNT,float,,BRZ_DMTM,BILLING,DISCOUNTAMOUNT,float,,Direct,SLV_DMTM,BILLING,BILLING,DISCOUNT_AMT,,,float,,,,
DMTM,BILLING,POSTDATE1,datetime,,BRZ_DMTM,BILLING,POSTDATE1,timestamp_ntz,,Direct,SLV_DMTM,BILLING,BILLING,POST_DT_1,,,timestamp_ntz,,,,
DMTM,BILLING,POSTDATE2,datetime,,BRZ_DMTM,BILLING,POSTDATE2,timestamp_ntz,,Direct,SLV_DMTM,BILLING,BILLING,POST_DT_2,,,timestamp_ntz,,,,
DMTM,BILLING,POSTDATE3,datetime,,BRZ_DMTM,BILLING,POSTDATE3,timestamp_ntz,,Direct,SLV_DMTM,BILLING,BILLING,POST_DT_3,,,timestamp_ntz,,,,
DMTM,BILLING,POSTDATE4,datetime,,BRZ_DMTM,BILLING,POSTDATE4,timestamp_ntz,,Direct,SLV_DMTM,BILLING,BILLING,POST_DT_4,,,timestamp_ntz,,,,
DMTM,BILLING,LOGDATE,datetime,,BRZ_DMTM,BILLING,LOGDATE,timestamp_ntz,,Direct,SLV_DMTM,BILLING,BILLING,LOG_DT,,,timestamp_ntz,,,,
DMTM,PolicyHistory,HISTORYID,bigint,,BRZ_DMTM,PolicyHistory,HISTORYID,bigint,,Direct,SLV_DMTM,POLICYHISTORY,POLICYHISTORY,,,,bigint,,,,
DMTM,PolicyHistory,POLICYID,varchar,15,BRZ_DMTM,PolicyHistory,POLICYID,varchar,,Direct,SLV_DMTM,POLICYHISTORY,POLICYHISTORY,,,,varchar,,,,
DMTM,PolicyHistory,EVENTDATE,datetime,,BRZ_DMTM,PolicyHistory,EVENTDATE,timestamp_ntz,,Direct,SLV_DMTM,POLICYHISTORY,POLICYHISTORY,,,,timestamp_ntz,,,,
DMTM,PolicyHistory,STATUSID,varchar,2,BRZ_DMTM,PolicyHistory,STATUSID,varchar,,Direct,SLV_DMTM,POLICYHISTORY,POLICYHISTORY,,,,varchar,,,,
DMTM,PolicyHistory,EVENTID,varchar,3,BRZ_DMTM,PolicyHistory,EVENTID,varchar,,Direct,SLV_DMTM,POLICYHISTORY,POLICYHISTORY,,,,varchar,,,,
DMTM,PolicyHistory,DESCRIPTION,varchar,100,BRZ_DMTM,PolicyHistory,DESCRIPTION,varchar,,Direct,SLV_DMTM,POLICYHISTORY,POLICYHISTORY,,,,varchar,,,,
DMTM,PolicyHistory,REMARK,varchar,1000,BRZ_DMTM,PolicyHistory,REMARK,varchar,,Direct,SLV_DMTM,POLICYHISTORY,POLICYHISTORY,,,,varchar,,,,
DMTM,PolicyHistory,CREATEBY,varchar,15,BRZ_DMTM,PolicyHistory,CREATEBY,varchar,,Direct,SLV_DMTM,POLICYHISTORY,POLICYHISTORY,,,,varchar,,,,
DMTM,PolicyHistory,CREATEDATE,datetime,,BRZ_DMTM,PolicyHistory,CREATEDATE,timestamp_ntz,,Direct,SLV_DMTM,POLICYHISTORY,POLICYHISTORY,,,,timestamp_ntz,,,,
DMTM,PolicyHistory,MODIFYBY,varchar,15,BRZ_DMTM,PolicyHistory,MODIFYBY,varchar,,Direct,SLV_DMTM,POLICYHISTORY,POLICYHISTORY,,,,varchar,,,,
DMTM,PolicyHistory,MODIFYDATE,datetime,,BRZ_DMTM,PolicyHistory,MODIFYDATE,timestamp_ntz,,Direct,SLV_DMTM,POLICYHISTORY,POLICYHISTORY,,,,timestamp_ntz,,,,
DMTM,PolicyHistory,LOGDATE,datetime,,BRZ_DMTM,PolicyHistory,LOGDATE,timestamp_ntz,,Direct,SLV_DMTM,POLICYHISTORY,POLICYHISTORY,,,,timestamp_ntz,,,,
DMTM,BillingJobs,BILLINGJOBID,char,17,BRZ_DMTM,BillingJobs,BILLINGJOBID,varchar,,Direct,SLV_DMTM,BILLINGJOBS,BILLINGJOBS,,,,varchar,,,,
DMTM,BillingJobs,CREATEDATE,datetime,,BRZ_DMTM,BillingJobs,CREATEDATE,timestamp_ntz,,Direct,SLV_DMTM,BILLINGJOBS,BILLINGJOBS,,,,timestamp_ntz,,,,
DMTM,BillingJobs,USERID,char,50,BRZ_DMTM,BillingJobs,USERID,varchar,,Direct,SLV_DMTM,BILLINGJOBS,BILLINGJOBS,,,,varchar,,,,
DMTM,BillingJobs,FILENAME,char,1000,BRZ_DMTM,BillingJobs,FILENAME,varchar,,Direct,SLV_DMTM,BILLINGJOBS,BILLINGJOBS,,,,varchar,,,,
DMTM,BillingJobs,FILESIZE,float,,BRZ_DMTM,BillingJobs,FILESIZE,float,,Direct,SLV_DMTM,BILLINGJOBS,BILLINGJOBS,,,,float,,,,
DMTM,BillingJobs,FILECREATIONDATE,char,50,BRZ_DMTM,BillingJobs,FILECREATIONDATE,varchar,,Direct,SLV_DMTM,BILLINGJOBS,BILLINGJOBS,,,,varchar,,,,
DMTM,BillingJobs,SUKSESROW,int,,BRZ_DMTM,BillingJobs,SUKSESROW,integer,,Direct,SLV_DMTM,BILLINGJOBS,BILLINGJOBS,,,,integer,,,,
DMTM,BillingJobs,SUKSESAMOUNT,float,,BRZ_DMTM,BillingJobs,SUKSESAMOUNT,float,,Direct,SLV_DMTM,BILLINGJOBS,BILLINGJOBS,,,,float,,,,
DMTM,BillingJobs,GAGALROW,int,,BRZ_DMTM,BillingJobs,GAGALROW,integer,,Direct,SLV_DMTM,BILLINGJOBS,BILLINGJOBS,,,,integer,,,,
DMTM,BillingJobs,GAGALAMOUNT,float,,BRZ_DMTM,BillingJobs,GAGALAMOUNT,float,,Direct,SLV_DMTM,BILLINGJOBS,BILLINGJOBS,,,,float,,,,
DMTM,BillingJobs,PARAM_PRODUCT,char,10,BRZ_DMTM,BillingJobs,PARAM_PRODUCT,varchar,,Direct,SLV_DMTM,BILLINGJOBS,BILLINGJOBS,,,,varchar,,,,
DMTM,BillingJobs,PARAM_COLLECTIONID,char,10,BRZ_DMTM,BillingJobs,PARAM_COLLECTIONID,varchar,,Direct,SLV_DMTM,BILLINGJOBS,BILLINGJOBS,,,,varchar,,,,
DMTM,BillingJobs,PARAM_PAYMENTMETHODID,char,10,BRZ_DMTM,BillingJobs,PARAM_PAYMENTMETHODID,varchar,,Direct,SLV_DMTM,BILLINGJOBS,BILLINGJOBS,,,,varchar,,,,
DMTM,BillingJobs,PARAM_BILLINGDATE,datetime,,BRZ_DMTM,BillingJobs,PARAM_BILLINGDATE,timestamp_ntz,,Direct,SLV_DMTM,BILLINGJOBS,BILLINGJOBS,,,,timestamp_ntz,,,,
DMTM,BillingJobs,PARAM_UPLOADTYPE,char,20,BRZ_DMTM,BillingJobs,PARAM_UPLOADTYPE,varchar,,Direct,SLV_DMTM,BILLINGJOBS,BILLINGJOBS,,,,varchar,,,,
DMTM,BillingJobs,STATUS,char,50,BRZ_DMTM,BillingJobs,STATUS,varchar,,Direct,SLV_DMTM,BILLINGJOBS,BILLINGJOBS,,,,varchar,,,,
DMTM,BillingJobs,DATESTARTPROCESS,datetime,,BRZ_DMTM,BillingJobs,DATESTARTPROCESS,timestamp_ntz,,Direct,SLV_DMTM,BILLINGJOBS,BILLINGJOBS,,,,timestamp_ntz,,,,
DMTM,BillingJobs,DATEENDPROCESS,datetime,,BRZ_DMTM,BillingJobs,DATEENDPROCESS,timestamp_ntz,,Direct,SLV_DMTM,BILLINGJOBS,BILLINGJOBS,,,,timestamp_ntz,,,,
DMTM,BillingJobs,SUCCESSRECORD,int,,BRZ_DMTM,BillingJobs,SUCCESSRECORD,integer,,Direct,SLV_DMTM,BILLINGJOBS,BILLINGJOBS,,,,integer,,,,
DMTM,BillingJobs,SUCCESSAMOUNT,float,,BRZ_DMTM,BillingJobs,SUCCESSAMOUNT,float,,Direct,SLV_DMTM,BILLINGJOBS,BILLINGJOBS,,,,float,,,,
DMTM,BillingJobs,FAILRECORD,varchar,225,BRZ_DMTM,BillingJobs,FAILRECORD,varchar,,Direct,SLV_DMTM,BILLINGJOBS,BILLINGJOBS,,,,varchar,,,,
DMTM,BillingJobs,FAILAMOUNT,float,,BRZ_DMTM,BillingJobs,FAILAMOUNT,float,,Direct,SLV_DMTM,BILLINGJOBS,BILLINGJOBS,,,,float,,,,
DMTM,BillingJobs,REMARK,char,1000,BRZ_DMTM,BillingJobs,REMARK,varchar,,Direct,SLV_DMTM,BILLINGJOBS,BILLINGJOBS,,,,varchar,,,,
DMTM,BillingJobs,BATCHID,char,15,BRZ_DMTM,BillingJobs,BATCHID,varchar,,Direct,SLV_DMTM,BILLINGJOBS,BILLINGJOBS,,,,varchar,,,,
DMTM,BillingJobs,JOBTYPE,char,3,BRZ_DMTM,BillingJobs,JOBTYPE,varchar,,Direct,SLV_DMTM,BILLINGJOBS,BILLINGJOBS,,,,varchar,,,,
DMTM,BillingJobs,LOGDATE,datetime,,BRZ_DMTM,BillingJobs,LOGDATE,timestamp_ntz,,Direct,SLV_DMTM,BILLINGJOBS,BILLINGJOBS,,,,timestamp_ntz,,,,
DMTM,BillingJobs,EMAILUSER,varchar,500,BRZ_DMTM,BillingJobs,EMAILUSER,varchar,,Direct,SLV_DMTM,BILLINGJOBS,BILLINGJOBS,,,,varchar,,,,
DMTM,Branch,BRANCHID,varchar,15,BRZ_DMTM,Branch,BRANCHID,varchar,,Direct,SLV_DMTM,BRANCH,BRANCH,BRANCH_CD,,,varchar,,,,
DMTM,Branch,BRANCHNAME,varchar,50,BRZ_DMTM,Branch,BRANCHNAME,varchar,,Direct,SLV_DMTM,BRANCH,BRANCH,BRANCH_NM,,,varchar,,,,
DMTM,Branch,CHANNELID,varchar,15,BRZ_DMTM,Branch,CHANNELID,varchar,,Direct,SLV_DMTM,BRANCH,BRANCH,CHANNEL_ID,,,varchar,,,,
DMTM,Branch,LEVELID,varchar,15,BRZ_DMTM,Branch,LEVELID,varchar,,Direct,SLV_DMTM,BRANCH,BRANCH,LEVEL_ID,,,varchar,,,,
DMTM,Branch,PARENTID,varchar,15,BRZ_DMTM,Branch,PARENTID,varchar,,Direct,SLV_DMTM,BRANCH,BRANCH,PARENT_ID,,,varchar,,,,
DMTM,Branch,REGION,varchar,50,BRZ_DMTM,Branch,REGION,varchar,,Direct,SLV_DMTM,BRANCH,BRANCH,REGION,,,varchar,,,,
DMTM,Branch,ADDRESS,varchar,200,BRZ_DMTM,Branch,ADDRESS,varchar,,Direct,SLV_DMTM,BRANCH,BRANCH,ADDR,,,varchar,,,,
DMTM,Branch,LOGDATE,datetime,,BRZ_DMTM,Branch,LOGDATE,timestamp_ntz,,Direct,SLV_DMTM,BRANCH,BRANCH,LOG_DT,,,timestamp_ntz,,,,
MAN,OPS_PRODUCT_MANUAL_MAPPING,ENTITY,nvarchar,50,BRZ_MAN,OPS_PRODUCT_MANUAL_MAPPING,ENTITY,varchar,,Direct,SLV_MAN,OPS_PRODUCT_MANUAL_MAPPING,OPS_PRODUCT_MANUAL_MAPPING,,,,varchar,,,,
MAN,OPS_PRODUCT_MANUAL_MAPPING,CHANNEL,nvarchar,50,BRZ_MAN,OPS_PRODUCT_MANUAL_MAPPING,CHANNEL,varchar,,Direct,SLV_MAN,OPS_PRODUCT_MANUAL_MAPPING,OPS_PRODUCT_MANUAL_MAPPING,,,,varchar,,,,
MAN,OPS_PRODUCT_MANUAL_MAPPING,PRODUCT ID,nvarchar,50,BRZ_MAN,OPS_PRODUCT_MANUAL_MAPPING,PRODUCT ID,varchar,,Direct,SLV_MAN,OPS_PRODUCT_MANUAL_MAPPING,OPS_PRODUCT_MANUAL_MAPPING,,,,varchar,,,,
MAN,OPS_PRODUCT_MANUAL_MAPPING,PLANID,nvarchar,50,BRZ_MAN,OPS_PRODUCT_MANUAL_MAPPING,PLANID,varchar,,Direct,SLV_MAN,OPS_PRODUCT_MANUAL_MAPPING,OPS_PRODUCT_MANUAL_MAPPING,,,,varchar,,,,
MAN,OPS_PRODUCT_MANUAL_MAPPING,SYARIAH,nvarchar,50,BRZ_MAN,OPS_PRODUCT_MANUAL_MAPPING,SYARIAH,varchar,,Direct,SLV_MAN,OPS_PRODUCT_MANUAL_MAPPING,OPS_PRODUCT_MANUAL_MAPPING,,,,varchar,,,,
MAN,OPS_PRODUCT_MANUAL_MAPPING,PRODUCTNAME,nvarchar,255,BRZ_MAN,OPS_PRODUCT_MANUAL_MAPPING,PRODUCTNAME,varchar,,Direct,SLV_MAN,OPS_PRODUCT_MANUAL_MAPPING,OPS_PRODUCT_MANUAL_MAPPING,,,,varchar,,,,
MAN,"FUND_MANAGERS_FEATURES (Possible from Investment Department, but Encoding column is from Data Innovation)",,,,BRZ_MAN,"FUND_MANAGERS_FEATURES (Possible from Investment Department, but Encoding column is from Data Innovation)",,,,Direct,SLV_MAN,"FUND_MANAGERS_FEATURES (Possible from Investment Department, but Encoding column is from Data Innovation)",,,,,,,,,
MAN,"PSOUR (PSOURCE/Bank Source possible from RLS, ask POS)",,,,BRZ_MAN,"PSOUR (PSOURCE/Bank Source possible from RLS, ask POS)",,,,Direct,SLV_MAN,"PSOUR (PSOURCE/Bank Source possible from RLS, ask POS)",,,,,,,,,
MAN,"OCCUPATION_POSITION (Possible from RLS, ask POS)",,,,BRZ_MAN,"OCCUPATION_POSITION (Possible from RLS, ask POS)",,,,Direct,SLV_MAN,"OCCUPATION_POSITION (Possible from RLS, ask POS)",,,,,,,,,
MAN,"RELIGION (Possible from RLS, ask POS)",,,,BRZ_MAN,"RELIGION (Possible from RLS, ask POS)",,,,Direct,SLV_MAN,"RELIGION (Possible from RLS, ask POS)",,,,,,,,,
MAN,"TRANSACTION_CODE (Possible from RLS, ask POS)",,,,BRZ_MAN,"TRANSACTION_CODE (Possible from RLS, ask POS)",,,,Direct,SLV_MAN,"TRANSACTION_CODE (Possible from RLS, ask POS)",,,,,,,,,
MAN,DIM_RANGEAGING,,,,BRZ_MAN,DIM_RANGEAGING,,,,Direct,SLV_MAN,DIM_RANGEAGING,,,,,,,,,
MDM,C_B_TELEPHONE_CONTACT,ROWID_OBJECT,bigint,,BRZ_MDM,C_B_TELEPHONE_CONTACT,ROWID_OBJECT,bigint,,Direct,SLV_MDM,C_B_TELEPHONE_CONTACT,C_B_TELEPHONE_CONTACT,ROWID_OBJECT,,,bigint,,,,
MDM,C_B_TELEPHONE_CONTACT,CREATOR,nvarchar,50,BRZ_MDM,C_B_TELEPHONE_CONTACT,CREATOR,varchar,,Direct,SLV_MDM,C_B_TELEPHONE_CONTACT,C_B_TELEPHONE_CONTACT,CREATOR,,,varchar,,,,
MDM,C_B_TELEPHONE_CONTACT,CREATE_DATE,varchar,75,BRZ_MDM,C_B_TELEPHONE_CONTACT,CREATE_DATE,varchar,,Direct,SLV_MDM,C_B_TELEPHONE_CONTACT,C_B_TELEPHONE_CONTACT,CREATE_DT,,,varchar,,,,
MDM,C_B_TELEPHONE_CONTACT,UPDATED_BY,nvarchar,50,BRZ_MDM,C_B_TELEPHONE_CONTACT,UPDATED_BY,varchar,,Direct,SLV_MDM,C_B_TELEPHONE_CONTACT,C_B_TELEPHONE_CONTACT,UPDATED_BY,,,varchar,,,,
MDM,C_B_TELEPHONE_CONTACT,LAST_UPDATE_DATE,varchar,75,BRZ_MDM,C_B_TELEPHONE_CONTACT,LAST_UPDATE_DATE,varchar,,Direct,SLV_MDM,C_B_TELEPHONE_CONTACT,C_B_TELEPHONE_CONTACT,LAST_UPDATE_DT,,,varchar,,,,
MDM,C_B_TELEPHONE_CONTACT,CONSOLIDATION_IND,numeric,"38, 0",BRZ_MDM,C_B_TELEPHONE_CONTACT,CONSOLIDATION_IND,number,"38, 0",Direct,SLV_MDM,C_B_TELEPHONE_CONTACT,C_B_TELEPHONE_CONTACT,IS_CONSOLIDATION,,,boolean,,,,
MDM,C_B_TELEPHONE_CONTACT,DELETED_IND,numeric,"38, 0",BRZ_MDM,C_B_TELEPHONE_CONTACT,DELETED_IND,number,"38, 0",Direct,SLV_MDM,C_B_TELEPHONE_CONTACT,C_B_TELEPHONE_CONTACT,IS_DELETED,,,boolean,,,,
MDM,C_B_TELEPHONE_CONTACT,DELETED_BY,nvarchar,50,BRZ_MDM,C_B_TELEPHONE_CONTACT,DELETED_BY,varchar,,Direct,SLV_MDM,C_B_TELEPHONE_CONTACT,C_B_TELEPHONE_CONTACT,DELETED_BY,,,varchar,,,,
MDM,C_B_TELEPHONE_CONTACT,DELETED_DATE,varchar,75,BRZ_MDM,C_B_TELEPHONE_CONTACT,DELETED_DATE,varchar,,Direct,SLV_MDM,C_B_TELEPHONE_CONTACT,C_B_TELEPHONE_CONTACT,DELETED_DT,,,varchar,,,,
MDM,C_B_TELEPHONE_CONTACT,LAST_ROWID_SYSTEM,nvarchar,14,BRZ_MDM,C_B_TELEPHONE_CONTACT,LAST_ROWID_SYSTEM,varchar,,Direct,SLV_MDM,C_B_TELEPHONE_CONTACT,C_B_TELEPHONE_CONTACT,LAST_ROWID_SYSTEM,,,varchar,,,,
MDM,C_B_TELEPHONE_CONTACT,DIRTY_IND,numeric,"38, 0",BRZ_MDM,C_B_TELEPHONE_CONTACT,DIRTY_IND,number,"38, 0",Direct,SLV_MDM,C_B_TELEPHONE_CONTACT,C_B_TELEPHONE_CONTACT,IS_DIRTY,,,boolean,,,,
MDM,C_B_TELEPHONE_CONTACT,INTERACTION_ID,numeric,"38, 0",BRZ_MDM,C_B_TELEPHONE_CONTACT,INTERACTION_ID,number,"38, 0",Direct,SLV_MDM,C_B_TELEPHONE_CONTACT,C_B_TELEPHONE_CONTACT,INTERACTION_ID,,,number,"38, 0",,,
MDM,C_B_TELEPHONE_CONTACT,HUB_STATE_IND,numeric,"38, 0",BRZ_MDM,C_B_TELEPHONE_CONTACT,HUB_STATE_IND,number,"38, 0",Direct,SLV_MDM,C_B_TELEPHONE_CONTACT,C_B_TELEPHONE_CONTACT,IS_HUB_STATE,,,boolean,,,,
MDM,C_B_TELEPHONE_CONTACT,CM_DIRTY_IND,numeric,"38, 0",BRZ_MDM,C_B_TELEPHONE_CONTACT,CM_DIRTY_IND,number,"38, 0",Direct,SLV_MDM,C_B_TELEPHONE_CONTACT,C_B_TELEPHONE_CONTACT,IS_CM_DIRTY,,,boolean,,,,
MDM,C_B_TELEPHONE_CONTACT,TELEPHONE_ADDR_TYPE_CD,nvarchar,10,BRZ_MDM,C_B_TELEPHONE_CONTACT,TELEPHONE_ADDR_TYPE_CD,varchar,,Direct,SLV_MDM,C_B_TELEPHONE_CONTACT,C_B_TELEPHONE_CONTACT,TELEPHONE_ADDR_TYPE_CD,,,varchar,,,,
MDM,C_B_TELEPHONE_CONTACT,AREA_CD,nvarchar,10,BRZ_MDM,C_B_TELEPHONE_CONTACT,AREA_CD,varchar,,Direct,SLV_MDM,C_B_TELEPHONE_CONTACT,C_B_TELEPHONE_CONTACT,AREA_CD,,,varchar,,,,
MDM,C_B_TELEPHONE_CONTACT,COUNTRY_CALLING_CD,nvarchar,10,BRZ_MDM,C_B_TELEPHONE_CONTACT,COUNTRY_CALLING_CD,varchar,,Direct,SLV_MDM,C_B_TELEPHONE_CONTACT,C_B_TELEPHONE_CONTACT,COUNTRY_CALLING_CD,,,varchar,,,,
MDM,C_B_TELEPHONE_CONTACT,ENTITY_CD,nvarchar,10,BRZ_MDM,C_B_TELEPHONE_CONTACT,ENTITY_CD,varchar,,Direct,SLV_MDM,C_B_TELEPHONE_CONTACT,C_B_TELEPHONE_CONTACT,ENTITY_CD,,,varchar,,,,
MDM,C_B_TELEPHONE_CONTACT,GOLDEN_FLAG,nvarchar,1,BRZ_MDM,C_B_TELEPHONE_CONTACT,GOLDEN_FLAG,varchar,,Direct,SLV_MDM,C_B_TELEPHONE_CONTACT,C_B_TELEPHONE_CONTACT,IS_GOLDEN,,,boolean,,,,
MDM,C_B_TELEPHONE_CONTACT,EXTENSION_NO,numeric,"38, 0",BRZ_MDM,C_B_TELEPHONE_CONTACT,EXTENSION_NO,number,"38, 0",Direct,SLV_MDM,C_B_TELEPHONE_CONTACT,C_B_TELEPHONE_CONTACT,EXTENSION_NO,,,number,"38, 0",,,
MDM,C_B_TELEPHONE_CONTACT,TELEPHONE_NO,nvarchar,100,BRZ_MDM,C_B_TELEPHONE_CONTACT,TELEPHONE_NO,varchar,,Direct,SLV_MDM,C_B_TELEPHONE_CONTACT,C_B_TELEPHONE_CONTACT,TELEPHONE_NO,,,varchar,,,,
MDM,C_B_TELEPHONE_CONTACT,ROWID_PARTY,bigint,,BRZ_MDM,C_B_TELEPHONE_CONTACT,ROWID_PARTY,bigint,,Direct,SLV_MDM,C_B_TELEPHONE_CONTACT,C_B_TELEPHONE_CONTACT,ROWID_PARTY,,,bigint,,,,
MDM,C_B_TELEPHONE_CONTACT,PKEY_TELEPHONE_CONT,nvarchar,255,BRZ_MDM,C_B_TELEPHONE_CONTACT,PKEY_TELEPHONE_CONT,varchar,,Direct,SLV_MDM,C_B_TELEPHONE_CONTACT,C_B_TELEPHONE_CONTACT,PKEY_TELEPHONE_CONT,,,varchar,,,,
MDM,C_B_TELEPHONE_CONTACT,SRC_SYSTEM,nvarchar,10,BRZ_MDM,C_B_TELEPHONE_CONTACT,SRC_SYSTEM,varchar,,Direct,SLV_MDM,C_B_TELEPHONE_CONTACT,C_B_TELEPHONE_CONTACT,SRC_SYSTEM,,,varchar,,,,
MDM,C_B_TELEPHONE_CONTACT,STD_TELEPHONE_NO,nvarchar,100,BRZ_MDM,C_B_TELEPHONE_CONTACT,STD_TELEPHONE_NO,varchar,,Direct,SLV_MDM,C_B_TELEPHONE_CONTACT,C_B_TELEPHONE_CONTACT,STD_TELEPHONE_NO,,,varchar,,,,
MDM,C_B_TELEPHONE_CONTACT,LOGDATE,datetime,,BRZ_MDM,C_B_TELEPHONE_CONTACT,LOGDATE,timestamp_ntz,,Direct,SLV_MDM,C_B_TELEPHONE_CONTACT,C_B_TELEPHONE_CONTACT,LOG_DT,,,timestamp_ntz,,,,
MDM,C_B_PHYSICAL_CONTACT,ROWID_OBJECT,bigint,,BRZ_MDM,C_B_PHYSICAL_CONTACT,ROWID_OBJECT,bigint,,Direct,SLV_MDM,C_B_PHYSICAL_CONTACT,C_B_PHYSICAL_CONTACT,ROWID_OBJECT,,,bigint,,,,
MDM,C_B_PHYSICAL_CONTACT,CREATOR,nvarchar,50,BRZ_MDM,C_B_PHYSICAL_CONTACT,CREATOR,varchar,,Direct,SLV_MDM,C_B_PHYSICAL_CONTACT,C_B_PHYSICAL_CONTACT,CREATOR,,,varchar,,,,
MDM,C_B_PHYSICAL_CONTACT,CREATE_DATE,varchar,75,BRZ_MDM,C_B_PHYSICAL_CONTACT,CREATE_DATE,varchar,,Direct,SLV_MDM,C_B_PHYSICAL_CONTACT,C_B_PHYSICAL_CONTACT,CREATE_DT,,,varchar,,,,
MDM,C_B_PHYSICAL_CONTACT,UPDATED_BY,nvarchar,50,BRZ_MDM,C_B_PHYSICAL_CONTACT,UPDATED_BY,varchar,,Direct,SLV_MDM,C_B_PHYSICAL_CONTACT,C_B_PHYSICAL_CONTACT,UPDATED_BY,,,varchar,,,,
MDM,C_B_PHYSICAL_CONTACT,LAST_UPDATE_DATE,varchar,75,BRZ_MDM,C_B_PHYSICAL_CONTACT,LAST_UPDATE_DATE,varchar,,Direct,SLV_MDM,C_B_PHYSICAL_CONTACT,C_B_PHYSICAL_CONTACT,LAST_UPDATE_DT,,,varchar,,,,
MDM,C_B_PHYSICAL_CONTACT,CONSOLIDATION_IND,numeric,"38, 0",BRZ_MDM,C_B_PHYSICAL_CONTACT,CONSOLIDATION_IND,number,"38, 0",Direct,SLV_MDM,C_B_PHYSICAL_CONTACT,C_B_PHYSICAL_CONTACT,IS_CONSOLIDATION,,,boolean,,,,
MDM,C_B_PHYSICAL_CONTACT,DELETED_IND,numeric,"38, 0",BRZ_MDM,C_B_PHYSICAL_CONTACT,DELETED_IND,number,"38, 0",Direct,SLV_MDM,C_B_PHYSICAL_CONTACT,C_B_PHYSICAL_CONTACT,IS_DELETED,,,boolean,,,,
MDM,C_B_PHYSICAL_CONTACT,DELETED_BY,nvarchar,50,BRZ_MDM,C_B_PHYSICAL_CONTACT,DELETED_BY,varchar,,Direct,SLV_MDM,C_B_PHYSICAL_CONTACT,C_B_PHYSICAL_CONTACT,DELETED_BY,,,varchar,,,,
MDM,C_B_PHYSICAL_CONTACT,DELETED_DATE,varchar,75,BRZ_MDM,C_B_PHYSICAL_CONTACT,DELETED_DATE,varchar,,Direct,SLV_MDM,C_B_PHYSICAL_CONTACT,C_B_PHYSICAL_CONTACT,DELETED_DT,,,varchar,,,,
MDM,C_B_PHYSICAL_CONTACT,LAST_ROWID_SYSTEM,nvarchar,14,BRZ_MDM,C_B_PHYSICAL_CONTACT,LAST_ROWID_SYSTEM,varchar,,Direct,SLV_MDM,C_B_PHYSICAL_CONTACT,C_B_PHYSICAL_CONTACT,LAST_ROWID_SYSTEM,,,varchar,,,,
MDM,C_B_PHYSICAL_CONTACT,DIRTY_IND,numeric,"38, 0",BRZ_MDM,C_B_PHYSICAL_CONTACT,DIRTY_IND,number,"38, 0",Direct,SLV_MDM,C_B_PHYSICAL_CONTACT,C_B_PHYSICAL_CONTACT,IS_DIRTY,,,boolean,,,,
MDM,C_B_PHYSICAL_CONTACT,INTERACTION_ID,numeric,"38, 0",BRZ_MDM,C_B_PHYSICAL_CONTACT,INTERACTION_ID,number,"38, 0",Direct,SLV_MDM,C_B_PHYSICAL_CONTACT,C_B_PHYSICAL_CONTACT,INTERACTION_ID,,,number,"38, 0",,,
MDM,C_B_PHYSICAL_CONTACT,HUB_STATE_IND,numeric,"38, 0",BRZ_MDM,C_B_PHYSICAL_CONTACT,HUB_STATE_IND,number,"38, 0",Direct,SLV_MDM,C_B_PHYSICAL_CONTACT,C_B_PHYSICAL_CONTACT,IS_HUB_STATE,,,boolean,,,,
MDM,C_B_PHYSICAL_CONTACT,CM_DIRTY_IND,numeric,"38, 0",BRZ_MDM,C_B_PHYSICAL_CONTACT,CM_DIRTY_IND,number,"38, 0",Direct,SLV_MDM,C_B_PHYSICAL_CONTACT,C_B_PHYSICAL_CONTACT,IS_CM_DIRTY,,,boolean,,,,
MDM,C_B_PHYSICAL_CONTACT,PHYSICAL_ADDR_TYPE_CD,nvarchar,10,BRZ_MDM,C_B_PHYSICAL_CONTACT,PHYSICAL_ADDR_TYPE_CD,varchar,,Direct,SLV_MDM,C_B_PHYSICAL_CONTACT,C_B_PHYSICAL_CONTACT,PHYSICAL_ADDR_TYPE_CD,,,varchar,,,,
MDM,C_B_PHYSICAL_CONTACT,ENTITY_CD,nvarchar,10,BRZ_MDM,C_B_PHYSICAL_CONTACT,ENTITY_CD,varchar,,Direct,SLV_MDM,C_B_PHYSICAL_CONTACT,C_B_PHYSICAL_CONTACT,ENTITY_CD,,,varchar,,,,
MDM,C_B_PHYSICAL_CONTACT,GOLDEN_FLAG,nvarchar,50,BRZ_MDM,C_B_PHYSICAL_CONTACT,GOLDEN_FLAG,varchar,,Direct,SLV_MDM,C_B_PHYSICAL_CONTACT,C_B_PHYSICAL_CONTACT,IS_GOLDEN,,,boolean,,,,
MDM,C_B_PHYSICAL_CONTACT,ROWID_PARTY,numeric,"38, 0",BRZ_MDM,C_B_PHYSICAL_CONTACT,ROWID_PARTY,number,"38, 0",Direct,SLV_MDM,C_B_PHYSICAL_CONTACT,C_B_PHYSICAL_CONTACT,ROWID_PARTY,,,number,"38, 0",,,
MDM,C_B_PHYSICAL_CONTACT,ROWID_ADDRESS,bigint,,BRZ_MDM,C_B_PHYSICAL_CONTACT,ROWID_ADDRESS,bigint,,Direct,SLV_MDM,C_B_PHYSICAL_CONTACT,C_B_PHYSICAL_CONTACT,ROWID_ADDR,,,bigint,,,,
MDM,C_B_PHYSICAL_CONTACT,PKEY_PHYSICAL_CONT,nvarchar,255,BRZ_MDM,C_B_PHYSICAL_CONTACT,PKEY_PHYSICAL_CONT,varchar,,Direct,SLV_MDM,C_B_PHYSICAL_CONTACT,C_B_PHYSICAL_CONTACT,PKEY_PHYSICAL_CONT,,,varchar,,,,
MDM,C_B_PHYSICAL_CONTACT,SRC_SYSTEM,nvarchar,10,BRZ_MDM,C_B_PHYSICAL_CONTACT,SRC_SYSTEM,varchar,,Direct,SLV_MDM,C_B_PHYSICAL_CONTACT,C_B_PHYSICAL_CONTACT,SRC_SYSTEM,,,varchar,,,,
MDM,C_B_PHYSICAL_CONTACT,STD_PHYSICAL_ADDR_TYPE_CD,nvarchar,10,BRZ_MDM,C_B_PHYSICAL_CONTACT,STD_PHYSICAL_ADDR_TYPE_CD,varchar,,Direct,SLV_MDM,C_B_PHYSICAL_CONTACT,C_B_PHYSICAL_CONTACT,STD_PHYSICAL_ADDR_TYPE_CD,,,varchar,,,,
MDM,C_B_PHYSICAL_CONTACT,LOGDATE,datetime,,BRZ_MDM,C_B_PHYSICAL_CONTACT,LOGDATE,timestamp_ntz,,Direct,SLV_MDM,C_B_PHYSICAL_CONTACT,C_B_PHYSICAL_CONTACT,LOG_DT,,,timestamp_ntz,,,,
MDM,C_B_ADDRESS,ROWID_OBJECT,bigint,,BRZ_MDM,C_B_ADDRESS,ROWID_OBJECT,bigint,,Direct,SLV_MDM,C_B_ADDRESS,C_B_ADDRESS,ROWID_OBJECT,,,bigint,,,,
MDM,C_B_ADDRESS,CREATOR,nvarchar,50,BRZ_MDM,C_B_ADDRESS,CREATOR,varchar,,Direct,SLV_MDM,C_B_ADDRESS,C_B_ADDRESS,CREATOR,,,varchar,,,,
MDM,C_B_ADDRESS,CREATE_DATE,varchar,75,BRZ_MDM,C_B_ADDRESS,CREATE_DATE,varchar,,Direct,SLV_MDM,C_B_ADDRESS,C_B_ADDRESS,CREATE_DT,,,varchar,,,,
MDM,C_B_ADDRESS,UPDATED_BY,nvarchar,50,BRZ_MDM,C_B_ADDRESS,UPDATED_BY,varchar,,Direct,SLV_MDM,C_B_ADDRESS,C_B_ADDRESS,UPDATED_BY,,,varchar,,,,
MDM,C_B_ADDRESS,LAST_UPDATE_DATE,varchar,75,BRZ_MDM,C_B_ADDRESS,LAST_UPDATE_DATE,varchar,,Direct,SLV_MDM,C_B_ADDRESS,C_B_ADDRESS,LAST_UPDATE_DT,,,varchar,,,,
MDM,C_B_ADDRESS,CONSOLIDATION_IND,numeric,"38, 0",BRZ_MDM,C_B_ADDRESS,CONSOLIDATION_IND,number,"38, 0",Direct,SLV_MDM,C_B_ADDRESS,C_B_ADDRESS,IS_CONSOLIDATION,,,boolean,,,,
MDM,C_B_ADDRESS,DELETED_IND,numeric,"38, 0",BRZ_MDM,C_B_ADDRESS,DELETED_IND,number,"38, 0",Direct,SLV_MDM,C_B_ADDRESS,C_B_ADDRESS,IS_DELETED,,,boolean,,,,
MDM,C_B_ADDRESS,DELETED_BY,nvarchar,50,BRZ_MDM,C_B_ADDRESS,DELETED_BY,varchar,,Direct,SLV_MDM,C_B_ADDRESS,C_B_ADDRESS,DELETED_BY,,,varchar,,,,
MDM,C_B_ADDRESS,DELETED_DATE,varchar,75,BRZ_MDM,C_B_ADDRESS,DELETED_DATE,varchar,,Direct,SLV_MDM,C_B_ADDRESS,C_B_ADDRESS,DELETED_DT,,,varchar,,,,
MDM,C_B_ADDRESS,LAST_ROWID_SYSTEM,nvarchar,14,BRZ_MDM,C_B_ADDRESS,LAST_ROWID_SYSTEM,varchar,,Direct,SLV_MDM,C_B_ADDRESS,C_B_ADDRESS,LAST_ROWID_SYSTEM,,,varchar,,,,
MDM,C_B_ADDRESS,DIRTY_IND,numeric,"38, 0",BRZ_MDM,C_B_ADDRESS,DIRTY_IND,number,"38, 0",Direct,SLV_MDM,C_B_ADDRESS,C_B_ADDRESS,IS_DIRTY,,,boolean,,,,
MDM,C_B_ADDRESS,INTERACTION_ID,numeric,"38, 0",BRZ_MDM,C_B_ADDRESS,INTERACTION_ID,number,"38, 0",Direct,SLV_MDM,C_B_ADDRESS,C_B_ADDRESS,INTERACTION_ID,,,number,"38, 0",,,
MDM,C_B_ADDRESS,HUB_STATE_IND,numeric,"38, 0",BRZ_MDM,C_B_ADDRESS,HUB_STATE_IND,number,"38, 0",Direct,SLV_MDM,C_B_ADDRESS,C_B_ADDRESS,IS_HUB_STATE,,,boolean,,,,
MDM,C_B_ADDRESS,CM_DIRTY_IND,numeric,"38, 0",BRZ_MDM,C_B_ADDRESS,CM_DIRTY_IND,number,"38, 0",Direct,SLV_MDM,C_B_ADDRESS,C_B_ADDRESS,IS_CM_DIRTY,,,boolean,,,,
MDM,C_B_ADDRESS,ADDR_LINE_1,nvarchar,4000,BRZ_MDM,C_B_ADDRESS,ADDR_LINE_1,varchar,,Direct,SLV_MDM,C_B_ADDRESS,C_B_ADDRESS,ADDR_LINE_1,,,varchar,,,,
MDM,C_B_ADDRESS,ADDR_LINE_2,nvarchar,4000,BRZ_MDM,C_B_ADDRESS,ADDR_LINE_2,varchar,,Direct,SLV_MDM,C_B_ADDRESS,C_B_ADDRESS,ADDR_LINE_2,,,varchar,,,,
MDM,C_B_ADDRESS,ADDR_LINE_3,nvarchar,4000,BRZ_MDM,C_B_ADDRESS,ADDR_LINE_3,varchar,,Direct,SLV_MDM,C_B_ADDRESS,C_B_ADDRESS,ADDR_LINE_3,,,varchar,,,,
MDM,C_B_ADDRESS,ADDR_LINE_4,nvarchar,4000,BRZ_MDM,C_B_ADDRESS,ADDR_LINE_4,varchar,,Direct,SLV_MDM,C_B_ADDRESS,C_B_ADDRESS,ADDR_LINE_4,,,varchar,,,,
MDM,C_B_ADDRESS,ADDR_LINE_5,nvarchar,4000,BRZ_MDM,C_B_ADDRESS,ADDR_LINE_5,varchar,,Direct,SLV_MDM,C_B_ADDRESS,C_B_ADDRESS,ADDR_LINE_5,,,varchar,,,,
MDM,C_B_ADDRESS,GPS_LOCATION,nvarchar,20,BRZ_MDM,C_B_ADDRESS,GPS_LOCATION,varchar,,Direct,SLV_MDM,C_B_ADDRESS,C_B_ADDRESS,GPS_LOCATION,,,varchar,,,,
MDM,C_B_ADDRESS,CITY_NM,nvarchar,100,BRZ_MDM,C_B_ADDRESS,CITY_NM,varchar,,Direct,SLV_MDM,C_B_ADDRESS,C_B_ADDRESS,CITY_NM,,,varchar,,,,
MDM,C_B_ADDRESS,STATE_RGN_CD,nvarchar,10,BRZ_MDM,C_B_ADDRESS,STATE_RGN_CD,varchar,,Direct,SLV_MDM,C_B_ADDRESS,C_B_ADDRESS,STATE_RGN_CD,,,varchar,,,,
MDM,C_B_ADDRESS,COUNTRY_CD,nvarchar,100,BRZ_MDM,C_B_ADDRESS,COUNTRY_CD,varchar,,Direct,SLV_MDM,C_B_ADDRESS,C_B_ADDRESS,COUNTRY_CD,,,varchar,,,,
MDM,C_B_ADDRESS,POSTAL_CD,nvarchar,20,BRZ_MDM,C_B_ADDRESS,POSTAL_CD,varchar,,Direct,SLV_MDM,C_B_ADDRESS,C_B_ADDRESS,POSTAL_CD,,,varchar,,,,
MDM,C_B_ADDRESS,ELEVATION,nvarchar,20,BRZ_MDM,C_B_ADDRESS,ELEVATION,varchar,,Direct,SLV_MDM,C_B_ADDRESS,C_B_ADDRESS,ELEVATION,,,varchar,,,,
MDM,C_B_ADDRESS,ENTITY_CD,nvarchar,10,BRZ_MDM,C_B_ADDRESS,ENTITY_CD,varchar,,Direct,SLV_MDM,C_B_ADDRESS,C_B_ADDRESS,ENTITY_CD,,,varchar,,,,
MDM,C_B_ADDRESS,DEL_FLAG,nvarchar,1,BRZ_MDM,C_B_ADDRESS,DEL_FLAG,varchar,,Direct,SLV_MDM,C_B_ADDRESS,C_B_ADDRESS,IS_DELETED,,,boolean,,,,
MDM,C_B_ADDRESS,STD_COUNTRY_CD,nvarchar,10,BRZ_MDM,C_B_ADDRESS,STD_COUNTRY_CD,varchar,,Direct,SLV_MDM,C_B_ADDRESS,C_B_ADDRESS,STD_COUNTRY_CD,,,varchar,,,,
MDM,C_B_ADDRESS,STD_STATE_RGN_CD,nvarchar,10,BRZ_MDM,C_B_ADDRESS,STD_STATE_RGN_CD,varchar,,Direct,SLV_MDM,C_B_ADDRESS,C_B_ADDRESS,STD_STATE_RGN_CD,,,varchar,,,,
MDM,C_B_ADDRESS,STD_STREET_NM,nvarchar,4000,BRZ_MDM,C_B_ADDRESS,STD_STREET_NM,varchar,,Direct,SLV_MDM,C_B_ADDRESS,C_B_ADDRESS,STD_STREET_NM,,,varchar,,,,
MDM,C_B_ADDRESS,STD_SUB_DISTRICT,nvarchar,100,BRZ_MDM,C_B_ADDRESS,STD_SUB_DISTRICT,varchar,,Direct,SLV_MDM,C_B_ADDRESS,C_B_ADDRESS,STD_SUB_DISTRICT,,,varchar,,,,
MDM,C_B_ADDRESS,STD_DISTRICT,nvarchar,100,BRZ_MDM,C_B_ADDRESS,STD_DISTRICT,varchar,,Direct,SLV_MDM,C_B_ADDRESS,C_B_ADDRESS,STD_DISTRICT,,,varchar,,,,
MDM,C_B_ADDRESS,STD_CITY,nvarchar,100,BRZ_MDM,C_B_ADDRESS,STD_CITY,varchar,,Direct,SLV_MDM,C_B_ADDRESS,C_B_ADDRESS,STD_CITY,,,varchar,,,,
MDM,C_B_ADDRESS,STD_PROVINCE,nvarchar,100,BRZ_MDM,C_B_ADDRESS,STD_PROVINCE,varchar,,Direct,SLV_MDM,C_B_ADDRESS,C_B_ADDRESS,STD_PROVINCE,,,varchar,,,,
MDM,C_B_ADDRESS,STD_POSTAL_CD,nvarchar,100,BRZ_MDM,C_B_ADDRESS,STD_POSTAL_CD,varchar,,Direct,SLV_MDM,C_B_ADDRESS,C_B_ADDRESS,STD_POSTAL_CD,,,varchar,,,,
MDM,C_B_ADDRESS,LOGDATE,datetime,,BRZ_MDM,C_B_ADDRESS,LOGDATE,timestamp_ntz,,Direct,SLV_MDM,C_B_ADDRESS,C_B_ADDRESS,LOG_DT,,,timestamp_ntz,,,,
RLS,QRY4TMHPX,PNO,varchar,11,BRZ_RLS,QRY4TMHPX,PNO,varchar,,Direct,SLV_RLS,QRY4TMHPXb_FR,QRY4TMHPXb_FR,,,,varchar,,,,
RLS,QRY4TMHPX,PDOI,decimal,"8, 0",BRZ_RLS,QRY4TMHPX,PDOI,number,"8, 0",Direct,SLV_RLS,QRY4TMHPXb_FR,QRY4TMHPXb_FR,,,,number,,,,
RLS,QRY4TMHPX,PSTU,varchar,1,BRZ_RLS,QRY4TMHPX,PSTU,varchar,,Direct,SLV_RLS,QRY4TMHPXb_FR,QRY4TMHPXb_FR,,,,varchar,,,,
RLS,QRY4TMHPX,PPTD,decimal,"8, 0",BRZ_RLS,QRY4TMHPX,PPTD,number,"8, 0",Direct,SLV_RLS,QRY4TMHPXb_FR,QRY4TMHPXb_FR,,,,number,,,,
RLS,QRY4TMHPX,PMODE,varchar,1,BRZ_RLS,QRY4TMHPX,PMODE,varchar,,Direct,SLV_RLS,QRY4TMHPXb_FR,QRY4TMHPXb_FR,,,,varchar,,,,
RLS,QRY4TMHPX,PMPREM,decimal,"15, 2",BRZ_RLS,QRY4TMHPX,PMPREM,number,"15, 2",Direct,SLV_RLS,QRY4TMHPXb_FR,QRY4TMHPXb_FR,,,,number,,,,
RLS,QRY4TMHPX,PNAME,varchar,50,BRZ_RLS,QRY4TMHPX,PNAME,varchar,,Direct,SLV_RLS,QRY4TMHPXb_FR,QRY4TMHPXb_FR,,,,varchar,,,,
RLS,QRY4TMHPX,PDOB,decimal,"8, 0",BRZ_RLS,QRY4TMHPX,PDOB,number,"8, 0",Direct,SLV_RLS,QRY4TMHPXb_FR,QRY4TMHPXb_FR,,,,number,,,,
RLS,QRY4TMHPX,PSEX,varchar,1,BRZ_RLS,QRY4TMHPX,PSEX,varchar,,Direct,SLV_RLS,QRY4TMHPXb_FR,QRY4TMHPXb_FR,,,,varchar,,,,
RLS,QRY4TMHPX,PADR1,varchar,30,BRZ_RLS,QRY4TMHPX,PADR1,varchar,,Direct,SLV_RLS,QRY4TMHPXb_FR,QRY4TMHPXb_FR,,,,varchar,,,,
RLS,QRY4TMHPX,PADR2,varchar,30,BRZ_RLS,QRY4TMHPX,PADR2,varchar,,Direct,SLV_RLS,QRY4TMHPXb_FR,QRY4TMHPXb_FR,,,,varchar,,,,
RLS,QRY4TMHPX,PADR3,varchar,30,BRZ_RLS,QRY4TMHPX,PADR3,varchar,,Direct,SLV_RLS,QRY4TMHPXb_FR,QRY4TMHPXb_FR,,,,varchar,,,,
RLS,QRY4TMHPX,PADR4,varchar,30,BRZ_RLS,QRY4TMHPX,PADR4,varchar,,Direct,SLV_RLS,QRY4TMHPXb_FR,QRY4TMHPXb_FR,,,,varchar,,,,
RLS,QRY4TMHPX,PCTY,varchar,10,BRZ_RLS,QRY4TMHPX,PCTY,varchar,,Direct,SLV_RLS,QRY4TMHPXb_FR,QRY4TMHPXb_FR,,,,varchar,,,,
RLS,QRY4TMHPX,PTEL1,varchar,15,BRZ_RLS,QRY4TMHPX,PTEL1,varchar,,Direct,SLV_RLS,QRY4TMHPXb_FR,QRY4TMHPXb_FR,,,,varchar,,,,
RLS,QRY4TMHPX,PTEL2,varchar,15,BRZ_RLS,QRY4TMHPX,PTEL2,varchar,,Direct,SLV_RLS,QRY4TMHPXb_FR,QRY4TMHPXb_FR,,,,varchar,,,,
RLS,QRY4TMHPX,POWNER,varchar,50,BRZ_RLS,QRY4TMHPX,POWNER,varchar,,Direct,SLV_RLS,QRY4TMHPXb_FR,QRY4TMHPXb_FR,,,,varchar,,,,
RLS,QRY4TMHPX,LPAYDB,decimal,"8, 0",BRZ_RLS,QRY4TMHPX,LPAYDB,number,"8, 0",Direct,SLV_RLS,QRY4TMHPXb_FR,QRY4TMHPXb_FR,,,,number,,,,
RLS,QRY4TMHPX,POWSEX,varchar,1,BRZ_RLS,QRY4TMHPX,POWSEX,varchar,,Direct,SLV_RLS,QRY4TMHPXb_FR,QRY4TMHPXb_FR,,,,varchar,,,,
RLS,QRY4TMHPX,LILSP,decimal,"15, 2",BRZ_RLS,QRY4TMHPX,LILSP,number,"15, 2",Direct,SLV_RLS,QRY4TMHPXb_FR,QRY4TMHPXb_FR,,,,number,,,,
RLS,QRY4TMHPX,LTTRMP,decimal,"15, 2",BRZ_RLS,QRY4TMHPX,LTTRMP,number,"15, 2",Direct,SLV_RLS,QRY4TMHPXb_FR,QRY4TMHPXb_FR,,,,number,,,,
RLS,QRY4TMHPX,ANAME,varchar,50,BRZ_RLS,QRY4TMHPX,ANAME,varchar,,Direct,SLV_RLS,QRY4TMHPXb_FR,QRY4TMHPXb_FR,,,,varchar,,,,
RLS,QRY4TMHPX,AAC,varchar,30,BRZ_RLS,QRY4TMHPX,AAC,varchar,,Direct,SLV_RLS,QRY4TMHPXb_FR,QRY4TMHPXb_FR,,,,varchar,,,,
RLS,QRY4TMHPX,LPLAN,varchar,7,BRZ_RLS,QRY4TMHPX,LPLAN,varchar,,Direct,SLV_RLS,QRY4TMHPXb_FR,QRY4TMHPXb_FR,,,,varchar,,,,
RLS,QRY4TMHPX,COPHO,varchar,14,BRZ_RLS,QRY4TMHPX,COPHO,varchar,,Direct,SLV_RLS,QRY4TMHPXb_FR,QRY4TMHPXb_FR,,,,varchar,,,,
RLS,QRY4TMHPX,PDOS,decimal,"8, 0",BRZ_RLS,QRY4TMHPX,PDOS,number,"8, 0",Direct,SLV_RLS,QRY4TMHPXb_FR,QRY4TMHPXb_FR,,,,number,,,,
RLS,QRY4TMHPX,BBBRH,decimal,"6, 0",BRZ_RLS,QRY4TMHPX,BBBRH,number,"6, 0",Direct,SLV_RLS,QRY4TMHPXb_FR,QRY4TMHPXb_FR,,,,number,,,,
RLS,QRY4TMHPX,BBNAME,varchar,50,BRZ_RLS,QRY4TMHPX,BBNAME,varchar,,Direct,SLV_RLS,QRY4TMHPXb_FR,QRY4TMHPXb_FR,,,,varchar,,,,
RLS,QRY4TMHPX,BBAREA,decimal,"6, 0",BRZ_RLS,QRY4TMHPX,BBAREA,number,"6, 0",Direct,SLV_RLS,QRY4TMHPXb_FR,QRY4TMHPXb_FR,,,,number,,,,
RLS,QRY4TMHPX,BBZIPC,varchar,6,BRZ_RLS,QRY4TMHPX,BBZIPC,varchar,,Direct,SLV_RLS,QRY4TMHPXb_FR,QRY4TMHPXb_FR,,,,varchar,,,,
RLS,QRY4TMHPX,LOGDATE,datetime2,3,BRZ_RLS,QRY4TMHPX,LOGDATE,timestamp_ntz,,Direct,SLV_RLS,QRY4TMHPXb_FR,QRY4TMHPXb_FR,,,,timestamp_ntz,,,,
RLS,PERIOD,,,,BRZ_RLS,PERIOD,,,,Direct,SLV_RLS,PERIOD,PERIOD,,,,,,,,
RLS,RLS_LFPCOMMR,,,,BRZ_RLS,RLS_LFPCOMMR,,,,Direct,SLV_RLS,RLS_LFPCOMMR,RLS_LFPCOMMR,,,,,,,,
RLS,CARE_CLAIMH,,,,BRZ_RLS,CARE_CLAIMH,,,,Direct,SLV_RLS,CARE_CLAIMH,CARE_CLAIMH,,,,,,,,
RLS,CARE_Policy,,,,BRZ_RLS,CARE_Policy,,,,Direct,SLV_RLS,CARE_Policy,CARE_Policy,,,,,,,,
RLS,CARE_POLICY_MEMBER,,,,BRZ_RLS,CARE_POLICY_MEMBER,,,,Direct,SLV_RLS,CARE_POLICY_MEMBER,CARE_POLICY_MEMBER,,,,,,,,
RLS,CARE_Profile,,,,BRZ_RLS,CARE_Profile,,,,Direct,SLV_RLS,CARE_Profile,CARE_Profile,,,,,,,,
MAN,IDAS_REGION_HOS_RFA_MAPPING,REGION_ID,varchar,10,BRZ_MAN,IDAS_REGION_HOS_RFA_MAPPING,REGION_ID,varchar,,Direct,SLV_MAN,IDAS_REGION_HOS_RFA_MAPPING,IDAS_REGION_HOS_RFA_MAPPING,REGION_ID,,,varchar,,,,
MAN,IDAS_REGION_HOS_RFA_MAPPING,CATEGORY,varchar,20,BRZ_MAN,IDAS_REGION_HOS_RFA_MAPPING,CATEGORY,varchar,,Direct,SLV_MAN,IDAS_REGION_HOS_RFA_MAPPING,IDAS_REGION_HOS_RFA_MAPPING,CATEGORY,,,varchar,,,,
MAN,IDAS_REGION_HOS_RFA_MAPPING,new_region,varchar,2,BRZ_MAN,IDAS_REGION_HOS_RFA_MAPPING,new_region,varchar,,Direct,SLV_MAN,IDAS_REGION_HOS_RFA_MAPPING,IDAS_REGION_HOS_RFA_MAPPING,NEW_REGION,,,varchar,,,,
MAN,IDAS_MAPPING_STRUCTURE_CURRENT,FACTPERIOD,int,,BRZ_MAN,IDAS_MAPPING_STRUCTURE_CURRENT,FACTPERIOD,integer,,Direct,SLV_MAN,IDAS_MAPPING_STRUCTURE_CURRENT,IDAS_MAPPING_STRUCTURE_CURRENT,FACT_PERIOD,,,integer,,,,
MAN,IDAS_MAPPING_STRUCTURE_CURRENT,REGION_ID,varchar,10,BRZ_MAN,IDAS_MAPPING_STRUCTURE_CURRENT,REGION_ID,varchar,,Direct,SLV_MAN,IDAS_MAPPING_STRUCTURE_CURRENT,IDAS_MAPPING_STRUCTURE_CURRENT,REGION_ID,,,varchar,,,,
MAN,IDAS_MAPPING_STRUCTURE_CURRENT,REGION_GROUP_ID,int,,BRZ_MAN,IDAS_MAPPING_STRUCTURE_CURRENT,REGION_GROUP_ID,integer,,Direct,SLV_MAN,IDAS_MAPPING_STRUCTURE_CURRENT,IDAS_MAPPING_STRUCTURE_CURRENT,REGION_GROUP_ID,,,integer,,,,
MAN,IDAS_MAPPING_STRUCTURE_CURRENT,REGION_NAME,varchar,50,BRZ_MAN,IDAS_MAPPING_STRUCTURE_CURRENT,REGION_NAME,varchar,,Direct,SLV_MAN,IDAS_MAPPING_STRUCTURE_CURRENT,IDAS_MAPPING_STRUCTURE_CURRENT,REGION_NM,,,varchar,,,,
MAN,IDAS_MAPPING_STRUCTURE_CURRENT,CATEGORY,varchar,20,BRZ_MAN,IDAS_MAPPING_STRUCTURE_CURRENT,CATEGORY,varchar,,Direct,SLV_MAN,IDAS_MAPPING_STRUCTURE_CURRENT,IDAS_MAPPING_STRUCTURE_CURRENT,CATEGORY,,,varchar,,,,
MAN,IDAS_MAPPING_STRUCTURE_CURRENT,REGION_WILAYAH,varchar,30,BRZ_MAN,IDAS_MAPPING_STRUCTURE_CURRENT,REGION_WILAYAH,varchar,,Direct,SLV_MAN,IDAS_MAPPING_STRUCTURE_CURRENT,IDAS_MAPPING_STRUCTURE_CURRENT,REGION_AREA,,,varchar,,,,
MAN,IDAS_MAPPING_STRUCTURE_CURRENT,REGION_NAME_2,varchar,50,BRZ_MAN,IDAS_MAPPING_STRUCTURE_CURRENT,REGION_NAME_2,varchar,,Direct,SLV_MAN,IDAS_MAPPING_STRUCTURE_CURRENT,IDAS_MAPPING_STRUCTURE_CURRENT,REGION_NM_2,,,varchar,,,,
MAN,IDAS_MAPPING_STRUCTURE_CURRENT,REGION_GROUP_NAME,varchar,255,BRZ_MAN,IDAS_MAPPING_STRUCTURE_CURRENT,REGION_GROUP_NAME,varchar,,Direct,SLV_MAN,IDAS_MAPPING_STRUCTURE_CURRENT,IDAS_MAPPING_STRUCTURE_CURRENT,REGION_GROUP_NM,,,varchar,,,,
MAN,IDAS_MAPPING_STRUCTURE_CURRENT,PROVINCE,varchar,50,BRZ_MAN,IDAS_MAPPING_STRUCTURE_CURRENT,PROVINCE,varchar,,Direct,SLV_MAN,IDAS_MAPPING_STRUCTURE_CURRENT,IDAS_MAPPING_STRUCTURE_CURRENT,PROVINCE,,,varchar,,,,
MAN,IDAS_MAPPING_STRUCTURE_CURRENT,HOS,varchar,20,BRZ_MAN,IDAS_MAPPING_STRUCTURE_CURRENT,HOS,varchar,,Direct,SLV_MAN,IDAS_MAPPING_STRUCTURE_CURRENT,IDAS_MAPPING_STRUCTURE_CURRENT,HOS,,,varchar,,,,
MAN,IDAS_MAPPING_STRUCTURE_CURRENT,HOS NAME,varchar,100,BRZ_MAN,IDAS_MAPPING_STRUCTURE_CURRENT,HOS NAME,varchar,,Direct,SLV_MAN,IDAS_MAPPING_STRUCTURE_CURRENT,IDAS_MAPPING_STRUCTURE_CURRENT,HOS_NM,,,varchar,,,,
MAN,IDAS_MAPPING_STRUCTURE_CURRENT,Kode RSM Current,float,,BRZ_MAN,IDAS_MAPPING_STRUCTURE_CURRENT,Kode RSM Current,float,,Direct,SLV_MAN,IDAS_MAPPING_STRUCTURE_CURRENT,IDAS_MAPPING_STRUCTURE_CURRENT,RSM_CD_CURRENT,,,float,,,,
MAN,IDAS_MAPPING_STRUCTURE_CURRENT,Kode AGRSM Current,float,,BRZ_MAN,IDAS_MAPPING_STRUCTURE_CURRENT,Kode AGRSM Current,float,,Direct,SLV_MAN,IDAS_MAPPING_STRUCTURE_CURRENT,IDAS_MAPPING_STRUCTURE_CURRENT,AGRSM_CD_CURRENT,,,float,,,,
MAN,IDAS_MAPPING_STRUCTURE_CURRENT,Nama RSM Current,varchar,255,BRZ_MAN,IDAS_MAPPING_STRUCTURE_CURRENT,Nama RSM Current,varchar,,Direct,SLV_MAN,IDAS_MAPPING_STRUCTURE_CURRENT,IDAS_MAPPING_STRUCTURE_CURRENT,RSM_NM_CURRENT,,,varchar,,,,
MAN,IDAS_MAPPING_STRUCTURE_CURRENT,Area Code,varchar,100,BRZ_MAN,IDAS_MAPPING_STRUCTURE_CURRENT,Area Code,varchar,,Direct,SLV_MAN,IDAS_MAPPING_STRUCTURE_CURRENT,IDAS_MAPPING_STRUCTURE_CURRENT,AREA_CD,,,varchar,,,,
MAN,IDAS_MAPPING_STRUCTURE_CURRENT,Area Code Mandiri,float,,BRZ_MAN,IDAS_MAPPING_STRUCTURE_CURRENT,Area Code Mandiri,float,,Direct,SLV_MAN,IDAS_MAPPING_STRUCTURE_CURRENT,IDAS_MAPPING_STRUCTURE_CURRENT,AREA_CD_MANDIRI,,,float,,,,
MAN,IDAS_MAPPING_STRUCTURE_CURRENT,Kode ASM Current,float,,BRZ_MAN,IDAS_MAPPING_STRUCTURE_CURRENT,Kode ASM Current,float,,Direct,SLV_MAN,IDAS_MAPPING_STRUCTURE_CURRENT,IDAS_MAPPING_STRUCTURE_CURRENT,ASM_CD_CURRENT,,,float,,,,
MAN,IDAS_MAPPING_STRUCTURE_CURRENT,Kode AGASM Current,float,,BRZ_MAN,IDAS_MAPPING_STRUCTURE_CURRENT,Kode AGASM Current,float,,Direct,SLV_MAN,IDAS_MAPPING_STRUCTURE_CURRENT,IDAS_MAPPING_STRUCTURE_CURRENT,AGASM_CD_CURRENT,,,float,,,,
MAN,IDAS_MAPPING_STRUCTURE_CURRENT,Nama ASM Current,varchar,255,BRZ_MAN,IDAS_MAPPING_STRUCTURE_CURRENT,Nama ASM Current,varchar,,Direct,SLV_MAN,IDAS_MAPPING_STRUCTURE_CURRENT,IDAS_MAPPING_STRUCTURE_CURRENT,ASM_NM_CURRENT,,,varchar,,,,
MAN,IDAS_AMFS_MANPOWER_BIZCASE,KODE FA,numeric,"6, 0",BRZ_MAN,IDAS_AMFS_MANPOWER_BIZCASE,KODE FA,number,"6, 0",Direct,SLV_MAN,IDAS_AMFS_MANPOWER_BIZCASE,IDAS_AMFS_MANPOWER_BIZCASE,FA_CD,,,number,"6, 0",,,
MAN,IDAS_AMFS_MANPOWER_BIZCASE,FACTPERIOD,int,,BRZ_MAN,IDAS_AMFS_MANPOWER_BIZCASE,FACTPERIOD,integer,,Direct,SLV_MAN,IDAS_AMFS_MANPOWER_BIZCASE,IDAS_AMFS_MANPOWER_BIZCASE,FACT_PERIOD,,,integer,,,,
MAN,IDAS_AMFS_MANPOWER_BIZCASE,FLAG,int,,BRZ_MAN,IDAS_AMFS_MANPOWER_BIZCASE,FLAG,integer,,Direct,SLV_MAN,IDAS_AMFS_MANPOWER_BIZCASE,IDAS_AMFS_MANPOWER_BIZCASE,FLAG,,,integer,,,,
MAN,IDAS_AMFS_MANPOWER_BIZCASE,FACTPERIOD_START,int,,BRZ_MAN,IDAS_AMFS_MANPOWER_BIZCASE,FACTPERIOD_START,integer,,Direct,SLV_MAN,IDAS_AMFS_MANPOWER_BIZCASE,IDAS_AMFS_MANPOWER_BIZCASE,FACT_PERIOD_START,,,integer,,,,
MAN,IDAS_AMFS_MANPOWER_BIZCASE,FACTPERIOD_END,int,,BRZ_MAN,IDAS_AMFS_MANPOWER_BIZCASE,FACTPERIOD_END,integer,,Direct,SLV_MAN,IDAS_AMFS_MANPOWER_BIZCASE,IDAS_AMFS_MANPOWER_BIZCASE,FACT_PERIOD_END,,,integer,,,,
MAN,IDAS_Campaign_Mapping,Entity,varchar,10,BRZ_MAN,IDAS_CAMPAIGN_MAPPING,Entity,varchar,,Direct,SLV_MAN,IDAS_CAMPAIGN_MAPPING,CAMPAIGN_MAPPING,ENTITY,,,varchar,,,,
MAN,IDAS_Campaign_Mapping,Campaign,varchar,1000,BRZ_MAN,IDAS_CAMPAIGN_MAPPING,Campaign,varchar,,Direct,SLV_MAN,IDAS_CAMPAIGN_MAPPING,CAMPAIGN_MAPPING,CAMPAIGN,,,varchar,,,,
MAN,IDAS_Campaign_Mapping,ProductID,varchar,1000,BRZ_MAN,IDAS_CAMPAIGN_MAPPING,ProductID,varchar,,Direct,SLV_MAN,IDAS_CAMPAIGN_MAPPING,CAMPAIGN_MAPPING,PRODUCT_CD,,,varchar,,,,
MAN,IDAS_Campaign_Mapping,PSOUR,varchar,1000,BRZ_MAN,IDAS_CAMPAIGN_MAPPING,PSOUR,varchar,,Direct,SLV_MAN,IDAS_CAMPAIGN_MAPPING,CAMPAIGN_MAPPING,PSOUR,,,varchar,,,,
MAN,IDAS_Campaign_Mapping,Period Start,date,NULL,BRZ_MAN,IDAS_CAMPAIGN_MAPPING,Period Start,date,,Direct,SLV_MAN,IDAS_CAMPAIGN_MAPPING,CAMPAIGN_MAPPING,PERIOD_START,,,date,,,,
MAN,IDAS_Campaign_Mapping,Period End,date,NULL,BRZ_MAN,IDAS_CAMPAIGN_MAPPING,Period End,date,,Direct,SLV_MAN,IDAS_CAMPAIGN_MAPPING,CAMPAIGN_MAPPING,PERIOD_END,,,date,,,,
MAN,IDAS_Campaign_Mapping,APE_MIX,varchar,1000,BRZ_MAN,IDAS_CAMPAIGN_MAPPING,APE_MIX,varchar,,Direct,SLV_MAN,IDAS_CAMPAIGN_MAPPING,CAMPAIGN_MAPPING,APE_MIX,,,varchar,,,,
MAN,IDAS_PROCESSTYPE_GROSS,ENTITY,varchar,100,BRZ_MAN,IDAS_PROCESSTYPE_GROSS,ENTITY,varchar,,Direct,SLV_MAN,IDAS_PROCESSTYPE_GROSS,PROCESSTYPE_GROSS,ENTITY_CD,,,varchar,,,,
MAN,IDAS_PROCESSTYPE_GROSS,SYSTEM,varchar,100,BRZ_MAN,IDAS_PROCESSTYPE_GROSS,SYSTEM,varchar,,Direct,SLV_MAN,IDAS_PROCESSTYPE_GROSS,PROCESSTYPE_GROSS,SRC_SYSTEM,,,varchar,,,,
MAN,IDAS_PROCESSTYPE_GROSS,PROCESS_TYPE,varchar,100,BRZ_MAN,IDAS_PROCESSTYPE_GROSS,PROCESS_TYPE,varchar,,Direct,SLV_MAN,IDAS_PROCESSTYPE_GROSS,PROCESSTYPE_GROSS,PROCESS_TYPE,,,varchar,,,,
MAN,IDAS_PROCESSTYPE_GROSS,FLAG_GROSS,bit,NULL,BRZ_MAN,IDAS_PROCESSTYPE_GROSS,FLAG_GROSS,varchar,,Direct,SLV_MAN,IDAS_PROCESSTYPE_GROSS,PROCESSTYPE_GROSS,IS_GROSS,,,boolean,,,,
MAN,INDO_DAILY,PERIODKEY,int,NULL,BRZ_MAN,INDO_DAILY,PERIODKEY,integer,,Direct,SLV_MAN,INDO_DAILY,INDO_DAILY,PERIOD_KEY,,,integer,,,,
MAN,INDO_DAILY,ENTITY,varchar,50,BRZ_MAN,INDO_DAILY,ENTITY,varchar,,Direct,SLV_MAN,INDO_DAILY,INDO_DAILY,ENTITY,,,varchar,,,,
MAN,INDO_DAILY,CHANNEL,varchar,100,BRZ_MAN,INDO_DAILY,CHANNEL,varchar,,Direct,SLV_MAN,INDO_DAILY,INDO_DAILY,CHANNEL_GRP,,,varchar,,,,
MAN,INDO_DAILY,SUBCHANNEL,varchar,100,BRZ_MAN,INDO_DAILY,SUBCHANNEL,varchar,,Direct,SLV_MAN,INDO_DAILY,INDO_DAILY,SUBCHANNEL_CD,,,varchar,,,,
MAN,INDO_DAILY,APE ISSUE,float,NULL,BRZ_MAN,INDO_DAILY,APE ISSUE,float,,Direct,SLV_MAN,INDO_DAILY,INDO_DAILY,ISSUED_APE_AMT,,,float,,,,
MAN,INDO_DAILY,APE ISSUED TARGET,float,NULL,BRZ_MAN,INDO_DAILY,APE ISSUED TARGET,float,,Direct,SLV_MAN,INDO_DAILY,INDO_DAILY,ISSUED_APE_TARGET_AMT,,,float,,,,
MAN,INDO_DAILY,CASE ISSUED,float,NULL,BRZ_MAN,INDO_DAILY,CASE ISSUED,float,,Direct,SLV_MAN,INDO_DAILY,INDO_DAILY,ISSUED_CASE_CNT,,,float,,,,
MAN,INDO_DAILY,APE PENDING,float,NULL,BRZ_MAN,INDO_DAILY,APE PENDING,float,,Direct,SLV_MAN,INDO_DAILY,INDO_DAILY,PENDING_APE_AMT,,,float,,,,
MAN,INDO_DAILY,CASE PENDING,float,NULL,BRZ_MAN,INDO_DAILY,CASE PENDING,float,,Direct,SLV_MAN,INDO_DAILY,INDO_DAILY,PENDING_CASE_CNT,,,float,,,,
MAN,IDAS_INDO_DAILY_BUDGET,DATE,date,NULL,BRZ_MAN,IDAS_INDO_DAILY_BUDGET,DATE,date,,Direct,SLV_MAN,IDAS_INDO_DAILY_BUDGET,INDO_DAILY_BUDGET,DT,,,date,,,,
MAN,IDAS_INDO_DAILY_BUDGET,YEAR,int,NULL,BRZ_MAN,IDAS_INDO_DAILY_BUDGET,YEAR,integer,,Direct,SLV_MAN,IDAS_INDO_DAILY_BUDGET,INDO_DAILY_BUDGET,YR,,,integer,,,,
MAN,IDAS_INDO_DAILY_BUDGET,MONTH,int,NULL,BRZ_MAN,IDAS_INDO_DAILY_BUDGET,MONTH,integer,,Direct,SLV_MAN,IDAS_INDO_DAILY_BUDGET,INDO_DAILY_BUDGET,MONTH,,,integer,,,,
MAN,IDAS_INDO_DAILY_BUDGET,ENTITY,varchar,20,BRZ_MAN,IDAS_INDO_DAILY_BUDGET,ENTITY,varchar,,Direct,SLV_MAN,IDAS_INDO_DAILY_BUDGET,INDO_DAILY_BUDGET,ENTITY,,,varchar,,,,
MAN,IDAS_INDO_DAILY_BUDGET,CHANNEL,varchar,50,BRZ_MAN,IDAS_INDO_DAILY_BUDGET,CHANNEL,varchar,,Direct,SLV_MAN,IDAS_INDO_DAILY_BUDGET,INDO_DAILY_BUDGET,CHANNEL,,,varchar,,,,
MAN,IDAS_INDO_DAILY_BUDGET,DAILY TARGET,float,NULL,BRZ_MAN,IDAS_INDO_DAILY_BUDGET,DAILY TARGET,float,,Direct,SLV_MAN,IDAS_INDO_DAILY_BUDGET,INDO_DAILY_BUDGET,DAILY_TARGET,,,float,,,,
MAN,IDAS_INDO_DAILY_BUDGET,WORKING DAY,int,NULL,BRZ_MAN,IDAS_INDO_DAILY_BUDGET,WORKING DAY,integer,,Direct,SLV_MAN,IDAS_INDO_DAILY_BUDGET,INDO_DAILY_BUDGET,WORKING_DAY,,,integer,,,,
MAN,IDAS_INDO_DAILY_BUDGET,LOGDATE,datetime,NULL,BRZ_MAN,IDAS_INDO_DAILY_BUDGET,LOGDATE,timestamp_ntz,,Direct,SLV_MAN,IDAS_INDO_DAILY_BUDGET,INDO_DAILY_BUDGET,LOG_DT,,,timestamp_ntz,,,,
MAN,IDAS_INDO_DAILY_MAPPING,ENTITY,varchar,20,BRZ_MAN,IDAS_INDO_DAILY_MAPPING,ENTITY,varchar,,Direct,SLV_MAN,IDAS_INDO_DAILY_MAPPING,INDO_DAILY_MAPPING,ENTITY,,,varchar,,,,
MAN,IDAS_INDO_DAILY_MAPPING,CHANNEL,varchar,100,BRZ_MAN,IDAS_INDO_DAILY_MAPPING,CHANNEL,varchar,,Direct,SLV_MAN,IDAS_INDO_DAILY_MAPPING,INDO_DAILY_MAPPING,CHANNEL,,,varchar,,,,
MAN,IDAS_INDO_DAILY_MAPPING,SUBCHANNEL,varchar,100,BRZ_MAN,IDAS_INDO_DAILY_MAPPING,SUBCHANNEL,varchar,,Direct,SLV_MAN,IDAS_INDO_DAILY_MAPPING,INDO_DAILY_MAPPING,SUB_CHANNEL,,,varchar,,,,
MAN,IDAS_INDO_DAILY_MAPPING,MASTERPRODUCT_ENTITY,varchar,20,BRZ_MAN,IDAS_INDO_DAILY_MAPPING,MASTERPRODUCT_ENTITY,varchar,,Direct,SLV_MAN,IDAS_INDO_DAILY_MAPPING,INDO_DAILY_MAPPING,MASTER_PRODUCT_ENTITY,,,varchar,,,,
MAN,IDAS_INDO_DAILY_MAPPING,MASTERPRODUCT_SYSTEM,varchar,100,BRZ_MAN,IDAS_INDO_DAILY_MAPPING,MASTERPRODUCT_SYSTEM,varchar,,Direct,SLV_MAN,IDAS_INDO_DAILY_MAPPING,INDO_DAILY_MAPPING,MASTER_PRODUCT_SYSTEM,,,varchar,,,,
MAN,IDAS_INDO_DAILY_MAPPING,MASTERPRODUCT_CHANNEL,varchar,1000,BRZ_MAN,IDAS_INDO_DAILY_MAPPING,MASTERPRODUCT_CHANNEL,varchar,,Direct,SLV_MAN,IDAS_INDO_DAILY_MAPPING,INDO_DAILY_MAPPING,MASTER_PRODUCT_CHANNEL,,,varchar,,,,
MAN,IDAS_INDO_DAILY_MAPPING,MASTERPRODUCT_PRODUCT_GROUP,varchar,1000,BRZ_MAN,IDAS_INDO_DAILY_MAPPING,MASTERPRODUCT_PRODUCT_GROUP,varchar,,Direct,SLV_MAN,IDAS_INDO_DAILY_MAPPING,INDO_DAILY_MAPPING,MASTER_PRODUCT_GROUP,,,varchar,,,,
MAN,Dim_RangeAging,RangeKey,int,NULL,BRZ_MAN,DIM_RANGEAGING,RANGEKEY,integer,,Direct,SLV_MAN,DIM_RANGE_AGING,DIM_RANGE_AGING,,,,,,,,
MAN,Dim_RangeAging,EntityKey,bigint,NULL,BRZ_MAN,DIM_RANGEAGING,ENTITYKEY,bigint,,Direct,SLV_MAN,DIM_RANGE_AGING,DIM_RANGE_AGING,,,,,,,,
MAN,Dim_RangeAging,ChannelKey,bigint,NULL,BRZ_MAN,DIM_RANGEAGING,CHANNELKEY,bigint,,Direct,SLV_MAN,DIM_RANGE_AGING,DIM_RANGE_AGING,,,,,,,,
MAN,Dim_RangeAging,RangeAltKey,char,50,BRZ_MAN,DIM_RANGEAGING,RANGEALTKEY,varchar,,Direct,SLV_MAN,DIM_RANGE_AGING,DIM_RANGE_AGING,,,,,,,,
MAN,Dim_RangeAging,RangeReport,char,30,BRZ_MAN,DIM_RANGEAGING,RANGEREPORT,varchar,,Direct,SLV_MAN,DIM_RANGE_AGING,DIM_RANGE_AGING,,,,,,,,
MAN,Dim_RangeAging,MinRange,int,NULL,BRZ_MAN,DIM_RANGEAGING,MINRANGE,integer,,Direct,SLV_MAN,DIM_RANGE_AGING,DIM_RANGE_AGING,,,,,,,,
MAN,Dim_RangeAging,MaxRange,int,NULL,BRZ_MAN,DIM_RANGEAGING,MAXRANGE,integer,,Direct,SLV_MAN,DIM_RANGE_AGING,DIM_RANGE_AGING,,,,,,,,
MAN,Dim_RangeAging,RangeName,char,20,BRZ_MAN,DIM_RANGEAGING,RANGENAME,varchar,,Direct,SLV_MAN,DIM_RANGE_AGING,DIM_RANGE_AGING,,,,,,,,
MAN,Dim_RangeAging,RangeColor,char,20,BRZ_MAN,DIM_RANGEAGING,RANGECOLOR,varchar,,Direct,SLV_MAN,DIM_RANGE_AGING,DIM_RANGE_AGING,,,,,,,,
MAN,Dim_RangeAging,EntityName,char,25,BRZ_MAN,DIM_RANGEAGING,ENTITYNAME,varchar,,Direct,SLV_MAN,DIM_RANGE_AGING,DIM_RANGE_AGING,,,,,,,,
MAN,Dim_RangeAging,ChannelName,char,25,BRZ_MAN,DIM_RANGEAGING,CHANNELNAME,varchar,,Direct,SLV_MAN,DIM_RANGE_AGING,DIM_RANGE_AGING,,,,,,,,
MAN,Dim_RangeAging,HeaderColor,char,20,BRZ_MAN,DIM_RANGEAGING,HEADERCOLOR,varchar,,Direct,SLV_MAN,DIM_RANGE_AGING,DIM_RANGE_AGING,,,,,,,,
MAN,Dim_RangeAging,RangeFont,char,20,BRZ_MAN,DIM_RANGEAGING,RANGEFONT,varchar,,Direct,SLV_MAN,DIM_RANGE_AGING,DIM_RANGE_AGING,,,,,,,,
DMTM,MEDIA,MEDIAID,varchar,3,BRZ_DMTM,MEDIA,MEDIAID,varchar,,Direct,SLV_DMTM,MEDIA,MEDIA,MEDIA_CD,,,varchar,,,,
DMTM,MEDIA,NAME,varchar,25,BRZ_DMTM,MEDIA,NAME,varchar,,Direct,SLV_DMTM,MEDIA,MEDIA,MEDIA_NM,,,varchar,,,,
DMTM,MEDIA,LOGDATE,datetime,NULL,BRZ_DMTM,MEDIA,LOGDATE,timestamp_ntz,,Direct,SLV_DMTM,MEDIA,MEDIA,LOG_DT,,,timestamp_ntz,,,,
DMTM,REASONTYPE,TYPEID,varchar,4,BRZ_DMTM,REASONTYPE,TYPEID,varchar,,Direct,SLV_DMTM,REASON_TYPE,REASON_TYPE,TYPE_CD,,,varchar,,,,
DMTM,REASONTYPE,DESCRIPTION,varchar,100,BRZ_DMTM,REASONTYPE,DESCRIPTION,varchar,,Direct,SLV_DMTM,REASON_TYPE,REASON_TYPE,DESC,,,varchar,,,,
DMTM,REASONTYPE,LOGDATE,datetime,NULL,BRZ_DMTM,REASONTYPE,LOGDATE,timestamp_ntz,,Direct,SLV_DMTM,REASON_TYPE,REASON_TYPE,LOG_DT,,,timestamp_ntz,,,,
MAN,AMFS_OPS_COLL_NB_TM_UPLOAD,FULLFACTPERIOD,nvarchar,8,BRZ_MAN,AMFS_OPS_COLL_NB_TM_UPLOAD,FULLFACTPERIOD,varchar,,Direct,SLV_MAN,OPS_COLL_NB_TM,OPS_COLL_NB_TM,FACT_PERIOD,,,varchar,,,,
MAN,AMFS_OPS_COLL_NB_TM_UPLOAD,ACCOUNTNO,nvarchar,255,BRZ_MAN,AMFS_OPS_COLL_NB_TM_UPLOAD,ACCOUNTNO,varchar,,Direct,SLV_MAN,OPS_COLL_NB_TM,OPS_COLL_NB_TM,ACCT_NO,,,varchar,,,,
MAN,AMFS_OPS_COLL_NB_TM_UPLOAD,POLICYNO,nvarchar,255,BRZ_MAN,AMFS_OPS_COLL_NB_TM_UPLOAD,POLICYNO,varchar,,Direct,SLV_MAN,OPS_COLL_NB_TM,OPS_COLL_NB_TM,POLICY_NO,,,varchar,,,,
MAN,AMFS_OPS_COLL_NB_TM_UPLOAD,PREMI,float,,BRZ_MAN,AMFS_OPS_COLL_NB_TM_UPLOAD,PREMI,float,,Direct,SLV_MAN,OPS_COLL_NB_TM,OPS_COLL_NB_TM,PREMI_AMT,,,float,,,,
MAN,AMFS_OPS_COLL_NB_TM_UPLOAD,TANGGALPENDEBETAN,datetime,,BRZ_MAN,AMFS_OPS_COLL_NB_TM_UPLOAD,TANGGALPENDEBETAN,timestamp_ntz,,Direct,SLV_MAN,OPS_COLL_NB_TM,OPS_COLL_NB_TM,BILLING_DT_ACTUAL,,,timestamp_ntz,,,,
MAN,AMFS_OPS_COLL_NB_TM_UPLOAD,BULAN,float,,BRZ_MAN,AMFS_OPS_COLL_NB_TM_UPLOAD,BULAN,float,,Direct,SLV_MAN,OPS_COLL_NB_TM,OPS_COLL_NB_TM,MTH,,,float,,,,
MAN,AMFS_OPS_COLL_NB_TM_UPLOAD,PRODUCTID,nvarchar,255,BRZ_MAN,AMFS_OPS_COLL_NB_TM_UPLOAD,PRODUCTID,varchar,,Direct,SLV_MAN,OPS_COLL_NB_TM,OPS_COLL_NB_TM,PRODUCT_CD,,,varchar,,,,
MAN,AMFS_OPS_COLL_NB_TM_UPLOAD,PRODUCT,nvarchar,255,BRZ_MAN,AMFS_OPS_COLL_NB_TM_UPLOAD,PRODUCT,varchar,,Direct,SLV_MAN,OPS_COLL_NB_TM,OPS_COLL_NB_TM,PRODUCT_DESC,,,varchar,,,,
MAN,AMFS_OPS_COLL_NB_TM_UPLOAD,PAYMENTMETHOD,nvarchar,255,BRZ_MAN,AMFS_OPS_COLL_NB_TM_UPLOAD,PAYMENTMETHOD,varchar,,Direct,SLV_MAN,OPS_COLL_NB_TM,OPS_COLL_NB_TM,PYMT_MTHD_CD,,,varchar,,,,
MAN,AMFS_OPS_COLL_NB_TM_UPLOAD,SUBMITDATE,datetime,,BRZ_MAN,AMFS_OPS_COLL_NB_TM_UPLOAD,SUBMITDATE,timestamp_ntz,,Direct,SLV_MAN,OPS_COLL_NB_TM,OPS_COLL_NB_TM,SUBMIT_DT,,,timestamp_ntz,,,,
MAN,AMFS_OPS_COLL_NB_TM_UPLOAD,EFFECTIVEDATE,datetime,,BRZ_MAN,AMFS_OPS_COLL_NB_TM_UPLOAD,EFFECTIVEDATE,timestamp_ntz,,Direct,SLV_MAN,OPS_COLL_NB_TM,OPS_COLL_NB_TM,EFF_DT,,,timestamp_ntz,,,,
MAN,AMFS_OPS_COLL_NB_TM_UPLOAD,PAIDTODATE,datetime,,BRZ_MAN,AMFS_OPS_COLL_NB_TM_UPLOAD,PAIDTODATE,timestamp_ntz,,Direct,SLV_MAN,OPS_COLL_NB_TM,OPS_COLL_NB_TM,PAID_TO_DT,,,timestamp_ntz,,,,
MAN,AMFS_OPS_COLL_NB_TM_UPLOAD,CANCELDATE,nvarchar,255,BRZ_MAN,AMFS_OPS_COLL_NB_TM_UPLOAD,CANCELDATE,varchar,,Direct,SLV_MAN,OPS_COLL_NB_TM,OPS_COLL_NB_TM,CANCEL_DT,,,varchar,,,,
MAN,AMFS_OPS_COLL_NB_TM_UPLOAD,POLICYSTATUS,nvarchar,255,BRZ_MAN,AMFS_OPS_COLL_NB_TM_UPLOAD,POLICYSTATUS,varchar,,Direct,SLV_MAN,OPS_COLL_NB_TM,OPS_COLL_NB_TM,POLICY_STATUS_CD,,,varchar,,,,
MAN,AMFS_OPS_COLL_NB_TM_UPLOAD,PAYMENTMODE,nvarchar,255,BRZ_MAN,AMFS_OPS_COLL_NB_TM_UPLOAD,PAYMENTMODE,varchar,,Direct,SLV_MAN,OPS_COLL_NB_TM,OPS_COLL_NB_TM,PYMT_MODE_DESC,,,varchar,,,,
MAN,AMFS_OPS_COLL_NB_TM_UPLOAD,NBI,float,,BRZ_MAN,AMFS_OPS_COLL_NB_TM_UPLOAD,NBI,float,,Direct,SLV_MAN,OPS_COLL_NB_TM,OPS_COLL_NB_TM,NBI,,,float,,,,
MAN,AMFS_OPS_COLL_NB_TM_UPLOAD,NBRC,nvarchar,255,BRZ_MAN,AMFS_OPS_COLL_NB_TM_UPLOAD,NBRC,varchar,,Direct,SLV_MAN,OPS_COLL_NB_TM,OPS_COLL_NB_TM,NBRC,,,varchar,,,,
MAN,AMFS_OPS_COLL_NB_TM_UPLOAD,COLLECTOR,nvarchar,255,BRZ_MAN,AMFS_OPS_COLL_NB_TM_UPLOAD,COLLECTOR,varchar,,Direct,SLV_MAN,OPS_COLL_NB_TM,OPS_COLL_NB_TM,COLLECTOR_DESC,,,varchar,,,,
MAN,AMFS_OPS_COLL_NB_TM_UPLOAD,FILENAME,nvarchar,255,BRZ_MAN,AMFS_OPS_COLL_NB_TM_UPLOAD,FILENAME,varchar,,Direct,SLV_MAN,OPS_COLL_NB_TM,OPS_COLL_NB_TM,FILE_NM,,,varchar,,,,
MAN,IDAS_AMFS_OPS_COLL_SUCCESS_FAILED_TM_UPLOAD,[Period],float,,BRZ_MAN,IDAS_AMFS_OPS_COLL_SUCCESS_FAILED_TM_UPLOAD,PERIOD,float,,Direct,SLV_MAN,OPS_COLL_SUCCESS_FAILED_TM,OPS_COLL_SUCCESS_FAILED_TM,FACT_PERIOD,,,float,,,,
MAN,IDAS_AMFS_OPS_COLL_SUCCESS_FAILED_TM_UPLOAD,[No Rekening],nvarchar,255,BRZ_MAN,IDAS_AMFS_OPS_COLL_SUCCESS_FAILED_TM_UPLOAD,NOREKENING,varchar,,Direct,SLV_MAN,OPS_COLL_SUCCESS_FAILED_TM,OPS_COLL_SUCCESS_FAILED_TM,ACCT_NO,,,varchar,,,,
MAN,IDAS_AMFS_OPS_COLL_SUCCESS_FAILED_TM_UPLOAD,[No Polis],nvarchar,255,BRZ_MAN,IDAS_AMFS_OPS_COLL_SUCCESS_FAILED_TM_UPLOAD,NOPOLIS,varchar,,Direct,SLV_MAN,OPS_COLL_SUCCESS_FAILED_TM,OPS_COLL_SUCCESS_FAILED_TM,POLICY_NO,,,varchar,,,,
MAN,IDAS_AMFS_OPS_COLL_SUCCESS_FAILED_TM_UPLOAD,[Amount],float,,BRZ_MAN,IDAS_AMFS_OPS_COLL_SUCCESS_FAILED_TM_UPLOAD,AMOUNT,float,,Direct,SLV_MAN,OPS_COLL_SUCCESS_FAILED_TM,OPS_COLL_SUCCESS_FAILED_TM,PREMI_AMT,,,float,,,,
MAN,IDAS_AMFS_OPS_COLL_SUCCESS_FAILED_TM_UPLOAD,[Tanggal Debet],datetime,,BRZ_MAN,IDAS_AMFS_OPS_COLL_SUCCESS_FAILED_TM_UPLOAD,TANGGALDEBET,timestamp_ntz,,Direct,SLV_MAN,OPS_COLL_SUCCESS_FAILED_TM,OPS_COLL_SUCCESS_FAILED_TM,BILLING_DT_ACTUAL,,,timestamp_ntz,,,,
MAN,IDAS_AMFS_OPS_COLL_SUCCESS_FAILED_TM_UPLOAD,[Cycle],float,,BRZ_MAN,IDAS_AMFS_OPS_COLL_SUCCESS_FAILED_TM_UPLOAD,CYCLE,float,,Direct,SLV_MAN,OPS_COLL_SUCCESS_FAILED_TM,OPS_COLL_SUCCESS_FAILED_TM,CYCLE,,,float,,,,
MAN,IDAS_AMFS_OPS_COLL_SUCCESS_FAILED_TM_UPLOAD,[Bulan],float,,BRZ_MAN,IDAS_AMFS_OPS_COLL_SUCCESS_FAILED_TM_UPLOAD,BULAN,float,,Direct,SLV_MAN,OPS_COLL_SUCCESS_FAILED_TM,OPS_COLL_SUCCESS_FAILED_TM,MTH,,,float,,,,
MAN,IDAS_AMFS_OPS_COLL_SUCCESS_FAILED_TM_UPLOAD,[Produk],nvarchar,255,BRZ_MAN,IDAS_AMFS_OPS_COLL_SUCCESS_FAILED_TM_UPLOAD,PRODUK,varchar,,Direct,SLV_MAN,OPS_COLL_SUCCESS_FAILED_TM,OPS_COLL_SUCCESS_FAILED_TM,PRODUCT_CD,,,varchar,,,,
MAN,IDAS_AMFS_OPS_COLL_SUCCESS_FAILED_TM_UPLOAD,[Produk1],nvarchar,255,BRZ_MAN,IDAS_AMFS_OPS_COLL_SUCCESS_FAILED_TM_UPLOAD,PRODUK1,varchar,,Direct,SLV_MAN,OPS_COLL_SUCCESS_FAILED_TM,OPS_COLL_SUCCESS_FAILED_TM,PRODUCT_DESC,,,varchar,,,,
MAN,IDAS_AMFS_OPS_COLL_SUCCESS_FAILED_TM_UPLOAD,[Keterangan],nvarchar,255,BRZ_MAN,IDAS_AMFS_OPS_COLL_SUCCESS_FAILED_TM_UPLOAD,KETERANGAN,varchar,,Direct,SLV_MAN,OPS_COLL_SUCCESS_FAILED_TM,OPS_COLL_SUCCESS_FAILED_TM,DEBIT_STATUS,,,varchar,,,,
MAN,IDAS_AMFS_OPS_COLL_SUCCESS_FAILED_TM_UPLOAD,[Failed Reason ],nvarchar,255,BRZ_MAN,IDAS_AMFS_OPS_COLL_SUCCESS_FAILED_TM_UPLOAD,FAILEDREASON,varchar,,Direct,SLV_MAN,OPS_COLL_SUCCESS_FAILED_TM,OPS_COLL_SUCCESS_FAILED_TM,FAILED_REASON,,,varchar,,,,
MAN,IDAS_AMFS_OPS_COLL_SUCCESS_FAILED_TM_UPLOAD,[Failed Reason 2],nvarchar,255,BRZ_MAN,IDAS_AMFS_OPS_COLL_SUCCESS_FAILED_TM_UPLOAD,FAILEDREASON2,varchar,,Direct,SLV_MAN,OPS_COLL_SUCCESS_FAILED_TM,OPS_COLL_SUCCESS_FAILED_TM,FAILED_REASON_2,,,varchar,,,,
MAN,IDAS_AMFS_OPS_COLL_SUCCESS_FAILED_TM_UPLOAD,[CC/BM],nvarchar,255,BRZ_MAN,IDAS_AMFS_OPS_COLL_SUCCESS_FAILED_TM_UPLOAD,CCBM,varchar,,Direct,SLV_MAN,OPS_COLL_SUCCESS_FAILED_TM,OPS_COLL_SUCCESS_FAILED_TM,COLLECTOR_DESC,,,varchar,,,,
MAN,IDAS_AMFS_OPS_COLL_SUCCESS_FAILED_TM_UPLOAD,[submitdate],datetime,,BRZ_MAN,IDAS_AMFS_OPS_COLL_SUCCESS_FAILED_TM_UPLOAD,SUBMITDATE,timestamp_ntz,,Direct,SLV_MAN,OPS_COLL_SUCCESS_FAILED_TM,OPS_COLL_SUCCESS_FAILED_TM,SUBMIT_DT,,,timestamp_ntz,,,,
MAN,IDAS_AMFS_OPS_COLL_SUCCESS_FAILED_TM_UPLOAD,[effectived],datetime,,BRZ_MAN,IDAS_AMFS_OPS_COLL_SUCCESS_FAILED_TM_UPLOAD,EFFECTIVED,timestamp_ntz,,Direct,SLV_MAN,OPS_COLL_SUCCESS_FAILED_TM,OPS_COLL_SUCCESS_FAILED_TM,EFF_DT,,,timestamp_ntz,,,,
MAN,IDAS_AMFS_OPS_COLL_SUCCESS_FAILED_TM_UPLOAD,[paidtodate],datetime,,BRZ_MAN,IDAS_AMFS_OPS_COLL_SUCCESS_FAILED_TM_UPLOAD,PAIDTODATE,timestamp_ntz,,Direct,SLV_MAN,OPS_COLL_SUCCESS_FAILED_TM,OPS_COLL_SUCCESS_FAILED_TM,PAID_TO_DT,,,timestamp_ntz,,,,
MAN,IDAS_AMFS_OPS_COLL_SUCCESS_FAILED_TM_UPLOAD,[canceldate],datetime,,BRZ_MAN,IDAS_AMFS_OPS_COLL_SUCCESS_FAILED_TM_UPLOAD,CANCELDATE,timestamp_ntz,,Direct,SLV_MAN,OPS_COLL_SUCCESS_FAILED_TM,OPS_COLL_SUCCESS_FAILED_TM,CANCEL_DT,,,timestamp_ntz,,,,
MAN,IDAS_AMFS_OPS_COLL_SUCCESS_FAILED_TM_UPLOAD,[Status],nvarchar,255,BRZ_MAN,IDAS_AMFS_OPS_COLL_SUCCESS_FAILED_TM_UPLOAD,STATUS,varchar,,Direct,SLV_MAN,OPS_COLL_SUCCESS_FAILED_TM,OPS_COLL_SUCCESS_FAILED_TM,POLICY_STATUS_CD,,,varchar,,,,
MAN,IDAS_AMFS_OPS_COLL_SUCCESS_FAILED_TM_UPLOAD,[Paymode],nvarchar,255,BRZ_MAN,IDAS_AMFS_OPS_COLL_SUCCESS_FAILED_TM_UPLOAD,PAYMODE,varchar,,Direct,SLV_MAN,OPS_COLL_SUCCESS_FAILED_TM,OPS_COLL_SUCCESS_FAILED_TM,PYMT_MODE_DESC,,,varchar,,,,
MAN,IDAS_AMFS_OPS_COLL_SUCCESS_FAILED_TM_UPLOAD,[NB/ RC],nvarchar,255,BRZ_MAN,IDAS_AMFS_OPS_COLL_SUCCESS_FAILED_TM_UPLOAD,NBRC,varchar,,Direct,SLV_MAN,OPS_COLL_SUCCESS_FAILED_TM,OPS_COLL_SUCCESS_FAILED_TM,NBRC,,,varchar,,,,
MAN,CHANNEL,ENTITY,varchar,255,BRZ_MAN,CHANNEL,ENTITY,varchar,255,Direct,SLV_MAN,CHANNEL,CHANNEL,ENTITY,,Company Entity,varchar,,,,
MAN,CHANNEL,CHANNEL_GROUP,varchar,255,BRZ_MAN,CHANNEL,CHANNEL_GROUP,varchar,255,Direct,SLV_MAN,CHANNEL,CHANNEL,CHANNEL_GRP,,Channel group,varchar,,,,
MAN,CHANNEL,CHANNEL_CD,varchar,255,BRZ_MAN,CHANNEL,CHANNEL_CD,varchar,255,Direct,SLV_MAN,CHANNEL,CHANNEL,CHANNEL_CD,,Channel code,varchar,,,,
MAN,CHANNEL,CHANNEL_DESC,varchar,255,BRZ_MAN,CHANNEL,CHANNEL_DESC,varchar,255,Direct,SLV_MAN,CHANNEL,CHANNEL,CHANNEL_DESC,,Channel description,varchar,,,,
MAN,CHANNEL,SUBCHANNEL_GROUP,varchar,255,BRZ_MAN,CHANNEL,SUBCHANNEL_GROUP,varchar,255,Direct,SLV_MAN,CHANNEL,CHANNEL,SUBCHANNEL_GRP,,Subchannel Group,varchar,,,,
MAN,CHANNEL,SUBCHANNEL_CD,varchar,255,BRZ_MAN,CHANNEL,SUBCHANNEL_CD,varchar,255,Direct,SLV_MAN,CHANNEL,CHANNEL,SUBCHANNEL_CD,,Subchannel Code,varchar,,,,
MAN,INDO_DAILY_MAPPING,ENTITY,varchar,,BRZ_MAN,ENTITY,ENTITY,varchar,,Direct,SLV_MAN,INDO_DAILY_MAPPING,INDO_DAILY_MAPPING,ENTITY,,Company Entity,varchar,,,,
MAN,INDO_DAILY_MAPPING,CHANNEL,varchar,,BRZ_MAN,CHANNEL,CHANNEL,varchar,,Direct,SLV_MAN,INDO_DAILY_MAPPING,INDO_DAILY_MAPPING,CHANNEL_DESC,,Channel description,varchar,,,,
MAN,INDO_DAILY_MAPPING,SUBCHANNEL,varchar,,BRZ_MAN,SUBCHANNEL,SUBCHANNEL,varchar,,Direct,SLV_MAN,INDO_DAILY_MAPPING,INDO_DAILY_MAPPING,SUBCHANNEL_CD,,Subchannel Code,varchar,,,,
MAN,INDO_DAILY_MAPPING,MASTERPRODUCT_ENTITY,varchar,,BRZ_MAN,MASTERPRODUCT_ENTITY,MASTERPRODUCT_ENTITY,varchar,,Direct,SLV_MAN,INDO_DAILY_MAPPING,INDO_DAILY_MAPPING,MASTERPRODUCT_ENTITY,,Masterproduct entity,varchar,,,,
MAN,INDO_DAILY_MAPPING,MASTERPRODUCT_SYSTEM,varchar,,BRZ_MAN,MASTERPRODUCT_SYSTEM,MASTERPRODUCT_SYSTEM,varchar,,Direct,SLV_MAN,INDO_DAILY_MAPPING,INDO_DAILY_MAPPING,MASTERPRODUCT_SYSTEM,,Masterproduct System,varchar,,,,
MAN,INDO_DAILY_MAPPING,MASTERPRODUCT_CHANNEL,varchar,,BRZ_MAN,MASTERPRODUCT_CHANNEL,MASTERPRODUCT_CHANNEL,varchar,,Direct,SLV_MAN,INDO_DAILY_MAPPING,INDO_DAILY_MAPPING,MASTERPRODUCT_CHANNEL_DESC,,Masterproduct channel description,varchar,,,,
MAN,INDO_DAILY_MAPPING,MASTERPRODUCT_PRODUCT_GROUP,varchar,,BRZ_MAN,MASTERPRODUCT_PRODUCT_GROUP,MASTERPRODUCT_PRODUCT_GROUP,varchar,,Direct,SLV_MAN,INDO_DAILY_MAPPING,INDO_DAILY_MAPPING,MASTERPRODUCT_PRODUCT_GRP,,,varchar,,,,
SFDC,Case,Policy_Number__c,nvarchar,1300,BRZ_SFDC,CASE,CREATEDDATE,varchar,,Direct,SLV_SFDC,CASE,CASE,POLICY_NO,,,varchar,,,,
SFDC,Case,CaseNumber,nvarchar,30,BRZ_SFDC,CASE,ENTITY__C,varchar,,Direct,SLV_SFDC,CASE,CASE,CASE_NO,,,varchar,,,,
SFDC,Case,Priority,nvarchar,255,BRZ_SFDC,CASE,AGE__C,varchar,,Direct,SLV_SFDC,CASE,CASE,PRIORITY,,,varchar,,,,
SFDC,Case,Type,nvarchar,255,BRZ_SFDC,CASE,AGING_CLOSED_WORKING_DAYS__C,varchar,,Direct,SLV_SFDC,CASE,CASE,TYPE,,,varchar,,,,
SFDC,Case,Case_Type__c,nvarchar,255,BRZ_SFDC,CASE,CASE_AGE__C,varchar,,Direct,SLV_SFDC,CASE,CASE,CASE_TYPE,,,varchar,,,,
SFDC,Case,Complaint_Description__c,nvarchar,255,BRZ_SFDC,CASE,COMPLAINT_DESCRIPTION__C,varchar,,Direct,SLV_SFDC,CASE,CASE,COMPLAINT_DESC,,,varchar,,,,
SFDC,Case,Description__c,nvarchar,-1,BRZ_SFDC,CASE,DESCRIPTION__C,varchar,,Direct,SLV_SFDC,CASE,CASE,DESC_2,,,varchar,,,,
SFDC,Case,ClosedDate,datetime,NULL,BRZ_SFDC,CASE,CLOSEDDATE,timestamp_ntz,,Direct,SLV_SFDC,CASE,CASE,CLOSED_DT,,,timestamp_ntz,,,,
SFDC,Case,CreatedDate,datetime,NULL,BRZ_SFDC,CASE,CREATEDDATE,timestamp_ntz,,Direct,SLV_SFDC,CASE,CASE,CREATED_DT,,,timestamp_ntz,,,,
SFDC,Case,Due_Date__c,datetime,NULL,BRZ_SFDC,CASE,DUE_DATE__C,timestamp_ntz,,Direct,SLV_SFDC,CASE,CASE,DUE_DT,,,timestamp_ntz,,,,
SFDC,Case,Category_Config__c,nvarchar,255,BRZ_SFDC,CASE,CATEGORY_CONFIG__C,varchar,,Direct,SLV_SFDC,CASE,CASE,CATEGORY_CONFIG,,,varchar,,,,
SFDC,Case,Nature_Config__c,nvarchar,255,BRZ_SFDC,CASE,NATURE_CONFIG__C,varchar,,Direct,SLV_SFDC,CASE,CASE,NATURE_CONFIG,,,varchar,,,,
SFDC,Case,Complaint_Decision__c,nvarchar,255,BRZ_SFDC,CASE,COMPLAINT_DECISION__C,varchar,,Direct,SLV_SFDC,CASE,CASE,COMPLAINT_DECISION,,,varchar,,,,
SFDC,Case,Case_Owner__c,nvarchar,4000,BRZ_SFDC,CASE,CASE_OWNER__C,varchar,,Direct,SLV_SFDC,CASE,CASE,CASE_OWNER,,,varchar,,,,
SFDC,Case,Business_channel__c,nvarchar,255,BRZ_SFDC,CASE,BUSINESS_CHANNEL__C,varchar,,Direct,SLV_SFDC,CASE,CASE,BUSINESS_CHANNEL,,,varchar,,,,
SFDC,Case,Channel__c,nvarchar,255,BRZ_SFDC,CASE,CHANNEL__C,varchar,,Direct,SLV_SFDC,CASE,CASE,CHANNEL,,,varchar,,,,
SFDC,Case,Agent_Code__c,nvarchar,1300,BRZ_SFDC,CASE,AGENT_CODE__C,varchar,,Direct,SLV_SFDC,CASE,CASE,AGENT_CD,,,varchar,,,,
SFDC,Case,Agent_Name__c,nvarchar,4000,BRZ_SFDC,CASE,AGENT_NAME__C,varchar,,Direct,SLV_SFDC,CASE,CASE,AGENT_NM,,,varchar,,,,
SFDC,Case,Agent_Status__c,nvarchar,1300,BRZ_SFDC,CASE,AGENT_STATUS__C,varchar,,Direct,SLV_SFDC,CASE,CASE,AGENT_STATUS,,,varchar,,,,
SFDC,Case,Pending_Status__c,nvarchar,255,BRZ_SFDC,CASE,PENDING_STATUS__C,varchar,,Direct,SLV_SFDC,CASE,CASE,PENDING_STATUS,,,varchar,,,,
SFDC,Case,Cust_Segmentation__c,nvarchar,255,BRZ_SFDC,CASE,CUST_SEGMENTATION__C,varchar,,Direct,SLV_SFDC,CASE,CASE,CUST_SEGMENTATION,,,varchar,,,,
SFDC,Case,Sub_Status__c,nvarchar,255,BRZ_SFDC,CASE,SUB_STATUS__C,varchar,,Direct,SLV_SFDC,CASE,CASE,SUB_STATUS,,,varchar,,,,
SFDC,Case,Occupation__c,nvarchar,255,BRZ_SFDC,CASE,OCCUPATION__C,varchar,,Direct,SLV_SFDC,CASE,CASE,OCCUPATION,,,varchar,,,,
SFDC,Case,Last_Named_User__c,nvarchar,4000,BRZ_SFDC,CASE,LAST_NAMED_USER__C,varchar,,Direct,SLV_SFDC,CASE,CASE,LAST_NAMED_USER,,,varchar,,,,
SFDC,Case,TAT__c,numeric,NULL,BRZ_SFDC,CASE,TAT__C,number,,Direct,SLV_SFDC,CASE,CASE,TAT,,,number,,,,
SFDC,Case,Due_Date_Time__c,datetime,NULL,BRZ_SFDC,CASE,DUE_DATE_TIME__C,timestamp_ntz,,Direct,SLV_SFDC,CASE,CASE,DUE_DTTM,,,timestamp_ntz,,,,
SFDC,Case,SlaExitDate,datetime,NULL,BRZ_SFDC,CASE,SLAEXITDATE,timestamp_ntz,,Direct,SLV_SFDC,CASE,CASE,SLA_EXIT_DT,,,timestamp_ntz,,,,
SFDC,Case,SlaStartDate,datetime,NULL,BRZ_SFDC,CASE,SLASTARTDATE,timestamp_ntz,,Direct,SLV_SFDC,CASE,CASE,SLA_START_DT,,,timestamp_ntz,,,,
SFDC,Case,Lampiran__c,nvarchar,100,BRZ_SFDC,CASE,LAMPIRAN__C,varchar,,Direct,SLV_SFDC,CASE,CASE,ATTACHMENT,,,varchar,,,,
SFDC,Case,Case_Escalation__c,nvarchar,4000,BRZ_SFDC,CASE,CASE_ESCALATION__C,varchar,,Direct,SLV_SFDC,CASE,CASE,CASE_ESCALATION,,,varchar,,,,
SFDC,Case,SLA_Case_Closed__c,numeric,NULL,BRZ_SFDC,CASE,SLA_CASE_CLOSED__C,number,,Direct,SLV_SFDC,CASE,CASE,SLA_CASE_CLOSED,,,number,,,,
SFDC,Case,Customer_Signature_Date__c,datetime,NULL,BRZ_SFDC,CASE,CUSTOMER_SIGNATURE_DATE__C,timestamp_ntz,,Direct,SLV_SFDC,CASE,CASE,CUST_SIGNATURE_DT,,,timestamp_ntz,,,,
SFDC,Case,Complainant__c,nvarchar,255,BRZ_SFDC,CASE,COMPLAINANT__C,varchar,,Direct,SLV_SFDC,CASE,CASE,COMPLAINANT,,,varchar,,,,
SFDC,Case,Product__c,nvarchar,255,BRZ_SFDC,CASE,PRODUCT__C,varchar,,Direct,SLV_SFDC,CASE,CASE,PRODUCT,,,varchar,,,,
SFDC,Case,Delivery_Tracking__c,nvarchar,255,BRZ_SFDC,CASE,DELIVERY_TRACKING__C,varchar,,Direct,SLV_SFDC,CASE,CASE,DELIVERY_TRACKING,,,varchar,,,,
SFDC,Case,Appeal__c,nvarchar,255,BRZ_SFDC,CASE,APPEAL__C,varchar,,Direct,SLV_SFDC,CASE,CASE,APPEAL,,,varchar,,,,
SFDC,Case,Description,nvarchar,-1,BRZ_SFDC,CASE,DESCRIPTION,varchar,,Direct,SLV_SFDC,CASE,CASE,DESC_1,,,varchar,,,,
SFDC,Case,IsStopped,bit,NULL,BRZ_SFDC,CASE,ISSTOPPED,varchar,,Direct,SLV_SFDC,CASE,CASE,IS_STOPPED,,,varchar,,,,
SFDC,Case,Related_ticket__c,nvarchar,150,BRZ_SFDC,CASE,RELATED_TICKET__C,varchar,,Direct,SLV_SFDC,CASE,CASE,RELATED_TICKET,,,varchar,,,,
SFDC,Case,Origin,nvarchar,255,BRZ_SFDC,CASE,ORIGIN,varchar,,Direct,SLV_SFDC,CASE,CASE,ORIGIN,,,varchar,,,,
SFDC,Case,Reason,nvarchar,255,BRZ_SFDC,CASE,REASON,varchar,,Direct,SLV_SFDC,CASE,CASE,REASON,,,varchar,,,,
SFDC,Case,ContactEmail,nvarchar,4000,BRZ_SFDC,CASE,CONTACTEMAIL,varchar,,Direct,SLV_SFDC,CASE,CASE,CONTACT_EMAIL,,,varchar,,,,
SFDC,Case,Named_User__c,nvarchar,4000,BRZ_SFDC,CASE,NAMED_USER__C,varchar,,Direct,SLV_SFDC,CASE,CASE,NAMED_USER,,,varchar,,,,
SFDC,Case,IsEscalated,bit,NULL,BRZ_SFDC,CASE,ISESCALATED,varchar,,Direct,SLV_SFDC,CASE,CASE,IS_ESCALATED,,,varchar,,,,
SFDC,Case,Comments,nvarchar,-1,BRZ_SFDC,CASE,COMMENTS,varchar,,Direct,SLV_SFDC,CASE,CASE,COMMENTS,,,varchar,,,,
SFDC,Case,Language,nvarchar,40,BRZ_SFDC,CASE,LANGUAGE,varchar,,Direct,SLV_SFDC,CASE,CASE,LANGUAGE,,,varchar,,,,
SFDC,Case,Reason_Root_Cause__c,nvarchar,-1,BRZ_SFDC,CASE,REASON_ROOT_CAUSE__C,varchar,,Direct,SLV_SFDC,CASE,CASE,REASON_ROOT_CAUSE,,,varchar,,,,
SFDC,Case,Status,nvarchar,255,BRZ_SFDC,CASE,STATUS,varchar,,Direct,SLV_SFDC,CASE,CASE,STATUS,,,varchar,,,,
SFDC,Case,Subject,nvarchar,4000,BRZ_SFDC,CASE,SUBJECT,varchar,,Direct,SLV_SFDC,CASE,CASE,SUBJECT,,,varchar,,,,
SFDC,Case,Branch_Code__c,nvarchar,1300,BRZ_SFDC,CASE,BRANCH_CODE__C,varchar,,Direct,SLV_SFDC,CASE,CASE,BRANCH_CD,,,varchar,,,,
SFDC,Case,Branch_Name__c,nvarchar,1300,BRZ_SFDC,CASE,BRANCH_NAME__C,varchar,,Direct,SLV_SFDC,CASE,CASE,BRANCH_NM,,,varchar,,,,
SFDC,Case,Document_Request_Revise__c,nvarchar,-1,BRZ_SFDC,CASE,DOCUMENT_REQUEST_REVISE__C,varchar,,Direct,SLV_SFDC,CASE,CASE,DOCUMENT_REQUEST_REVISE,,,varchar,,,,
SFDC,Case,Document_Checklist__c,nvarchar,-1,BRZ_SFDC,CASE,DOCUMENT_CHECKLIST__C,varchar,,Direct,SLV_SFDC,CASE,CASE,DOCUMENT_CHECKLIST,,,varchar,,,,
SFDC,Case,Case_Age__c,nvarchar,1300,BRZ_SFDC,CASE,CASE_AGE__C,varchar,,Direct,SLV_SFDC,CASE,CASE,CASE_AGE,,,varchar,,,,
SFDC,Case,Case_Error__c,nvarchar,255,BRZ_SFDC,CASE,CASE_ERROR__C,varchar,,Direct,SLV_SFDC,CASE,CASE,CASE_ERROR,,,varchar,,,,
SFDC,Case,Case_Group_No__c,nvarchar,1300,BRZ_SFDC,CASE,CASE_GROUP_NO__C,varchar,,Direct,SLV_SFDC,CASE,CASE,CASE_GROUP_NO,,,varchar,,,,
SFDC,Case,Case_Id_External__c,nvarchar,255,BRZ_SFDC,CASE,CASE_ID_EXTERNAL__C,varchar,,Direct,SLV_SFDC,CASE,CASE,CASE_ID_EXTERNAL,,,varchar,,,,
SFDC,Case,Case_Owner_CCC__c,nvarchar,4000,BRZ_SFDC,CASE,CASE_OWNER_CCC__C,varchar,,Direct,SLV_SFDC,CASE,CASE,CASE_OWNER_CCC,,,varchar,,,,
SFDC,Case,Case_Sensitive_Customer__c,nvarchar,255,BRZ_SFDC,CASE,CASE_SENSITIVE_CUSTOMER__C,varchar,,Direct,SLV_SFDC,CASE,CASE,CASE_SENSITIVE_CUST,,,varchar,,,,
SFDC,Case,Level_Sensitive__c,nvarchar,255,BRZ_SFDC,CASE,LEVEL_SENSITIVE__C,varchar,,Direct,SLV_SFDC,CASE,CASE,LEVEL_SENSITIVE,,,varchar,,,,
SFDC,Case,Cause_Complaint__c,nvarchar,255,BRZ_SFDC,CASE,CAUSE_COMPLAINT__C,varchar,,Direct,SLV_SFDC,CASE,CASE,CAUSE_COMPLAINT,,,varchar,,,,
SFDC,Case,Chronological__c,nvarchar,-1,BRZ_SFDC,CASE,CHRONOLOGICAL__C,varchar,,Direct,SLV_SFDC,CASE,CASE,CHRONOLOGICAL,,,varchar,,,,
SFDC,Case,Demand__c,nvarchar,-1,BRZ_SFDC,CASE,DEMAND__C,varchar,,Direct,SLV_SFDC,CASE,CASE,DEMAND,,,varchar,,,,
SFDC,Case,Financial_Lost__c,numeric,NULL,BRZ_SFDC,CASE,FINANCIAL_LOST__C,number,,Direct,SLV_SFDC,CASE,CASE,FINANCIAL_LOST,,,number,,,,
SFDC,Case,Financial_Lost_Currency__c,nvarchar,255,BRZ_SFDC,CASE,FINANCIAL_LOST_CURRENCY__C,varchar,,Direct,SLV_SFDC,CASE,CASE,FINANCIAL_LOST_CCY,,,varchar,,,,
SFDC,Case,Complaint__c,nvarchar,255,BRZ_SFDC,CASE,COMPLAINT__C,varchar,,Direct,SLV_SFDC,CASE,CASE,COMPLAINT,,,varchar,,,,
SFDC,Case,Complaint_type__c,nvarchar,255,BRZ_SFDC,CASE,COMPLAINT_TYPE__C,varchar,,Direct,SLV_SFDC,CASE,CASE,COMPLAINT_TYPE,,,varchar,,,,
SFDC,Case,Complaint_Validity__c,nvarchar,255,BRZ_SFDC,CASE,COMPLAINT_VALIDITY__C,varchar,,Direct,SLV_SFDC,CASE,CASE,COMPLAINT_VALIDITY,,,varchar,,,,
SFDC,Case,Conclusion__c,nvarchar,-1,BRZ_SFDC,CASE,CONCLUSION__C,varchar,,Direct,SLV_SFDC,CASE,CASE,CONCLUSION,,,varchar,,,,
SFDC,Case,Contact_Mobile__c,nvarchar,4000,BRZ_SFDC,CASE,CONTACT_MOBILE__C,varchar,,Direct,SLV_SFDC,CASE,CASE,CONTACT_MOBILE,,,varchar,,,,
SFDC,Case,Courier__c,nvarchar,255,BRZ_SFDC,CASE,COURIER__C,varchar,,Direct,SLV_SFDC,CASE,CASE,COURIER,,,varchar,,,,
SFDC,Case,Customer__c,nvarchar,255,BRZ_SFDC,CASE,CUSTOMER__C,varchar,,Direct,SLV_SFDC,CASE,CASE,CUST,,,varchar,,,,
SFDC,Case,Customer_Explanation__c,nvarchar,-1,BRZ_SFDC,CASE,CUSTOMER_EXPLANATION__C,varchar,,Direct,SLV_SFDC,CASE,CASE,CUST_EXPLANATION,,,varchar,,,,
SFDC,Case,Customer_Level__c,nvarchar,255,BRZ_SFDC,CASE,CUSTOMER_LEVEL__C,varchar,,Direct,SLV_SFDC,CASE,CASE,CUST_LEVEL,,,varchar,,,,
SFDC,Case,Paid_Amount__c,numeric,NULL,BRZ_SFDC,CASE,PAID_AMOUNT__C,number,,Direct,SLV_SFDC,CASE,CASE,PAID_AMT,,,number,,,,
SFDC,Case,Customer_type__c,nvarchar,255,BRZ_SFDC,CASE,CUSTOMER_TYPE__C,varchar,,Direct,SLV_SFDC,CASE,CASE,CUST_TYPE,,,varchar,,,,
SFDC,Case,e2cEmailFrom__c,nvarchar,4000,BRZ_SFDC,CASE,E2CEMAILFROM__C,varchar,,Direct,SLV_SFDC,CASE,CASE,E2C_EMAIL_FROM,,,varchar,,,,
SFDC,Case,e2cEmailReplied__c,varchar,8000,BRZ_SFDC,CASE,E2CEMAILREPLIED__C,varchar,,Direct,SLV_SFDC,CASE,CASE,E2C_EMAIL_REPLIED,,,varchar,,,,
SFDC,Case,e2cEmailTo__c,nvarchar,4000,BRZ_SFDC,CASE,E2CEMAILTO__C,varchar,,Direct,SLV_SFDC,CASE,CASE,E2C_EMAIL_TO,,,varchar,,,,
SFDC,Case,Entity__c,nvarchar,1300,BRZ_SFDC,CASE,ENTITY__C,varchar,,Direct,SLV_SFDC,CASE,CASE,ENTITY,,,varchar,,,,
SFDC,Case,Entity_Backup__c,nvarchar,255,BRZ_SFDC,CASE,ENTITY_BACKUP__C,varchar,,Direct,SLV_SFDC,CASE,CASE,ENTITY_BACKUP,,,varchar,,,,
SFDC,Case,FA_Branch_Code__c,nvarchar,255,BRZ_SFDC,CASE,FA_BRANCH_CODE__C,varchar,,Direct,SLV_SFDC,CASE,CASE,FA_BR_CD,,,varchar,,,,
SFDC,Case,FA_Branch_Name__c,nvarchar,255,BRZ_SFDC,CASE,FA_BRANCH_NAME__C,varchar,,Direct,SLV_SFDC,CASE,CASE,FA_BR_NM,,,varchar,,,,
SFDC,Case,FA_Code__c,nvarchar,255,BRZ_SFDC,CASE,FA_CODE__C,varchar,,Direct,SLV_SFDC,CASE,CASE,FA_CD,,,varchar,,,,
SFDC,Case,FA_Name__c,nvarchar,4000,BRZ_SFDC,CASE,FA_NAME__C,varchar,,Direct,SLV_SFDC,CASE,CASE,FA_NM,,,varchar,,,,
SFDC,Case,FCR__c,bit,NULL,BRZ_SFDC,CASE,FCR__C,varchar,,Direct,SLV_SFDC,CASE,CASE,FCR,,,varchar,,,,
SFDC,Case,FCR2__c,bit,NULL,BRZ_SFDC,CASE,FCR2__C,varchar,,Direct,SLV_SFDC,CASE,CASE,FCR_2,,,varchar,,,,
SFDC,Case,First_Interaction__c,numeric,NULL,BRZ_SFDC,CASE,FIRST_INTERACTION__C,number,,Direct,SLV_SFDC,CASE,CASE,IS_FCR,,,number,,,,
SFDC,Case,Insured_Name__c,nvarchar,4000,BRZ_SFDC,CASE,INSURED_NAME__C,varchar,,Direct,SLV_SFDC,CASE,CASE,INSURED_NM,,,varchar,,,,
SFDC,Case,Is_Customer__c,bit,NULL,BRZ_SFDC,CASE,IS_CUSTOMER__C,varchar,,Direct,SLV_SFDC,CASE,CASE,IS_CUST,,,varchar,,,,
SFDC,Case,isMassUpload__c,bit,NULL,BRZ_SFDC,CASE,ISMASSUPLOAD__C,varchar,,Direct,SLV_SFDC,CASE,CASE,IS_MASS_UPLOAD,,,varchar,,,,
SFDC,Case,Last_Child_Case__c,nvarchar,18,BRZ_SFDC,CASE,LAST_CHILD_CASE__C,varchar,,Direct,SLV_SFDC,CASE,CASE,LAST_CHILD_CASE,,,varchar,,,,
SFDC,Case,Last_Child_Case_Flag__c,bit,NULL,BRZ_SFDC,CASE,LAST_CHILD_CASE_FLAG__C,varchar,,Direct,SLV_SFDC,CASE,CASE,IS_LAST_CHILD_CASE,,,varchar,,,,
SFDC,Case,Leader_CMU_Decision__c,nvarchar,255,BRZ_SFDC,CASE,LEADER_CMU_DECISION__C,varchar,,Direct,SLV_SFDC,CASE,CASE,LEADER_CMU_DECISION,,,varchar,,,,
SFDC,Case,Corrective_Action__c,nvarchar,-1,BRZ_SFDC,CASE,CORRECTIVE_ACTION__C,varchar,,Direct,SLV_SFDC,CASE,CASE,CORRECTIVE_ACTION,,,varchar,,,,
SFDC,Case,Level_of_Complaint__c,nvarchar,255,BRZ_SFDC,CASE,LEVEL_OF_COMPLAINT__C,varchar,,Direct,SLV_SFDC,CASE,CASE,LEVEL_OF_COMPLAINT,,,varchar,,,,
SFDC,Case,No_Need_To_Reply_New__c,bit,NULL,BRZ_SFDC,CASE,NO_NEED_TO_REPLY_NEW__C,varchar,,Direct,SLV_SFDC,CASE,CASE,NO_NEED_TO_REPLY_NEW,,,varchar,,,,
SFDC,Case,Non_FCR__c,bit,NULL,BRZ_SFDC,CASE,NON_FCR__C,varchar,,Direct,SLV_SFDC,CASE,CASE,NON_FCR,,,varchar,,,,
SFDC,Case,Non_Inquiry__c,bit,NULL,BRZ_SFDC,CASE,NON_INQUIRY__C,varchar,,Direct,SLV_SFDC,CASE,CASE,NON_INQUIRY,,,varchar,,,,
SFDC,Case,NonPP__c,bit,NULL,BRZ_SFDC,CASE,NONPP__C,varchar,,Direct,SLV_SFDC,CASE,CASE,NONPP,,,varchar,,,,
SFDC,Case,Parent_Case_Owner__c,nvarchar,4000,BRZ_SFDC,CASE,PARENT_CASE_OWNER__C,varchar,,Direct,SLV_SFDC,CASE,CASE,PARENT_CASE_OWNER,,,varchar,,,,
SFDC,Case,Parent_Case_Type_Config__c,nvarchar,1300,BRZ_SFDC,CASE,PARENT_CASE_TYPE_CONFIG__C,varchar,,Direct,SLV_SFDC,CASE,CASE,PARENT_CASE_TYPE_CONFIG,,,varchar,,,,
SFDC,Case,PIC__c,nvarchar,18,BRZ_SFDC,CASE,PIC__C,varchar,,Direct,SLV_SFDC,CASE,CASE,PIC,,,varchar,,,,
SFDC,Case,Policy_Effective_Date__c,datetime,NULL,BRZ_SFDC,CASE,POLICY_EFFECTIVE_DATE__C,timestamp_ntz,,Direct,SLV_SFDC,CASE,CASE,POLICY_EFF_DT,,,timestamp_ntz,,,,
SFDC,Case,Policy_Status__c,nvarchar,1300,BRZ_SFDC,CASE,POLICY_STATUS__C,varchar,,Direct,SLV_SFDC,CASE,CASE,POLICY_STATUS,,,varchar,,,,
SFDC,Case,Priority_Customer__c,nvarchar,1300,BRZ_SFDC,CASE,PRIORITY_CUSTOMER__C,varchar,,Direct,SLV_SFDC,CASE,CASE,PRIORITY_CUST,,,varchar,,,,
SFDC,Case,Product_Name__c,nvarchar,1300,BRZ_SFDC,CASE,PRODUCT_NAME__C,varchar,,Direct,SLV_SFDC,CASE,CASE,PRODUCT_NM,,,varchar,,,,
SFDC,Case,Received_date__c,datetime,NULL,BRZ_SFDC,CASE,RECEIVED_DATE__C,timestamp_ntz,,Direct,SLV_SFDC,CASE,CASE,RECEIVED_DT,,,timestamp_ntz,,,,
SFDC,Case,Received_Party__c,nvarchar,255,BRZ_SFDC,CASE,RECEIVED_PARTY__C,varchar,,Direct,SLV_SFDC,CASE,CASE,RECEIVED_PARTY,,,varchar,,,,
SFDC,Case,NDA_Date__c,datetime,NULL,BRZ_SFDC,CASE,NDA_DATE__C,timestamp_ntz,,Direct,SLV_SFDC,CASE,CASE,NDA_DT,,,timestamp_ntz,,,,
SFDC,Case,Recommendation__c,nvarchar,-1,BRZ_SFDC,CASE,RECOMMENDATION__C,varchar,,Direct,SLV_SFDC,CASE,CASE,RECOMMENDATION,,,varchar,,,,
SFDC,Case,Loss_Impacted__c,numeric,NULL,BRZ_SFDC,CASE,LOSS_IMPACTED__C,number,,Direct,SLV_SFDC,CASE,CASE,LOSS_IMPACTED,,,number,,,,
SFDC,Case,Region__c,nvarchar,255,BRZ_SFDC,CASE,REGION__C,varchar,,Direct,SLV_SFDC,CASE,CASE,REGION,,,varchar,,,,
SFDC,Case,CHS_Status__c,nvarchar,255,BRZ_SFDC,CASE,CHS_STATUS__C,varchar,,Direct,SLV_SFDC,CASE,CASE,CHS_STATUS,,,varchar,,,,
SFDC,Case,Request_Type__c,nvarchar,255,BRZ_SFDC,CASE,REQUEST_TYPE__C,varchar,,Direct,SLV_SFDC,CASE,CASE,REQUEST_TYPE,,,varchar,,,,
SFDC,Case,Sensitive_Customer__c,nvarchar,1300,BRZ_SFDC,CASE,SENSITIVE_CUSTOMER__C,varchar,,Direct,SLV_SFDC,CASE,CASE,SENSITIVE_CUST,,,varchar,,,,
SFDC,Case,Service_Type__c,nvarchar,255,BRZ_SFDC,CASE,SERVICE_TYPE__C,varchar,,Direct,SLV_SFDC,CASE,CASE,SERVICE_TYPE,,,varchar,,,,
SFDC,Case,UnCount__c,bit,NULL,BRZ_SFDC,CASE,UNCOUNT__C,varchar,,Direct,SLV_SFDC,CASE,CASE,UNCOUNT,,,varchar,,,,
SFDC,Case,Validation__c,nvarchar,255,BRZ_SFDC,CASE,VALIDATION__C,varchar,,Direct,SLV_SFDC,CASE,CASE,VALIDATION,,,varchar,,,,
SFDC,Case,Validity__c,nvarchar,1300,BRZ_SFDC,CASE,VALIDITY__C,varchar,,Direct,SLV_SFDC,CASE,CASE,VALIDITY,,,varchar,,,,
SFDC,Case,Back_Office_PIC__c,nvarchar,18,BRZ_SFDC,CASE,BACK_OFFICE_PIC__C,varchar,,Direct,SLV_SFDC,CASE,CASE,BACK_OFFICE_PIC,,,varchar,,,,
SFDC,Case,Other_Information__c,nvarchar,-1,BRZ_SFDC,CASE,OTHER_INFORMATION__C,varchar,,Direct,SLV_SFDC,CASE,CASE,OTHER_INFO,,,varchar,,,,
SFDC,Case,Email_Inbox__c,nvarchar,4000,BRZ_SFDC,CASE,EMAIL_INBOX__C,varchar,,Direct,SLV_SFDC,CASE,CASE,EMAIL_INBOX,,,varchar,,,,
SFDC,Case,Repeat_Call__c,numeric,NULL,BRZ_SFDC,CASE,REPEAT_CALL__C,number,,Direct,SLV_SFDC,CASE,CASE,REPEAT_CALL,,,number,,,,
SFDC,Case,Repeat_Call_Age__c,numeric,NULL,BRZ_SFDC,CASE,REPEAT_CALL_AGE__C,number,,Direct,SLV_SFDC,CASE,CASE,REPEAT_CALL_AGE,,,number,,,,
SFDC,Case,PIC_Department_LU__c,nvarchar,4000,BRZ_SFDC,CASE,PIC_DEPARTMENT_LU__C,varchar,,Direct,SLV_SFDC,CASE,CASE,PIC_DEPT_LU,,,varchar,,,,
SFDC,Case,Negative_Feedback__c,nvarchar,18,BRZ_SFDC,CASE,NEGATIVE_FEEDBACK__C,varchar,,Direct,SLV_SFDC,CASE,CASE,NEGATIVE_FEEDBACK,,,varchar,,,,
SFDC,Case,Contact_Name,nvarchar,4000,BRZ_SFDC,CASE,CONTACT_NAME,varchar,,Direct,SLV_SFDC,CASE,CASE,CONTACT_NM,,,varchar,,,,
SFDC,Case,PARENT_Id,nvarchar,18,BRZ_SFDC,CASE,PARENT_ID,varchar,,Direct,SLV_SFDC,CASE,CASE,PARENT_ID,,,varchar,,,,
SFDC,Case,Customer_Expectation__c,nvarchar,-1,BRZ_SFDC,CASE,CUSTOMER_EXPECTATION__C,varchar,,Direct,SLV_SFDC,CASE,CASE,CUST_EXPECTATION,,,varchar,,,,
SFDC,Case,Account_Name,nvarchar,4000,BRZ_SFDC,CASE,ACCOUNT_NAME,varchar,,Direct,SLV_SFDC,CASE,CASE,ACCT_NM,,,varchar,,,,
SFDC,Case,asset_Name,nvarchar,255,BRZ_SFDC,CASE,ASSET_NAME,varchar,,Direct,SLV_SFDC,CASE,CASE,ASSET_NM,,,varchar,,,,
SFDC,Case,BusinessHours_Name,nvarchar,80,BRZ_SFDC,CASE,BUSINESSHOURS_NAME,varchar,,Direct,SLV_SFDC,CASE,CASE,BUSINESS_HOURS_NM,,,varchar,,,,
SFDC,Case,RecordType_Name,nvarchar,80,BRZ_SFDC,CASE,RECORDTYPE_NAME,varchar,,Direct,SLV_SFDC,CASE,CASE,RECORDTYPE_NM,,,varchar,,,,
SFDC,Case,Email_Non_PP__c,nvarchar,4000,BRZ_SFDC,CASE,EMAIL_NON_PP__C,varchar,,Direct,SLV_SFDC,CASE,CASE,EMAIL_NON_PP,,,varchar,,,,
SFDC,Case,CreatedBy_Name,nvarchar,4000,BRZ_SFDC,CASE,CREATEDBY_NAME,varchar,,Direct,SLV_SFDC,CASE,CASE,CREATED_BY_NM,,,varchar,,,,
SFDC,Case,Entitlement_Name,nvarchar,255,BRZ_SFDC,CASE,ENTITLEMENT_NAME,varchar,,Direct,SLV_SFDC,CASE,CASE,ENTITLEMENT_NM,,,varchar,,,,
SFDC,Case,LastModifiedBy_Name,nvarchar,4000,BRZ_SFDC,CASE,LASTMODIFIEDBY_NAME,varchar,,Direct,SLV_SFDC,CASE,CASE,LASTMODIFIEDBY_NM,,,varchar,,,,
SFDC,Case,Completion_Date__c,datetime,NULL,BRZ_SFDC,CASE,COMPLETION_DATE__C,timestamp_ntz,,Direct,SLV_SFDC,CASE,CASE,COMPLETION_DT,,,TIMESTAMP_NTZ,,,,
SFDC,Case,Phone_Non_PP__c,nvarchar,4000,BRZ_SFDC,CASE,PHONE_NON_PP__C,varchar,,Direct,SLV_SFDC,CASE,CASE,PHONE_NON_PP,,,varchar,,,,
SFDC,Case,logdate,datetime,NULL,BRZ_SFDC,CASE,LOGDATE,timestamp_ntz,,Direct,SLV_SFDC,CASE,CASE,LOG_DT,,,timestamp_ntz,,,,
SFDC,Case,pic__r.Name,nvarchar,4000,BRZ_SFDC,CASE,PIC__R.NAME,varchar,,Direct,SLV_SFDC,CASE,CASE,PIC_NM,,,varchar,,,,
SFDC,Case,PIC_Department_LU__r.Name,nvarchar,4000,BRZ_SFDC,CASE,PIC_DEPARTMENT_LU__R.NAME,varchar,,Direct,SLV_SFDC,CASE,CASE,PIC_DEPT_LU_NM,,,boolean,,,,
SFDC,Case,LastModifiedDate,datetime,NULL,BRZ_SFDC,CASE,LASTMODIFIEDDATE,timestamp_ntz,,Direct,SLV_SFDC,CASE,CASE,LASTMODIFIED_DT,,,timestamp_ntz,,,,
SFDC,Case,id,nvarchar,255,BRZ_SFDC,CASE,ID,varchar,,Direct,SLV_SFDC,CASE,CASE,CASE_ID,,,varchar,,,,
SFDC,Case,decision_AMFS,nvarchar,255,BRZ_SFDC,CASE,DECISION_AMFS,varchar,,Direct,SLV_SFDC,CASE,CASE,DECISION_AMFS,,,varchar,,,,
SFDC,Email_SMS_Log__C,CreatedDate,nvarchar,27,BRZ_SFDC,EMAIL_SMS_LOG__C,CREATEDDATE,varchar,,Direct,SLV_SFDC,EMAIL_SMS_LOG,EMAIL_SMS_LOG,CREATED_DT,,,TIMESTAMP_NTZ,,,,
SFDC,Email_SMS_Log__C,Entity__c,nvarchar,1300,BRZ_SFDC,EMAIL_SMS_LOG__C,ENTITY__C,varchar,,Direct,SLV_SFDC,EMAIL_SMS_LOG,EMAIL_SMS_LOG,ENTITY,,,varchar,,,,
SFDC,Email_SMS_Log__C,Case_Type__c,nvarchar,1300,BRZ_SFDC,EMAIL_SMS_LOG__C,CASE_TYPE__C,varchar,,Direct,SLV_SFDC,EMAIL_SMS_LOG,EMAIL_SMS_LOG,CASE_TYPE,,,varchar,,,,
SFDC,Email_SMS_Log__C,Negative_Feedback__c,numeric,NULL,BRZ_SFDC,EMAIL_SMS_LOG__C,NEGATIVE_FEEDBACK__C,number,,Direct,SLV_SFDC,EMAIL_SMS_LOG,EMAIL_SMS_LOG,IS_NEGATIVE_FEEDBACK,,,boolean,,,,
SFDC,Email_SMS_Log__C,Id,nvarchar,18,BRZ_SFDC,EMAIL_SMS_LOG__C,ID,varchar,,Direct,SLV_SFDC,EMAIL_SMS_LOG,EMAIL_SMS_LOG,ID,,,varchar,,,,
SFDC,Email_SMS_Log__C,Name,nvarchar,80,BRZ_SFDC,EMAIL_SMS_LOG__C,NAME,varchar,,Direct,SLV_SFDC,EMAIL_SMS_LOG,EMAIL_SMS_LOG,NAME,,,varchar,,,,
SFDC,Email_SMS_Log__C,Account__c,nvarchar,18,BRZ_SFDC,EMAIL_SMS_LOG__C,ACCOUNT__C,varchar,,Direct,SLV_SFDC,EMAIL_SMS_LOG,EMAIL_SMS_LOG,ACCT,,,varchar,,,,
SFDC,Email_SMS_Log__C,Case__c,nvarchar,18,BRZ_SFDC,EMAIL_SMS_LOG__C,CASE__C,varchar,,Direct,SLV_SFDC,EMAIL_SMS_LOG,EMAIL_SMS_LOG,CASE,,,varchar,,,,
SFDC,Email_SMS_Log__C,Exclude_From__c,nvarchar,255,BRZ_SFDC,EMAIL_SMS_LOG__C,EXCLUDE_FROM__C,varchar,,Direct,SLV_SFDC,EMAIL_SMS_LOG,EMAIL_SMS_LOG,EXCLUDE_FROM,,,varchar,,,,
SFDC,Email_SMS_Log__C,Request_Date__c,nvarchar,27,BRZ_SFDC,EMAIL_SMS_LOG__C,REQUEST_DATE__C,varchar,,Direct,SLV_SFDC,EMAIL_SMS_LOG,EMAIL_SMS_LOG,REQUEST_DT,,,TIMESTAMP_NTZ,,,,
SFDC,Email_SMS_Log__C,Start_Date__c,nvarchar,27,BRZ_SFDC,EMAIL_SMS_LOG__C,START_DATE__C,varchar,,Direct,SLV_SFDC,EMAIL_SMS_LOG,EMAIL_SMS_LOG,START_DT,,,TIMESTAMP_NTZ,,,,
SFDC,Email_SMS_Log__C,End_Date__c,nvarchar,27,BRZ_SFDC,EMAIL_SMS_LOG__C,END_DATE__C,varchar,,Direct,SLV_SFDC,EMAIL_SMS_LOG,EMAIL_SMS_LOG,END_DT,,,TIMESTAMP_NTZ,,,,
SFDC,Email_SMS_Log__C,Subject__c,nvarchar,1300,BRZ_SFDC,EMAIL_SMS_LOG__C,SUBJECT__C,varchar,,Direct,SLV_SFDC,EMAIL_SMS_LOG,EMAIL_SMS_LOG,SUBJECT,,,varchar,,,,
SFDC,Email_SMS_Log__C,Type__c,nvarchar,255,BRZ_SFDC,EMAIL_SMS_LOG__C,TYPE__C,varchar,,Direct,SLV_SFDC,EMAIL_SMS_LOG,EMAIL_SMS_LOG,TYPE,,,varchar,,,,
SFDC,Email_SMS_Log__C,Topic__c,nvarchar,255,BRZ_SFDC,EMAIL_SMS_LOG__C,TOPIC__C,varchar,,Direct,SLV_SFDC,EMAIL_SMS_LOG,EMAIL_SMS_LOG,TOPIC,,,varchar,,,,
SFDC,Email_SMS_Log__C,Category__c,nvarchar,255,BRZ_SFDC,EMAIL_SMS_LOG__C,CATEGORY__C,varchar,,Direct,SLV_SFDC,EMAIL_SMS_LOG,EMAIL_SMS_LOG,CATEGORY,,,varchar,,,,
SFDC,Email_SMS_Log__C,Contact_Name__c,varchar,8000,BRZ_SFDC,EMAIL_SMS_LOG__C,CONTACT_NAME__C,varchar,,Direct,SLV_SFDC,EMAIL_SMS_LOG,EMAIL_SMS_LOG,CONTACT_NM,,,varchar,,,,
SFDC,Email_SMS_Log__C,Description__c,int,NULL,BRZ_SFDC,EMAIL_SMS_LOG__C,DESCRIPTION__C,integer,,Direct,SLV_SFDC,EMAIL_SMS_LOG,EMAIL_SMS_LOG,DESC,,,varchar,,,,
SFDC,Email_SMS_Log__C,Email__c,nvarchar,4000,BRZ_SFDC,EMAIL_SMS_LOG__C,EMAIL__C,varchar,,Direct,SLV_SFDC,EMAIL_SMS_LOG,EMAIL_SMS_LOG,EMAIL,,,varchar,,,,
SFDC,Email_SMS_Log__C,Mobile__c,nvarchar,4000,BRZ_SFDC,EMAIL_SMS_LOG__C,MOBILE__C,varchar,,Direct,SLV_SFDC,EMAIL_SMS_LOG,EMAIL_SMS_LOG,MOBILE,,,varchar,,,,
SFDC,Email_SMS_Log__C,Case_Number__c,nvarchar,1300,BRZ_SFDC,EMAIL_SMS_LOG__C,CASE_NUMBER__C,varchar,,Direct,SLV_SFDC,EMAIL_SMS_LOG,EMAIL_SMS_LOG,CASE_NO,,,varchar,,,,
SFDC,Email_SMS_Log__C,Loop__c,bit,NULL,BRZ_SFDC,EMAIL_SMS_LOG__C,LOOP__C,varchar,,Direct,SLV_SFDC,EMAIL_SMS_LOG,EMAIL_SMS_LOG,LOOP,,,varchar,,,,
SFDC,Email_SMS_Log__C,Method__c,nvarchar,255,BRZ_SFDC,EMAIL_SMS_LOG__C,METHOD__C,varchar,,Direct,SLV_SFDC,EMAIL_SMS_LOG,EMAIL_SMS_LOG,METHOD,,,varchar,,,,
SFDC,Email_SMS_Log__C,Status__c,nvarchar,255,BRZ_SFDC,EMAIL_SMS_LOG__C,STATUS__C,varchar,,Direct,SLV_SFDC,EMAIL_SMS_LOG,EMAIL_SMS_LOG,STATUS,,,varchar,,,,
SFDC,Email_SMS_Log__C,LOGDATE,datetime,NULL,BRZ_SFDC,EMAIL_SMS_LOG__C,LOGDATE,timestamp_ntz,,Direct,SLV_SFDC,EMAIL_SMS_LOG,EMAIL_SMS_LOG,LOG_DT,,,timestamp_ntz,,,,
SFDC,LiveChatTranscript,CreatedDate,nvarchar,27,BRZ_SFDC,LIVECHATTRANSCRIPT,CREATEDDATE,varchar,,Direct,SLV_SFDC,LIVE_CHAT_TRANSCRIPT,LIVE_CHAT_TRANSCRIPT,CREATED_DT,,,varchar,,,,
SFDC,LiveChatTranscript,Entity__c,nvarchar,255,BRZ_SFDC,LIVECHATTRANSCRIPT,ENTITY__C,varchar,,Direct,SLV_SFDC,LIVE_CHAT_TRANSCRIPT,LIVE_CHAT_TRANSCRIPT,ENTITY,,,varchar,,,,
SFDC,LiveChatTranscript,Name,nvarchar,255,BRZ_SFDC,LIVECHATTRANSCRIPT,NAME,varchar,,Direct,SLV_SFDC,LIVE_CHAT_TRANSCRIPT,LIVE_CHAT_TRANSCRIPT,NAME,,,varchar,,,,
SFDC,LiveChatTranscript,Abandoned,int,NULL,BRZ_SFDC,LIVECHATTRANSCRIPT,ABANDONED,integer,,Direct,SLV_SFDC,LIVE_CHAT_TRANSCRIPT,LIVE_CHAT_TRANSCRIPT,ABANDONED,,,integer,,,,
SFDC,LiveChatTranscript,AverageResponseTimeOperator,int,NULL,BRZ_SFDC,LIVECHATTRANSCRIPT,AVERAGERESPONSETIMEOPERATOR,integer,,Direct,SLV_SFDC,LIVE_CHAT_TRANSCRIPT,LIVE_CHAT_TRANSCRIPT,AVG_RESPONSE_TIME_OPERATOR,,,integer,,,,
SFDC,LiveChatTranscript,Body,nvarchar,-1,BRZ_SFDC,LIVECHATTRANSCRIPT,BODY,varchar,,Direct,SLV_SFDC,LIVE_CHAT_TRANSCRIPT,LIVE_CHAT_TRANSCRIPT,BODY,,,varchar,,,,
SFDC,LiveChatTranscript,Channel_Type__c,nvarchar,255,BRZ_SFDC,LIVECHATTRANSCRIPT,CHANNEL_TYPE__C,varchar,,Direct,SLV_SFDC,LIVE_CHAT_TRANSCRIPT,LIVE_CHAT_TRANSCRIPT,CHANNEL_TYPE,,,varchar,,,,
SFDC,LiveChatTranscript,ChatDuration,int,NULL,BRZ_SFDC,LIVECHATTRANSCRIPT,CHATDURATION,integer,,Direct,SLV_SFDC,LIVE_CHAT_TRANSCRIPT,LIVE_CHAT_TRANSCRIPT,CHAT_DURATION,,,integer,,,,
SFDC,LiveChatTranscript,EndedBy,nvarchar,255,BRZ_SFDC,LIVECHATTRANSCRIPT,ENDEDBY,varchar,,Direct,SLV_SFDC,LIVE_CHAT_TRANSCRIPT,LIVE_CHAT_TRANSCRIPT,ENDED_BY,,,varchar,,,,
SFDC,LiveChatTranscript,EndTimeOnly__c,nvarchar,40,BRZ_SFDC,LIVECHATTRANSCRIPT,ENDTIMEONLY__C,varchar,,Direct,SLV_SFDC,LIVE_CHAT_TRANSCRIPT,LIVE_CHAT_TRANSCRIPT,END_TIME_ONLY,,,varchar,,,,
SFDC,LiveChatTranscript,Start_Eng__c,nvarchar,1300,BRZ_SFDC,LIVECHATTRANSCRIPT,START_ENG__C,varchar,,Direct,SLV_SFDC,LIVE_CHAT_TRANSCRIPT,LIVE_CHAT_TRANSCRIPT,START_ENG,,,varchar,,,,
SFDC,LiveChatTranscript,StartTimeOnly__c,nvarchar,40,BRZ_SFDC,LIVECHATTRANSCRIPT,STARTTIMEONLY__C,varchar,,Direct,SLV_SFDC,LIVE_CHAT_TRANSCRIPT,LIVE_CHAT_TRANSCRIPT,START_TIME_ONLY,,,varchar,,,,
SFDC,LiveChatTranscript,Status,nvarchar,255,BRZ_SFDC,LIVECHATTRANSCRIPT,STATUS,varchar,,Direct,SLV_SFDC,LIVE_CHAT_TRANSCRIPT,LIVE_CHAT_TRANSCRIPT,STATUS,,,varchar,,,,
SFDC,LiveChatTranscript,WaitTime,int,NULL,BRZ_SFDC,LIVECHATTRANSCRIPT,WAITTIME,integer,,Direct,SLV_SFDC,LIVE_CHAT_TRANSCRIPT,LIVE_CHAT_TRANSCRIPT,WAIT_TIME,,,integer,,,,
SFDC,LiveChatTranscript,LiveChatVisitor_Name,nvarchar,255,BRZ_SFDC,LIVECHATTRANSCRIPT,LIVECHATVISITOR_NAME,varchar,,Direct,SLV_SFDC,LIVE_CHAT_TRANSCRIPT,LIVE_CHAT_TRANSCRIPT,LIVECHAT_VISITOR_NM,,,varchar,,,,
SFDC,LiveChatTranscript,Skill_MasterLabel,nvarchar,80,BRZ_SFDC,LIVECHATTRANSCRIPT,SKILL_MASTERLABEL,varchar,,Direct,SLV_SFDC,LIVE_CHAT_TRANSCRIPT,LIVE_CHAT_TRANSCRIPT,SKILL_MASTER_LABEL,,,varchar,,,,
SFDC,LiveChatTranscript,CreatedBy_Name,varchar,8000,BRZ_SFDC,LIVECHATTRANSCRIPT,CREATEDBY_NAME,varchar,,Direct,SLV_SFDC,LIVE_CHAT_TRANSCRIPT,LIVE_CHAT_TRANSCRIPT,CREATED_BY,,,varchar,,,,
SFDC,LiveChatTranscript,Contact_Name,varchar,8000,BRZ_SFDC,LIVECHATTRANSCRIPT,CONTACT_NAME,varchar,,Direct,SLV_SFDC,LIVE_CHAT_TRANSCRIPT,LIVE_CHAT_TRANSCRIPT,CONTACT_NM,,,varchar,,,,
SFDC,LiveChatTranscript,LOGDATE,datetime,NULL,BRZ_SFDC,LIVECHATTRANSCRIPT,LOGDATE,timestamp_ntz,,Direct,SLV_SFDC,LIVE_CHAT_TRANSCRIPT,LIVE_CHAT_TRANSCRIPT,LOG_DT,,,timestamp_ntz,TIMESTAMP_NTZ,,,
SFDC,PURECLOUD_CALL_Service__C,Purecloud_Call_Service_ID,int,NULL,BRZ_SFDC,PURECLOUD_CALL_SERVICE__C,PURECLOUD_CALL_SERVICE_ID,integer,,Direct,SLV_SFDC,PURECLOUD_CALL_SERVICE,CALL_SERVICE,CALL_SERVICE_ID,,,integer,,,,
SFDC,PURECLOUD_CALL_Service__C,Entity__c,nvarchar,255,BRZ_SFDC,PURECLOUD_CALL_SERVICE__C,ENTITY__C,varchar,,Direct,SLV_SFDC,PURECLOUD_CALL_SERVICE,CALL_SERVICE,ENTITY,,,varchar,,,,
SFDC,PURECLOUD_CALL_Service__C,Interval__c,nvarchar,1300,BRZ_SFDC,PURECLOUD_CALL_SERVICE__C,INTERVAL__C,varchar,,Direct,SLV_SFDC,PURECLOUD_CALL_SERVICE,CALL_SERVICE,INTERVAL,,,varchar,,,,
SFDC,PURECLOUD_CALL_Service__C,name,nvarchar,255,BRZ_SFDC,PURECLOUD_CALL_SERVICE__C,NAME,varchar,,Direct,SLV_SFDC,PURECLOUD_CALL_SERVICE,CALL_SERVICE,NAME,,,varchar,,,,
SFDC,PURECLOUD_CALL_Service__C,queueId__c,nvarchar,255,BRZ_SFDC,PURECLOUD_CALL_SERVICE__C,QUEUEID__C,varchar,,Direct,SLV_SFDC,PURECLOUD_CALL_SERVICE,CALL_SERVICE,QUEUE_ID,,,varchar,,,,
SFDC,PURECLOUD_CALL_Service__C,Call_Offered__c,numeric,NULL,BRZ_SFDC,PURECLOUD_CALL_SERVICE__C,CALL_OFFERED__C,number,,Direct,SLV_SFDC,PURECLOUD_CALL_SERVICE,CALL_SERVICE,CALL_OFFERED,,,number,,,,
SFDC,PURECLOUD_CALL_Service__C,ACD_Count__c,numeric,NULL,BRZ_SFDC,PURECLOUD_CALL_SERVICE__C,ACD_COUNT__C,number,,Direct,SLV_SFDC,PURECLOUD_CALL_SERVICE,CALL_SERVICE,ACD_CNT,,,number,,,,
SFDC,PURECLOUD_CALL_Service__C,ACD_Count_5_Secs__c,numeric,NULL,BRZ_SFDC,PURECLOUD_CALL_SERVICE__C,ACD_COUNT_5_SECS__C,number,,Direct,SLV_SFDC,PURECLOUD_CALL_SERVICE,CALL_SERVICE,ACD_CNT_5_SECS,,,number,,,,
SFDC,PURECLOUD_CALL_Service__C,ACD_Count_20_Sec__c,numeric,NULL,BRZ_SFDC,PURECLOUD_CALL_SERVICE__C,ACD_COUNT_20_SEC__C,number,,Direct,SLV_SFDC,PURECLOUD_CALL_SERVICE,CALL_SERVICE,ACD_CNT_20_SEC,,,number,,,,
SFDC,PURECLOUD_CALL_Service__C,ACD_Count_30_Sec__c,numeric,NULL,BRZ_SFDC,PURECLOUD_CALL_SERVICE__C,ACD_COUNT_30_SEC__C,number,,Direct,SLV_SFDC,PURECLOUD_CALL_SERVICE,CALL_SERVICE,ACD_CNT_30_SEC,,,number,,,,
SFDC,PURECLOUD_CALL_Service__C,ACD_Count_20_Secs__c,numeric,NULL,BRZ_SFDC,PURECLOUD_CALL_SERVICE__C,ACD_COUNT_20_SECS__C,number,,Direct,SLV_SFDC,PURECLOUD_CALL_SERVICE,CALL_SERVICE,ACD_CNT_20_SECS,,,number,,,,
SFDC,PURECLOUD_CALL_Service__C,Abandon_Count__c,numeric,NULL,BRZ_SFDC,PURECLOUD_CALL_SERVICE__C,ABANDON_COUNT__C,number,,Direct,SLV_SFDC,PURECLOUD_CALL_SERVICE,CALL_SERVICE,ABANDON_CNT,,,number,,,,
SFDC,PURECLOUD_CALL_Service__C,Abandon_Count_5_Sec__c,numeric,NULL,BRZ_SFDC,PURECLOUD_CALL_SERVICE__C,ABANDON_COUNT_5_SEC__C,number,,Direct,SLV_SFDC,PURECLOUD_CALL_SERVICE,CALL_SERVICE,ABANDON_CNT_5_SEC,,,number,,,,
SFDC,PURECLOUD_CALL_Service__C,Abandon_Count_20_Sec__c,numeric,NULL,BRZ_SFDC,PURECLOUD_CALL_SERVICE__C,ABANDON_COUNT_20_SEC__C,number,,Direct,SLV_SFDC,PURECLOUD_CALL_SERVICE,CALL_SERVICE,ABANDON_CNT_20_SEC,,,number,,,,
SFDC,PURECLOUD_CALL_Service__C,Balance__c,numeric,NULL,BRZ_SFDC,PURECLOUD_CALL_SERVICE__C,BALANCE__C,number,,Direct,SLV_SFDC,PURECLOUD_CALL_SERVICE,CALL_SERVICE,BALANCE,,,number,,,,
SFDC,PURECLOUD_CALL_Service__C,FlowOut_Count__c,numeric,NULL,BRZ_SFDC,PURECLOUD_CALL_SERVICE__C,FLOWOUT_COUNT__C,number,,Direct,SLV_SFDC,PURECLOUD_CALL_SERVICE,CALL_SERVICE,FLOWOUT_CNT,,,number,,,,
SFDC,PURECLOUD_CALL_Service__C,SL_80_20__c,numeric,NULL,BRZ_SFDC,PURECLOUD_CALL_SERVICE__C,SL_80_20__C,number,,Direct,SLV_SFDC,PURECLOUD_CALL_SERVICE,CALL_SERVICE,SL_80_20,,,number,,,,
SFDC,PURECLOUD_CALL_Service__C,SL_80_30__c,numeric,NULL,BRZ_SFDC,PURECLOUD_CALL_SERVICE__C,SL_80_30__C,number,,Direct,SLV_SFDC,PURECLOUD_CALL_SERVICE,CALL_SERVICE,SL_80_30,,,number,,,,
SFDC,PURECLOUD_CALL_Service__C,SL_90_20__c,numeric,NULL,BRZ_SFDC,PURECLOUD_CALL_SERVICE__C,SL_90_20__C,number,,Direct,SLV_SFDC,PURECLOUD_CALL_SERVICE,CALL_SERVICE,SL_90_20,,,number,,,,
SFDC,PURECLOUD_CALL_Service__C,Date__c,nvarchar,27,BRZ_SFDC,PURECLOUD_CALL_SERVICE__C,DATE__C,varchar,,Direct,SLV_SFDC,PURECLOUD_CALL_SERVICE,CALL_SERVICE,CALL_SERVICE_DT,,,varchar,,,,
SFDC,PURECLOUD_CALL_Service__C,Queue_Name__c,nvarchar,255,BRZ_SFDC,PURECLOUD_CALL_SERVICE__C,QUEUE_NAME__C,varchar,,Direct,SLV_SFDC,PURECLOUD_CALL_SERVICE,CALL_SERVICE,QUEUE_NM,,,varchar,,,,
SFDC,PURECLOUD_CALL_Service__C,LOGDATE,datetime,NULL,BRZ_SFDC,PURECLOUD_CALL_SERVICE__C,LOGDATE,timestamp_ntz,,Direct,SLV_SFDC,PURECLOUD_CALL_SERVICE,CALL_SERVICE,LOG_DT,,,timestamp_ntz,,,,
SFDC,Survey_Response__C,CreatedDate,nvarchar,27,BRZ_SFDC,SURVEY_RESPONSE__C,CREATEDDATE,varchar,,Direct,SLV_SFDC,SURVEY_RESPONSE,SURVEY_RESPONSE,CREATED_DT,,,TIMESTAMP_NTZ,,,,
SFDC,Survey_Response__C,Entity__c,nvarchar,1300,BRZ_SFDC,SURVEY_RESPONSE__C,ENTITY__C,varchar,,Direct,SLV_SFDC,SURVEY_RESPONSE,SURVEY_RESPONSE,ENTITY,,,varchar,,,,
SFDC,Survey_Response__C,Survey__c,nvarchar,18,BRZ_SFDC,SURVEY_RESPONSE__C,SURVEY__C,varchar,,Direct,SLV_SFDC,SURVEY_RESPONSE,SURVEY_RESPONSE,SURVEY,,,varchar,,,,
SFDC,Survey_Response__C,Answer_1__c,nvarchar,255,BRZ_SFDC,SURVEY_RESPONSE__C,ANSWER_1__C,varchar,,Direct,SLV_SFDC,SURVEY_RESPONSE,SURVEY_RESPONSE,ANSWER_1,,,varchar,,,,
SFDC,Survey_Response__C,Answer_3__c,nvarchar,255,BRZ_SFDC,SURVEY_RESPONSE__C,ANSWER_3__C,varchar,,Direct,SLV_SFDC,SURVEY_RESPONSE,SURVEY_RESPONSE,ANSWER_3,,,varchar,,,,
SFDC,Survey_Response__C,Negative_Result__c,bit,NULL,BRZ_SFDC,SURVEY_RESPONSE__C,NEGATIVE_RESULT__C,varchar,,Direct,SLV_SFDC,SURVEY_RESPONSE,SURVEY_RESPONSE,IS_NEGATIVE_RESULT,,,boolean,,,,
SFDC,Survey_Response__C,SurveyTaker__r_Name,nvarchar,80,BRZ_SFDC,SURVEY_RESPONSE__C,SURVEYTAKER__R_NAME,varchar,,Direct,SLV_SFDC,SURVEY_RESPONSE,SURVEY_RESPONSE,SURVEYTAKER_NM,,,varchar,,,,
SFDC,Survey_Response__C,SurveyTaker__r_MOT__c,nvarchar,1300,BRZ_SFDC,SURVEY_RESPONSE__C,SURVEYTAKER__R_MOT__C,varchar,,Direct,SLV_SFDC,SURVEY_RESPONSE,SURVEY_RESPONSE,SURVEYTAKER_MOT,,,varchar,,,,
SFDC,Survey_Response__C,SurveyTaker__r_Case__c,nvarchar,18,BRZ_SFDC,SURVEY_RESPONSE__C,SURVEYTAKER__R_CASE__C,varchar,,Direct,SLV_SFDC,SURVEY_RESPONSE,SURVEY_RESPONSE,SURVEYTAKER_CASE,,,varchar,,,,
SFDC,Survey_Response__C,SurveyTaker__r_Type__c,nvarchar,1300,BRZ_SFDC,SURVEY_RESPONSE__C,SURVEYTAKER__R_TYPE__C,varchar,,Direct,SLV_SFDC,SURVEY_RESPONSE,SURVEY_RESPONSE,SURVEYTAKER_TYPE,,,varchar,,,,
SFDC,Survey_Response__C,logdate,datetime,NULL,BRZ_SFDC,SURVEY_RESPONSE__C,LOGDATE,timestamp_ntz,,Direct,SLV_SFDC,SURVEY_RESPONSE,SURVEY_RESPONSE,LOG_DT,,,timestamp_ntz,,,,
SFDC,TASK,Task_ID,int,NULL,BRZ_SFDC,TASK,TASK_ID,integer,,Direct,SLV_SFDC,TASK,TASK,TASK_ID,,,integer,,,,
SFDC,TASK,CreatedDate,nvarchar,27,BRZ_SFDC,TASK,CREATEDDATE,varchar,,Direct,SLV_SFDC,TASK,TASK,CREATED_DT,,,varchar,,,,
SFDC,TASK,LastModifiedDate,nvarchar,27,BRZ_SFDC,TASK,LASTMODIFIEDDATE,varchar,,Direct,SLV_SFDC,TASK,TASK,LASTMODIFIED_DT,,,varchar,,,,
SFDC,TASK,Interval__c,nvarchar,1300,BRZ_SFDC,TASK,INTERVAL__C,varchar,,Direct,SLV_SFDC,TASK,TASK,INTERVAL,,,varchar,,,,
SFDC,TASK,Status,nvarchar,255,BRZ_SFDC,TASK,STATUS,varchar,,Direct,SLV_SFDC,TASK,TASK,STATUS,,,varchar,,,,
SFDC,TASK,CallDurationInSeconds,int,NULL,BRZ_SFDC,TASK,CALLDURATIONINSECONDS,integer,,Direct,SLV_SFDC,TASK,TASK,CALL_DURATION_IN_SECONDS,,,integer,,,,
SFDC,TASK,CallType,nvarchar,40,BRZ_SFDC,TASK,CALLTYPE,varchar,,Direct,SLV_SFDC,TASK,TASK,CALL_TYPE,,,varchar,,,,
SFDC,TASK,Duration_Call__c,numeric,NULL,BRZ_SFDC,TASK,DURATION_CALL__C,number,,Direct,SLV_SFDC,TASK,TASK,DURATION_CALL,,,number,,,,
SFDC,TASK,End_Calling_Text__c,nvarchar,1300,BRZ_SFDC,TASK,END_CALLING_TEXT__C,varchar,,Direct,SLV_SFDC,TASK,TASK,END_CALLING_TEXT,,,varchar,,,,
SFDC,TASK,From__c,nvarchar,255,BRZ_SFDC,TASK,FROM__C,varchar,,Direct,SLV_SFDC,TASK,TASK,FROM,,,varchar,,,,
SFDC,TASK,Priority,nvarchar,40,BRZ_SFDC,TASK,PRIORITY,varchar,,Direct,SLV_SFDC,TASK,TASK,PRIORITY,,,varchar,,,,
SFDC,TASK,Purecloud_Call_ID__c,nvarchar,255,BRZ_SFDC,TASK,PURECLOUD_CALL_ID__C,varchar,,Direct,SLV_SFDC,TASK,TASK,CALL_ID,,,varchar,,,,
SFDC,TASK,PureCloud_Question1__c,nvarchar,255,BRZ_SFDC,TASK,PURECLOUD_QUESTION1__C,varchar,,Direct,SLV_SFDC,TASK,TASK,QUESTION_1,,,varchar,,,,
SFDC,TASK,PureCloud_Question2__c,nvarchar,255,BRZ_SFDC,TASK,PURECLOUD_QUESTION2__C,varchar,,Direct,SLV_SFDC,TASK,TASK,QUESTION_2,,,varchar,,,,
SFDC,TASK,PureCloud_Question3__c,nvarchar,255,BRZ_SFDC,TASK,PURECLOUD_QUESTION3__C,varchar,,Direct,SLV_SFDC,TASK,TASK,QUESTION_3,,,varchar,,,,
SFDC,TASK,PureCloud_Question4__c,nvarchar,255,BRZ_SFDC,TASK,PURECLOUD_QUESTION4__C,varchar,,Direct,SLV_SFDC,TASK,TASK,QUESTION_4,,,varchar,,,,
SFDC,TASK,PureCloud_Question5__c,nvarchar,255,BRZ_SFDC,TASK,PURECLOUD_QUESTION5__C,varchar,,Direct,SLV_SFDC,TASK,TASK,QUESTION_5,,,varchar,,,,
SFDC,TASK,PureCloud_Survey__c,nvarchar,255,BRZ_SFDC,TASK,PURECLOUD_SURVEY__C,varchar,,Direct,SLV_SFDC,TASK,TASK,SURVEY,,,varchar,,,,
SFDC,TASK,Start_Calling_Text__c,nvarchar,1300,BRZ_SFDC,TASK,START_CALLING_TEXT__C,varchar,,Direct,SLV_SFDC,TASK,TASK,START_CALLING_TEXT,,,varchar,,,,
SFDC,TASK,Start_Dialing_Text__c,nvarchar,1300,BRZ_SFDC,TASK,START_DIALING_TEXT__C,varchar,,Direct,SLV_SFDC,TASK,TASK,START_DIALING_TEXT,,,varchar,,,,
SFDC,TASK,Subject,nvarchar,255,BRZ_SFDC,TASK,SUBJECT,varchar,,Direct,SLV_SFDC,TASK,TASK,SUBJECT,,,varchar,,,,
SFDC,TASK,Tanggal__c,nvarchar,27,BRZ_SFDC,TASK,TANGGAL__C,varchar,,Direct,SLV_SFDC,TASK,TASK,TASK_DT,,,varchar,,,,
SFDC,TASK,createdby_Name,nvarchar,121,BRZ_SFDC,TASK,CREATEDBY_NAME,varchar,,Direct,SLV_SFDC,TASK,TASK,CREATED_BY,,,varchar,,,,
SFDC,TASK,LOGDATE,datetime,NULL,BRZ_SFDC,TASK,LOGDATE,timestamp_ntz,,Direct,SLV_SFDC,TASK,TASK,LOG_DT,,,timestamp_ntz,,,,
MAN,OPS_LIST_USER_CREATEDBYCUSTOMERCONTACTCENTER,CreatedByName,nvarchar,255,BRZ_MAN,OPS_LIST_USER_CREATEDBYCUSTOMERCONTACTCENTER,CREATEDBYNAME,varchar,,Direct,SLV_MAN,LIST_USER_CREATEDBYCCC,LIST_USER_CREATEDBYCCC,CREATED_BY_NM,,,varchar,,,,
MAN,OPS_LIST_USER_CREATEDBYCUSTOMERCONTACTCENTER,LogDate,datetime,NULL,BRZ_MAN,OPS_LIST_USER_CREATEDBYCUSTOMERCONTACTCENTER,LOGDATE,timestamp_ntz,,Direct,SLV_MAN,LIST_USER_CREATEDBYCCC,LIST_USER_CREATEDBYCCC,LOGDATE,,,timestamp_ntz,,,,
MAN,OPS_LIST_USER_CREATEDBYCUSTOMERCONTACTCENTER,Status,nvarchar,3,BRZ_MAN,OPS_LIST_USER_CREATEDBYCUSTOMERCONTACTCENTER,STATUS,varchar,,Direct,SLV_MAN,LIST_USER_CREATEDBYCCC,LIST_USER_CREATEDBYCCC,STATUS,,,varchar,,,,
MAN,OPS_LIST_USER_CREATEDBYCUSTOMERCONTACTCENTER,Type_User,nvarchar,50,BRZ_MAN,OPS_LIST_USER_CREATEDBYCUSTOMERCONTACTCENTER,TYPE_USER,varchar,,Direct,SLV_MAN,LIST_USER_CREATEDBYCCC,LIST_USER_CREATEDBYCCC,TYPE_USER,,,varchar,,,,
DMTM,CHANGEPOLICY,REQUESTID,varchar,15,BRZ_DMTM,CHANGEPOLICY,REQUESTID,varchar,,Direct,SLV_DMTM,CHANGE_POLICY,CHANGE_POLICY,REQUEST_ID,,,varchar,,,,
DMTM,CHANGEPOLICY,ISENDORSEMENT,bit,NULL,BRZ_DMTM,CHANGEPOLICY,ISENDORSEMENT,varchar,,Direct,SLV_DMTM,CHANGE_POLICY,CHANGE_POLICY,IS_ENDORSEMENT,,,varchar,,,,
DMTM,CHANGEPOLICY,PRINTDATE,datetime,NULL,BRZ_DMTM,CHANGEPOLICY,PRINTDATE,timestamp_ntz,,Direct,SLV_DMTM,CHANGE_POLICY,CHANGE_POLICY,PRINT_DT,,,timestamp_ntz,,,,
DMTM,CHANGEPOLICY,DELIVERYDATE,datetime,NULL,BRZ_DMTM,CHANGEPOLICY,DELIVERYDATE,timestamp_ntz,,Direct,SLV_DMTM,CHANGE_POLICY,CHANGE_POLICY,DELIVERY_DT,,,timestamp_ntz,,,,
DMTM,CHANGEPOLICY,NEXTPAIDTODATE,datetime,NULL,BRZ_DMTM,CHANGEPOLICY,NEXTPAIDTODATE,timestamp_ntz,,Direct,SLV_DMTM,CHANGE_POLICY,CHANGE_POLICY,NEXT_PAID_TO_DT,,,timestamp_ntz,,,,
DMTM,CHANGEPOLICY,APPROVEDATE,datetime,NULL,BRZ_DMTM,CHANGEPOLICY,APPROVEDATE,timestamp_ntz,,Direct,SLV_DMTM,CHANGE_POLICY,CHANGE_POLICY,APPROVE_DT,,,timestamp_ntz,,,,
DMTM,CHANGEPOLICY,OLDPREMIUM,float,NULL,BRZ_DMTM,CHANGEPOLICY,OLDPREMIUM,float,,Direct,SLV_DMTM,CHANGE_POLICY,CHANGE_POLICY,OLD_PREMI,,,float,,,,
DMTM,CHANGEPOLICY,NEWPREMIUM,float,NULL,BRZ_DMTM,CHANGEPOLICY,NEWPREMIUM,float,,Direct,SLV_DMTM,CHANGE_POLICY,CHANGE_POLICY,NEW_PREMI,,,float,,,,
DMTM,CHANGEPOLICY,ADDCOST,float,NULL,BRZ_DMTM,CHANGEPOLICY,ADDCOST,float,,Direct,SLV_DMTM,CHANGE_POLICY,CHANGE_POLICY,ADD_COST,,,float,,,,
DMTM,CHANGEPOLICY,REASON,varchar,8000,BRZ_DMTM,CHANGEPOLICY,REASON,varchar,,Direct,SLV_DMTM,CHANGE_POLICY,CHANGE_POLICY,REASON,,,varchar,,,,
DMTM,CHANGEPOLICY,OUTPREMIUM,float,NULL,BRZ_DMTM,CHANGEPOLICY,OUTPREMIUM,float,,Direct,SLV_DMTM,CHANGE_POLICY,CHANGE_POLICY,OUT_PREMI,,,float,,,,
DMTM,CHANGEPOLICY,ISCONSERVED,bit,NULL,BRZ_DMTM,CHANGEPOLICY,ISCONSERVED,varchar,,Direct,SLV_DMTM,CHANGE_POLICY,CHANGE_POLICY,IS_CONSERVED,,,varchar,,,,
DMTM,CHANGEPOLICY,REASONTYPEID,varchar,4,BRZ_DMTM,CHANGEPOLICY,REASONTYPEID,varchar,,Direct,SLV_DMTM,CHANGE_POLICY,CHANGE_POLICY,REASON_TYPE_CD,,,varchar,,,,
DMTM,CHANGEPOLICY,RESULTID,varchar,3,BRZ_DMTM,CHANGEPOLICY,RESULTID,varchar,,Direct,SLV_DMTM,CHANGE_POLICY,CHANGE_POLICY,RESULT_ID,,,varchar,,,,
DMTM,CHANGEPOLICY,ISNEWPOLICY,bit,NULL,BRZ_DMTM,CHANGEPOLICY,ISNEWPOLICY,varchar,,Direct,SLV_DMTM,CHANGE_POLICY,CHANGE_POLICY,IS_NEW_POLICY,,,varchar,,,,
DMTM,CHANGEPOLICY,CANCELDATE,datetime,NULL,BRZ_DMTM,CHANGEPOLICY,CANCELDATE,timestamp_ntz,,Direct,SLV_DMTM,CHANGE_POLICY,CHANGE_POLICY,CANCEL_DT,,,timestamp_ntz,,,,
DMTM,CHANGEPOLICY,REINSTATEFLAG,varchar,8,BRZ_DMTM,CHANGEPOLICY,REINSTATEFLAG,varchar,,Direct,SLV_DMTM,CHANGE_POLICY,CHANGE_POLICY,IS_REINSTATE,,,varchar,,,,
DMTM,CHANGEPOLICY,LOGDATE,datetime,NULL,BRZ_DMTM,CHANGEPOLICY,LOGDATE,timestamp_ntz,,Direct,SLV_DMTM,CHANGE_POLICY,CHANGE_POLICY,LOG_DT,,,timestamp_ntz,,,,
MAN,UPLOAD_PRODUCT_AMFS_TM,PRODUCTID_GROUP,nvarchar,50,BRZ_MAN,UPLOAD_PRODUCT_AMFS_TM,PRODUCTID_GROUP,varchar,,Direct,SLV_MAN,UPLOAD_PRODUCT_AMFS_TM,TM_PRODUCT_GRP,PRODUCT_GRP,,,varchar,,,,
MAN,UPLOAD_PRODUCT_AMFS_TM,PRODUCTID,nvarchar,50,BRZ_MAN,UPLOAD_PRODUCT_AMFS_TM,PRODUCTID,varchar,,Direct,SLV_MAN,UPLOAD_PRODUCT_AMFS_TM,TM_PRODUCT_GRP,PRODUCT_CD,,,varchar,,,,
SFDC,Call_Line__c,Id,nvarchar,18,BRZ_SFDC,Call_Line__c,ID,varchar,,Direct,SLV_SFDC,CALL_LINE,CALL_LINE,ID,,,varchar,,,,
SFDC,Call_Line__c,Policy_No__c,nvarchar,25,BRZ_SFDC,Call_Line__c,POLICY_NO__C,varchar,,Direct,SLV_SFDC,CALL_LINE,CALL_LINE,POLICY_NO,,,varchar,,,,
SFDC,Call_Line__c,Name,nvarchar,80,BRZ_SFDC,Call_Line__c,NAME,varchar,,Direct,SLV_SFDC,CALL_LINE,CALL_LINE,NAME,,,varchar,,,,
SFDC,Call_Line__c,Call_List__c,nvarchar,18,BRZ_SFDC,Call_Line__c,CALL_LIST__C,varchar,,Direct,SLV_SFDC,CALL_LINE,CALL_LINE,CALL_LIST,,,varchar,,,,
SFDC,Call_Line__c,Priority__c,nvarchar,255,BRZ_SFDC,Call_Line__c,PRIORITY__C,varchar,,Direct,SLV_SFDC,CALL_LINE,CALL_LINE,PRIORITY,,,varchar,,,,
SFDC,Call_Line__c,Case_Type__c,nvarchar,255,BRZ_SFDC,Call_Line__c,CASE_TYPE__C,varchar,,Direct,SLV_SFDC,CALL_LINE,CALL_LINE,CASE_TYPE,,,varchar,,,,
SFDC,Call_Line__c,Call_Status_Config__c,nvarchar,255,BRZ_SFDC,Call_Line__c,CALL_STATUS_CONFIG__C,varchar,,Direct,SLV_SFDC,CALL_LINE,CALL_LINE,CALL_STATUS_CONFIG,,,varchar,,,,
SFDC,Call_Line__c,Activity__c,nvarchar,255,BRZ_SFDC,Call_Line__c,ACTIVITY__C,varchar,,Direct,SLV_SFDC,CALL_LINE,CALL_LINE,ACTIVITY,,,varchar,,,,
SFDC,Call_Line__c,Description__c,nvarchar,255,BRZ_SFDC,Call_Line__c,DESCRIPTION__C,varchar,,Direct,SLV_SFDC,CALL_LINE,CALL_LINE,DESCRIPTION,,,varchar,,,,
SFDC,Call_Line__c,Call_Date__c,datetime,,BRZ_SFDC,Call_Line__c,CALL_DATE__C,timestamp_ntz,,Direct,SLV_SFDC,CALL_LINE,CALL_LINE,CALL_DT,,,timestamp_ntz,,,,
SFDC,Call_Line__c,Call_End_Datetime__c,datetime,,BRZ_SFDC,Call_Line__c,CALL_END_DATETIME__C,timestamp_ntz,,Direct,SLV_SFDC,CALL_LINE,CALL_LINE,CALL_END_DTTM,,,timestamp_ntz,,,,
SFDC,Call_Line__c,Last_Modified_Date_Time__c,datetime,,BRZ_SFDC,Call_Line__c,LAST_MODIFIED_DATE_TIME__C,timestamp_ntz,,Direct,SLV_SFDC,CALL_LINE,CALL_LINE,LAST_MODIFIED,,,timestamp_ntz,,,,
SFDC,Call_Line__c,Chanel__c,nvarchar,255,BRZ_SFDC,Call_Line__c,CHANEL__C,varchar,,Direct,SLV_SFDC,CALL_LINE,CALL_LINE,CHANNEL,,,varchar,,,,
SFDC,Call_Line__c,Agent_ID__c,nvarchar,255,BRZ_SFDC,Call_Line__c,AGENT_ID__C,varchar,,Direct,SLV_SFDC,CALL_LINE,CALL_LINE,AGENT_ID,,,varchar,,,,
SFDC,Call_Line__c,Agent__c,nvarchar,18,BRZ_SFDC,Call_Line__c,AGENT__C,varchar,,Direct,SLV_SFDC,CALL_LINE,CALL_LINE,AGENT,,,varchar,,,,
SFDC,Call_Line__c,Amount_Retain_Redemption__c,numeric,,BRZ_SFDC,Call_Line__c,AMOUNT_RETAIN_REDEMPTION__C,number,,Direct,SLV_SFDC,CALL_LINE,CALL_LINE,RETAIN_REDEMPTION_AMT,,,number,,,,
SFDC,Call_Line__c,Amount_Retain_Withdrawal__c,numeric,,BRZ_SFDC,Call_Line__c,AMOUNT_RETAIN_WITHDRAWAL__C,number,,Direct,SLV_SFDC,CALL_LINE,CALL_LINE,RETAIN_WITHDRAWAL_AMT,,,number,,,,
SFDC,Call_Line__c,APE__c,numeric,,BRZ_SFDC,Call_Line__c,APE__C,number,,Direct,SLV_SFDC,CALL_LINE,CALL_LINE,APE,,,number,,,,
SFDC,Call_Line__c,APE_Convert__c,numeric,,BRZ_SFDC,Call_Line__c,APE_CONVERT__C,number,,Direct,SLV_SFDC,CALL_LINE,CALL_LINE,APE_CONVERT,,,number,,,,
SFDC,Call_Line__c,Bersedia_Diverivikasi__c,numeric,,BRZ_SFDC,Call_Line__c,BERSEDIA_DIVERIVIKASI__C,number,,Direct,SLV_SFDC,CALL_LINE,CALL_LINE,IS_WILLING_TO_VERIFY,,,number,,,,
SFDC,Call_Line__c,WelcomeCall_Call_Line_Status__c,nvarchar,255,BRZ_SFDC,Call_Line__c,WELCOMECALL_CALL_LINE_STATUS__C,varchar,,Direct,SLV_SFDC,CALL_LINE,CALL_LINE,WELCOMECALL_CALL_LINE_STATUS,,,varchar,,,,
SFDC,Call_Line__c,Call_Line_Status_TelUW__c,nvarchar,255,BRZ_SFDC,Call_Line__c,CALL_LINE_STATUS_TELUW__C,varchar,,Direct,SLV_SFDC,CALL_LINE,CALL_LINE,CALL_LINE_STATUS_TELUW,,,varchar,,,,
SFDC,Call_Line__c,Call_Notes_1__c,nvarchar,4000,BRZ_SFDC,Call_Line__c,CALL_NOTES_1__C,varchar,,Direct,SLV_SFDC,CALL_LINE,CALL_LINE,CALL_NOTES_1,,,varchar,,,,
SFDC,Call_Line__c,Call_Notes_2__c,nvarchar,4000,BRZ_SFDC,Call_Line__c,CALL_NOTES_2__C,varchar,,Direct,SLV_SFDC,CALL_LINE,CALL_LINE,CALL_NOTES_2,,,varchar,,,,
SFDC,Call_Line__c,Call_Notes_3__c,nvarchar,4000,BRZ_SFDC,Call_Line__c,CALL_NOTES_3__C,varchar,,Direct,SLV_SFDC,CALL_LINE,CALL_LINE,CALL_NOTES_3,,,varchar,,,,
SFDC,Call_Line__c,Campaign_Generated_Date__c,datetime,,BRZ_SFDC,Call_Line__c,CAMPAIGN_GENERATED_DATE__C,timestamp_ntz,,Direct,SLV_SFDC,CALL_LINE,CALL_LINE,CAMPAIGN_GENERATED_DT,,,timestamp_ntz,,,,
SFDC,Call_Line__c,Campaign_Name__c,nvarchar,1300,BRZ_SFDC,Call_Line__c,CAMPAIGN_NAME__C,varchar,,Direct,SLV_SFDC,CALL_LINE,CALL_LINE,CAMPAIGN_NM,,,varchar,,,,
SFDC,Call_Line__c,Case__c,nvarchar,18,BRZ_SFDC,Call_Line__c,CASE__C,varchar,,Direct,SLV_SFDC,CALL_LINE,CALL_LINE,CASE,,,varchar,,,,
SFDC,Call_Line__c,Contact__c,nvarchar,4000,BRZ_SFDC,Call_Line__c,CONTACT__C,varchar,,Direct,SLV_SFDC,CALL_LINE,CALL_LINE,CONTACT,,,varchar,,,,
SFDC,Call_Line__c,Contact_Email__c,nvarchar,4000,BRZ_SFDC,Call_Line__c,CONTACT_EMAIL__C,varchar,,Direct,SLV_SFDC,CALL_LINE,CALL_LINE,CONTACT_EMAIL,,,varchar,,,,
SFDC,Call_Line__c,WelcomeCall_Cooling_Off__c,datetime,,BRZ_SFDC,Call_Line__c,WELCOMECALL_COOLING_OFF__C,timestamp_ntz,,Direct,SLV_SFDC,CALL_LINE,CALL_LINE,WELCOMECALL_COOLING_OFF,,,timestamp_ntz,,,,
SFDC,Call_Line__c,WelcomeCall_Criteria__c,nvarchar,255,BRZ_SFDC,Call_Line__c,WELCOMECALL_CRITERIA__C,varchar,,Direct,SLV_SFDC,CALL_LINE,CALL_LINE,WELCOMECALL_CRITERIA,,,varchar,,,,
SFDC,Call_Line__c,Currency__c,nvarchar,10,BRZ_SFDC,Call_Line__c,CURRENCY__C,varchar,,Direct,SLV_SFDC,CALL_LINE,CALL_LINE,CCY,,,varchar,,,,
SFDC,Call_Line__c,WelcomeCall_Customer_Satisfaction__c,nvarchar,10,BRZ_SFDC,Call_Line__c,WELCOMECALL_CUSTOMER_SATISFACTION__C,varchar,,Direct,SLV_SFDC,CALL_LINE,CALL_LINE,WELCOMECALL_CUST_SATISFACTION,,,varchar,,,,
SFDC,Call_Line__c,Customer_Segmentation__c,nvarchar,1300,BRZ_SFDC,Call_Line__c,CUSTOMER_SEGMENTATION__C,varchar,,Direct,SLV_SFDC,CALL_LINE,CALL_LINE,CUST_SEGMENTATION,,,varchar,,,,
SFDC,Call_Line__c,Date_Time__c,nvarchar,255,BRZ_SFDC,Call_Line__c,DATE_TIME__C,varchar,,Direct,SLV_SFDC,CALL_LINE,CALL_LINE,DTTM,,,varchar,,,,
SFDC,Call_Line__c,Dateline__c,nvarchar,255,BRZ_SFDC,Call_Line__c,DATELINE__C,varchar,,Direct,SLV_SFDC,CALL_LINE,CALL_LINE,DATELINE,,,varchar,,,,
SFDC,Call_Line__c,Date_When_Customer_Call__c,datetime,,BRZ_SFDC,Call_Line__c,DATE_WHEN_CUSTOMER_CALL__C,timestamp_ntz,,Direct,SLV_SFDC,CALL_LINE,CALL_LINE,CUST_CALL_DT,,,timestamp_ntz,,,,
SFDC,Call_Line__c,WelcomeCall_Detail_Status__c,nvarchar,255,BRZ_SFDC,Call_Line__c,WELCOMECALL_DETAIL_STATUS__C,varchar,,Direct,SLV_SFDC,CALL_LINE,CALL_LINE,WELCOMECALL_DETAIL_STATUS,,,varchar,,,,
SFDC,Call_Line__c,Effective_Date__c,nvarchar,255,BRZ_SFDC,Call_Line__c,EFFECTIVE_DATE__C,varchar,,Direct,SLV_SFDC,CALL_LINE,CALL_LINE,EFF_DT,,,varchar,,,,
SFDC,Call_Line__c,Email_upload__c,nvarchar,4000,BRZ_SFDC,Call_Line__c,EMAIL_UPLOAD__C,varchar,,Direct,SLV_SFDC,CALL_LINE,CALL_LINE,EMAIL_UPLOAD,,,varchar,,,,
SFDC,Call_Line__c,Emoticon__c,nvarchar,1300,BRZ_SFDC,Call_Line__c,EMOTICON__C,varchar,,Direct,SLV_SFDC,CALL_LINE,CALL_LINE,EMOTICON,,,varchar,,,,
SFDC,Call_Line__c,Entity__c,nvarchar,255,BRZ_SFDC,Call_Line__c,ENTITY__C,varchar,,Direct,SLV_SFDC,CALL_LINE,CALL_LINE,ENTITY,,,varchar,,,,
SFDC,Call_Line__c,Error_Agent_Validation__c,nvarchar,255,BRZ_SFDC,Call_Line__c,ERROR_AGENT_VALIDATION__C,varchar,,Direct,SLV_SFDC,CALL_LINE,CALL_LINE,ERROR_AGENT_VALIDATION,,,varchar,,,,
SFDC,Call_Line__c,Error_Alamat__c,nvarchar,255,BRZ_SFDC,Call_Line__c,ERROR_ALAMAT__C,varchar,,Direct,SLV_SFDC,CALL_LINE,CALL_LINE,ERROR_ADDRESS,,,varchar,,,,
SFDC,Call_Line__c,Error_DOB__c,nvarchar,255,BRZ_SFDC,Call_Line__c,ERROR_DOB__C,varchar,,Direct,SLV_SFDC,CALL_LINE,CALL_LINE,ERROR_DOB,,,varchar,,,,
SFDC,Call_Line__c,Error_Email__c,nvarchar,4000,BRZ_SFDC,Call_Line__c,ERROR_EMAIL__C,varchar,,Direct,SLV_SFDC,CALL_LINE,CALL_LINE,ERROR_EMAIL,,,varchar,,,,
SFDC,Call_Line__c,Error_ePolicy_Buku_Polis__c,nvarchar,255,BRZ_SFDC,Call_Line__c,ERROR_EPOLICY_BUKU_POLIS__C,varchar,,Direct,SLV_SFDC,CALL_LINE,CALL_LINE,ERROR_EPOLICY_POLICY_BOOK,,,varchar,,,,
SFDC,Call_Line__c,Error_Nama_PP_TT__c,nvarchar,255,BRZ_SFDC,Call_Line__c,ERROR_NAMA_PP_TT__C,varchar,,Direct,SLV_SFDC,CALL_LINE,CALL_LINE,ERROR_NM_PP_TT,,,varchar,,,,
SFDC,Call_Line__c,Error_Telepon__c,nvarchar,255,BRZ_SFDC,Call_Line__c,ERROR_TELEPON__C,varchar,,Direct,SLV_SFDC,CALL_LINE,CALL_LINE,ERROR_PHONE,,,varchar,,,,
SFDC,Call_Line__c,Error_Understand_Product__c,nvarchar,255,BRZ_SFDC,Call_Line__c,ERROR_UNDERSTAND_PRODUCT__C,varchar,,Direct,SLV_SFDC,CALL_LINE,CALL_LINE,ERROR_UNDERSTAND_PRODUCT,,,varchar,,,,
SFDC,Call_Line__c,WelcomeCall_Fg_Schedule__c,bit,,BRZ_SFDC,Call_Line__c,WELCOMECALL_FG_SCHEDULE__C,varchar,,Direct,SLV_SFDC,CALL_LINE,CALL_LINE,WELCOMECALL_FG_SCHEDULE,,,varchar,,,,
SFDC,Call_Line__c,WelcomeCall_First_Call_Date__c,datetime,,BRZ_SFDC,Call_Line__c,WELCOMECALL_FIRST_CALL_DATE__C,timestamp_ntz,,Direct,SLV_SFDC,CALL_LINE,CALL_LINE,WELCOMECALL_FIRST_CALL_DT,,,timestamp_ntz,,,,
SFDC,Call_Line__c,Formula_Product__c,nvarchar,1300,BRZ_SFDC,Call_Line__c,FORMULA_PRODUCT__C,varchar,,Direct,SLV_SFDC,CALL_LINE,CALL_LINE,FORMULA_PRODUCT,,,varchar,,,,
SFDC,Call_Line__c,F_User_Detail__c,nvarchar,1300,BRZ_SFDC,Call_Line__c,F_USER_DETAIL__C,varchar,,Direct,SLV_SFDC,CALL_LINE,CALL_LINE,F_USER_DETAIL,,,varchar,,,,
SFDC,Call_Line__c,Generate_Date__c,datetime,,BRZ_SFDC,Call_Line__c,GENERATE_DATE__C,timestamp_ntz,,Direct,SLV_SFDC,CALL_LINE,CALL_LINE,GENERATE_DT,,,timestamp_ntz,,,,
SFDC,Call_Line__c,HOMEPHONE__c,nvarchar,4000,BRZ_SFDC,Call_Line__c,HOMEPHONE__C,varchar,,Direct,SLV_SFDC,CALL_LINE,CALL_LINE,HOMEPHONE,,,varchar,,,,
SFDC,Call_Line__c,Identity_No__c,nvarchar,255,BRZ_SFDC,Call_Line__c,IDENTITY_NO__C,varchar,,Direct,SLV_SFDC,CALL_LINE,CALL_LINE,IDENTITY_NO,,,varchar,,,,
SFDC,Call_Line__c,Insured_Name__c,nvarchar,4000,BRZ_SFDC,Call_Line__c,INSURED_NAME__C,varchar,,Direct,SLV_SFDC,CALL_LINE,CALL_LINE,INS_NM,,,varchar,,,,
SFDC,Call_Line__c,Jawaban_Agent_Validation__c,nvarchar,255,BRZ_SFDC,Call_Line__c,JAWABAN_AGENT_VALIDATION__C,varchar,,Direct,SLV_SFDC,CALL_LINE,CALL_LINE,ANSWER_AGENT_VALIDATION,,,varchar,,,,
SFDC,Call_Line__c,Jawaban_Alamat__c,nvarchar,255,BRZ_SFDC,Call_Line__c,JAWABAN_ALAMAT__C,varchar,,Direct,SLV_SFDC,CALL_LINE,CALL_LINE,ANSWER_ADDRESS,,,varchar,,,,
SFDC,Call_Line__c,Jawaban_DOB__c,nvarchar,255,BRZ_SFDC,Call_Line__c,JAWABAN_DOB__C,varchar,,Direct,SLV_SFDC,CALL_LINE,CALL_LINE,ANSWER_DOB,,,varchar,,,,
SFDC,Call_Line__c,Jawaban_Email__c,nvarchar,4000,BRZ_SFDC,Call_Line__c,JAWABAN_EMAIL__C,varchar,,Direct,SLV_SFDC,CALL_LINE,CALL_LINE,ANSWER_EMAIL,,,varchar,,,,
SFDC,Call_Line__c,Jawaban_ePolicy_Buku_Polis__c,nvarchar,255,BRZ_SFDC,Call_Line__c,JAWABAN_EPOLICY_BUKU_POLIS__C,varchar,,Direct,SLV_SFDC,CALL_LINE,CALL_LINE,ANSWER_EPOLICY_POLICY_BOOK,,,varchar,,,,
SFDC,Call_Line__c,Jawaban_Nama_PP_TT__c,nvarchar,255,BRZ_SFDC,Call_Line__c,JAWABAN_NAMA_PP_TT__C,varchar,,Direct,SLV_SFDC,CALL_LINE,CALL_LINE,ANSWER_NM_PP_TT,,,varchar,,,,
SFDC,Call_Line__c,Jawaban_Telepon__c,nvarchar,255,BRZ_SFDC,Call_Line__c,JAWABAN_TELEPON__C,varchar,,Direct,SLV_SFDC,CALL_LINE,CALL_LINE,ANSWER_PHONE,,,varchar,,,,
SFDC,Call_Line__c,Jawaban_Understand_Product__c,nvarchar,255,BRZ_SFDC,Call_Line__c,JAWABAN_UNDERSTAND_PRODUCT__C,varchar,,Direct,SLV_SFDC,CALL_LINE,CALL_LINE,ANSWER_UNDERSTAND_PRODUCT,,,varchar,,,,
SFDC,Call_Line__c,Keterangan__c,nvarchar,255,BRZ_SFDC,Call_Line__c,KETERANGAN__C,varchar,,Direct,SLV_SFDC,CALL_LINE,CALL_LINE,REMARKS,,,varchar,,,,
SFDC,Call_Line__c,KTP__c,nvarchar,255,BRZ_SFDC,Call_Line__c,KTP__C,varchar,,Direct,SLV_SFDC,CALL_LINE,CALL_LINE,KTP,,,varchar,,,,
SFDC,Call_Line__c,Last_Answer__c,nvarchar,1300,BRZ_SFDC,Call_Line__c,LAST_ANSWER__C,varchar,,Direct,SLV_SFDC,CALL_LINE,CALL_LINE,LAST_ANSWER,,,varchar,,,,
SFDC,Call_Line__c,Last_Call__c,datetime,,BRZ_SFDC,Call_Line__c,LAST_CALL__C,timestamp_ntz,,Direct,SLV_SFDC,CALL_LINE,CALL_LINE,LAST_CALL,,,timestamp_ntz,,,,
SFDC,Call_Line__c,Last_Case__c,nvarchar,1300,BRZ_SFDC,Call_Line__c,LAST_CASE__C,varchar,,Direct,SLV_SFDC,CALL_LINE,CALL_LINE,LAST_CASE,,,varchar,,,,
SFDC,Call_Line__c,Last_Response_Date__c,datetime,,BRZ_SFDC,Call_Line__c,LAST_RESPONSE_DATE__C,timestamp_ntz,,Direct,SLV_SFDC,CALL_LINE,CALL_LINE,LAST_RESPONSE_DT,,,timestamp_ntz,,,,
SFDC,Call_Line__c,Last_SMS__c,datetime,,BRZ_SFDC,Call_Line__c,LAST_SMS__C,timestamp_ntz,,Direct,SLV_SFDC,CALL_LINE,CALL_LINE,LAST_SMS,,,timestamp_ntz,,,,
SFDC,Call_Line__c,Last_Status_Date_Field__c,nvarchar,255,BRZ_SFDC,Call_Line__c,LAST_STATUS_DATE_FIELD__C,varchar,,Direct,SLV_SFDC,CALL_LINE,CALL_LINE,LAST_STATUS_FIELD_DT,,,varchar,,,,
SFDC,Call_Line__c,Last_Status_Field__c,nvarchar,255,BRZ_SFDC,Call_Line__c,LAST_STATUS_FIELD__C,varchar,,Direct,SLV_SFDC,CALL_LINE,CALL_LINE,LAST_STATUS_FIELD,,,varchar,,,,
SFDC,Call_Line__c,Last_Survey_Type__c,nvarchar,1300,BRZ_SFDC,Call_Line__c,LAST_SURVEY_TYPE__C,varchar,,Direct,SLV_SFDC,CALL_LINE,CALL_LINE,LAST_SURVEY_TYPE,,,varchar,,,,
SFDC,Call_Line__c,Message__c,nvarchar,-1,BRZ_SFDC,Call_Line__c,MESSAGE__C,varchar,,Direct,SLV_SFDC,CALL_LINE,CALL_LINE,MESSAGE,,,varchar,,,,
SFDC,Call_Line__c,Method__c,nvarchar,255,BRZ_SFDC,Call_Line__c,METHOD__C,varchar,,Direct,SLV_SFDC,CALL_LINE,CALL_LINE,MTHD,,,varchar,,,,
SFDC,Call_Line__c,Contacted_Number__c,nvarchar,4000,BRZ_SFDC,Call_Line__c,CONTACTED_NUMBER__C,varchar,,Direct,SLV_SFDC,CALL_LINE,CALL_LINE,CONTACTED_NO,,,varchar,,,,
SFDC,Call_Line__c,Nilai_Conservation__c,numeric,,BRZ_SFDC,Call_Line__c,NILAI_CONSERVATION__C,number,,Direct,SLV_SFDC,CALL_LINE,CALL_LINE,CONSERVATION_AMT,,,number,,,,
SFDC,Call_Line__c,Nilai_Withdrawal__c,numeric,,BRZ_SFDC,Call_Line__c,NILAI_WITHDRAWAL__C,number,,Direct,SLV_SFDC,CALL_LINE,CALL_LINE,WITHDRAWAL_AMT,,,number,,,,
SFDC,Call_Line__c,No__c,numeric,,BRZ_SFDC,Call_Line__c,NO__C,number,,Direct,SLV_SFDC,CALL_LINE,CALL_LINE,NO,,,number,,,,
SFDC,Call_Line__c,No_Interaction_ICF__c,bit,,BRZ_SFDC,Call_Line__c,NO_INTERACTION_ICF__C,varchar,,Direct,SLV_SFDC,CALL_LINE,CALL_LINE,NO_INTERACTION_ICF,,,varchar,,,,
SFDC,Call_Line__c,Notes__c,nvarchar,-1,BRZ_SFDC,Call_Line__c,NOTES__C,varchar,,Direct,SLV_SFDC,CALL_LINE,CALL_LINE,NOTES,,,varchar,,,,
SFDC,Call_Line__c,Offering_Retain__c,nvarchar,255,BRZ_SFDC,Call_Line__c,OFFERING_RETAIN__C,varchar,,Direct,SLV_SFDC,CALL_LINE,CALL_LINE,OFFERING_RETAIN,,,varchar,,,,
SFDC,Call_Line__c,OFFICEPHONE__c,nvarchar,4000,BRZ_SFDC,Call_Line__c,OFFICEPHONE__C,varchar,,Direct,SLV_SFDC,CALL_LINE,CALL_LINE,OFFICEPHONE,,,varchar,,,,
SFDC,Call_Line__c,Other_Phone__c,nvarchar,4000,BRZ_SFDC,Call_Line__c,OTHER_PHONE__C,varchar,,Direct,SLV_SFDC,CALL_LINE,CALL_LINE,OTHER_PHONE,,,varchar,,,,
SFDC,Call_Line__c,Owner__c,nvarchar,4000,BRZ_SFDC,Call_Line__c,OWNER__C,varchar,,Direct,SLV_SFDC,CALL_LINE,CALL_LINE,OWNER,,,varchar,,,,
SFDC,Call_Line__c,Owner_Entity__c,nvarchar,1300,BRZ_SFDC,Call_Line__c,OWNER_ENTITY__C,varchar,,Direct,SLV_SFDC,CALL_LINE,CALL_LINE,OWN_ENTITY,,,varchar,,,,
SFDC,Call_Line__c,PaidToDate__c,nvarchar,255,BRZ_SFDC,Call_Line__c,PAIDTODATE__C,varchar,,Direct,SLV_SFDC,CALL_LINE,CALL_LINE,PAIDTODATE,,,varchar,,,,
SFDC,Call_Line__c,Parent__c,nvarchar,1300,BRZ_SFDC,Call_Line__c,PARENT__C,varchar,,Direct,SLV_SFDC,CALL_LINE,CALL_LINE,PARENT,,,varchar,,,,
SFDC,Call_Line__c,Parent_Call_Line__c,nvarchar,18,BRZ_SFDC,Call_Line__c,PARENT_CALL_LINE__C,varchar,,Direct,SLV_SFDC,CALL_LINE,CALL_LINE,PARENT_CALL_LINE,,,varchar,,,,
SFDC,Call_Line__c,Parent_Campaign__c,nvarchar,18,BRZ_SFDC,Call_Line__c,PARENT_CAMPAIGN__C,varchar,,Direct,SLV_SFDC,CALL_LINE,CALL_LINE,PARENT_CAMPAIGN,,,varchar,,,,
SFDC,Call_Line__c,Phone__c,nvarchar,4000,BRZ_SFDC,Call_Line__c,PHONE__C,varchar,,Direct,SLV_SFDC,CALL_LINE,CALL_LINE,PHONE,,,varchar,,,,
SFDC,Call_Line__c,Phone_Sending_SMS__c,nvarchar,4000,BRZ_SFDC,Call_Line__c,PHONE_SENDING_SMS__C,varchar,,Direct,SLV_SFDC,CALL_LINE,CALL_LINE,PHONE_SENDING_SMS,,,varchar,,,,
SFDC,Call_Line__c,Policy_Effective_Date__c,datetime,,BRZ_SFDC,Call_Line__c,POLICY_EFFECTIVE_DATE__C,timestamp_ntz,,Direct,SLV_SFDC,CALL_LINE,CALL_LINE,POLICY_EFF_DT,,,timestamp_ntz,,,,
SFDC,Call_Line__c,Policy_Holder_Name__c,nvarchar,255,BRZ_SFDC,Call_Line__c,POLICY_HOLDER_NAME__C,varchar,,Direct,SLV_SFDC,CALL_LINE,CALL_LINE,POLICY_HOLDER_NM,,,varchar,,,,
SFDC,Call_Line__c,PostCode__c,nvarchar,50,BRZ_SFDC,Call_Line__c,POSTCODE__C,varchar,,Direct,SLV_SFDC,CALL_LINE,CALL_LINE,POSTCODE,,,varchar,,,,
SFDC,Call_Line__c,Preferred_Phone__c,nvarchar,4000,BRZ_SFDC,Call_Line__c,PREFERRED_PHONE__C,varchar,,Direct,SLV_SFDC,CALL_LINE,CALL_LINE,PREFERRED_PHONE,,,varchar,,,,
SFDC,Call_Line__c,Premium__c,numeric,,BRZ_SFDC,Call_Line__c,PREMIUM__C,number,,Direct,SLV_SFDC,CALL_LINE,CALL_LINE,PREMI,,,number,,,,
SFDC,Call_Line__c,Priority_Customer__c,nvarchar,1300,BRZ_SFDC,Call_Line__c,PRIORITY_CUSTOMER__C,varchar,,Direct,SLV_SFDC,CALL_LINE,CALL_LINE,PRIORITY_CUST,,,varchar,,,,
SFDC,Call_Line__c,Product__c,nvarchar,255,BRZ_SFDC,Call_Line__c,PRODUCT__C,varchar,,Direct,SLV_SFDC,CALL_LINE,CALL_LINE,PRODUCT,,,varchar,,,,
SFDC,Call_Line__c,WelcomeCall_Reason_Detail_Status__c,nvarchar,255,BRZ_SFDC,Call_Line__c,WELCOMECALL_REASON_DETAIL_STATUS__C,varchar,,Direct,SLV_SFDC,CALL_LINE,CALL_LINE,WELCOMECALL_REASON_DETAIL_STATUS,,,varchar,,,,
SFDC,Call_Line__c,Reason_Status_Config__c,nvarchar,255,BRZ_SFDC,Call_Line__c,REASON_STATUS_CONFIG__C,varchar,,Direct,SLV_SFDC,CALL_LINE,CALL_LINE,REASON_STATUS_CONFIG,,,varchar,,,,
SFDC,Call_Line__c,WelcomeCall_Reference__c,nvarchar,18,BRZ_SFDC,Call_Line__c,WELCOMECALL_REFERENCE__C,varchar,,Direct,SLV_SFDC,CALL_LINE,CALL_LINE,WELCOMECALL_REFERENCE,,,varchar,,,,
SFDC,Call_Line__c,Remark_Hold_Debet__c,nvarchar,-1,BRZ_SFDC,Call_Line__c,REMARK_HOLD_DEBET__C,varchar,,Direct,SLV_SFDC,CALL_LINE,CALL_LINE,REMARK_HOLD_DEBIT,,,varchar,,,,
SFDC,Call_Line__c,Call_Remarks__c,nvarchar,-1,BRZ_SFDC,Call_Line__c,CALL_REMARKS__C,varchar,,Direct,SLV_SFDC,CALL_LINE,CALL_LINE,CALL_REMARKS,,,varchar,,,,
SFDC,Call_Line__c,Request_Date__c,nvarchar,255,BRZ_SFDC,Call_Line__c,REQUEST_DATE__C,varchar,,Direct,SLV_SFDC,CALL_LINE,CALL_LINE,REQUEST_DT,,,varchar,,,,
SFDC,Call_Line__c,Request_No_Interaction_ICF__c,bit,,BRZ_SFDC,Call_Line__c,REQUEST_NO_INTERACTION_ICF__C,varchar,,Direct,SLV_SFDC,CALL_LINE,CALL_LINE,REQUEST_NO_INTERACTION_ICF,,,varchar,,,,
SFDC,Call_Line__c,Reschedule_Date__c,datetime,,BRZ_SFDC,Call_Line__c,RESCHEDULE_DATE__C,timestamp_ntz,,Direct,SLV_SFDC,CALL_LINE,CALL_LINE,RESCHEDULE_DT,,,timestamp_ntz,,,,
SFDC,Call_Line__c,WelcomeCall_Reschedule_Source__c,nvarchar,100,BRZ_SFDC,Call_Line__c,WELCOMECALL_RESCHEDULE_SOURCE__C,varchar,,Direct,SLV_SFDC,CALL_LINE,CALL_LINE,WELCOMECALL_RESCHEDULE_SRC,,,varchar,,,,
SFDC,Call_Line__c,Result__c,nvarchar,1300,BRZ_SFDC,Call_Line__c,RESULT__C,varchar,,Direct,SLV_SFDC,CALL_LINE,CALL_LINE,RESULT,,,varchar,,,,
SFDC,Call_Line__c,Result_Verification__c,numeric,,BRZ_SFDC,Call_Line__c,RESULT_VERIFICATION__C,number,,Direct,SLV_SFDC,CALL_LINE,CALL_LINE,RESULT_VERIFICATION,,,number,,,,
SFDC,Call_Line__c,Retention_Alasan_Pembatalan__c,nvarchar,255,BRZ_SFDC,Call_Line__c,RETENTION_ALASAN_PEMBATALAN__C,varchar,,Direct,SLV_SFDC,CALL_LINE,CALL_LINE,RETENTION_CANCEL_REASON,,,varchar,,,,
SFDC,Call_Line__c,Retention_FC__c,nvarchar,255,BRZ_SFDC,Call_Line__c,RETENTION_FC__C,varchar,,Direct,SLV_SFDC,CALL_LINE,CALL_LINE,RETENTION_FC,,,varchar,,,,
SFDC,Call_Line__c,Retention_Follow_Up_Date__c,datetime,,BRZ_SFDC,Call_Line__c,RETENTION_FOLLOW_UP_DATE__C,timestamp_ntz,,Direct,SLV_SFDC,CALL_LINE,CALL_LINE,RETENTION_FOLLOW_UP_DT,,,timestamp_ntz,,,,
SFDC,Call_Line__c,Retention_Note__c,nvarchar,255,BRZ_SFDC,Call_Line__c,RETENTION_NOTE__C,varchar,,Direct,SLV_SFDC,CALL_LINE,CALL_LINE,RETENTION_NOTE,,,varchar,,,,
SFDC,Call_Line__c,Retention_Program__c,nvarchar,255,BRZ_SFDC,Call_Line__c,RETENTION_PROGRAM__C,varchar,,Direct,SLV_SFDC,CALL_LINE,CALL_LINE,RETENTION_PROGRAM,,,varchar,,,,
SFDC,Call_Line__c,Retention_Remark__c,nvarchar,255,BRZ_SFDC,Call_Line__c,RETENTION_REMARK__C,varchar,,Direct,SLV_SFDC,CALL_LINE,CALL_LINE,RETENTION_REMARK,,,varchar,,,,
SFDC,Call_Line__c,Retention_Request_Date__c,datetime,,BRZ_SFDC,Call_Line__c,RETENTION_REQUEST_DATE__C,timestamp_ntz,,Direct,SLV_SFDC,CALL_LINE,CALL_LINE,RETENTION_REQUEST_DT,,,timestamp_ntz,,,,
SFDC,Call_Line__c,Retention_Result__c,nvarchar,255,BRZ_SFDC,Call_Line__c,RETENTION_RESULT__C,varchar,,Direct,SLV_SFDC,CALL_LINE,CALL_LINE,RETENTION_RESULT,,,varchar,,,,
SFDC,Call_Line__c,Retention_Result_Status__c,nvarchar,255,BRZ_SFDC,Call_Line__c,RETENTION_RESULT_STATUS__C,varchar,,Direct,SLV_SFDC,CALL_LINE,CALL_LINE,RETENTION_RESULT_STATUS,,,varchar,,,,
SFDC,Call_Line__c,WelcomeCall_Schedule_Date__c,datetime,,BRZ_SFDC,Call_Line__c,WELCOMECALL_SCHEDULE_DATE__C,timestamp_ntz,,Direct,SLV_SFDC,CALL_LINE,CALL_LINE,WELCOMECALL_SCHEDULE_DT,,,timestamp_ntz,,,,
SFDC,Call_Line__c,Selisih__c,numeric,,BRZ_SFDC,Call_Line__c,SELISIH__C,number,,Direct,SLV_SFDC,CALL_LINE,CALL_LINE,DIFF,,,number,,,,
SFDC,Call_Line__c,Status_has_call__c,nvarchar,255,BRZ_SFDC,Call_Line__c,STATUS_HAS_CALL__C,varchar,,Direct,SLV_SFDC,CALL_LINE,CALL_LINE,STATUS_HAS_CALL,,,varchar,,,,
SFDC,Call_Line__c,Status_Paid_Not_Paid__c,nvarchar,255,BRZ_SFDC,Call_Line__c,STATUS_PAID_NOT_PAID__C,varchar,,Direct,SLV_SFDC,CALL_LINE,CALL_LINE,STATUS_PAID_NOT_PAID,,,varchar,,,,
SFDC,Call_Line__c,Status_Polis__c,nvarchar,255,BRZ_SFDC,Call_Line__c,STATUS_POLIS__C,varchar,,Direct,SLV_SFDC,CALL_LINE,CALL_LINE,POLICY_STATUS,,,varchar,,,,
SFDC,Call_Line__c,Status_Request_No_Interaction__c,nvarchar,1300,BRZ_SFDC,Call_Line__c,STATUS_REQUEST_NO_INTERACTION__C,varchar,,Direct,SLV_SFDC,CALL_LINE,CALL_LINE,STATUS_REQUEST_NO_INTERACTION,,,varchar,,,,
SFDC,Call_Line__c,Status_Retry__c,nvarchar,255,BRZ_SFDC,Call_Line__c,STATUS_RETRY__C,varchar,,Direct,SLV_SFDC,CALL_LINE,CALL_LINE,STATUS_RETRY,,,varchar,,,,
SFDC,Call_Line__c,Survey_ID__c,nvarchar,1300,BRZ_SFDC,Call_Line__c,SURVEY_ID__C,varchar,,Direct,SLV_SFDC,CALL_LINE,CALL_LINE,SURVEY_ID,,,varchar,,,,
SFDC,Call_Line__c,Survey_Method__c,nvarchar,1300,BRZ_SFDC,Call_Line__c,SURVEY_METHOD__C,varchar,,Direct,SLV_SFDC,CALL_LINE,CALL_LINE,SURVEY_MTHD,,,varchar,,,,
SFDC,Call_Line__c,Survey_Name__c,nvarchar,1300,BRZ_SFDC,Call_Line__c,SURVEY_NAME__C,varchar,,Direct,SLV_SFDC,CALL_LINE,CALL_LINE,SURVEY_NM,,,varchar,,,,
SFDC,Call_Line__c,Survey_Submethod__c,nvarchar,1300,BRZ_SFDC,Call_Line__c,SURVEY_SUBMETHOD__C,varchar,,Direct,SLV_SFDC,CALL_LINE,CALL_LINE,SURVEY_SUBMTHD,,,varchar,,,,
SFDC,Call_Line__c,Survey_Type__c,nvarchar,255,BRZ_SFDC,Call_Line__c,SURVEY_TYPE__C,varchar,,Direct,SLV_SFDC,CALL_LINE,CALL_LINE,SURVEY_TYPE,,,varchar,,,,
SFDC,Call_Line__c,Survey_URL__c,nvarchar,255,BRZ_SFDC,Call_Line__c,SURVEY_URL__C,varchar,,Direct,SLV_SFDC,CALL_LINE,CALL_LINE,SURVEY_URL,,,varchar,,,,
SFDC,Call_Line__c,Tanggal_Debet__c,datetime,,BRZ_SFDC,Call_Line__c,TANGGAL_DEBET__C,timestamp_ntz,,Direct,SLV_SFDC,CALL_LINE,CALL_LINE,DEBIT_DT,,,timestamp_ntz,,,,
SFDC,Call_Line__c,Tanggal_Hold_Debet__c,datetime,,BRZ_SFDC,Call_Line__c,TANGGAL_HOLD_DEBET__C,timestamp_ntz,,Direct,SLV_SFDC,CALL_LINE,CALL_LINE,HOLD_DEBIT_DT,,,timestamp_ntz,,,,
SFDC,Call_Line__c,TelUW_Status_Call__c,nvarchar,1300,BRZ_SFDC,Call_Line__c,TELUW_STATUS_CALL__C,varchar,,Direct,SLV_SFDC,CALL_LINE,CALL_LINE,TELUW_STATUS_CALL,,,varchar,,,,
SFDC,Call_Line__c,Tidak_Bersedia_Diverifikasi__c,numeric,,BRZ_SFDC,Call_Line__c,TIDAK_BERSEDIA_DIVERIFIKASI__C,number,,Direct,SLV_SFDC,CALL_LINE,CALL_LINE,IS_UNWILLING_TO_VERIFY,,,number,,,,
SFDC,Call_Line__c,Time_Reschedule__c,nvarchar,255,BRZ_SFDC,Call_Line__c,TIME_RESCHEDULE__C,varchar,,Direct,SLV_SFDC,CALL_LINE,CALL_LINE,TIME_RESCHEDULE,,,varchar,,,,
SFDC,Call_Line__c,isContacted__c,varchar,8000,BRZ_SFDC,Call_Line__c,ISCONTACTED__C,varchar,,Direct,SLV_SFDC,CALL_LINE,CALL_LINE,IS_CONTACTED,,,varchar,,,,
SFDC,Call_Line__c,Total_Retain_Redemption__c,numeric,,BRZ_SFDC,Call_Line__c,TOTAL_RETAIN_REDEMPTION__C,number,,Direct,SLV_SFDC,CALL_LINE,CALL_LINE,TOT_RETAIN_REDEMPTION,,,number,,,,
SFDC,Call_Line__c,Total_Retain_Withdrawal__c,numeric,,BRZ_SFDC,Call_Line__c,TOTAL_RETAIN_WITHDRAWAL__C,number,,Direct,SLV_SFDC,CALL_LINE,CALL_LINE,TOT_RETAIN_WITHDRAWAL,,,number,,,,
SFDC,Call_Line__c,Total_Uncontacted__c,numeric,,BRZ_SFDC,Call_Line__c,TOTAL_UNCONTACTED__C,number,,Direct,SLV_SFDC,CALL_LINE,CALL_LINE,TOT_UNCONTACTED,,,number,,,,
SFDC,Call_Line__c,WelcomeCall_Hour_Schedule_Date__c,numeric,,BRZ_SFDC,Call_Line__c,WELCOMECALL_HOUR_SCHEDULE_DATE__C,number,,Direct,SLV_SFDC,CALL_LINE,CALL_LINE,WELCOMECALL_HOUR_SCHEDULE_DT,,,number,,,,
SFDC,Call_Line__c,WelcomeCall_Period_Day__c,numeric,,BRZ_SFDC,Call_Line__c,WELCOMECALL_PERIOD_DAY__C,number,,Direct,SLV_SFDC,CALL_LINE,CALL_LINE,WELCOMECALL_PERIOD_DAY,,,number,,,,
SFDC,Call_Line__c,ZIPCODE__c,nvarchar,255,BRZ_SFDC,Call_Line__c,ZIPCODE__C,varchar,,Direct,SLV_SFDC,CALL_LINE,CALL_LINE,ZIPCODE,,,varchar,,,,
SFDC,Call_Line__c,RecordType_Name,nvarchar,80,BRZ_SFDC,Call_Line__c,RECORDTYPE_NAME,varchar,,Direct,SLV_SFDC,CALL_LINE,CALL_LINE,RECORDTYPE_NM,,,varchar,,,,
SFDC,Call_Line__c,Campaign_Type__c,nvarchar,1300,BRZ_SFDC,Call_Line__c,CAMPAIGN_TYPE__C,varchar,,Direct,SLV_SFDC,CALL_LINE,CALL_LINE,CAMPAIGN_TYPE,,,varchar,,,,
SFDC,Call_Line__c,CreatedBy_Name,nvarchar,4000,BRZ_SFDC,Call_Line__c,CREATEDBY_NAME,varchar,,Direct,SLV_SFDC,CALL_LINE,CALL_LINE,CREATEDBY_NM,,,varchar,,,,
SFDC,Call_Line__c,LastModifiedBy_Name,nvarchar,4000,BRZ_SFDC,Call_Line__c,LASTMODIFIEDBY_NAME,varchar,,Direct,SLV_SFDC,CALL_LINE,CALL_LINE,LASTMODIFIEDBY_NM,,,varchar,,,,
SFDC,Call_Line__c,Owner_Name,nvarchar,4000,BRZ_SFDC,Call_Line__c,OWNER_NAME,varchar,,Direct,SLV_SFDC,CALL_LINE,CALL_LINE,OWN_NM,,,varchar,,,,
SFDC,Call_Line__c,Year_of_Policy_Effective_Date__c,nvarchar,1300,BRZ_SFDC,Call_Line__c,YEAR_OF_POLICY_EFFECTIVE_DATE__C,varchar,,Direct,SLV_SFDC,CALL_LINE,CALL_LINE,YEAR_OF_POLICY_EFF_DT,,,varchar,,,,
SFDC,Call_Line__c,RecordType_Id,nvarchar,18,BRZ_SFDC,Call_Line__c,RECORDTYPE_ID,varchar,,Direct,SLV_SFDC,CALL_LINE,CALL_LINE,RECORDTYPE_ID,,,varchar,,,,
SFDC,Call_Line__c,CreatedBy_Id,nvarchar,18,BRZ_SFDC,Call_Line__c,CREATEDBY_ID,varchar,,Direct,SLV_SFDC,CALL_LINE,CALL_LINE,CREATEDBY_ID,,,varchar,,,,
SFDC,Call_Line__c,LastModifiedBy_Id,nvarchar,18,BRZ_SFDC,Call_Line__c,LASTMODIFIEDBY_ID,varchar,,Direct,SLV_SFDC,CALL_LINE,CALL_LINE,LASTMODIFIEDBY_ID,,,varchar,,,,
SFDC,Call_Line__c,Owner_Id,nvarchar,18,BRZ_SFDC,Call_Line__c,OWNER_ID,varchar,,Direct,SLV_SFDC,CALL_LINE,CALL_LINE,OWN_ID,,,varchar,,,,
SFDC,Call_Line__c,call_list__r_Id,nvarchar,18,BRZ_SFDC,Call_Line__c,CALL_LIST__R_ID,varchar,,Direct,SLV_SFDC,CALL_LINE,CALL_LINE,CALL_LIST_ID,,,varchar,,,,
SFDC,Call_Line__c,logdate,datetime,,BRZ_SFDC,Call_Line__c,LOGDATE,timestamp_ntz,,Direct,SLV_SFDC,CALL_LINE,CALL_LINE,LOGDATE,,,timestamp_ntz,,,,
SFDC,Call_Line__c,contact__r.Name,nvarchar,4000,BRZ_SFDC,Call_Line__c,CONTACT__R.NAME,varchar,,Direct,SLV_SFDC,CALL_LINE,CALL_LINE,CONTACT_NM,,,varchar,,,,
SFDC,Call_Line__c,Collection_Call_Date__c,datetime,,BRZ_SFDC,Call_Line__c,COLLECTION_CALL_DATE__C,timestamp_ntz,,Direct,SLV_SFDC,CALL_LINE,CALL_LINE,COLL_CALL_DT,,,timestamp_ntz,,,,
SFDC,Call_Line__c,agent__r.Name,nvarchar,4000,BRZ_SFDC,Call_Line__c,AGENT__R.NAME,varchar,,Direct,SLV_SFDC,CALL_LINE,CALL_LINE,AGENT_NM,,,varchar,,,,
SFDC,Call_Line__c,WelcomeCall_Customer_Expectation__c,nvarchar,255,BRZ_SFDC,Call_Line__c,WELCOMECALL_CUSTOMER_EXPECTATION__C,varchar,,Direct,SLV_SFDC,CALL_LINE,CALL_LINE,WELCOMECALL_CUST_EXPECTATION,,,varchar,,,,
SFDC,Call_Line__c,Verification__c,nvarchar,255,BRZ_SFDC,Call_Line__c,VERIFICATION__C,varchar,,Direct,SLV_SFDC,CALL_LINE,CALL_LINE,VERIFICATION,,,varchar,,,,
SFDC,Call_Line__c,Campaign_Case_Type__c,nvarchar,255,BRZ_SFDC,Call_Line__c,CAMPAIGN_CASE_TYPE__C,varchar,,Direct,SLV_SFDC,CALL_LINE,CALL_LINE,CAMPAIGN_CASE_TYPE,,,varchar,,,,
SFDC,Call_Line__c,Activity_Result__c,nvarchar,255,BRZ_SFDC,Call_Line__c,ACTIVITY_RESULT__C,varchar,,Direct,SLV_SFDC,CALL_LINE,CALL_LINE,ACTIVITY_RESULT,,,varchar,,,,
SFDC,Call_Line__c,WelcomeCall_Cooling_Off2__c,datetime,,BRZ_SFDC,Call_Line__c,WELCOMECALL_COOLING_OFF2__C,timestamp_ntz,,Direct,SLV_SFDC,CALL_LINE,CALL_LINE,WELCOMECALL_COOLING_OFF_2,,,timestamp_ntz,,,,
SFDC,Call_Line__c,LastModifiedDate,datetime,,BRZ_SFDC,Call_Line__c,LASTMODIFIEDDATE,timestamp_ntz,,Direct,SLV_SFDC,CALL_LINE,CALL_LINE,LASTMODIFIED_DT,,,timestamp_ntz,,,,
SFDC,Call_Line__c,Batch_No__c,nvarchar,255,BRZ_SFDC,Call_Line__c,BATCH_NO__C,varchar,,Direct,SLV_SFDC,CALL_LINE,CALL_LINE,BATCH_NO,,,varchar,,,,
SFDC,Call_Line__c,Info_Pendingan__c,nvarchar,255,BRZ_SFDC,Call_Line__c,INFO_PENDINGAN__C,varchar,,Direct,SLV_SFDC,CALL_LINE,CALL_LINE,PENDING_INFO,,,varchar,,,,
SFDC,Call_Line__c,WelcomeCall_Attempt__c,numeric,,BRZ_SFDC,Call_Line__c,WELCOMECALL_ATTEMPT__C,number,,Direct,SLV_SFDC,CALL_LINE,CALL_LINE,WELCOMECALL_ATTEMPT,,,number,,,,
SFDC,Call_Line__c,Is_Expired__c,bit,,BRZ_SFDC,Call_Line__c,IS_EXPIRED__C,varchar,,Direct,SLV_SFDC,CALL_LINE,CALL_LINE,IS_EXPIRED,,,varchar,,,,
SFDC,Call_Line__c,Expired_Date__c,datetime,,BRZ_SFDC,Call_Line__c,EXPIRED_DATE__C,timestamp_ntz,,Direct,SLV_SFDC,CALL_LINE,CALL_LINE,EXPIRED_DT,,,timestamp_ntz,,,,
SFDC,Call_Line__c,Progress__c,nvarchar,255,BRZ_SFDC,Call_Line__c,PROGRESS__C,varchar,,Direct,SLV_SFDC,CALL_LINE,CALL_LINE,PROGRESS,,,varchar,,,,
SFDC,Call_Line__c,Used_Phone__c,nvarchar,40,BRZ_SFDC,Call_Line__c,USED_PHONE__C,varchar,,Direct,SLV_SFDC,CALL_LINE,CALL_LINE,USED_PHONE,,,varchar,,,,
SFDC,Call_Line__c,TelUW_Issued_Date__c,datetime,,BRZ_SFDC,Call_Line__c,TELUW_ISSUED_DATE__C,timestamp_ntz,,Direct,SLV_SFDC,CALL_LINE,CALL_LINE,TELUW_ISSUED_DT,,,timestamp_ntz,,,,
SFDC,Call_Line__c,call_list__r.Name,nvarchar,80,BRZ_SFDC,Call_Line__c,CALL_LIST__R.NAME,varchar,,Direct,SLV_SFDC,CALL_LINE,CALL_LINE,CALL_LIST_NM,,,varchar,,,,
SFDC,Call_Line__c,Amount__c,numeric,,BRZ_SFDC,Call_Line__c,AMOUNT__C,number,,Direct,SLV_SFDC,CALL_LINE,CALL_LINE,AMT,,,number,,,,
SFDC,Call_Line__c,Issued_Date_Contact__c,nvarchar,10,BRZ_SFDC,Call_Line__c,ISSUED_DATE_CONTACT__C,varchar,,Direct,SLV_SFDC,CALL_LINE,CALL_LINE,ISSUED_CONTACT_DT,,,varchar,,,,
SFDC,Call_Line__c,Createddate,datetime,,BRZ_SFDC,Call_Line__c,CREATEDDATE,timestamp_ntz,,Direct,SLV_SFDC,CALL_LINE,CALL_LINE,CREATED_DT,,,timestamp_ntz,,,,
SFDC,Call_Line__c,contact__r.Phone,nvarchar,4000,BRZ_SFDC,Call_Line__c,CONTACT__R.PHONE,varchar,,Direct,SLV_SFDC,CALL_LINE,CALL_LINE,CONTACT_PHONE,,,varchar,,,,
SFDC,Call_Line__c,contact__r.homephone,nvarchar,4000,BRZ_SFDC,Call_Line__c,CONTACT__R.HOMEPHONE,varchar,,Direct,SLV_SFDC,CALL_LINE,CALL_LINE,CONTACT_HOMEPHONE,,,varchar,,,,
SFDC,Call_Line__c,contact__r.mobilephone,nvarchar,4000,BRZ_SFDC,Call_Line__c,CONTACT__R.MOBILEPHONE,varchar,,Direct,SLV_SFDC,CALL_LINE,CALL_LINE,CONTACT_MOBILEPHONE,,,varchar,,,,
SFDC,Call_Line__c,Contact_Name,nvarchar,4000,BRZ_SFDC,Call_Line__c,CONTACT_NAME,varchar,,Direct,SLV_SFDC,CALL_LINE,CALL_LINE,CONTACT_NM,,,varchar,,,,
SFDC,Call_Line__c,modified_date__c,datetime,,BRZ_SFDC,Call_Line__c,MODIFIED_DATE__C,timestamp_ntz,,Direct,SLV_SFDC,CALL_LINE,CALL_LINE,MODIFIED_TS,,,timestamp_ntz,,,,
